ID,예민함정도,의견수용,말수,시간약속,리더십,체력,청결민감도,여행일정강도,국내or해외,산or바다,계획or즉흥,랜드마크,코골이,웨이팅,여행희망지역,싫어하는기후,여행목적,숙소유형,기상시간,여행예산,profile,rec_ids
1,보통,매우 수용적,많다,자주 늦음,따르는 편,4,꽤 민감,매우 여유있게,해외,산,즉흥 여행,무조건 다 봄,코골이 함,기다림,"세계일주,유럽,국내","더움,추움,건조함","액티비티,기록,미식","게스트하우스,펜션,4-5성급호텔",오전 9-10시,200-300만원,"이 사용자는 세계일주 지역을 선호하고, 건조함 기후를 피하고 싶어해요. 여행 목적은 미식이며, 펜션에서 머무는 걸 좋아하고 오전 9-10시쯤 기상하는 편이에요.",
2,둔감,다소 완고,매우 적다,매우 정확,따르는 편,5,둔감,꽤 여유있게,해외,바다,계획 여행,적당히 봄,코골이 안함,기다림,"미국,그 외,일본","더움,추움,상관없음","공연&경기관람,문화&역사체험,기록","3성이하 호텔,4-5성급호텔,민박",오전 9-10시,200-300만원,"이 사용자는 미국 지역을 선호하고, 추움 기후를 피하고 싶어해요. 여행 목적은 문화&역사체험이며, 3성이하 호텔에서 머무는 걸 좋아하고 오전 9-10시쯤 기상하는 편이에요.",
3,보통,매우 수용적,많다,자주 늦음,무조건 리드,5,꽤 민감,보통,국내,바다,즉흥 여행,무조건 다 봄,코골이 안함,기다림,"그 외,미국,국내","상관없음,습함,건조함","도전과성장,미식,자연감상","4-5성급호텔,콘도,3성이하 호텔",오전 10시 이후,400만원 이상,"이 사용자는 미국 지역을 선호하고, 상관없음 기후를 피하고 싶어해요. 여행 목적은 자연감상이며, 콘도에서 머무는 걸 좋아하고 오전 10시 이후쯤 기상하는 편이에요.",
4,매우 둔감,다소 완고,적다,매우 정확,보통,3,꽤 민감,매우 빡빡하게,해외,산,즉흥 여행,적당히 봄,코골이 안함,다른 곳 간다,"미국,세계일주,국내","추움,상관없음,건조함","사람&관계,기록,도전과성장","상관없음,4-5성급호텔,콘도",오전 8-9시,100만원 이하,"이 사용자는 세계일주 지역을 선호하고, 추움 기후를 피하고 싶어해요. 여행 목적은 사람&관계이며, 상관없음에서 머무는 걸 좋아하고 오전 8-9시쯤 기상하는 편이에요.",
5,보통,매우 수용적,적다,종종 늦음,무조건 따름,2,꽤 민감,꽤 여유있게,해외,바다,즉흥 여행,적당히 봄,코골이 함,기다림,"동남아,유럽,중국&몽골","건조함,추움,쌀쌀함","자연감상,문화&역사체험,도전과성장","에어비엔비,상관없음,콘도",오전 8-9시,100만원 이하,"이 사용자는 유럽 지역을 선호하고, 추움 기후를 피하고 싶어해요. 여행 목적은 도전과성장이며, 콘도에서 머무는 걸 좋아하고 오전 8-9시쯤 기상하는 편이에요.",
6,꽤 민감,다소 완고,보통,종종 늦음,리드하는편,2,매우 민감,꽤 빡빡하게,국내,바다,계획 여행,적당히 봄,코골이 함,다른 곳 간다,"중국&몽골,국내,일본","상관없음,습함,쌀쌀함","자연감상,문화&역사체험,휴식","상관없음,4-5성급호텔,게스트하우스",오전 10시 이후,400만원 이상,"이 사용자는 중국&몽골 지역을 선호하고, 습함 기후를 피하고 싶어해요. 여행 목적은 자연감상이며, 4-5성급호텔에서 머무는 걸 좋아하고 오전 10시 이후쯤 기상하는 편이에요.",
7,보통,매우 수용적,많다,자주 늦음,무조건 리드,5,매우 둔감,꽤 빡빡하게,국내,바다,즉흥 여행,무조건 다 봄,코골이 함,다른 곳 간다,"동남아,국내,세계일주","쌀쌀함,건조함,상관없음","공연&경기관람,미식,기록","민박,펜션,4-5성급호텔",오전 10시 이후,200-300만원,"이 사용자는 국내 지역을 선호하고, 상관없음 기후를 피하고 싶어해요. 여행 목적은 공연&경기관람이며, 민박에서 머무는 걸 좋아하고 오전 10시 이후쯤 기상하는 편이에요.",
8,꽤 민감,보통,매우 적다,꽤 정확,무조건 따름,4,꽤 민감,매우 여유있게,해외,산,계획 여행,적당히 봄,코골이 함,기다림,"미국,세계일주,동남아","습함,더움,건조함","사람&관계,미식,공연&경기관람","상관없음,4-5성급호텔,에어비엔비",오전 10시 이후,200-300만원,"이 사용자는 미국 지역을 선호하고, 더움 기후를 피하고 싶어해요. 여행 목적은 미식이며, 에어비엔비에서 머무는 걸 좋아하고 오전 10시 이후쯤 기상하는 편이에요.",
9,매우 둔감,보통,많다,종종 늦음,무조건 리드,5,매우 둔감,매우 여유있게,국내,바다,계획 여행,적당히 봄,코골이 함,다른 곳 간다,"국내,동남아,일본","건조함,습함,더움","액티비티,도전과성장,쇼핑","펜션,상관없음,에어비엔비",오전 9-10시,200-300만원,"이 사용자는 일본 지역을 선호하고, 더움 기후를 피하고 싶어해요. 여행 목적은 쇼핑이며, 펜션에서 머무는 걸 좋아하고 오전 9-10시쯤 기상하는 편이에요.",
10,보통,다소 완고,매우 많다,꽤 정확,무조건 리드,5,보통,매우 빡빡하게,국내,바다,계획 여행,무조건 다 봄,코골이 함,기다림,"중국&몽골,유럽,국내","건조함,더움,추움","기록,문화&역사체험,도전과성장","게스트하우스,콘도,상관없음",오전 9-10시,200-300만원,"이 사용자는 국내 지역을 선호하고, 추움 기후를 피하고 싶어해요. 여행 목적은 문화&역사체험이며, 콘도에서 머무는 걸 좋아하고 오전 9-10시쯤 기상하는 편이에요.",
11,매우 둔감,보통,많다,매우 정확,무조건 따름,4,매우 둔감,매우 빡빡하게,해외,바다,계획 여행,무조건 다 봄,코골이 안함,기다림,"일본,세계일주,중국&몽골","습함,더움,건조함","미식,액티비티,도전과성장","민박,게스트하우스,펜션",오전 8-9시,200-300만원,"이 사용자는 일본 지역을 선호하고, 더움 기후를 피하고 싶어해요. 여행 목적은 미식이며, 민박에서 머무는 걸 좋아하고 오전 8-9시쯤 기상하는 편이에요.",
12,둔감,보통,매우 적다,매우 정확,무조건 따름,3,매우 둔감,보통,해외,바다,계획 여행,적당히 봄,코골이 안함,기다림,"세계일주,그 외,유럽","더움,쌀쌀함,건조함","도전과성장,기록,사람&관계","에어비엔비,4-5성급호텔,콘도",오전 9-10시,400만원 이상,"이 사용자는 그 외 지역을 선호하고, 더움 기후를 피하고 싶어해요. 여행 목적은 기록이며, 콘도에서 머무는 걸 좋아하고 오전 9-10시쯤 기상하는 편이에요.",
13,매우 민감,다소 완고,매우 적다,종종 늦음,리드하는편,5,매우 둔감,꽤 빡빡하게,해외,산,즉흥 여행,적당히 봄,코골이 함,기다림,"그 외,일본,유럽","습함,더움,추움","문화&역사체험,사람&관계,액티비티","게스트하우스,펜션,민박",오전 10시 이후,300-400만원,"이 사용자는 유럽 지역을 선호하고, 추움 기후를 피하고 싶어해요. 여행 목적은 액티비티이며, 게스트하우스에서 머무는 걸 좋아하고 오전 10시 이후쯤 기상하는 편이에요.",
14,보통,매우 완고,적다,보통,무조건 리드,2,매우 민감,매우 여유있게,해외,산,계획 여행,무조건 다 봄,코골이 안함,다른 곳 간다,"그 외,중국&몽골,동남아","더움,상관없음,쌀쌀함","액티비티,공연&경기관람,휴식","콘도,펜션,4-5성급호텔",오전 8-9시,100만원 이하,"이 사용자는 중국&몽골 지역을 선호하고, 더움 기후를 피하고 싶어해요. 여행 목적은 공연&경기관람이며, 4-5성급호텔에서 머무는 걸 좋아하고 오전 8-9시쯤 기상하는 편이에요.",
15,보통,다소 완고,많다,꽤 정확,보통,4,매우 둔감,꽤 여유있게,국내,산,계획 여행,무조건 다 봄,코골이 안함,다른 곳 간다,"국내,동남아,중국&몽골","습함,더움,상관없음","도전과성장,자연감상,문화&역사체험","펜션,상관없음,콘도",오전 9-10시,100만원 이하,"이 사용자는 국내 지역을 선호하고, 습함 기후를 피하고 싶어해요. 여행 목적은 문화&역사체험이며, 콘도에서 머무는 걸 좋아하고 오전 9-10시쯤 기상하는 편이에요.",
16,꽤 민감,수용적,적다,보통,보통,5,매우 둔감,매우 빡빡하게,해외,바다,계획 여행,무조건 다 봄,코골이 안함,기다림,"세계일주,유럽,그 외","추움,쌀쌀함,상관없음","사람&관계,쇼핑,자연감상","에어비엔비,게스트하우스,3성이하 호텔",오전 9-10시,300-400만원,"이 사용자는 세계일주 지역을 선호하고, 쌀쌀함 기후를 피하고 싶어해요. 여행 목적은 자연감상이며, 3성이하 호텔에서 머무는 걸 좋아하고 오전 9-10시쯤 기상하는 편이에요.",
17,둔감,수용적,적다,매우 정확,따르는 편,2,둔감,꽤 여유있게,해외,산,즉흥 여행,적당히 봄,코골이 함,다른 곳 간다,"동남아,미국,유럽","추움,건조함,쌀쌀함","미식,도전과성장,문화&역사체험","에어비엔비,3성이하 호텔,콘도",오전 8-9시,100만원 이하,"이 사용자는 미국 지역을 선호하고, 쌀쌀함 기후를 피하고 싶어해요. 여행 목적은 미식이며, 콘도에서 머무는 걸 좋아하고 오전 8-9시쯤 기상하는 편이에요.",
18,꽤 민감,매우 완고,매우 많다,매우 정확,따르는 편,4,보통,매우 빡빡하게,해외,바다,계획 여행,적당히 봄,코골이 안함,다른 곳 간다,"미국,유럽,세계일주","추움,상관없음,더움","사람&관계,휴식,도전과성장","3성이하 호텔,상관없음,게스트하우스",오전 10시 이후,200-300만원,"이 사용자는 세계일주 지역을 선호하고, 상관없음 기후를 피하고 싶어해요. 여행 목적은 휴식이며, 게스트하우스에서 머무는 걸 좋아하고 오전 10시 이후쯤 기상하는 편이에요.",
19,매우 민감,매우 수용적,매우 적다,꽤 정확,따르는 편,5,보통,꽤 빡빡하게,해외,바다,즉흥 여행,적당히 봄,코골이 안함,기다림,"미국,유럽,그 외","습함,추움,쌀쌀함","휴식,도전과성장,미식","콘도,게스트하우스,펜션",오전 9-10시,200-300만원,"이 사용자는 그 외 지역을 선호하고, 쌀쌀함 기후를 피하고 싶어해요. 여행 목적은 도전과성장이며, 펜션에서 머무는 걸 좋아하고 오전 9-10시쯤 기상하는 편이에요.",
20,매우 둔감,매우 완고,적다,매우 정확,따르는 편,4,보통,매우 빡빡하게,국내,산,즉흥 여행,무조건 다 봄,코골이 함,다른 곳 간다,"동남아,유럽,국내","추움,습함,상관없음","공연&경기관람,자연감상,사람&관계","민박,게스트하우스,상관없음",오전 10시 이후,200-300만원,"이 사용자는 동남아 지역을 선호하고, 추움 기후를 피하고 싶어해요. 여행 목적은 공연&경기관람이며, 상관없음에서 머무는 걸 좋아하고 오전 10시 이후쯤 기상하는 편이에요.",
21,보통,매우 수용적,보통,종종 늦음,무조건 리드,3,매우 둔감,꽤 빡빡하게,국내,바다,계획 여행,무조건 다 봄,코골이 안함,기다림,"중국&몽골,세계일주,일본","상관없음,습함,쌀쌀함","쇼핑,액티비티,문화&역사체험","4-5성급호텔,상관없음,콘도",오전 10시 이후,100만원 이하,"이 사용자는 중국&몽골 지역을 선호하고, 상관없음 기후를 피하고 싶어해요. 여행 목적은 액티비티이며, 상관없음에서 머무는 걸 좋아하고 오전 10시 이후쯤 기상하는 편이에요.",
22,매우 민감,다소 완고,매우 많다,종종 늦음,따르는 편,5,매우 민감,보통,해외,산,즉흥 여행,적당히 봄,코골이 함,기다림,"일본,그 외,유럽","습함,더움,쌀쌀함","자연감상,도전과성장,공연&경기관람","상관없음,3성이하 호텔,에어비엔비",오전 8-9시,200-300만원,"이 사용자는 그 외 지역을 선호하고, 쌀쌀함 기후를 피하고 싶어해요. 여행 목적은 도전과성장이며, 에어비엔비에서 머무는 걸 좋아하고 오전 8-9시쯤 기상하는 편이에요.",
23,둔감,수용적,매우 많다,매우 정확,무조건 따름,5,꽤 민감,꽤 빡빡하게,국내,바다,계획 여행,적당히 봄,코골이 안함,다른 곳 간다,"일본,세계일주,국내","추움,습함,건조함","액티비티,사람&관계,미식","콘도,상관없음,에어비엔비",오전 9-10시,100만원 이하,"이 사용자는 국내 지역을 선호하고, 추움 기후를 피하고 싶어해요. 여행 목적은 미식이며, 콘도에서 머무는 걸 좋아하고 오전 9-10시쯤 기상하는 편이에요.",
24,꽤 민감,다소 완고,매우 적다,꽤 정확,리드하는편,5,매우 둔감,매우 빡빡하게,국내,산,즉흥 여행,적당히 봄,코골이 안함,다른 곳 간다,"일본,중국&몽골,미국","건조함,습함,쌀쌀함","문화&역사체험,사람&관계,자연감상","3성이하 호텔,콘도,민박",오전 10시 이후,300-400만원,"이 사용자는 중국&몽골 지역을 선호하고, 쌀쌀함 기후를 피하고 싶어해요. 여행 목적은 자연감상이며, 3성이하 호텔에서 머무는 걸 좋아하고 오전 10시 이후쯤 기상하는 편이에요.",
25,보통,다소 완고,많다,종종 늦음,보통,5,꽤 민감,매우 빡빡하게,국내,산,즉흥 여행,무조건 다 봄,코골이 함,다른 곳 간다,"유럽,그 외,국내","건조함,더움,습함","미식,문화&역사체험,기록","콘도,상관없음,펜션",오전 9-10시,200-300만원,"이 사용자는 유럽 지역을 선호하고, 습함 기후를 피하고 싶어해요. 여행 목적은 문화&역사체험이며, 콘도에서 머무는 걸 좋아하고 오전 9-10시쯤 기상하는 편이에요.",
26,매우 민감,수용적,보통,꽤 정확,무조건 리드,4,매우 둔감,매우 빡빡하게,국내,바다,즉흥 여행,적당히 봄,코골이 함,기다림,"그 외,미국,세계일주","건조함,더움,상관없음","휴식,문화&역사체험,공연&경기관람","3성이하 호텔,상관없음,콘도",오전 10시 이후,300-400만원,"이 사용자는 세계일주 지역을 선호하고, 상관없음 기후를 피하고 싶어해요. 여행 목적은 문화&역사체험이며, 3성이하 호텔에서 머무는 걸 좋아하고 오전 10시 이후쯤 기상하는 편이에요.",
27,꽤 민감,수용적,많다,보통,따르는 편,2,매우 둔감,꽤 여유있게,국내,바다,계획 여행,무조건 다 봄,코골이 안함,기다림,"동남아,유럽,국내","습함,더움,추움","사람&관계,휴식,문화&역사체험","4-5성급호텔,게스트하우스,3성이하 호텔",오전 8-9시,400만원 이상,"이 사용자는 유럽 지역을 선호하고, 습함 기후를 피하고 싶어해요. 여행 목적은 문화&역사체험이며, 4-5성급호텔에서 머무는 걸 좋아하고 오전 8-9시쯤 기상하는 편이에요.",
28,매우 민감,다소 완고,매우 적다,꽤 정확,보통,2,매우 둔감,꽤 여유있게,해외,산,즉흥 여행,적당히 봄,코골이 함,기다림,"중국&몽골,세계일주,동남아","추움,쌀쌀함,더움","자연감상,사람&관계,액티비티","4-5성급호텔,게스트하우스,콘도",오전 10시 이후,200-300만원,"이 사용자는 중국&몽골 지역을 선호하고, 추움 기후를 피하고 싶어해요. 여행 목적은 자연감상이며, 4-5성급호텔에서 머무는 걸 좋아하고 오전 10시 이후쯤 기상하는 편이에요.",
29,매우 민감,매우 수용적,매우 적다,매우 정확,따르는 편,5,꽤 민감,꽤 빡빡하게,국내,바다,계획 여행,무조건 다 봄,코골이 함,기다림,"일본,세계일주,동남아","건조함,쌀쌀함,습함","액티비티,휴식,기록","콘도,3성이하 호텔,민박",오전 8-9시,400만원 이상,"이 사용자는 일본 지역을 선호하고, 습함 기후를 피하고 싶어해요. 여행 목적은 기록이며, 3성이하 호텔에서 머무는 걸 좋아하고 오전 8-9시쯤 기상하는 편이에요.",
30,꽤 민감,매우 완고,적다,자주 늦음,무조건 따름,3,둔감,꽤 빡빡하게,해외,산,계획 여행,적당히 봄,코골이 함,기다림,"일본,미국,그 외","추움,건조함,더움","액티비티,사람&관계,도전과성장","4-5성급호텔,펜션,게스트하우스",오전 9-10시,300-400만원,"이 사용자는 일본 지역을 선호하고, 건조함 기후를 피하고 싶어해요. 여행 목적은 도전과성장이며, 4-5성급호텔에서 머무는 걸 좋아하고 오전 9-10시쯤 기상하는 편이에요.",
31,둔감,매우 완고,많다,자주 늦음,따르는 편,4,보통,매우 여유있게,국내,바다,즉흥 여행,적당히 봄,코골이 안함,기다림,"국내,세계일주,미국","건조함,추움,습함","문화&역사체험,사람&관계,기록","펜션,게스트하우스,상관없음",오전 10시 이후,400만원 이상,"이 사용자는 국내 지역을 선호하고, 습함 기후를 피하고 싶어해요. 여행 목적은 기록이며, 게스트하우스에서 머무는 걸 좋아하고 오전 10시 이후쯤 기상하는 편이에요.",
32,둔감,매우 수용적,매우 많다,자주 늦음,리드하는편,5,매우 민감,보통,국내,산,계획 여행,무조건 다 봄,코골이 안함,기다림,"유럽,일본,동남아","쌀쌀함,습함,건조함","액티비티,문화&역사체험,사람&관계","펜션,콘도,민박",오전 10시 이후,100만원 이하,"이 사용자는 유럽 지역을 선호하고, 쌀쌀함 기후를 피하고 싶어해요. 여행 목적은 액티비티이며, 펜션에서 머무는 걸 좋아하고 오전 10시 이후쯤 기상하는 편이에요.",
33,매우 민감,매우 완고,보통,매우 정확,보통,4,둔감,매우 여유있게,해외,산,계획 여행,적당히 봄,코골이 함,기다림,"그 외,동남아,미국","쌀쌀함,습함,추움","공연&경기관람,미식,쇼핑","4-5성급호텔,3성이하 호텔,게스트하우스",오전 9-10시,100만원 이하,"이 사용자는 동남아 지역을 선호하고, 추움 기후를 피하고 싶어해요. 여행 목적은 쇼핑이며, 4-5성급호텔에서 머무는 걸 좋아하고 오전 9-10시쯤 기상하는 편이에요.",
34,보통,매우 수용적,매우 적다,종종 늦음,리드하는편,2,꽤 민감,매우 빡빡하게,해외,바다,계획 여행,적당히 봄,코골이 함,다른 곳 간다,"그 외,세계일주,미국","추움,쌀쌀함,건조함","휴식,도전과성장,자연감상","에어비엔비,민박,상관없음",오전 10시 이후,200-300만원,"이 사용자는 세계일주 지역을 선호하고, 건조함 기후를 피하고 싶어해요. 여행 목적은 자연감상이며, 상관없음에서 머무는 걸 좋아하고 오전 10시 이후쯤 기상하는 편이에요.",
35,매우 둔감,수용적,적다,자주 늦음,리드하는편,4,꽤 민감,꽤 빡빡하게,국내,산,즉흥 여행,적당히 봄,코골이 함,다른 곳 간다,"일본,중국&몽골,그 외","더움,건조함,상관없음","도전과성장,문화&역사체험,사람&관계","상관없음,게스트하우스,에어비엔비",오전 8-9시,400만원 이상,"이 사용자는 일본 지역을 선호하고, 더움 기후를 피하고 싶어해요. 여행 목적은 문화&역사체험이며, 에어비엔비에서 머무는 걸 좋아하고 오전 8-9시쯤 기상하는 편이에요.",
36,매우 둔감,수용적,많다,꽤 정확,리드하는편,4,둔감,보통,국내,산,계획 여행,무조건 다 봄,코골이 안함,다른 곳 간다,"세계일주,그 외,일본","더움,습함,추움","미식,쇼핑,액티비티","상관없음,에어비엔비,게스트하우스",오전 9-10시,200-300만원,"이 사용자는 세계일주 지역을 선호하고, 추움 기후를 피하고 싶어해요. 여행 목적은 쇼핑이며, 에어비엔비에서 머무는 걸 좋아하고 오전 9-10시쯤 기상하는 편이에요.",
37,보통,매우 수용적,매우 많다,보통,따르는 편,2,보통,꽤 빡빡하게,해외,바다,즉흥 여행,적당히 봄,코골이 함,다른 곳 간다,"동남아,국내,일본","건조함,더움,추움","액티비티,미식,사람&관계","게스트하우스,상관없음,4-5성급호텔",오전 9-10시,400만원 이상,"이 사용자는 일본 지역을 선호하고, 추움 기후를 피하고 싶어해요. 여행 목적은 액티비티이며, 게스트하우스에서 머무는 걸 좋아하고 오전 9-10시쯤 기상하는 편이에요.",
38,매우 민감,보통,보통,보통,따르는 편,1,꽤 민감,꽤 여유있게,해외,바다,즉흥 여행,적당히 봄,코골이 함,기다림,"일본,세계일주,중국&몽골","상관없음,추움,쌀쌀함","액티비티,문화&역사체험,사람&관계","콘도,4-5성급호텔,상관없음",오전 10시 이후,100만원 이하,"이 사용자는 일본 지역을 선호하고, 상관없음 기후를 피하고 싶어해요. 여행 목적은 액티비티이며, 콘도에서 머무는 걸 좋아하고 오전 10시 이후쯤 기상하는 편이에요.",
39,매우 민감,다소 완고,적다,매우 정확,무조건 따름,1,매우 둔감,매우 여유있게,해외,바다,즉흥 여행,무조건 다 봄,코골이 안함,기다림,"국내,중국&몽골,동남아","쌀쌀함,더움,상관없음","문화&역사체험,미식,사람&관계","상관없음,3성이하 호텔,4-5성급호텔",오전 9-10시,200-300만원,"이 사용자는 중국&몽골 지역을 선호하고, 상관없음 기후를 피하고 싶어해요. 여행 목적은 문화&역사체험이며, 상관없음에서 머무는 걸 좋아하고 오전 9-10시쯤 기상하는 편이에요.",
40,꽤 민감,다소 완고,적다,매우 정확,무조건 따름,3,보통,매우 빡빡하게,국내,산,즉흥 여행,적당히 봄,코골이 안함,다른 곳 간다,"국내,중국&몽골,동남아","추움,상관없음,쌀쌀함","액티비티,미식,기록","펜션,민박,4-5성급호텔",오전 9-10시,200-300만원,"이 사용자는 중국&몽골 지역을 선호하고, 쌀쌀함 기후를 피하고 싶어해요. 여행 목적은 기록이며, 펜션에서 머무는 걸 좋아하고 오전 9-10시쯤 기상하는 편이에요.",
41,매우 둔감,다소 완고,매우 적다,꽤 정확,따르는 편,2,꽤 민감,매우 여유있게,해외,바다,즉흥 여행,적당히 봄,코골이 안함,다른 곳 간다,"유럽,세계일주,중국&몽골","더움,습함,건조함","공연&경기관람,기록,미식","콘도,펜션,3성이하 호텔",오전 9-10시,100만원 이하,"이 사용자는 유럽 지역을 선호하고, 더움 기후를 피하고 싶어해요. 여행 목적은 미식이며, 콘도에서 머무는 걸 좋아하고 오전 9-10시쯤 기상하는 편이에요.",
42,매우 민감,다소 완고,보통,종종 늦음,보통,1,꽤 민감,꽤 빡빡하게,국내,산,즉흥 여행,적당히 봄,코골이 안함,기다림,"미국,세계일주,중국&몽골","건조함,쌀쌀함,추움","공연&경기관람,미식,휴식","상관없음,펜션,콘도",오전 9-10시,300-400만원,"이 사용자는 미국 지역을 선호하고, 쌀쌀함 기후를 피하고 싶어해요. 여행 목적은 공연&경기관람이며, 콘도에서 머무는 걸 좋아하고 오전 9-10시쯤 기상하는 편이에요.",
43,보통,다소 완고,보통,꽤 정확,무조건 따름,4,매우 둔감,매우 여유있게,해외,바다,즉흥 여행,적당히 봄,코골이 함,기다림,"세계일주,그 외,동남아","추움,건조함,상관없음","휴식,쇼핑,문화&역사체험","게스트하우스,3성이하 호텔,에어비엔비",오전 8-9시,400만원 이상,"이 사용자는 동남아 지역을 선호하고, 추움 기후를 피하고 싶어해요. 여행 목적은 쇼핑이며, 3성이하 호텔에서 머무는 걸 좋아하고 오전 8-9시쯤 기상하는 편이에요.",
44,꽤 민감,수용적,많다,종종 늦음,보통,5,매우 민감,매우 빡빡하게,해외,산,즉흥 여행,무조건 다 봄,코골이 안함,기다림,"그 외,미국,국내","더움,쌀쌀함,추움","액티비티,공연&경기관람,문화&역사체험","게스트하우스,에어비엔비,콘도",오전 8-9시,400만원 이상,"이 사용자는 국내 지역을 선호하고, 쌀쌀함 기후를 피하고 싶어해요. 여행 목적은 공연&경기관람이며, 에어비엔비에서 머무는 걸 좋아하고 오전 8-9시쯤 기상하는 편이에요.",
45,매우 둔감,보통,적다,종종 늦음,무조건 리드,5,매우 민감,꽤 빡빡하게,국내,산,즉흥 여행,적당히 봄,코골이 안함,다른 곳 간다,"동남아,국내,유럽","건조함,쌀쌀함,추움","문화&역사체험,자연감상,도전과성장","펜션,게스트하우스,3성이하 호텔",오전 10시 이후,200-300만원,"이 사용자는 동남아 지역을 선호하고, 건조함 기후를 피하고 싶어해요. 여행 목적은 문화&역사체험이며, 게스트하우스에서 머무는 걸 좋아하고 오전 10시 이후쯤 기상하는 편이에요.",
46,꽤 민감,매우 완고,매우 적다,종종 늦음,따르는 편,4,매우 둔감,꽤 빡빡하게,국내,바다,계획 여행,무조건 다 봄,코골이 함,다른 곳 간다,"일본,세계일주,동남아","상관없음,건조함,더움","문화&역사체험,액티비티,공연&경기관람","3성이하 호텔,4-5성급호텔,게스트하우스",오전 9-10시,200-300만원,"이 사용자는 동남아 지역을 선호하고, 더움 기후를 피하고 싶어해요. 여행 목적은 문화&역사체험이며, 게스트하우스에서 머무는 걸 좋아하고 오전 9-10시쯤 기상하는 편이에요.",
47,둔감,매우 완고,매우 많다,매우 정확,따르는 편,4,매우 민감,꽤 여유있게,해외,산,즉흥 여행,적당히 봄,코골이 함,기다림,"일본,유럽,동남아","습함,더움,상관없음","자연감상,문화&역사체험,액티비티","펜션,4-5성급호텔,3성이하 호텔",오전 9-10시,200-300만원,"이 사용자는 동남아 지역을 선호하고, 습함 기후를 피하고 싶어해요. 여행 목적은 자연감상이며, 3성이하 호텔에서 머무는 걸 좋아하고 오전 9-10시쯤 기상하는 편이에요.",
48,꽤 민감,수용적,매우 많다,보통,보통,1,매우 둔감,꽤 여유있게,국내,바다,즉흥 여행,적당히 봄,코골이 안함,다른 곳 간다,"중국&몽골,일본,국내","습함,더움,건조함","문화&역사체험,도전과성장,미식","콘도,3성이하 호텔,게스트하우스",오전 10시 이후,300-400만원,"이 사용자는 중국&몽골 지역을 선호하고, 습함 기후를 피하고 싶어해요. 여행 목적은 문화&역사체험이며, 게스트하우스에서 머무는 걸 좋아하고 오전 10시 이후쯤 기상하는 편이에요.",
49,꽤 민감,수용적,많다,자주 늦음,무조건 리드,4,둔감,매우 빡빡하게,해외,바다,즉흥 여행,적당히 봄,코골이 함,기다림,"유럽,동남아,중국&몽골","상관없음,건조함,습함","기록,문화&역사체험,액티비티","상관없음,4-5성급호텔,민박",오전 9-10시,200-300만원,"이 사용자는 유럽 지역을 선호하고, 습함 기후를 피하고 싶어해요. 여행 목적은 액티비티이며, 4-5성급호텔에서 머무는 걸 좋아하고 오전 9-10시쯤 기상하는 편이에요.",
50,꽤 민감,수용적,매우 적다,자주 늦음,무조건 따름,4,꽤 민감,꽤 빡빡하게,국내,바다,즉흥 여행,무조건 다 봄,코골이 함,기다림,"일본,미국,국내","건조함,습함,추움","공연&경기관람,쇼핑,사람&관계","콘도,펜션,게스트하우스",오전 9-10시,300-400만원,"이 사용자는 미국 지역을 선호하고, 건조함 기후를 피하고 싶어해요. 여행 목적은 쇼핑이며, 게스트하우스에서 머무는 걸 좋아하고 오전 9-10시쯤 기상하는 편이에요.",
51,꽤 민감,매우 완고,보통,보통,리드하는편,4,둔감,보통,국내,산,계획 여행,적당히 봄,코골이 안함,다른 곳 간다,"중국&몽골,그 외,동남아","상관없음,건조함,쌀쌀함","기록,쇼핑,미식","게스트하우스,민박,3성이하 호텔",오전 10시 이후,300-400만원,"이 사용자는 그 외 지역을 선호하고, 상관없음 기후를 피하고 싶어해요. 여행 목적은 미식이며, 3성이하 호텔에서 머무는 걸 좋아하고 오전 10시 이후쯤 기상하는 편이에요.",
52,매우 둔감,매우 수용적,적다,매우 정확,따르는 편,3,꽤 민감,꽤 여유있게,해외,산,계획 여행,무조건 다 봄,코골이 안함,기다림,"세계일주,중국&몽골,미국","습함,상관없음,건조함","기록,사람&관계,휴식","4-5성급호텔,상관없음,민박",오전 8-9시,400만원 이상,"이 사용자는 세계일주 지역을 선호하고, 건조함 기후를 피하고 싶어해요. 여행 목적은 사람&관계이며, 4-5성급호텔에서 머무는 걸 좋아하고 오전 8-9시쯤 기상하는 편이에요.",
53,둔감,매우 완고,매우 많다,자주 늦음,무조건 리드,4,매우 민감,꽤 빡빡하게,국내,바다,즉흥 여행,적당히 봄,코골이 안함,다른 곳 간다,"일본,미국,세계일주","더움,건조함,추움","도전과성장,휴식,기록","상관없음,민박,4-5성급호텔",오전 9-10시,300-400만원,"이 사용자는 미국 지역을 선호하고, 더움 기후를 피하고 싶어해요. 여행 목적은 도전과성장이며, 4-5성급호텔에서 머무는 걸 좋아하고 오전 9-10시쯤 기상하는 편이에요.",
54,둔감,다소 완고,매우 적다,자주 늦음,리드하는편,5,매우 민감,꽤 빡빡하게,국내,산,즉흥 여행,무조건 다 봄,코골이 안함,다른 곳 간다,"그 외,세계일주,동남아","더움,추움,상관없음","기록,도전과성장,쇼핑","민박,3성이하 호텔,4-5성급호텔",오전 8-9시,300-400만원,"이 사용자는 동남아 지역을 선호하고, 추움 기후를 피하고 싶어해요. 여행 목적은 기록이며, 4-5성급호텔에서 머무는 걸 좋아하고 오전 8-9시쯤 기상하는 편이에요.",
55,매우 민감,보통,매우 많다,꽤 정확,따르는 편,2,보통,꽤 여유있게,해외,바다,즉흥 여행,무조건 다 봄,코골이 안함,기다림,"국내,동남아,세계일주","건조함,습함,쌀쌀함","기록,자연감상,액티비티","에어비엔비,상관없음,4-5성급호텔",오전 8-9시,400만원 이상,"이 사용자는 동남아 지역을 선호하고, 쌀쌀함 기후를 피하고 싶어해요. 여행 목적은 액티비티이며, 상관없음에서 머무는 걸 좋아하고 오전 8-9시쯤 기상하는 편이에요.",
56,매우 둔감,매우 수용적,적다,종종 늦음,따르는 편,5,꽤 민감,보통,해외,바다,계획 여행,적당히 봄,코골이 함,기다림,"유럽,동남아,중국&몽골","건조함,습함,쌀쌀함","휴식,사람&관계,자연감상","상관없음,에어비엔비,4-5성급호텔",오전 10시 이후,400만원 이상,"이 사용자는 유럽 지역을 선호하고, 습함 기후를 피하고 싶어해요. 여행 목적은 휴식이며, 4-5성급호텔에서 머무는 걸 좋아하고 오전 10시 이후쯤 기상하는 편이에요.",
57,매우 둔감,보통,매우 적다,종종 늦음,리드하는편,2,보통,꽤 빡빡하게,국내,바다,계획 여행,적당히 봄,코골이 함,기다림,"유럽,국내,동남아","추움,건조함,더움","자연감상,사람&관계,공연&경기관람","민박,게스트하우스,3성이하 호텔",오전 9-10시,100만원 이하,"이 사용자는 유럽 지역을 선호하고, 더움 기후를 피하고 싶어해요. 여행 목적은 공연&경기관람이며, 게스트하우스에서 머무는 걸 좋아하고 오전 9-10시쯤 기상하는 편이에요.",
58,꽤 민감,매우 완고,많다,종종 늦음,보통,2,보통,꽤 빡빡하게,국내,산,즉흥 여행,적당히 봄,코골이 안함,다른 곳 간다,"일본,국내,유럽","습함,더움,쌀쌀함","공연&경기관람,액티비티,자연감상","펜션,민박,콘도",오전 10시 이후,100만원 이하,"이 사용자는 유럽 지역을 선호하고, 쌀쌀함 기후를 피하고 싶어해요. 여행 목적은 자연감상이며, 콘도에서 머무는 걸 좋아하고 오전 10시 이후쯤 기상하는 편이에요.",
59,매우 민감,매우 완고,매우 적다,매우 정확,따르는 편,1,매우 둔감,보통,국내,산,계획 여행,적당히 봄,코골이 안함,기다림,"미국,일본,중국&몽골","쌀쌀함,습함,더움","공연&경기관람,기록,도전과성장","에어비엔비,콘도,3성이하 호텔",오전 8-9시,100만원 이하,"이 사용자는 미국 지역을 선호하고, 쌀쌀함 기후를 피하고 싶어해요. 여행 목적은 도전과성장이며, 3성이하 호텔에서 머무는 걸 좋아하고 오전 8-9시쯤 기상하는 편이에요.",
60,보통,다소 완고,매우 많다,매우 정확,리드하는편,1,둔감,보통,해외,산,즉흥 여행,적당히 봄,코골이 안함,기다림,"일본,미국,유럽","습함,쌀쌀함,상관없음","공연&경기관람,휴식,문화&역사체험","상관없음,3성이하 호텔,민박",오전 10시 이후,200-300만원,"이 사용자는 일본 지역을 선호하고, 상관없음 기후를 피하고 싶어해요. 여행 목적은 문화&역사체험이며, 3성이하 호텔에서 머무는 걸 좋아하고 오전 10시 이후쯤 기상하는 편이에요.",
61,매우 둔감,보통,매우 적다,매우 정확,무조건 따름,2,매우 민감,매우 빡빡하게,국내,산,계획 여행,무조건 다 봄,코골이 함,기다림,"미국,그 외,동남아","건조함,더움,추움","휴식,액티비티,도전과성장","콘도,민박,게스트하우스",오전 10시 이후,300-400만원,"이 사용자는 그 외 지역을 선호하고, 추움 기후를 피하고 싶어해요. 여행 목적은 도전과성장이며, 민박에서 머무는 걸 좋아하고 오전 10시 이후쯤 기상하는 편이에요.",
62,꽤 민감,보통,매우 많다,종종 늦음,따르는 편,3,꽤 민감,매우 빡빡하게,국내,바다,즉흥 여행,적당히 봄,코골이 안함,기다림,"그 외,국내,일본","상관없음,쌀쌀함,더움","자연감상,공연&경기관람,사람&관계","콘도,게스트하우스,4-5성급호텔",오전 9-10시,400만원 이상,"이 사용자는 그 외 지역을 선호하고, 더움 기후를 피하고 싶어해요. 여행 목적은 자연감상이며, 게스트하우스에서 머무는 걸 좋아하고 오전 9-10시쯤 기상하는 편이에요.",
63,매우 민감,다소 완고,매우 많다,종종 늦음,보통,1,둔감,매우 여유있게,해외,산,즉흥 여행,무조건 다 봄,코골이 안함,기다림,"중국&몽골,그 외,동남아","더움,건조함,상관없음","액티비티,기록,사람&관계","민박,펜션,콘도",오전 10시 이후,300-400만원,"이 사용자는 동남아 지역을 선호하고, 상관없음 기후를 피하고 싶어해요. 여행 목적은 사람&관계이며, 콘도에서 머무는 걸 좋아하고 오전 10시 이후쯤 기상하는 편이에요.",
64,보통,보통,매우 많다,꽤 정확,보통,4,둔감,꽤 빡빡하게,국내,산,계획 여행,무조건 다 봄,코골이 함,다른 곳 간다,"중국&몽골,유럽,미국","추움,더움,상관없음","문화&역사체험,기록,쇼핑","4-5성급호텔,콘도,게스트하우스",오전 9-10시,100만원 이하,"이 사용자는 미국 지역을 선호하고, 추움 기후를 피하고 싶어해요. 여행 목적은 쇼핑이며, 게스트하우스에서 머무는 걸 좋아하고 오전 9-10시쯤 기상하는 편이에요.",
65,보통,보통,매우 많다,종종 늦음,무조건 따름,3,매우 둔감,보통,해외,바다,계획 여행,무조건 다 봄,코골이 안함,기다림,"일본,국내,유럽","쌀쌀함,더움,건조함","자연감상,기록,쇼핑","콘도,4-5성급호텔,에어비엔비",오전 9-10시,400만원 이상,"이 사용자는 일본 지역을 선호하고, 쌀쌀함 기후를 피하고 싶어해요. 여행 목적은 기록이며, 콘도에서 머무는 걸 좋아하고 오전 9-10시쯤 기상하는 편이에요.",
66,보통,매우 수용적,보통,꽤 정확,무조건 리드,5,둔감,보통,해외,산,계획 여행,무조건 다 봄,코골이 함,기다림,"국내,그 외,일본","추움,쌀쌀함,건조함","공연&경기관람,휴식,자연감상","상관없음,민박,3성이하 호텔",오전 10시 이후,100만원 이하,"이 사용자는 국내 지역을 선호하고, 추움 기후를 피하고 싶어해요. 여행 목적은 공연&경기관람이며, 민박에서 머무는 걸 좋아하고 오전 10시 이후쯤 기상하는 편이에요.",
67,매우 민감,매우 수용적,많다,보통,무조건 따름,4,매우 둔감,매우 여유있게,국내,산,즉흥 여행,적당히 봄,코골이 함,기다림,"동남아,세계일주,국내","습함,추움,쌀쌀함","공연&경기관람,휴식,쇼핑","에어비엔비,민박,4-5성급호텔",오전 8-9시,200-300만원,"이 사용자는 동남아 지역을 선호하고, 추움 기후를 피하고 싶어해요. 여행 목적은 공연&경기관람이며, 에어비엔비에서 머무는 걸 좋아하고 오전 8-9시쯤 기상하는 편이에요.",
68,매우 둔감,매우 완고,매우 적다,종종 늦음,무조건 리드,1,보통,매우 빡빡하게,해외,바다,즉흥 여행,무조건 다 봄,코골이 함,기다림,"세계일주,그 외,미국","더움,추움,상관없음","미식,자연감상,공연&경기관람","에어비엔비,상관없음,4-5성급호텔",오전 10시 이후,200-300만원,"이 사용자는 미국 지역을 선호하고, 더움 기후를 피하고 싶어해요. 여행 목적은 자연감상이며, 상관없음에서 머무는 걸 좋아하고 오전 10시 이후쯤 기상하는 편이에요.",
69,꽤 민감,다소 완고,매우 적다,꽤 정확,무조건 따름,5,매우 민감,보통,국내,바다,즉흥 여행,무조건 다 봄,코골이 함,기다림,"일본,그 외,유럽","상관없음,건조함,습함","도전과성장,액티비티,쇼핑","에어비엔비,펜션,3성이하 호텔",오전 9-10시,200-300만원,"이 사용자는 일본 지역을 선호하고, 상관없음 기후를 피하고 싶어해요. 여행 목적은 도전과성장이며, 에어비엔비에서 머무는 걸 좋아하고 오전 9-10시쯤 기상하는 편이에요.",
70,꽤 민감,보통,보통,자주 늦음,보통,2,둔감,꽤 빡빡하게,국내,바다,계획 여행,무조건 다 봄,코골이 안함,기다림,"유럽,그 외,세계일주","더움,쌀쌀함,추움","액티비티,자연감상,사람&관계","민박,게스트하우스,4-5성급호텔",오전 9-10시,100만원 이하,"이 사용자는 그 외 지역을 선호하고, 추움 기후를 피하고 싶어해요. 여행 목적은 액티비티이며, 4-5성급호텔에서 머무는 걸 좋아하고 오전 9-10시쯤 기상하는 편이에요.",
71,보통,보통,매우 많다,보통,무조건 따름,2,매우 민감,꽤 빡빡하게,해외,바다,계획 여행,무조건 다 봄,코골이 함,기다림,"중국&몽골,그 외,미국","더움,상관없음,습함","사람&관계,미식,문화&역사체험","상관없음,게스트하우스,에어비엔비",오전 10시 이후,200-300만원,"이 사용자는 미국 지역을 선호하고, 습함 기후를 피하고 싶어해요. 여행 목적은 미식이며, 에어비엔비에서 머무는 걸 좋아하고 오전 10시 이후쯤 기상하는 편이에요.",
72,매우 둔감,보통,적다,보통,따르는 편,5,둔감,매우 빡빡하게,국내,산,계획 여행,적당히 봄,코골이 안함,기다림,"유럽,중국&몽골,국내","건조함,더움,추움","휴식,자연감상,도전과성장","상관없음,3성이하 호텔,게스트하우스",오전 9-10시,200-300만원,"이 사용자는 유럽 지역을 선호하고, 건조함 기후를 피하고 싶어해요. 여행 목적은 자연감상이며, 3성이하 호텔에서 머무는 걸 좋아하고 오전 9-10시쯤 기상하는 편이에요.",
73,둔감,보통,매우 많다,보통,리드하는편,1,꽤 민감,꽤 여유있게,국내,산,계획 여행,적당히 봄,코골이 함,기다림,"국내,중국&몽골,세계일주","더움,쌀쌀함,상관없음","휴식,미식,기록","콘도,펜션,게스트하우스",오전 8-9시,400만원 이상,"이 사용자는 국내 지역을 선호하고, 상관없음 기후를 피하고 싶어해요. 여행 목적은 휴식이며, 펜션에서 머무는 걸 좋아하고 오전 8-9시쯤 기상하는 편이에요.",
74,둔감,다소 완고,매우 적다,자주 늦음,따르는 편,3,매우 민감,꽤 빡빡하게,국내,산,계획 여행,무조건 다 봄,코골이 안함,기다림,"미국,중국&몽골,동남아","습함,쌀쌀함,더움","미식,문화&역사체험,휴식","에어비엔비,콘도,펜션",오전 9-10시,200-300만원,"이 사용자는 미국 지역을 선호하고, 습함 기후를 피하고 싶어해요. 여행 목적은 문화&역사체험이며, 에어비엔비에서 머무는 걸 좋아하고 오전 9-10시쯤 기상하는 편이에요.",
75,매우 둔감,매우 수용적,보통,꽤 정확,리드하는편,4,보통,매우 빡빡하게,해외,바다,계획 여행,무조건 다 봄,코골이 함,다른 곳 간다,"국내,세계일주,중국&몽골","추움,건조함,쌀쌀함","액티비티,공연&경기관람,도전과성장","민박,3성이하 호텔,4-5성급호텔",오전 9-10시,300-400만원,"이 사용자는 국내 지역을 선호하고, 추움 기후를 피하고 싶어해요. 여행 목적은 도전과성장이며, 4-5성급호텔에서 머무는 걸 좋아하고 오전 9-10시쯤 기상하는 편이에요.",
76,보통,매우 완고,적다,매우 정확,무조건 리드,4,매우 민감,매우 여유있게,국내,산,즉흥 여행,적당히 봄,코골이 함,기다림,"중국&몽골,미국,그 외","상관없음,추움,습함","휴식,기록,공연&경기관람","상관없음,콘도,에어비엔비",오전 8-9시,300-400만원,"이 사용자는 미국 지역을 선호하고, 습함 기후를 피하고 싶어해요. 여행 목적은 기록이며, 콘도에서 머무는 걸 좋아하고 오전 8-9시쯤 기상하는 편이에요.",
77,꽤 민감,매우 완고,많다,보통,보통,2,매우 둔감,꽤 여유있게,국내,산,계획 여행,적당히 봄,코골이 함,기다림,"중국&몽골,일본,유럽","습함,건조함,더움","공연&경기관람,액티비티,기록","상관없음,민박,펜션",오전 10시 이후,100만원 이하,"이 사용자는 일본 지역을 선호하고, 더움 기후를 피하고 싶어해요. 여행 목적은 액티비티이며, 펜션에서 머무는 걸 좋아하고 오전 10시 이후쯤 기상하는 편이에요.",
78,매우 둔감,매우 수용적,보통,자주 늦음,리드하는편,5,꽤 민감,보통,국내,바다,즉흥 여행,적당히 봄,코골이 함,다른 곳 간다,"세계일주,그 외,일본","더움,상관없음,습함","도전과성장,휴식,문화&역사체험","3성이하 호텔,게스트하우스,4-5성급호텔",오전 10시 이후,100만원 이하,"이 사용자는 그 외 지역을 선호하고, 상관없음 기후를 피하고 싶어해요. 여행 목적은 휴식이며, 4-5성급호텔에서 머무는 걸 좋아하고 오전 10시 이후쯤 기상하는 편이에요.",
79,매우 민감,매우 수용적,매우 적다,종종 늦음,따르는 편,4,둔감,꽤 여유있게,국내,바다,즉흥 여행,적당히 봄,코골이 안함,기다림,"동남아,일본,중국&몽골","쌀쌀함,건조함,더움","쇼핑,액티비티,자연감상","펜션,상관없음,4-5성급호텔",오전 9-10시,100만원 이하,"이 사용자는 일본 지역을 선호하고, 건조함 기후를 피하고 싶어해요. 여행 목적은 쇼핑이며, 상관없음에서 머무는 걸 좋아하고 오전 9-10시쯤 기상하는 편이에요.",
80,둔감,보통,매우 많다,보통,리드하는편,2,매우 둔감,꽤 여유있게,국내,산,즉흥 여행,무조건 다 봄,코골이 함,다른 곳 간다,"국내,일본,중국&몽골","상관없음,더움,건조함","문화&역사체험,기록,공연&경기관람","펜션,콘도,게스트하우스",오전 10시 이후,400만원 이상,"이 사용자는 중국&몽골 지역을 선호하고, 더움 기후를 피하고 싶어해요. 여행 목적은 기록이며, 게스트하우스에서 머무는 걸 좋아하고 오전 10시 이후쯤 기상하는 편이에요.",
81,보통,매우 완고,적다,매우 정확,따르는 편,3,매우 둔감,매우 빡빡하게,국내,바다,즉흥 여행,적당히 봄,코골이 안함,기다림,"중국&몽골,미국,동남아","습함,건조함,더움","문화&역사체험,도전과성장,사람&관계","에어비엔비,4-5성급호텔,민박",오전 10시 이후,100만원 이하,"이 사용자는 중국&몽골 지역을 선호하고, 더움 기후를 피하고 싶어해요. 여행 목적은 사람&관계이며, 에어비엔비에서 머무는 걸 좋아하고 오전 10시 이후쯤 기상하는 편이에요.",
82,둔감,보통,적다,종종 늦음,리드하는편,4,매우 민감,꽤 빡빡하게,해외,바다,즉흥 여행,적당히 봄,코골이 안함,기다림,"유럽,세계일주,동남아","추움,건조함,더움","미식,사람&관계,휴식","상관없음,게스트하우스,민박",오전 8-9시,400만원 이상,"이 사용자는 유럽 지역을 선호하고, 추움 기후를 피하고 싶어해요. 여행 목적은 휴식이며, 상관없음에서 머무는 걸 좋아하고 오전 8-9시쯤 기상하는 편이에요.",
83,꽤 민감,매우 완고,많다,꽤 정확,보통,2,매우 민감,매우 빡빡하게,해외,산,계획 여행,무조건 다 봄,코골이 함,기다림,"중국&몽골,세계일주,그 외","건조함,쌀쌀함,상관없음","문화&역사체험,액티비티,공연&경기관람","콘도,상관없음,4-5성급호텔",오전 8-9시,400만원 이상,"이 사용자는 그 외 지역을 선호하고, 건조함 기후를 피하고 싶어해요. 여행 목적은 액티비티이며, 상관없음에서 머무는 걸 좋아하고 오전 8-9시쯤 기상하는 편이에요.",
84,보통,다소 완고,매우 많다,매우 정확,보통,4,보통,꽤 빡빡하게,국내,산,즉흥 여행,적당히 봄,코골이 함,기다림,"중국&몽골,미국,동남아","건조함,상관없음,추움","도전과성장,사람&관계,기록","3성이하 호텔,펜션,상관없음",오전 10시 이후,300-400만원,"이 사용자는 중국&몽골 지역을 선호하고, 추움 기후를 피하고 싶어해요. 여행 목적은 기록이며, 펜션에서 머무는 걸 좋아하고 오전 10시 이후쯤 기상하는 편이에요.",
85,매우 둔감,수용적,매우 적다,종종 늦음,따르는 편,4,매우 둔감,보통,해외,산,계획 여행,무조건 다 봄,코골이 함,기다림,"일본,그 외,동남아","더움,상관없음,쌀쌀함","기록,휴식,문화&역사체험","4-5성급호텔,상관없음,펜션",오전 10시 이후,100만원 이하,"이 사용자는 그 외 지역을 선호하고, 쌀쌀함 기후를 피하고 싶어해요. 여행 목적은 기록이며, 상관없음에서 머무는 걸 좋아하고 오전 10시 이후쯤 기상하는 편이에요.",
86,꽤 민감,수용적,보통,매우 정확,따르는 편,2,둔감,보통,국내,바다,계획 여행,적당히 봄,코골이 함,기다림,"세계일주,그 외,일본","습함,상관없음,건조함","쇼핑,액티비티,미식","펜션,4-5성급호텔,에어비엔비",오전 9-10시,400만원 이상,"이 사용자는 세계일주 지역을 선호하고, 상관없음 기후를 피하고 싶어해요. 여행 목적은 쇼핑이며, 에어비엔비에서 머무는 걸 좋아하고 오전 9-10시쯤 기상하는 편이에요.",
87,매우 민감,매우 완고,많다,종종 늦음,따르는 편,2,꽤 민감,꽤 여유있게,해외,산,계획 여행,적당히 봄,코골이 안함,다른 곳 간다,"일본,세계일주,국내","추움,더움,상관없음","자연감상,사람&관계,휴식","에어비엔비,펜션,3성이하 호텔",오전 8-9시,200-300만원,"이 사용자는 국내 지역을 선호하고, 더움 기후를 피하고 싶어해요. 여행 목적은 휴식이며, 3성이하 호텔에서 머무는 걸 좋아하고 오전 8-9시쯤 기상하는 편이에요.",
88,보통,매우 완고,매우 적다,꽤 정확,무조건 따름,3,꽤 민감,매우 여유있게,해외,산,즉흥 여행,적당히 봄,코골이 함,다른 곳 간다,"유럽,세계일주,일본","더움,추움,습함","쇼핑,휴식,문화&역사체험","콘도,상관없음,펜션",오전 10시 이후,400만원 이상,"이 사용자는 세계일주 지역을 선호하고, 습함 기후를 피하고 싶어해요. 여행 목적은 휴식이며, 콘도에서 머무는 걸 좋아하고 오전 10시 이후쯤 기상하는 편이에요.",
89,매우 민감,매우 완고,매우 적다,자주 늦음,무조건 리드,2,보통,꽤 여유있게,국내,바다,즉흥 여행,적당히 봄,코골이 함,다른 곳 간다,"일본,세계일주,유럽","건조함,더움,습함","자연감상,쇼핑,기록","상관없음,콘도,3성이하 호텔",오전 10시 이후,200-300만원,"이 사용자는 일본 지역을 선호하고, 건조함 기후를 피하고 싶어해요. 여행 목적은 기록이며, 콘도에서 머무는 걸 좋아하고 오전 10시 이후쯤 기상하는 편이에요.",
90,매우 민감,수용적,적다,매우 정확,리드하는편,1,매우 둔감,보통,국내,산,즉흥 여행,무조건 다 봄,코골이 안함,다른 곳 간다,"국내,그 외,중국&몽골","더움,쌀쌀함,상관없음","사람&관계,미식,공연&경기관람","게스트하우스,3성이하 호텔,4-5성급호텔",오전 10시 이후,200-300만원,"이 사용자는 중국&몽골 지역을 선호하고, 상관없음 기후를 피하고 싶어해요. 여행 목적은 미식이며, 게스트하우스에서 머무는 걸 좋아하고 오전 10시 이후쯤 기상하는 편이에요.",
91,매우 둔감,수용적,많다,자주 늦음,리드하는편,4,보통,보통,국내,산,계획 여행,적당히 봄,코골이 안함,기다림,"세계일주,그 외,중국&몽골","쌀쌀함,추움,더움","휴식,도전과성장,액티비티","3성이하 호텔,상관없음,게스트하우스",오전 8-9시,200-300만원,"이 사용자는 중국&몽골 지역을 선호하고, 더움 기후를 피하고 싶어해요. 여행 목적은 도전과성장이며, 3성이하 호텔에서 머무는 걸 좋아하고 오전 8-9시쯤 기상하는 편이에요.",
92,보통,매우 완고,적다,보통,무조건 리드,3,매우 둔감,꽤 여유있게,해외,바다,즉흥 여행,적당히 봄,코골이 함,다른 곳 간다,"세계일주,일본,유럽","더움,추움,쌀쌀함","자연감상,휴식,쇼핑","에어비엔비,상관없음,민박",오전 10시 이후,100만원 이하,"이 사용자는 유럽 지역을 선호하고, 추움 기후를 피하고 싶어해요. 여행 목적은 쇼핑이며, 민박에서 머무는 걸 좋아하고 오전 10시 이후쯤 기상하는 편이에요.",
93,꽤 민감,수용적,많다,종종 늦음,따르는 편,3,매우 둔감,꽤 빡빡하게,국내,바다,즉흥 여행,무조건 다 봄,코골이 함,다른 곳 간다,"국내,유럽,일본","상관없음,건조함,쌀쌀함","액티비티,사람&관계,도전과성장","민박,에어비엔비,상관없음",오전 9-10시,400만원 이상,"이 사용자는 유럽 지역을 선호하고, 상관없음 기후를 피하고 싶어해요. 여행 목적은 액티비티이며, 민박에서 머무는 걸 좋아하고 오전 9-10시쯤 기상하는 편이에요.",
94,매우 둔감,매우 수용적,많다,꽤 정확,리드하는편,1,둔감,매우 여유있게,해외,산,즉흥 여행,무조건 다 봄,코골이 함,기다림,"중국&몽골,동남아,유럽","건조함,더움,상관없음","액티비티,사람&관계,공연&경기관람","민박,펜션,에어비엔비",오전 9-10시,200-300만원,"이 사용자는 동남아 지역을 선호하고, 건조함 기후를 피하고 싶어해요. 여행 목적은 액티비티이며, 민박에서 머무는 걸 좋아하고 오전 9-10시쯤 기상하는 편이에요.",
95,매우 민감,다소 완고,매우 많다,자주 늦음,보통,3,매우 둔감,매우 여유있게,국내,바다,즉흥 여행,적당히 봄,코골이 안함,다른 곳 간다,"동남아,세계일주,국내","상관없음,더움,건조함","자연감상,공연&경기관람,미식","콘도,펜션,게스트하우스",오전 9-10시,200-300만원,"이 사용자는 동남아 지역을 선호하고, 건조함 기후를 피하고 싶어해요. 여행 목적은 미식이며, 콘도에서 머무는 걸 좋아하고 오전 9-10시쯤 기상하는 편이에요.",
96,꽤 민감,다소 완고,적다,자주 늦음,무조건 따름,5,매우 민감,꽤 빡빡하게,국내,산,즉흥 여행,무조건 다 봄,코골이 안함,다른 곳 간다,"중국&몽골,세계일주,동남아","습함,쌀쌀함,추움","쇼핑,사람&관계,공연&경기관람","4-5성급호텔,3성이하 호텔,펜션",오전 9-10시,100만원 이하,"이 사용자는 동남아 지역을 선호하고, 추움 기후를 피하고 싶어해요. 여행 목적은 쇼핑이며, 3성이하 호텔에서 머무는 걸 좋아하고 오전 9-10시쯤 기상하는 편이에요.",
97,둔감,수용적,적다,보통,보통,4,둔감,매우 빡빡하게,해외,바다,계획 여행,무조건 다 봄,코골이 안함,다른 곳 간다,"일본,그 외,동남아","습함,쌀쌀함,상관없음","사람&관계,쇼핑,미식","민박,에어비엔비,3성이하 호텔",오전 8-9시,200-300만원,"이 사용자는 그 외 지역을 선호하고, 쌀쌀함 기후를 피하고 싶어해요. 여행 목적은 미식이며, 민박에서 머무는 걸 좋아하고 오전 8-9시쯤 기상하는 편이에요.",
98,꽤 민감,매우 완고,보통,보통,무조건 따름,5,꽤 민감,꽤 여유있게,해외,산,계획 여행,무조건 다 봄,코골이 안함,기다림,"미국,중국&몽골,세계일주","건조함,상관없음,쌀쌀함","도전과성장,휴식,자연감상","콘도,3성이하 호텔,에어비엔비",오전 10시 이후,100만원 이하,"이 사용자는 세계일주 지역을 선호하고, 상관없음 기후를 피하고 싶어해요. 여행 목적은 도전과성장이며, 콘도에서 머무는 걸 좋아하고 오전 10시 이후쯤 기상하는 편이에요.",
99,매우 둔감,매우 완고,매우 적다,자주 늦음,무조건 리드,2,매우 둔감,매우 여유있게,국내,산,계획 여행,적당히 봄,코골이 안함,기다림,"일본,그 외,동남아","상관없음,추움,습함","공연&경기관람,쇼핑,사람&관계","상관없음,민박,3성이하 호텔",오전 8-9시,400만원 이상,"이 사용자는 동남아 지역을 선호하고, 습함 기후를 피하고 싶어해요. 여행 목적은 쇼핑이며, 3성이하 호텔에서 머무는 걸 좋아하고 오전 8-9시쯤 기상하는 편이에요.",
100,꽤 민감,보통,많다,종종 늦음,리드하는편,3,꽤 민감,꽤 빡빡하게,해외,산,즉흥 여행,적당히 봄,코골이 안함,기다림,"동남아,세계일주,미국","습함,추움,건조함","자연감상,문화&역사체험,기록","에어비엔비,펜션,4-5성급호텔",오전 9-10시,400만원 이상,"이 사용자는 미국 지역을 선호하고, 추움 기후를 피하고 싶어해요. 여행 목적은 문화&역사체험이며, 펜션에서 머무는 걸 좋아하고 오전 9-10시쯤 기상하는 편이에요.",
101,둔감,보통,적다,자주 늦음,무조건 따름,2,둔감,꽤 빡빡하게,해외,바다,즉흥 여행,적당히 봄,코골이 함,다른 곳 간다,"국내,동남아,미국","습함,쌀쌀함,상관없음","쇼핑,미식,문화&역사체험","게스트하우스,펜션,상관없음",오전 10시 이후,200-300만원,"이 사용자는 미국 지역을 선호하고, 쌀쌀함 기후를 피하고 싶어해요. 여행 목적은 문화&역사체험이며, 펜션에서 머무는 걸 좋아하고 오전 10시 이후쯤 기상하는 편이에요.",
102,매우 둔감,보통,많다,보통,보통,2,매우 둔감,꽤 여유있게,국내,바다,계획 여행,무조건 다 봄,코골이 안함,기다림,"유럽,일본,중국&몽골","습함,건조함,상관없음","휴식,도전과성장,미식","게스트하우스,민박,펜션",오전 10시 이후,200-300만원,"이 사용자는 중국&몽골 지역을 선호하고, 습함 기후를 피하고 싶어해요. 여행 목적은 도전과성장이며, 펜션에서 머무는 걸 좋아하고 오전 10시 이후쯤 기상하는 편이에요.",
103,보통,매우 수용적,매우 적다,보통,리드하는편,3,보통,꽤 여유있게,국내,바다,계획 여행,적당히 봄,코골이 안함,기다림,"유럽,국내,동남아","건조함,상관없음,쌀쌀함","공연&경기관람,휴식,문화&역사체험","펜션,4-5성급호텔,에어비엔비",오전 9-10시,300-400만원,"이 사용자는 유럽 지역을 선호하고, 상관없음 기후를 피하고 싶어해요. 여행 목적은 휴식이며, 펜션에서 머무는 걸 좋아하고 오전 9-10시쯤 기상하는 편이에요.",
104,둔감,보통,매우 많다,매우 정확,보통,5,꽤 민감,매우 여유있게,국내,바다,즉흥 여행,적당히 봄,코골이 안함,다른 곳 간다,"국내,그 외,유럽","추움,더움,습함","기록,사람&관계,문화&역사체험","4-5성급호텔,상관없음,3성이하 호텔",오전 9-10시,400만원 이상,"이 사용자는 유럽 지역을 선호하고, 습함 기후를 피하고 싶어해요. 여행 목적은 기록이며, 상관없음에서 머무는 걸 좋아하고 오전 9-10시쯤 기상하는 편이에요.",
105,매우 둔감,다소 완고,많다,꽤 정확,보통,2,매우 민감,매우 빡빡하게,국내,산,계획 여행,무조건 다 봄,코골이 안함,기다림,"미국,국내,유럽","상관없음,쌀쌀함,더움","미식,도전과성장,휴식","3성이하 호텔,상관없음,게스트하우스",오전 8-9시,400만원 이상,"이 사용자는 유럽 지역을 선호하고, 상관없음 기후를 피하고 싶어해요. 여행 목적은 미식이며, 3성이하 호텔에서 머무는 걸 좋아하고 오전 8-9시쯤 기상하는 편이에요.",
106,보통,매우 완고,많다,자주 늦음,무조건 리드,1,보통,꽤 빡빡하게,국내,바다,즉흥 여행,무조건 다 봄,코골이 안함,다른 곳 간다,"일본,유럽,국내","습함,쌀쌀함,더움","사람&관계,액티비티,기록","펜션,콘도,3성이하 호텔",오전 8-9시,300-400만원,"이 사용자는 일본 지역을 선호하고, 더움 기후를 피하고 싶어해요. 여행 목적은 사람&관계이며, 콘도에서 머무는 걸 좋아하고 오전 8-9시쯤 기상하는 편이에요.",
107,보통,수용적,많다,보통,따르는 편,3,매우 민감,매우 여유있게,국내,바다,계획 여행,적당히 봄,코골이 함,다른 곳 간다,"일본,국내,세계일주","습함,상관없음,쌀쌀함","사람&관계,액티비티,미식","콘도,4-5성급호텔,민박",오전 8-9시,200-300만원,"이 사용자는 국내 지역을 선호하고, 쌀쌀함 기후를 피하고 싶어해요. 여행 목적은 액티비티이며, 콘도에서 머무는 걸 좋아하고 오전 8-9시쯤 기상하는 편이에요.",
108,매우 둔감,매우 완고,적다,자주 늦음,따르는 편,1,보통,매우 여유있게,국내,바다,계획 여행,적당히 봄,코골이 안함,기다림,"중국&몽골,유럽,그 외","추움,상관없음,더움","액티비티,쇼핑,도전과성장","4-5성급호텔,에어비엔비,게스트하우스",오전 9-10시,200-300만원,"이 사용자는 그 외 지역을 선호하고, 추움 기후를 피하고 싶어해요. 여행 목적은 도전과성장이며, 4-5성급호텔에서 머무는 걸 좋아하고 오전 9-10시쯤 기상하는 편이에요.",
109,매우 둔감,보통,적다,종종 늦음,무조건 리드,4,꽤 민감,매우 빡빡하게,국내,바다,즉흥 여행,무조건 다 봄,코골이 안함,다른 곳 간다,"유럽,일본,동남아","더움,습함,추움","기록,휴식,액티비티","상관없음,펜션,콘도",오전 10시 이후,400만원 이상,"이 사용자는 유럽 지역을 선호하고, 더움 기후를 피하고 싶어해요. 여행 목적은 액티비티이며, 콘도에서 머무는 걸 좋아하고 오전 10시 이후쯤 기상하는 편이에요.",
110,매우 둔감,다소 완고,매우 많다,매우 정확,보통,4,보통,매우 빡빡하게,국내,바다,즉흥 여행,적당히 봄,코골이 안함,다른 곳 간다,"일본,그 외,중국&몽골","추움,습함,더움","쇼핑,자연감상,사람&관계","펜션,게스트하우스,민박",오전 9-10시,400만원 이상,"이 사용자는 일본 지역을 선호하고, 추움 기후를 피하고 싶어해요. 여행 목적은 쇼핑이며, 펜션에서 머무는 걸 좋아하고 오전 9-10시쯤 기상하는 편이에요.",
111,꽤 민감,보통,매우 많다,종종 늦음,리드하는편,2,둔감,매우 여유있게,해외,바다,즉흥 여행,적당히 봄,코골이 안함,기다림,"세계일주,국내,그 외","쌀쌀함,습함,상관없음","휴식,사람&관계,기록","펜션,3성이하 호텔,게스트하우스",오전 8-9시,300-400만원,"이 사용자는 국내 지역을 선호하고, 습함 기후를 피하고 싶어해요. 여행 목적은 사람&관계이며, 게스트하우스에서 머무는 걸 좋아하고 오전 8-9시쯤 기상하는 편이에요.",
112,매우 둔감,수용적,매우 많다,매우 정확,무조건 리드,2,보통,꽤 빡빡하게,국내,바다,계획 여행,무조건 다 봄,코골이 안함,다른 곳 간다,"세계일주,국내,동남아","상관없음,건조함,추움","도전과성장,공연&경기관람,자연감상","에어비엔비,상관없음,3성이하 호텔",오전 10시 이후,300-400만원,"이 사용자는 국내 지역을 선호하고, 추움 기후를 피하고 싶어해요. 여행 목적은 공연&경기관람이며, 상관없음에서 머무는 걸 좋아하고 오전 10시 이후쯤 기상하는 편이에요.",
113,둔감,매우 수용적,적다,매우 정확,무조건 따름,3,매우 민감,매우 여유있게,해외,바다,즉흥 여행,무조건 다 봄,코골이 함,다른 곳 간다,"중국&몽골,동남아,미국","쌀쌀함,건조함,추움","문화&역사체험,사람&관계,자연감상","3성이하 호텔,민박,펜션",오전 9-10시,300-400만원,"이 사용자는 동남아 지역을 선호하고, 건조함 기후를 피하고 싶어해요. 여행 목적은 자연감상이며, 민박에서 머무는 걸 좋아하고 오전 9-10시쯤 기상하는 편이에요.",
114,매우 민감,다소 완고,많다,자주 늦음,무조건 리드,1,매우 민감,매우 여유있게,해외,산,즉흥 여행,적당히 봄,코골이 안함,기다림,"그 외,유럽,미국","습함,쌀쌀함,더움","도전과성장,쇼핑,휴식","3성이하 호텔,4-5성급호텔,게스트하우스",오전 8-9시,400만원 이상,"이 사용자는 미국 지역을 선호하고, 쌀쌀함 기후를 피하고 싶어해요. 여행 목적은 도전과성장이며, 4-5성급호텔에서 머무는 걸 좋아하고 오전 8-9시쯤 기상하는 편이에요.",
115,매우 둔감,보통,매우 적다,종종 늦음,보통,5,매우 둔감,꽤 여유있게,국내,산,계획 여행,적당히 봄,코골이 함,기다림,"세계일주,그 외,국내","건조함,상관없음,쌀쌀함","사람&관계,자연감상,쇼핑","상관없음,민박,펜션",오전 9-10시,200-300만원,"이 사용자는 국내 지역을 선호하고, 쌀쌀함 기후를 피하고 싶어해요. 여행 목적은 쇼핑이며, 펜션에서 머무는 걸 좋아하고 오전 9-10시쯤 기상하는 편이에요.",
116,보통,수용적,매우 적다,매우 정확,리드하는편,3,매우 민감,꽤 여유있게,국내,산,즉흥 여행,적당히 봄,코골이 안함,다른 곳 간다,"유럽,국내,세계일주","건조함,더움,추움","자연감상,문화&역사체험,쇼핑","콘도,상관없음,3성이하 호텔",오전 9-10시,200-300만원,"이 사용자는 유럽 지역을 선호하고, 더움 기후를 피하고 싶어해요. 여행 목적은 문화&역사체험이며, 상관없음에서 머무는 걸 좋아하고 오전 9-10시쯤 기상하는 편이에요.",
117,둔감,수용적,적다,종종 늦음,무조건 따름,1,둔감,매우 빡빡하게,국내,산,즉흥 여행,적당히 봄,코골이 안함,기다림,"미국,세계일주,중국&몽골","건조함,더움,쌀쌀함","공연&경기관람,자연감상,사람&관계","에어비엔비,4-5성급호텔,상관없음",오전 8-9시,400만원 이상,"이 사용자는 미국 지역을 선호하고, 쌀쌀함 기후를 피하고 싶어해요. 여행 목적은 공연&경기관람이며, 에어비엔비에서 머무는 걸 좋아하고 오전 8-9시쯤 기상하는 편이에요.",
118,꽤 민감,매우 수용적,보통,자주 늦음,따르는 편,4,둔감,꽤 여유있게,국내,산,즉흥 여행,적당히 봄,코골이 안함,기다림,"유럽,동남아,중국&몽골","더움,건조함,추움","기록,자연감상,공연&경기관람","펜션,민박,게스트하우스",오전 9-10시,100만원 이하,"이 사용자는 동남아 지역을 선호하고, 더움 기후를 피하고 싶어해요. 여행 목적은 기록이며, 펜션에서 머무는 걸 좋아하고 오전 9-10시쯤 기상하는 편이에요.",
119,꽤 민감,다소 완고,보통,보통,리드하는편,4,매우 민감,꽤 빡빡하게,국내,바다,계획 여행,적당히 봄,코골이 함,기다림,"미국,유럽,국내","상관없음,건조함,쌀쌀함","쇼핑,기록,공연&경기관람","게스트하우스,펜션,상관없음",오전 9-10시,400만원 이상,"이 사용자는 국내 지역을 선호하고, 상관없음 기후를 피하고 싶어해요. 여행 목적은 쇼핑이며, 게스트하우스에서 머무는 걸 좋아하고 오전 9-10시쯤 기상하는 편이에요.",
120,둔감,매우 완고,매우 많다,종종 늦음,리드하는편,1,보통,매우 여유있게,국내,산,계획 여행,적당히 봄,코골이 안함,다른 곳 간다,"유럽,동남아,중국&몽골","추움,쌀쌀함,상관없음","기록,공연&경기관람,문화&역사체험","게스트하우스,민박,3성이하 호텔",오전 9-10시,200-300만원,"이 사용자는 동남아 지역을 선호하고, 상관없음 기후를 피하고 싶어해요. 여행 목적은 기록이며, 민박에서 머무는 걸 좋아하고 오전 9-10시쯤 기상하는 편이에요.",
121,둔감,수용적,매우 적다,매우 정확,무조건 리드,1,매우 둔감,매우 빡빡하게,해외,산,계획 여행,무조건 다 봄,코골이 안함,다른 곳 간다,"그 외,중국&몽골,유럽","상관없음,습함,더움","문화&역사체험,미식,사람&관계","4-5성급호텔,민박,콘도",오전 9-10시,300-400만원,"이 사용자는 중국&몽골 지역을 선호하고, 더움 기후를 피하고 싶어해요. 여행 목적은 사람&관계이며, 콘도에서 머무는 걸 좋아하고 오전 9-10시쯤 기상하는 편이에요.",
122,보통,매우 수용적,많다,꽤 정확,따르는 편,3,매우 민감,보통,국내,바다,계획 여행,무조건 다 봄,코골이 함,기다림,"중국&몽골,유럽,그 외","상관없음,건조함,쌀쌀함","휴식,기록,도전과성장","3성이하 호텔,민박,4-5성급호텔",오전 8-9시,200-300만원,"이 사용자는 중국&몽골 지역을 선호하고, 건조함 기후를 피하고 싶어해요. 여행 목적은 기록이며, 민박에서 머무는 걸 좋아하고 오전 8-9시쯤 기상하는 편이에요.",
123,둔감,다소 완고,많다,꽤 정확,무조건 따름,4,둔감,꽤 빡빡하게,해외,바다,즉흥 여행,적당히 봄,코골이 안함,다른 곳 간다,"국내,세계일주,일본","상관없음,습함,건조함","기록,액티비티,사람&관계","콘도,에어비엔비,민박",오전 9-10시,300-400만원,"이 사용자는 일본 지역을 선호하고, 건조함 기후를 피하고 싶어해요. 여행 목적은 사람&관계이며, 에어비엔비에서 머무는 걸 좋아하고 오전 9-10시쯤 기상하는 편이에요.",
124,보통,매우 수용적,적다,보통,리드하는편,3,꽤 민감,매우 빡빡하게,국내,산,즉흥 여행,적당히 봄,코골이 함,기다림,"세계일주,유럽,동남아","쌀쌀함,습함,상관없음","기록,액티비티,도전과성장","콘도,에어비엔비,3성이하 호텔",오전 10시 이후,400만원 이상,"이 사용자는 세계일주 지역을 선호하고, 습함 기후를 피하고 싶어해요. 여행 목적은 도전과성장이며, 3성이하 호텔에서 머무는 걸 좋아하고 오전 10시 이후쯤 기상하는 편이에요.",
125,둔감,매우 수용적,적다,매우 정확,무조건 따름,3,보통,꽤 빡빡하게,국내,산,즉흥 여행,무조건 다 봄,코골이 함,기다림,"미국,동남아,일본","상관없음,추움,쌀쌀함","쇼핑,휴식,공연&경기관람","민박,4-5성급호텔,에어비엔비",오전 9-10시,400만원 이상,"이 사용자는 동남아 지역을 선호하고, 상관없음 기후를 피하고 싶어해요. 여행 목적은 공연&경기관람이며, 4-5성급호텔에서 머무는 걸 좋아하고 오전 9-10시쯤 기상하는 편이에요.",
126,꽤 민감,매우 수용적,많다,매우 정확,리드하는편,2,매우 둔감,꽤 빡빡하게,해외,산,계획 여행,무조건 다 봄,코골이 함,다른 곳 간다,"중국&몽골,미국,세계일주","습함,쌀쌀함,더움","공연&경기관람,미식,기록","게스트하우스,상관없음,콘도",오전 8-9시,200-300만원,"이 사용자는 중국&몽골 지역을 선호하고, 습함 기후를 피하고 싶어해요. 여행 목적은 공연&경기관람이며, 게스트하우스에서 머무는 걸 좋아하고 오전 8-9시쯤 기상하는 편이에요.",
127,꽤 민감,수용적,적다,꽤 정확,무조건 따름,5,보통,꽤 빡빡하게,해외,바다,계획 여행,무조건 다 봄,코골이 안함,기다림,"미국,동남아,그 외","상관없음,쌀쌀함,추움","문화&역사체험,자연감상,공연&경기관람","게스트하우스,민박,3성이하 호텔",오전 8-9시,100만원 이하,"이 사용자는 동남아 지역을 선호하고, 상관없음 기후를 피하고 싶어해요. 여행 목적은 자연감상이며, 게스트하우스에서 머무는 걸 좋아하고 오전 8-9시쯤 기상하는 편이에요.",
128,둔감,매우 수용적,적다,매우 정확,무조건 리드,2,둔감,보통,해외,산,계획 여행,적당히 봄,코골이 안함,기다림,"일본,동남아,미국","더움,상관없음,건조함","자연감상,액티비티,쇼핑","상관없음,게스트하우스,민박",오전 10시 이후,400만원 이상,"이 사용자는 동남아 지역을 선호하고, 건조함 기후를 피하고 싶어해요. 여행 목적은 쇼핑이며, 게스트하우스에서 머무는 걸 좋아하고 오전 10시 이후쯤 기상하는 편이에요.",
129,보통,보통,보통,매우 정확,무조건 따름,3,둔감,꽤 여유있게,해외,바다,즉흥 여행,적당히 봄,코골이 함,다른 곳 간다,"미국,중국&몽골,세계일주","상관없음,더움,건조함","쇼핑,미식,휴식","게스트하우스,펜션,콘도",오전 10시 이후,200-300만원,"이 사용자는 미국 지역을 선호하고, 더움 기후를 피하고 싶어해요. 여행 목적은 쇼핑이며, 콘도에서 머무는 걸 좋아하고 오전 10시 이후쯤 기상하는 편이에요.",
130,매우 민감,보통,매우 적다,자주 늦음,무조건 리드,1,보통,꽤 여유있게,국내,산,즉흥 여행,무조건 다 봄,코골이 안함,다른 곳 간다,"중국&몽골,미국,그 외","더움,쌀쌀함,추움","휴식,도전과성장,액티비티","에어비엔비,게스트하우스,민박",오전 9-10시,300-400만원,"이 사용자는 미국 지역을 선호하고, 더움 기후를 피하고 싶어해요. 여행 목적은 도전과성장이며, 에어비엔비에서 머무는 걸 좋아하고 오전 9-10시쯤 기상하는 편이에요.",
131,보통,다소 완고,적다,종종 늦음,무조건 따름,3,보통,매우 빡빡하게,해외,산,즉흥 여행,적당히 봄,코골이 함,다른 곳 간다,"동남아,그 외,세계일주","더움,건조함,습함","미식,공연&경기관람,쇼핑","4-5성급호텔,상관없음,에어비엔비",오전 10시 이후,100만원 이하,"이 사용자는 그 외 지역을 선호하고, 건조함 기후를 피하고 싶어해요. 여행 목적은 미식이며, 에어비엔비에서 머무는 걸 좋아하고 오전 10시 이후쯤 기상하는 편이에요.",
132,매우 민감,보통,매우 많다,보통,무조건 따름,2,둔감,꽤 빡빡하게,해외,바다,즉흥 여행,적당히 봄,코골이 함,기다림,"세계일주,중국&몽골,국내","습함,상관없음,추움","액티비티,도전과성장,쇼핑","상관없음,3성이하 호텔,에어비엔비",오전 10시 이후,100만원 이하,"이 사용자는 국내 지역을 선호하고, 상관없음 기후를 피하고 싶어해요. 여행 목적은 쇼핑이며, 3성이하 호텔에서 머무는 걸 좋아하고 오전 10시 이후쯤 기상하는 편이에요.",
133,꽤 민감,수용적,많다,종종 늦음,보통,4,꽤 민감,보통,해외,바다,즉흥 여행,무조건 다 봄,코골이 안함,기다림,"미국,중국&몽골,세계일주","건조함,추움,더움","문화&역사체험,도전과성장,미식","민박,콘도,4-5성급호텔",오전 8-9시,100만원 이하,"이 사용자는 세계일주 지역을 선호하고, 더움 기후를 피하고 싶어해요. 여행 목적은 미식이며, 민박에서 머무는 걸 좋아하고 오전 8-9시쯤 기상하는 편이에요.",
134,매우 민감,매우 수용적,매우 적다,매우 정확,보통,4,둔감,매우 여유있게,국내,바다,계획 여행,무조건 다 봄,코골이 안함,다른 곳 간다,"세계일주,미국,일본","상관없음,쌀쌀함,더움","미식,자연감상,쇼핑","게스트하우스,3성이하 호텔,상관없음",오전 10시 이후,300-400만원,"이 사용자는 세계일주 지역을 선호하고, 쌀쌀함 기후를 피하고 싶어해요. 여행 목적은 쇼핑이며, 3성이하 호텔에서 머무는 걸 좋아하고 오전 10시 이후쯤 기상하는 편이에요.",
135,매우 둔감,다소 완고,적다,꽤 정확,무조건 리드,5,보통,꽤 빡빡하게,국내,산,계획 여행,적당히 봄,코골이 함,다른 곳 간다,"중국&몽골,국내,미국","건조함,상관없음,더움","기록,미식,자연감상","콘도,펜션,상관없음",오전 10시 이후,300-400만원,"이 사용자는 미국 지역을 선호하고, 건조함 기후를 피하고 싶어해요. 여행 목적은 기록이며, 콘도에서 머무는 걸 좋아하고 오전 10시 이후쯤 기상하는 편이에요.",
136,매우 둔감,매우 수용적,많다,보통,무조건 따름,1,매우 민감,매우 여유있게,국내,산,즉흥 여행,적당히 봄,코골이 안함,기다림,"동남아,국내,미국","건조함,상관없음,습함","도전과성장,미식,자연감상","민박,3성이하 호텔,펜션",오전 9-10시,200-300만원,"이 사용자는 국내 지역을 선호하고, 상관없음 기후를 피하고 싶어해요. 여행 목적은 도전과성장이며, 3성이하 호텔에서 머무는 걸 좋아하고 오전 9-10시쯤 기상하는 편이에요.",
137,매우 민감,매우 수용적,매우 적다,보통,무조건 리드,3,둔감,꽤 여유있게,국내,산,즉흥 여행,무조건 다 봄,코골이 함,다른 곳 간다,"세계일주,동남아,미국","상관없음,추움,더움","휴식,액티비티,자연감상","상관없음,콘도,민박",오전 9-10시,200-300만원,"이 사용자는 동남아 지역을 선호하고, 더움 기후를 피하고 싶어해요. 여행 목적은 휴식이며, 콘도에서 머무는 걸 좋아하고 오전 9-10시쯤 기상하는 편이에요.",
138,둔감,매우 수용적,보통,꽤 정확,무조건 리드,1,꽤 민감,꽤 여유있게,해외,산,계획 여행,무조건 다 봄,코골이 안함,다른 곳 간다,"중국&몽골,유럽,그 외","상관없음,쌀쌀함,건조함","기록,문화&역사체험,공연&경기관람","펜션,상관없음,민박",오전 10시 이후,100만원 이하,"이 사용자는 중국&몽골 지역을 선호하고, 상관없음 기후를 피하고 싶어해요. 여행 목적은 기록이며, 민박에서 머무는 걸 좋아하고 오전 10시 이후쯤 기상하는 편이에요.",
139,꽤 민감,다소 완고,매우 적다,종종 늦음,리드하는편,4,매우 둔감,꽤 빡빡하게,국내,산,계획 여행,적당히 봄,코골이 안함,기다림,"일본,미국,세계일주","쌀쌀함,건조함,습함","액티비티,공연&경기관람,휴식","상관없음,4-5성급호텔,게스트하우스",오전 10시 이후,300-400만원,"이 사용자는 세계일주 지역을 선호하고, 쌀쌀함 기후를 피하고 싶어해요. 여행 목적은 휴식이며, 상관없음에서 머무는 걸 좋아하고 오전 10시 이후쯤 기상하는 편이에요.",
140,매우 민감,다소 완고,적다,매우 정확,따르는 편,2,둔감,매우 여유있게,해외,산,즉흥 여행,적당히 봄,코골이 안함,다른 곳 간다,"세계일주,일본,동남아","상관없음,건조함,쌀쌀함","미식,휴식,도전과성장","게스트하우스,에어비엔비,콘도",오전 9-10시,300-400만원,"이 사용자는 일본 지역을 선호하고, 상관없음 기후를 피하고 싶어해요. 여행 목적은 미식이며, 콘도에서 머무는 걸 좋아하고 오전 9-10시쯤 기상하는 편이에요.",
141,둔감,보통,매우 많다,자주 늦음,보통,3,둔감,보통,해외,산,즉흥 여행,적당히 봄,코골이 안함,기다림,"미국,세계일주,일본","추움,쌀쌀함,습함","휴식,쇼핑,공연&경기관람","4-5성급호텔,상관없음,에어비엔비",오전 10시 이후,300-400만원,"이 사용자는 일본 지역을 선호하고, 쌀쌀함 기후를 피하고 싶어해요. 여행 목적은 쇼핑이며, 에어비엔비에서 머무는 걸 좋아하고 오전 10시 이후쯤 기상하는 편이에요.",
142,둔감,매우 수용적,많다,종종 늦음,무조건 리드,2,매우 민감,매우 여유있게,해외,산,즉흥 여행,무조건 다 봄,코골이 안함,다른 곳 간다,"그 외,중국&몽골,미국","건조함,습함,추움","사람&관계,도전과성장,미식","민박,에어비엔비,게스트하우스",오전 8-9시,200-300만원,"이 사용자는 그 외 지역을 선호하고, 습함 기후를 피하고 싶어해요. 여행 목적은 도전과성장이며, 민박에서 머무는 걸 좋아하고 오전 8-9시쯤 기상하는 편이에요.",
143,매우 둔감,보통,적다,자주 늦음,보통,2,매우 둔감,보통,해외,바다,계획 여행,적당히 봄,코골이 함,다른 곳 간다,"중국&몽골,세계일주,미국","습함,쌀쌀함,건조함","기록,미식,자연감상","게스트하우스,민박,에어비엔비",오전 10시 이후,300-400만원,"이 사용자는 중국&몽골 지역을 선호하고, 쌀쌀함 기후를 피하고 싶어해요. 여행 목적은 자연감상이며, 에어비엔비에서 머무는 걸 좋아하고 오전 10시 이후쯤 기상하는 편이에요.",
144,보통,보통,매우 많다,보통,보통,3,매우 민감,매우 여유있게,해외,산,계획 여행,적당히 봄,코골이 함,다른 곳 간다,"국내,그 외,세계일주","더움,건조함,습함","도전과성장,문화&역사체험,자연감상","4-5성급호텔,민박,게스트하우스",오전 8-9시,100만원 이하,"이 사용자는 국내 지역을 선호하고, 더움 기후를 피하고 싶어해요. 여행 목적은 도전과성장이며, 4-5성급호텔에서 머무는 걸 좋아하고 오전 8-9시쯤 기상하는 편이에요.",
145,매우 민감,보통,매우 많다,자주 늦음,무조건 따름,5,둔감,매우 빡빡하게,해외,바다,계획 여행,무조건 다 봄,코골이 함,다른 곳 간다,"세계일주,미국,동남아","상관없음,추움,습함","사람&관계,휴식,자연감상","에어비엔비,3성이하 호텔,펜션",오전 9-10시,300-400만원,"이 사용자는 미국 지역을 선호하고, 추움 기후를 피하고 싶어해요. 여행 목적은 휴식이며, 펜션에서 머무는 걸 좋아하고 오전 9-10시쯤 기상하는 편이에요.",
146,보통,다소 완고,많다,자주 늦음,무조건 따름,4,꽤 민감,꽤 빡빡하게,해외,산,즉흥 여행,무조건 다 봄,코골이 함,기다림,"세계일주,미국,중국&몽골","쌀쌀함,추움,습함","휴식,공연&경기관람,쇼핑","게스트하우스,펜션,3성이하 호텔",오전 8-9시,300-400만원,"이 사용자는 중국&몽골 지역을 선호하고, 쌀쌀함 기후를 피하고 싶어해요. 여행 목적은 휴식이며, 게스트하우스에서 머무는 걸 좋아하고 오전 8-9시쯤 기상하는 편이에요.",
147,매우 민감,다소 완고,많다,꽤 정확,따르는 편,1,매우 둔감,꽤 빡빡하게,국내,산,즉흥 여행,적당히 봄,코골이 함,다른 곳 간다,"국내,미국,중국&몽골","쌀쌀함,건조함,습함","휴식,도전과성장,쇼핑","3성이하 호텔,게스트하우스,펜션",오전 8-9시,200-300만원,"이 사용자는 국내 지역을 선호하고, 습함 기후를 피하고 싶어해요. 여행 목적은 도전과성장이며, 게스트하우스에서 머무는 걸 좋아하고 오전 8-9시쯤 기상하는 편이에요.",
148,매우 둔감,수용적,보통,매우 정확,보통,4,매우 민감,꽤 여유있게,국내,바다,계획 여행,적당히 봄,코골이 함,기다림,"중국&몽골,유럽,세계일주","추움,더움,쌀쌀함","도전과성장,기록,휴식","4-5성급호텔,콘도,상관없음",오전 8-9시,100만원 이하,"이 사용자는 중국&몽골 지역을 선호하고, 추움 기후를 피하고 싶어해요. 여행 목적은 기록이며, 콘도에서 머무는 걸 좋아하고 오전 8-9시쯤 기상하는 편이에요.",
149,둔감,보통,많다,매우 정확,따르는 편,2,매우 민감,매우 빡빡하게,해외,산,즉흥 여행,적당히 봄,코골이 함,기다림,"미국,그 외,중국&몽골","습함,추움,쌀쌀함","쇼핑,액티비티,자연감상","상관없음,콘도,게스트하우스",오전 8-9시,300-400만원,"이 사용자는 중국&몽골 지역을 선호하고, 습함 기후를 피하고 싶어해요. 여행 목적은 자연감상이며, 상관없음에서 머무는 걸 좋아하고 오전 8-9시쯤 기상하는 편이에요.",
150,보통,보통,매우 적다,보통,보통,4,보통,보통,국내,바다,계획 여행,적당히 봄,코골이 안함,다른 곳 간다,"중국&몽골,미국,국내","쌀쌀함,건조함,상관없음","휴식,사람&관계,문화&역사체험","에어비엔비,상관없음,4-5성급호텔",오전 8-9시,100만원 이하,"이 사용자는 중국&몽골 지역을 선호하고, 상관없음 기후를 피하고 싶어해요. 여행 목적은 문화&역사체험이며, 에어비엔비에서 머무는 걸 좋아하고 오전 8-9시쯤 기상하는 편이에요.",
151,꽤 민감,다소 완고,보통,꽤 정확,무조건 따름,5,매우 민감,매우 빡빡하게,국내,바다,즉흥 여행,무조건 다 봄,코골이 안함,다른 곳 간다,"동남아,세계일주,유럽","상관없음,추움,습함","기록,액티비티,도전과성장","민박,상관없음,펜션",오전 8-9시,100만원 이하,"이 사용자는 동남아 지역을 선호하고, 상관없음 기후를 피하고 싶어해요. 여행 목적은 도전과성장이며, 상관없음에서 머무는 걸 좋아하고 오전 8-9시쯤 기상하는 편이에요.",
152,매우 둔감,수용적,보통,보통,보통,5,둔감,꽤 빡빡하게,국내,바다,계획 여행,적당히 봄,코골이 함,기다림,"일본,그 외,세계일주","더움,상관없음,쌀쌀함","자연감상,사람&관계,휴식","3성이하 호텔,펜션,에어비엔비",오전 8-9시,400만원 이상,"이 사용자는 그 외 지역을 선호하고, 상관없음 기후를 피하고 싶어해요. 여행 목적은 자연감상이며, 펜션에서 머무는 걸 좋아하고 오전 8-9시쯤 기상하는 편이에요.",
153,둔감,수용적,보통,꽤 정확,무조건 따름,5,둔감,매우 빡빡하게,해외,산,계획 여행,무조건 다 봄,코골이 안함,다른 곳 간다,"국내,일본,미국","건조함,습함,더움","사람&관계,기록,자연감상","콘도,3성이하 호텔,게스트하우스",오전 8-9시,200-300만원,"이 사용자는 일본 지역을 선호하고, 습함 기후를 피하고 싶어해요. 여행 목적은 자연감상이며, 게스트하우스에서 머무는 걸 좋아하고 오전 8-9시쯤 기상하는 편이에요.",
154,매우 민감,수용적,많다,보통,리드하는편,5,둔감,보통,해외,산,즉흥 여행,무조건 다 봄,코골이 함,다른 곳 간다,"일본,세계일주,그 외","습함,상관없음,더움","휴식,액티비티,미식","에어비엔비,4-5성급호텔,콘도",오전 8-9시,400만원 이상,"이 사용자는 그 외 지역을 선호하고, 상관없음 기후를 피하고 싶어해요. 여행 목적은 휴식이며, 4-5성급호텔에서 머무는 걸 좋아하고 오전 8-9시쯤 기상하는 편이에요.",
155,보통,다소 완고,많다,보통,따르는 편,5,매우 민감,매우 빡빡하게,해외,산,즉흥 여행,무조건 다 봄,코골이 안함,다른 곳 간다,"동남아,국내,세계일주","습함,쌀쌀함,추움","기록,휴식,사람&관계","콘도,상관없음,4-5성급호텔",오전 9-10시,300-400만원,"이 사용자는 세계일주 지역을 선호하고, 추움 기후를 피하고 싶어해요. 여행 목적은 사람&관계이며, 콘도에서 머무는 걸 좋아하고 오전 9-10시쯤 기상하는 편이에요.",
156,꽤 민감,수용적,매우 적다,꽤 정확,무조건 따름,2,매우 민감,꽤 빡빡하게,국내,바다,즉흥 여행,무조건 다 봄,코골이 안함,기다림,"미국,국내,그 외","상관없음,쌀쌀함,건조함","미식,자연감상,문화&역사체험","민박,펜션,3성이하 호텔",오전 9-10시,400만원 이상,"이 사용자는 그 외 지역을 선호하고, 건조함 기후를 피하고 싶어해요. 여행 목적은 문화&역사체험이며, 펜션에서 머무는 걸 좋아하고 오전 9-10시쯤 기상하는 편이에요.",
157,매우 민감,다소 완고,매우 많다,보통,보통,4,꽤 민감,꽤 여유있게,국내,바다,즉흥 여행,무조건 다 봄,코골이 함,기다림,"유럽,동남아,일본","추움,쌀쌀함,건조함","미식,휴식,공연&경기관람","민박,4-5성급호텔,콘도",오전 8-9시,100만원 이하,"이 사용자는 동남아 지역을 선호하고, 건조함 기후를 피하고 싶어해요. 여행 목적은 공연&경기관람이며, 민박에서 머무는 걸 좋아하고 오전 8-9시쯤 기상하는 편이에요.",
158,둔감,보통,많다,자주 늦음,따르는 편,1,보통,매우 여유있게,국내,바다,즉흥 여행,적당히 봄,코골이 안함,기다림,"중국&몽골,그 외,미국","습함,상관없음,건조함","도전과성장,자연감상,문화&역사체험","3성이하 호텔,상관없음,4-5성급호텔",오전 10시 이후,400만원 이상,"이 사용자는 그 외 지역을 선호하고, 상관없음 기후를 피하고 싶어해요. 여행 목적은 도전과성장이며, 3성이하 호텔에서 머무는 걸 좋아하고 오전 10시 이후쯤 기상하는 편이에요.",
159,매우 민감,수용적,많다,꽤 정확,따르는 편,3,보통,매우 여유있게,해외,산,즉흥 여행,무조건 다 봄,코골이 안함,다른 곳 간다,"국내,유럽,그 외","건조함,추움,상관없음","도전과성장,액티비티,사람&관계","콘도,민박,상관없음",오전 9-10시,200-300만원,"이 사용자는 그 외 지역을 선호하고, 추움 기후를 피하고 싶어해요. 여행 목적은 액티비티이며, 민박에서 머무는 걸 좋아하고 오전 9-10시쯤 기상하는 편이에요.",
160,꽤 민감,매우 수용적,많다,보통,리드하는편,4,꽤 민감,매우 빡빡하게,해외,산,즉흥 여행,무조건 다 봄,코골이 안함,다른 곳 간다,"유럽,동남아,일본","습함,더움,쌀쌀함","도전과성장,자연감상,공연&경기관람","콘도,3성이하 호텔,4-5성급호텔",오전 9-10시,100만원 이하,"이 사용자는 동남아 지역을 선호하고, 습함 기후를 피하고 싶어해요. 여행 목적은 도전과성장이며, 4-5성급호텔에서 머무는 걸 좋아하고 오전 9-10시쯤 기상하는 편이에요.",
161,매우 민감,수용적,적다,보통,리드하는편,4,매우 민감,매우 빡빡하게,국내,산,계획 여행,적당히 봄,코골이 함,다른 곳 간다,"미국,세계일주,그 외","건조함,추움,상관없음","휴식,액티비티,공연&경기관람","3성이하 호텔,게스트하우스,콘도",오전 9-10시,400만원 이상,"이 사용자는 그 외 지역을 선호하고, 건조함 기후를 피하고 싶어해요. 여행 목적은 공연&경기관람이며, 콘도에서 머무는 걸 좋아하고 오전 9-10시쯤 기상하는 편이에요.",
162,매우 둔감,보통,적다,꽤 정확,보통,3,매우 둔감,보통,국내,바다,즉흥 여행,적당히 봄,코골이 안함,기다림,"일본,유럽,동남아","추움,건조함,쌀쌀함","공연&경기관람,액티비티,쇼핑","민박,상관없음,에어비엔비",오전 8-9시,400만원 이상,"이 사용자는 동남아 지역을 선호하고, 쌀쌀함 기후를 피하고 싶어해요. 여행 목적은 쇼핑이며, 민박에서 머무는 걸 좋아하고 오전 8-9시쯤 기상하는 편이에요.",
163,둔감,보통,많다,꽤 정확,따르는 편,3,매우 민감,꽤 여유있게,해외,산,즉흥 여행,무조건 다 봄,코골이 함,기다림,"유럽,중국&몽골,국내","더움,상관없음,쌀쌀함","휴식,미식,액티비티","콘도,민박,4-5성급호텔",오전 8-9시,200-300만원,"이 사용자는 중국&몽골 지역을 선호하고, 쌀쌀함 기후를 피하고 싶어해요. 여행 목적은 휴식이며, 4-5성급호텔에서 머무는 걸 좋아하고 오전 8-9시쯤 기상하는 편이에요.",
164,보통,매우 완고,매우 많다,종종 늦음,보통,1,둔감,꽤 빡빡하게,해외,바다,계획 여행,적당히 봄,코골이 안함,다른 곳 간다,"동남아,미국,유럽","건조함,더움,습함","도전과성장,쇼핑,자연감상","펜션,민박,에어비엔비",오전 8-9시,100만원 이하,"이 사용자는 동남아 지역을 선호하고, 건조함 기후를 피하고 싶어해요. 여행 목적은 쇼핑이며, 민박에서 머무는 걸 좋아하고 오전 8-9시쯤 기상하는 편이에요.",
165,둔감,보통,매우 많다,꽤 정확,무조건 리드,4,둔감,매우 여유있게,국내,산,계획 여행,무조건 다 봄,코골이 함,기다림,"동남아,일본,국내","추움,쌀쌀함,더움","기록,미식,사람&관계","3성이하 호텔,4-5성급호텔,콘도",오전 8-9시,300-400만원,"이 사용자는 국내 지역을 선호하고, 더움 기후를 피하고 싶어해요. 여행 목적은 사람&관계이며, 콘도에서 머무는 걸 좋아하고 오전 8-9시쯤 기상하는 편이에요.",
166,매우 민감,매우 수용적,매우 적다,종종 늦음,무조건 리드,2,꽤 민감,꽤 빡빡하게,국내,산,즉흥 여행,적당히 봄,코골이 안함,기다림,"동남아,일본,유럽","상관없음,건조함,추움","공연&경기관람,액티비티,휴식","펜션,콘도,상관없음",오전 10시 이후,400만원 이상,"이 사용자는 일본 지역을 선호하고, 상관없음 기후를 피하고 싶어해요. 여행 목적은 휴식이며, 펜션에서 머무는 걸 좋아하고 오전 10시 이후쯤 기상하는 편이에요.",
167,매우 민감,수용적,많다,꽤 정확,보통,5,보통,매우 여유있게,해외,산,즉흥 여행,적당히 봄,코골이 안함,다른 곳 간다,"세계일주,미국,국내","습함,추움,더움","기록,도전과성장,쇼핑","3성이하 호텔,펜션,게스트하우스",오전 8-9시,300-400만원,"이 사용자는 국내 지역을 선호하고, 더움 기후를 피하고 싶어해요. 여행 목적은 쇼핑이며, 펜션에서 머무는 걸 좋아하고 오전 8-9시쯤 기상하는 편이에요.",
168,매우 민감,매우 수용적,매우 많다,매우 정확,보통,5,둔감,매우 여유있게,국내,산,계획 여행,적당히 봄,코골이 안함,기다림,"국내,중국&몽골,일본","습함,추움,상관없음","문화&역사체험,공연&경기관람,도전과성장","콘도,펜션,에어비엔비",오전 8-9시,400만원 이상,"이 사용자는 일본 지역을 선호하고, 추움 기후를 피하고 싶어해요. 여행 목적은 문화&역사체험이며, 에어비엔비에서 머무는 걸 좋아하고 오전 8-9시쯤 기상하는 편이에요.",
169,꽤 민감,수용적,많다,꽤 정확,보통,3,보통,보통,해외,산,계획 여행,무조건 다 봄,코골이 함,기다림,"중국&몽골,일본,동남아","습함,상관없음,건조함","도전과성장,사람&관계,기록","콘도,펜션,상관없음",오전 8-9시,400만원 이상,"이 사용자는 동남아 지역을 선호하고, 상관없음 기후를 피하고 싶어해요. 여행 목적은 도전과성장이며, 콘도에서 머무는 걸 좋아하고 오전 8-9시쯤 기상하는 편이에요.",
170,매우 민감,매우 수용적,많다,종종 늦음,따르는 편,2,매우 민감,꽤 여유있게,국내,바다,계획 여행,무조건 다 봄,코골이 안함,기다림,"일본,국내,그 외","건조함,습함,상관없음","자연감상,액티비티,기록","민박,콘도,4-5성급호텔",오전 9-10시,200-300만원,"이 사용자는 그 외 지역을 선호하고, 건조함 기후를 피하고 싶어해요. 여행 목적은 액티비티이며, 콘도에서 머무는 걸 좋아하고 오전 9-10시쯤 기상하는 편이에요.",
171,꽤 민감,매우 수용적,보통,꽤 정확,무조건 리드,5,둔감,꽤 여유있게,국내,산,계획 여행,적당히 봄,코골이 함,다른 곳 간다,"그 외,중국&몽골,미국","쌀쌀함,습함,건조함","자연감상,미식,도전과성장","상관없음,3성이하 호텔,콘도",오전 9-10시,200-300만원,"이 사용자는 그 외 지역을 선호하고, 쌀쌀함 기후를 피하고 싶어해요. 여행 목적은 자연감상이며, 상관없음에서 머무는 걸 좋아하고 오전 9-10시쯤 기상하는 편이에요.",
172,매우 민감,다소 완고,적다,종종 늦음,보통,1,보통,꽤 여유있게,국내,바다,계획 여행,무조건 다 봄,코골이 안함,다른 곳 간다,"일본,중국&몽골,유럽","상관없음,건조함,습함","쇼핑,액티비티,사람&관계","민박,4-5성급호텔,콘도",오전 10시 이후,200-300만원,"이 사용자는 중국&몽골 지역을 선호하고, 습함 기후를 피하고 싶어해요. 여행 목적은 사람&관계이며, 4-5성급호텔에서 머무는 걸 좋아하고 오전 10시 이후쯤 기상하는 편이에요.",
173,둔감,다소 완고,적다,종종 늦음,리드하는편,5,보통,꽤 여유있게,국내,산,계획 여행,무조건 다 봄,코골이 함,기다림,"세계일주,일본,국내","습함,건조함,쌀쌀함","액티비티,쇼핑,미식","콘도,펜션,3성이하 호텔",오전 8-9시,200-300만원,"이 사용자는 국내 지역을 선호하고, 쌀쌀함 기후를 피하고 싶어해요. 여행 목적은 미식이며, 3성이하 호텔에서 머무는 걸 좋아하고 오전 8-9시쯤 기상하는 편이에요.",
174,둔감,매우 완고,많다,꽤 정확,보통,3,매우 민감,매우 여유있게,해외,산,계획 여행,무조건 다 봄,코골이 함,기다림,"동남아,미국,일본","습함,더움,건조함","자연감상,문화&역사체험,사람&관계","4-5성급호텔,3성이하 호텔,에어비엔비",오전 8-9시,200-300만원,"이 사용자는 미국 지역을 선호하고, 건조함 기후를 피하고 싶어해요. 여행 목적은 사람&관계이며, 에어비엔비에서 머무는 걸 좋아하고 오전 8-9시쯤 기상하는 편이에요.",
175,둔감,다소 완고,매우 많다,매우 정확,따르는 편,2,둔감,보통,국내,바다,계획 여행,무조건 다 봄,코골이 함,다른 곳 간다,"일본,국내,유럽","상관없음,더움,건조함","자연감상,미식,휴식","게스트하우스,4-5성급호텔,에어비엔비",오전 9-10시,100만원 이하,"이 사용자는 일본 지역을 선호하고, 더움 기후를 피하고 싶어해요. 여행 목적은 자연감상이며, 게스트하우스에서 머무는 걸 좋아하고 오전 9-10시쯤 기상하는 편이에요.",
176,매우 민감,다소 완고,매우 많다,꽤 정확,무조건 리드,5,둔감,보통,국내,산,즉흥 여행,적당히 봄,코골이 안함,다른 곳 간다,"미국,일본,그 외","상관없음,추움,건조함","도전과성장,자연감상,기록","콘도,펜션,민박",오전 8-9시,300-400만원,"이 사용자는 그 외 지역을 선호하고, 상관없음 기후를 피하고 싶어해요. 여행 목적은 도전과성장이며, 민박에서 머무는 걸 좋아하고 오전 8-9시쯤 기상하는 편이에요.",
177,꽤 민감,수용적,보통,꽤 정확,보통,5,매우 민감,꽤 빡빡하게,해외,바다,즉흥 여행,무조건 다 봄,코골이 함,기다림,"세계일주,국내,미국","추움,습함,상관없음","사람&관계,쇼핑,기록","게스트하우스,민박,펜션",오전 10시 이후,100만원 이하,"이 사용자는 국내 지역을 선호하고, 상관없음 기후를 피하고 싶어해요. 여행 목적은 기록이며, 민박에서 머무는 걸 좋아하고 오전 10시 이후쯤 기상하는 편이에요.",
178,둔감,매우 수용적,보통,종종 늦음,따르는 편,1,꽤 민감,보통,해외,산,즉흥 여행,무조건 다 봄,코골이 함,다른 곳 간다,"세계일주,중국&몽골,일본","상관없음,더움,습함","자연감상,휴식,쇼핑","3성이하 호텔,에어비엔비,민박",오전 10시 이후,300-400만원,"이 사용자는 중국&몽골 지역을 선호하고, 더움 기후를 피하고 싶어해요. 여행 목적은 휴식이며, 민박에서 머무는 걸 좋아하고 오전 10시 이후쯤 기상하는 편이에요.",
179,꽤 민감,다소 완고,많다,꽤 정확,무조건 리드,5,보통,매우 여유있게,해외,산,계획 여행,적당히 봄,코골이 안함,기다림,"그 외,세계일주,동남아","상관없음,습함,쌀쌀함","문화&역사체험,도전과성장,미식","게스트하우스,4-5성급호텔,펜션",오전 9-10시,300-400만원,"이 사용자는 그 외 지역을 선호하고, 습함 기후를 피하고 싶어해요. 여행 목적은 문화&역사체험이며, 펜션에서 머무는 걸 좋아하고 오전 9-10시쯤 기상하는 편이에요.",
180,꽤 민감,수용적,보통,보통,무조건 리드,1,보통,매우 여유있게,해외,산,즉흥 여행,무조건 다 봄,코골이 함,다른 곳 간다,"그 외,국내,일본","더움,상관없음,쌀쌀함","사람&관계,도전과성장,자연감상","에어비엔비,상관없음,콘도",오전 8-9시,100만원 이하,"이 사용자는 국내 지역을 선호하고, 더움 기후를 피하고 싶어해요. 여행 목적은 자연감상이며, 콘도에서 머무는 걸 좋아하고 오전 8-9시쯤 기상하는 편이에요.",
181,보통,다소 완고,많다,꽤 정확,무조건 따름,4,매우 민감,보통,국내,산,즉흥 여행,무조건 다 봄,코골이 함,기다림,"유럽,국내,동남아","습함,상관없음,건조함","기록,사람&관계,휴식","상관없음,3성이하 호텔,펜션",오전 8-9시,400만원 이상,"이 사용자는 유럽 지역을 선호하고, 습함 기후를 피하고 싶어해요. 여행 목적은 사람&관계이며, 3성이하 호텔에서 머무는 걸 좋아하고 오전 8-9시쯤 기상하는 편이에요.",
182,둔감,다소 완고,보통,자주 늦음,따르는 편,3,보통,보통,국내,바다,계획 여행,무조건 다 봄,코골이 안함,다른 곳 간다,"그 외,동남아,국내","쌀쌀함,건조함,더움","기록,미식,자연감상","콘도,게스트하우스,4-5성급호텔",오전 9-10시,300-400만원,"이 사용자는 동남아 지역을 선호하고, 건조함 기후를 피하고 싶어해요. 여행 목적은 자연감상이며, 게스트하우스에서 머무는 걸 좋아하고 오전 9-10시쯤 기상하는 편이에요.",
183,둔감,수용적,보통,매우 정확,리드하는편,5,보통,매우 빡빡하게,국내,산,계획 여행,적당히 봄,코골이 안함,기다림,"일본,국내,중국&몽골","상관없음,더움,쌀쌀함","자연감상,기록,도전과성장","3성이하 호텔,4-5성급호텔,에어비엔비",오전 10시 이후,400만원 이상,"이 사용자는 국내 지역을 선호하고, 상관없음 기후를 피하고 싶어해요. 여행 목적은 기록이며, 3성이하 호텔에서 머무는 걸 좋아하고 오전 10시 이후쯤 기상하는 편이에요.",
184,둔감,보통,보통,매우 정확,리드하는편,4,매우 민감,보통,국내,산,계획 여행,적당히 봄,코골이 안함,다른 곳 간다,"미국,일본,동남아","건조함,더움,쌀쌀함","액티비티,휴식,사람&관계","민박,4-5성급호텔,에어비엔비",오전 8-9시,300-400만원,"이 사용자는 동남아 지역을 선호하고, 쌀쌀함 기후를 피하고 싶어해요. 여행 목적은 액티비티이며, 4-5성급호텔에서 머무는 걸 좋아하고 오전 8-9시쯤 기상하는 편이에요.",
185,보통,매우 완고,매우 적다,꽤 정확,보통,4,매우 둔감,보통,국내,산,즉흥 여행,무조건 다 봄,코골이 함,다른 곳 간다,"일본,세계일주,동남아","쌀쌀함,더움,상관없음","휴식,쇼핑,자연감상","3성이하 호텔,민박,콘도",오전 8-9시,100만원 이하,"이 사용자는 세계일주 지역을 선호하고, 상관없음 기후를 피하고 싶어해요. 여행 목적은 자연감상이며, 콘도에서 머무는 걸 좋아하고 오전 8-9시쯤 기상하는 편이에요.",
186,매우 민감,수용적,매우 적다,종종 늦음,보통,1,둔감,꽤 빡빡하게,국내,산,계획 여행,적당히 봄,코골이 안함,다른 곳 간다,"유럽,세계일주,미국","상관없음,추움,쌀쌀함","문화&역사체험,기록,공연&경기관람","에어비엔비,민박,4-5성급호텔",오전 9-10시,300-400만원,"이 사용자는 유럽 지역을 선호하고, 상관없음 기후를 피하고 싶어해요. 여행 목적은 공연&경기관람이며, 4-5성급호텔에서 머무는 걸 좋아하고 오전 9-10시쯤 기상하는 편이에요.",
187,보통,다소 완고,매우 많다,꽤 정확,따르는 편,2,꽤 민감,매우 여유있게,해외,바다,즉흥 여행,무조건 다 봄,코골이 함,기다림,"일본,국내,미국","상관없음,쌀쌀함,건조함","기록,도전과성장,휴식","게스트하우스,3성이하 호텔,민박",오전 8-9시,400만원 이상,"이 사용자는 일본 지역을 선호하고, 쌀쌀함 기후를 피하고 싶어해요. 여행 목적은 기록이며, 3성이하 호텔에서 머무는 걸 좋아하고 오전 8-9시쯤 기상하는 편이에요.",
188,보통,다소 완고,보통,보통,따르는 편,4,꽤 민감,꽤 빡빡하게,해외,바다,계획 여행,적당히 봄,코골이 안함,기다림,"세계일주,미국,동남아","건조함,추움,습함","미식,쇼핑,액티비티","3성이하 호텔,펜션,4-5성급호텔",오전 10시 이후,400만원 이상,"이 사용자는 미국 지역을 선호하고, 추움 기후를 피하고 싶어해요. 여행 목적은 쇼핑이며, 3성이하 호텔에서 머무는 걸 좋아하고 오전 10시 이후쯤 기상하는 편이에요.",
189,꽤 민감,매우 수용적,많다,보통,리드하는편,2,둔감,꽤 빡빡하게,해외,산,계획 여행,적당히 봄,코골이 함,기다림,"동남아,미국,그 외","습함,상관없음,추움","기록,도전과성장,문화&역사체험","상관없음,게스트하우스,3성이하 호텔",오전 8-9시,200-300만원,"이 사용자는 그 외 지역을 선호하고, 습함 기후를 피하고 싶어해요. 여행 목적은 문화&역사체험이며, 3성이하 호텔에서 머무는 걸 좋아하고 오전 8-9시쯤 기상하는 편이에요.",
190,꽤 민감,매우 수용적,적다,꽤 정확,리드하는편,5,꽤 민감,꽤 여유있게,국내,바다,계획 여행,적당히 봄,코골이 안함,기다림,"동남아,일본,유럽","건조함,습함,상관없음","도전과성장,사람&관계,자연감상","3성이하 호텔,콘도,민박",오전 8-9시,300-400만원,"이 사용자는 동남아 지역을 선호하고, 상관없음 기후를 피하고 싶어해요. 여행 목적은 도전과성장이며, 민박에서 머무는 걸 좋아하고 오전 8-9시쯤 기상하는 편이에요.",
191,꽤 민감,수용적,매우 적다,꽤 정확,보통,4,매우 둔감,보통,해외,산,즉흥 여행,무조건 다 봄,코골이 안함,다른 곳 간다,"그 외,국내,일본","더움,건조함,상관없음","공연&경기관람,액티비티,도전과성장","상관없음,게스트하우스,에어비엔비",오전 9-10시,300-400만원,"이 사용자는 일본 지역을 선호하고, 건조함 기후를 피하고 싶어해요. 여행 목적은 도전과성장이며, 상관없음에서 머무는 걸 좋아하고 오전 9-10시쯤 기상하는 편이에요.",
192,매우 둔감,수용적,매우 적다,꽤 정확,리드하는편,4,꽤 민감,꽤 빡빡하게,해외,산,즉흥 여행,적당히 봄,코골이 안함,기다림,"세계일주,동남아,유럽","습함,건조함,상관없음","도전과성장,쇼핑,공연&경기관람","4-5성급호텔,3성이하 호텔,펜션",오전 8-9시,300-400만원,"이 사용자는 유럽 지역을 선호하고, 상관없음 기후를 피하고 싶어해요. 여행 목적은 도전과성장이며, 3성이하 호텔에서 머무는 걸 좋아하고 오전 8-9시쯤 기상하는 편이에요.",
193,매우 민감,보통,매우 많다,꽤 정확,따르는 편,1,둔감,매우 빡빡하게,해외,바다,계획 여행,무조건 다 봄,코골이 안함,기다림,"미국,중국&몽골,일본","추움,더움,쌀쌀함","사람&관계,도전과성장,자연감상","펜션,에어비엔비,게스트하우스",오전 9-10시,400만원 이상,"이 사용자는 일본 지역을 선호하고, 더움 기후를 피하고 싶어해요. 여행 목적은 사람&관계이며, 에어비엔비에서 머무는 걸 좋아하고 오전 9-10시쯤 기상하는 편이에요.",
194,보통,매우 완고,적다,매우 정확,따르는 편,5,보통,보통,국내,산,계획 여행,적당히 봄,코골이 안함,다른 곳 간다,"동남아,일본,세계일주","습함,쌀쌀함,상관없음","도전과성장,미식,자연감상","에어비엔비,상관없음,3성이하 호텔",오전 9-10시,200-300만원,"이 사용자는 세계일주 지역을 선호하고, 습함 기후를 피하고 싶어해요. 여행 목적은 도전과성장이며, 3성이하 호텔에서 머무는 걸 좋아하고 오전 9-10시쯤 기상하는 편이에요.",
195,매우 둔감,다소 완고,매우 적다,보통,리드하는편,5,둔감,보통,해외,산,즉흥 여행,무조건 다 봄,코골이 함,다른 곳 간다,"동남아,국내,유럽","상관없음,더움,습함","액티비티,사람&관계,쇼핑","민박,4-5성급호텔,콘도",오전 8-9시,300-400만원,"이 사용자는 동남아 지역을 선호하고, 더움 기후를 피하고 싶어해요. 여행 목적은 쇼핑이며, 민박에서 머무는 걸 좋아하고 오전 8-9시쯤 기상하는 편이에요.",
196,매우 민감,다소 완고,매우 많다,종종 늦음,보통,2,둔감,꽤 빡빡하게,해외,바다,계획 여행,무조건 다 봄,코골이 안함,다른 곳 간다,"미국,일본,중국&몽골","더움,쌀쌀함,추움","액티비티,미식,공연&경기관람","4-5성급호텔,3성이하 호텔,콘도",오전 8-9시,300-400만원,"이 사용자는 일본 지역을 선호하고, 더움 기후를 피하고 싶어해요. 여행 목적은 미식이며, 4-5성급호텔에서 머무는 걸 좋아하고 오전 8-9시쯤 기상하는 편이에요.",
197,둔감,매우 완고,매우 많다,종종 늦음,무조건 리드,3,꽤 민감,꽤 여유있게,국내,산,즉흥 여행,적당히 봄,코골이 함,다른 곳 간다,"동남아,세계일주,일본","추움,습함,상관없음","쇼핑,기록,공연&경기관람","3성이하 호텔,민박,펜션",오전 8-9시,400만원 이상,"이 사용자는 동남아 지역을 선호하고, 습함 기후를 피하고 싶어해요. 여행 목적은 기록이며, 민박에서 머무는 걸 좋아하고 오전 8-9시쯤 기상하는 편이에요.",
198,둔감,매우 완고,매우 많다,보통,따르는 편,4,매우 둔감,보통,해외,바다,계획 여행,무조건 다 봄,코골이 안함,다른 곳 간다,"국내,중국&몽골,그 외","상관없음,더움,쌀쌀함","도전과성장,쇼핑,자연감상","에어비엔비,게스트하우스,펜션",오전 9-10시,100만원 이하,"이 사용자는 국내 지역을 선호하고, 상관없음 기후를 피하고 싶어해요. 여행 목적은 자연감상이며, 게스트하우스에서 머무는 걸 좋아하고 오전 9-10시쯤 기상하는 편이에요.",
199,꽤 민감,다소 완고,매우 적다,자주 늦음,리드하는편,5,둔감,꽤 여유있게,해외,산,즉흥 여행,무조건 다 봄,코골이 안함,기다림,"그 외,동남아,미국","습함,상관없음,쌀쌀함","사람&관계,미식,휴식","상관없음,게스트하우스,4-5성급호텔",오전 9-10시,100만원 이하,"이 사용자는 미국 지역을 선호하고, 쌀쌀함 기후를 피하고 싶어해요. 여행 목적은 사람&관계이며, 4-5성급호텔에서 머무는 걸 좋아하고 오전 9-10시쯤 기상하는 편이에요.",
200,꽤 민감,보통,적다,자주 늦음,보통,4,매우 둔감,매우 빡빡하게,국내,산,계획 여행,적당히 봄,코골이 안함,다른 곳 간다,"그 외,유럽,국내","건조함,습함,추움","공연&경기관람,도전과성장,휴식","4-5성급호텔,펜션,3성이하 호텔",오전 10시 이후,100만원 이하,"이 사용자는 유럽 지역을 선호하고, 추움 기후를 피하고 싶어해요. 여행 목적은 휴식이며, 3성이하 호텔에서 머무는 걸 좋아하고 오전 10시 이후쯤 기상하는 편이에요.",
201,꽤 민감,매우 완고,매우 적다,자주 늦음,보통,1,꽤 민감,보통,국내,산,즉흥 여행,무조건 다 봄,코골이 함,기다림,"세계일주,중국&몽골,동남아","추움,건조함,더움","문화&역사체험,미식,사람&관계","상관없음,게스트하우스,에어비엔비",오전 10시 이후,300-400만원,"이 사용자는 세계일주 지역을 선호하고, 건조함 기후를 피하고 싶어해요. 여행 목적은 미식이며, 게스트하우스에서 머무는 걸 좋아하고 오전 10시 이후쯤 기상하는 편이에요.",
202,매우 둔감,다소 완고,매우 많다,매우 정확,무조건 리드,4,꽤 민감,보통,해외,산,즉흥 여행,무조건 다 봄,코골이 함,다른 곳 간다,"그 외,동남아,세계일주","쌀쌀함,습함,상관없음","미식,도전과성장,사람&관계","에어비엔비,3성이하 호텔,4-5성급호텔",오전 9-10시,300-400만원,"이 사용자는 동남아 지역을 선호하고, 습함 기후를 피하고 싶어해요. 여행 목적은 도전과성장이며, 4-5성급호텔에서 머무는 걸 좋아하고 오전 9-10시쯤 기상하는 편이에요.",
203,매우 둔감,매우 수용적,매우 많다,보통,무조건 리드,3,둔감,꽤 여유있게,해외,바다,즉흥 여행,무조건 다 봄,코골이 함,다른 곳 간다,"동남아,중국&몽골,세계일주","추움,건조함,더움","쇼핑,사람&관계,미식","민박,4-5성급호텔,콘도",오전 10시 이후,400만원 이상,"이 사용자는 중국&몽골 지역을 선호하고, 추움 기후를 피하고 싶어해요. 여행 목적은 쇼핑이며, 콘도에서 머무는 걸 좋아하고 오전 10시 이후쯤 기상하는 편이에요.",
204,매우 민감,수용적,많다,보통,보통,4,보통,매우 빡빡하게,해외,산,계획 여행,적당히 봄,코골이 함,기다림,"동남아,그 외,일본","습함,건조함,추움","액티비티,쇼핑,미식","콘도,에어비엔비,4-5성급호텔",오전 8-9시,300-400만원,"이 사용자는 그 외 지역을 선호하고, 습함 기후를 피하고 싶어해요. 여행 목적은 쇼핑이며, 4-5성급호텔에서 머무는 걸 좋아하고 오전 8-9시쯤 기상하는 편이에요.",
205,둔감,매우 수용적,매우 많다,매우 정확,따르는 편,5,매우 민감,꽤 여유있게,국내,산,즉흥 여행,적당히 봄,코골이 함,다른 곳 간다,"그 외,미국,중국&몽골","쌀쌀함,더움,습함","미식,기록,액티비티","콘도,에어비엔비,4-5성급호텔",오전 8-9시,100만원 이하,"이 사용자는 중국&몽골 지역을 선호하고, 습함 기후를 피하고 싶어해요. 여행 목적은 기록이며, 4-5성급호텔에서 머무는 걸 좋아하고 오전 8-9시쯤 기상하는 편이에요.",
206,매우 둔감,매우 완고,적다,보통,따르는 편,4,둔감,꽤 빡빡하게,해외,바다,계획 여행,무조건 다 봄,코골이 함,기다림,"일본,중국&몽골,유럽","쌀쌀함,추움,습함","공연&경기관람,문화&역사체험,휴식","민박,게스트하우스,에어비엔비",오전 8-9시,400만원 이상,"이 사용자는 유럽 지역을 선호하고, 쌀쌀함 기후를 피하고 싶어해요. 여행 목적은 공연&경기관람이며, 민박에서 머무는 걸 좋아하고 오전 8-9시쯤 기상하는 편이에요.",
207,둔감,매우 완고,적다,종종 늦음,따르는 편,1,매우 둔감,꽤 빡빡하게,국내,산,계획 여행,무조건 다 봄,코골이 안함,다른 곳 간다,"미국,국내,동남아","쌀쌀함,건조함,습함","휴식,액티비티,기록","콘도,4-5성급호텔,펜션",오전 9-10시,100만원 이하,"이 사용자는 미국 지역을 선호하고, 습함 기후를 피하고 싶어해요. 여행 목적은 휴식이며, 콘도에서 머무는 걸 좋아하고 오전 9-10시쯤 기상하는 편이에요.",
208,매우 민감,매우 완고,많다,매우 정확,보통,4,매우 민감,꽤 빡빡하게,국내,산,계획 여행,적당히 봄,코골이 안함,다른 곳 간다,"일본,미국,유럽","상관없음,더움,건조함","자연감상,문화&역사체험,쇼핑","콘도,펜션,3성이하 호텔",오전 9-10시,300-400만원,"이 사용자는 유럽 지역을 선호하고, 더움 기후를 피하고 싶어해요. 여행 목적은 쇼핑이며, 펜션에서 머무는 걸 좋아하고 오전 9-10시쯤 기상하는 편이에요.",
209,매우 민감,보통,많다,종종 늦음,따르는 편,3,둔감,꽤 빡빡하게,해외,바다,계획 여행,적당히 봄,코골이 안함,기다림,"유럽,국내,중국&몽골","건조함,습함,추움","공연&경기관람,도전과성장,쇼핑","상관없음,민박,콘도",오전 9-10시,400만원 이상,"이 사용자는 유럽 지역을 선호하고, 습함 기후를 피하고 싶어해요. 여행 목적은 도전과성장이며, 콘도에서 머무는 걸 좋아하고 오전 9-10시쯤 기상하는 편이에요.",
210,매우 민감,매우 수용적,매우 많다,꽤 정확,무조건 따름,1,보통,매우 여유있게,국내,산,계획 여행,무조건 다 봄,코골이 안함,다른 곳 간다,"일본,그 외,세계일주","추움,습함,건조함","사람&관계,공연&경기관람,쇼핑","펜션,상관없음,민박",오전 10시 이후,300-400만원,"이 사용자는 일본 지역을 선호하고, 추움 기후를 피하고 싶어해요. 여행 목적은 사람&관계이며, 펜션에서 머무는 걸 좋아하고 오전 10시 이후쯤 기상하는 편이에요.",
211,둔감,매우 완고,많다,꽤 정확,보통,2,매우 민감,매우 빡빡하게,해외,바다,계획 여행,적당히 봄,코골이 함,기다림,"그 외,동남아,국내","건조함,더움,습함","기록,휴식,쇼핑","4-5성급호텔,상관없음,3성이하 호텔",오전 9-10시,400만원 이상,"이 사용자는 동남아 지역을 선호하고, 더움 기후를 피하고 싶어해요. 여행 목적은 쇼핑이며, 4-5성급호텔에서 머무는 걸 좋아하고 오전 9-10시쯤 기상하는 편이에요.",
212,매우 민감,보통,보통,자주 늦음,무조건 따름,2,둔감,매우 여유있게,해외,산,계획 여행,무조건 다 봄,코골이 함,기다림,"국내,중국&몽골,동남아","상관없음,추움,쌀쌀함","도전과성장,자연감상,쇼핑","콘도,에어비엔비,민박",오전 8-9시,200-300만원,"이 사용자는 국내 지역을 선호하고, 상관없음 기후를 피하고 싶어해요. 여행 목적은 쇼핑이며, 민박에서 머무는 걸 좋아하고 오전 8-9시쯤 기상하는 편이에요.",
213,보통,수용적,매우 많다,매우 정확,따르는 편,4,꽤 민감,보통,국내,산,즉흥 여행,무조건 다 봄,코골이 함,다른 곳 간다,"그 외,동남아,중국&몽골","건조함,쌀쌀함,더움","휴식,미식,쇼핑","에어비엔비,게스트하우스,상관없음",오전 8-9시,300-400만원,"이 사용자는 동남아 지역을 선호하고, 쌀쌀함 기후를 피하고 싶어해요. 여행 목적은 미식이며, 게스트하우스에서 머무는 걸 좋아하고 오전 8-9시쯤 기상하는 편이에요.",
214,매우 민감,다소 완고,많다,매우 정확,리드하는편,1,매우 민감,보통,국내,바다,즉흥 여행,적당히 봄,코골이 안함,다른 곳 간다,"국내,미국,중국&몽골","쌀쌀함,건조함,습함","기록,공연&경기관람,문화&역사체험","에어비엔비,펜션,4-5성급호텔",오전 8-9시,100만원 이하,"이 사용자는 국내 지역을 선호하고, 쌀쌀함 기후를 피하고 싶어해요. 여행 목적은 문화&역사체험이며, 에어비엔비에서 머무는 걸 좋아하고 오전 8-9시쯤 기상하는 편이에요.",
215,보통,보통,매우 많다,꽤 정확,따르는 편,1,매우 둔감,꽤 빡빡하게,해외,산,즉흥 여행,적당히 봄,코골이 함,다른 곳 간다,"일본,국내,중국&몽골","추움,상관없음,더움","도전과성장,미식,사람&관계","에어비엔비,콘도,민박",오전 10시 이후,300-400만원,"이 사용자는 일본 지역을 선호하고, 더움 기후를 피하고 싶어해요. 여행 목적은 사람&관계이며, 콘도에서 머무는 걸 좋아하고 오전 10시 이후쯤 기상하는 편이에요.",
216,꽤 민감,보통,적다,꽤 정확,보통,5,매우 민감,보통,국내,산,계획 여행,무조건 다 봄,코골이 안함,다른 곳 간다,"동남아,미국,그 외","상관없음,추움,습함","공연&경기관람,도전과성장,사람&관계","콘도,4-5성급호텔,게스트하우스",오전 9-10시,400만원 이상,"이 사용자는 미국 지역을 선호하고, 추움 기후를 피하고 싶어해요. 여행 목적은 공연&경기관람이며, 콘도에서 머무는 걸 좋아하고 오전 9-10시쯤 기상하는 편이에요.",
217,둔감,매우 수용적,매우 많다,매우 정확,보통,1,보통,꽤 빡빡하게,국내,바다,계획 여행,무조건 다 봄,코골이 안함,다른 곳 간다,"국내,유럽,세계일주","건조함,상관없음,더움","미식,사람&관계,자연감상","콘도,3성이하 호텔,민박",오전 10시 이후,300-400만원,"이 사용자는 유럽 지역을 선호하고, 상관없음 기후를 피하고 싶어해요. 여행 목적은 사람&관계이며, 민박에서 머무는 걸 좋아하고 오전 10시 이후쯤 기상하는 편이에요.",
218,둔감,매우 완고,적다,보통,리드하는편,5,둔감,매우 빡빡하게,국내,바다,계획 여행,무조건 다 봄,코골이 함,기다림,"미국,국내,일본","상관없음,건조함,더움","문화&역사체험,쇼핑,사람&관계","콘도,4-5성급호텔,민박",오전 8-9시,200-300만원,"이 사용자는 국내 지역을 선호하고, 더움 기후를 피하고 싶어해요. 여행 목적은 사람&관계이며, 민박에서 머무는 걸 좋아하고 오전 8-9시쯤 기상하는 편이에요.",
219,꽤 민감,매우 수용적,매우 적다,보통,따르는 편,5,매우 민감,보통,해외,산,계획 여행,적당히 봄,코골이 안함,다른 곳 간다,"동남아,국내,미국","습함,상관없음,건조함","쇼핑,사람&관계,액티비티","게스트하우스,3성이하 호텔,4-5성급호텔",오전 10시 이후,400만원 이상,"이 사용자는 국내 지역을 선호하고, 상관없음 기후를 피하고 싶어해요. 여행 목적은 사람&관계이며, 3성이하 호텔에서 머무는 걸 좋아하고 오전 10시 이후쯤 기상하는 편이에요.",
220,꽤 민감,매우 수용적,보통,꽤 정확,따르는 편,1,꽤 민감,꽤 여유있게,해외,산,즉흥 여행,무조건 다 봄,코골이 함,기다림,"그 외,중국&몽골,일본","상관없음,습함,쌀쌀함","문화&역사체험,기록,액티비티","에어비엔비,펜션,게스트하우스",오전 8-9시,300-400만원,"이 사용자는 그 외 지역을 선호하고, 쌀쌀함 기후를 피하고 싶어해요. 여행 목적은 기록이며, 에어비엔비에서 머무는 걸 좋아하고 오전 8-9시쯤 기상하는 편이에요.",
221,매우 민감,수용적,매우 많다,자주 늦음,보통,2,보통,매우 빡빡하게,국내,산,계획 여행,적당히 봄,코골이 안함,기다림,"유럽,그 외,중국&몽골","상관없음,더움,추움","휴식,미식,도전과성장","3성이하 호텔,콘도,상관없음",오전 9-10시,300-400만원,"이 사용자는 그 외 지역을 선호하고, 추움 기후를 피하고 싶어해요. 여행 목적은 휴식이며, 콘도에서 머무는 걸 좋아하고 오전 9-10시쯤 기상하는 편이에요.",
222,보통,보통,매우 많다,자주 늦음,리드하는편,1,매우 둔감,매우 빡빡하게,국내,산,계획 여행,적당히 봄,코골이 함,기다림,"일본,유럽,동남아","추움,습함,건조함","휴식,액티비티,문화&역사체험","민박,3성이하 호텔,콘도",오전 10시 이후,200-300만원,"이 사용자는 동남아 지역을 선호하고, 추움 기후를 피하고 싶어해요. 여행 목적은 액티비티이며, 민박에서 머무는 걸 좋아하고 오전 10시 이후쯤 기상하는 편이에요.",
223,꽤 민감,매우 수용적,매우 많다,자주 늦음,무조건 리드,5,둔감,매우 여유있게,국내,산,계획 여행,무조건 다 봄,코골이 안함,기다림,"유럽,중국&몽골,국내","습함,상관없음,쌀쌀함","공연&경기관람,쇼핑,액티비티","민박,게스트하우스,4-5성급호텔",오전 10시 이후,300-400만원,"이 사용자는 중국&몽골 지역을 선호하고, 습함 기후를 피하고 싶어해요. 여행 목적은 쇼핑이며, 4-5성급호텔에서 머무는 걸 좋아하고 오전 10시 이후쯤 기상하는 편이에요.",
224,보통,매우 완고,적다,종종 늦음,무조건 리드,3,매우 민감,꽤 여유있게,국내,바다,계획 여행,무조건 다 봄,코골이 안함,다른 곳 간다,"세계일주,일본,중국&몽골","쌀쌀함,습함,상관없음","사람&관계,액티비티,도전과성장","3성이하 호텔,민박,4-5성급호텔",오전 9-10시,100만원 이하,"이 사용자는 세계일주 지역을 선호하고, 상관없음 기후를 피하고 싶어해요. 여행 목적은 도전과성장이며, 3성이하 호텔에서 머무는 걸 좋아하고 오전 9-10시쯤 기상하는 편이에요.",
225,보통,매우 수용적,많다,보통,따르는 편,2,매우 둔감,꽤 여유있게,국내,산,계획 여행,적당히 봄,코골이 함,기다림,"미국,중국&몽골,그 외","추움,더움,건조함","문화&역사체험,자연감상,쇼핑","펜션,민박,콘도",오전 8-9시,100만원 이하,"이 사용자는 중국&몽골 지역을 선호하고, 더움 기후를 피하고 싶어해요. 여행 목적은 문화&역사체험이며, 콘도에서 머무는 걸 좋아하고 오전 8-9시쯤 기상하는 편이에요.",
226,매우 민감,다소 완고,매우 적다,자주 늦음,무조건 따름,5,보통,꽤 빡빡하게,국내,바다,즉흥 여행,적당히 봄,코골이 안함,기다림,"국내,그 외,동남아","추움,건조함,습함","기록,액티비티,휴식","3성이하 호텔,콘도,펜션",오전 8-9시,200-300만원,"이 사용자는 그 외 지역을 선호하고, 추움 기후를 피하고 싶어해요. 여행 목적은 기록이며, 펜션에서 머무는 걸 좋아하고 오전 8-9시쯤 기상하는 편이에요.",
227,매우 둔감,수용적,많다,자주 늦음,무조건 리드,1,보통,매우 빡빡하게,국내,산,즉흥 여행,무조건 다 봄,코골이 안함,다른 곳 간다,"미국,중국&몽골,일본","추움,상관없음,습함","미식,쇼핑,자연감상","4-5성급호텔,3성이하 호텔,상관없음",오전 8-9시,400만원 이상,"이 사용자는 미국 지역을 선호하고, 습함 기후를 피하고 싶어해요. 여행 목적은 자연감상이며, 4-5성급호텔에서 머무는 걸 좋아하고 오전 8-9시쯤 기상하는 편이에요.",
228,매우 둔감,수용적,보통,꽤 정확,무조건 리드,2,매우 민감,꽤 여유있게,국내,산,계획 여행,무조건 다 봄,코골이 안함,기다림,"유럽,국내,세계일주","쌀쌀함,상관없음,건조함","공연&경기관람,문화&역사체험,쇼핑","게스트하우스,3성이하 호텔,에어비엔비",오전 9-10시,100만원 이하,"이 사용자는 유럽 지역을 선호하고, 상관없음 기후를 피하고 싶어해요. 여행 목적은 공연&경기관람이며, 3성이하 호텔에서 머무는 걸 좋아하고 오전 9-10시쯤 기상하는 편이에요.",
229,보통,매우 수용적,많다,보통,무조건 리드,2,둔감,매우 여유있게,해외,산,즉흥 여행,무조건 다 봄,코골이 안함,다른 곳 간다,"미국,그 외,국내","상관없음,건조함,추움","공연&경기관람,쇼핑,액티비티","민박,상관없음,4-5성급호텔",오전 10시 이후,100만원 이하,"이 사용자는 미국 지역을 선호하고, 추움 기후를 피하고 싶어해요. 여행 목적은 액티비티이며, 상관없음에서 머무는 걸 좋아하고 오전 10시 이후쯤 기상하는 편이에요.",
230,매우 둔감,매우 수용적,매우 많다,종종 늦음,따르는 편,4,매우 둔감,매우 여유있게,국내,산,즉흥 여행,무조건 다 봄,코골이 안함,기다림,"미국,세계일주,일본","더움,추움,쌀쌀함","도전과성장,액티비티,미식","4-5성급호텔,에어비엔비,민박",오전 9-10시,300-400만원,"이 사용자는 미국 지역을 선호하고, 더움 기후를 피하고 싶어해요. 여행 목적은 도전과성장이며, 민박에서 머무는 걸 좋아하고 오전 9-10시쯤 기상하는 편이에요.",
231,보통,다소 완고,보통,종종 늦음,따르는 편,1,매우 둔감,보통,국내,산,즉흥 여행,적당히 봄,코골이 함,기다림,"동남아,미국,일본","쌀쌀함,추움,습함","휴식,문화&역사체험,자연감상","콘도,펜션,상관없음",오전 9-10시,100만원 이하,"이 사용자는 동남아 지역을 선호하고, 추움 기후를 피하고 싶어해요. 여행 목적은 문화&역사체험이며, 콘도에서 머무는 걸 좋아하고 오전 9-10시쯤 기상하는 편이에요.",
232,꽤 민감,수용적,보통,꽤 정확,리드하는편,3,보통,꽤 빡빡하게,해외,바다,즉흥 여행,적당히 봄,코골이 함,기다림,"동남아,국내,세계일주","건조함,습함,쌀쌀함","쇼핑,사람&관계,기록","민박,에어비엔비,상관없음",오전 10시 이후,300-400만원,"이 사용자는 동남아 지역을 선호하고, 쌀쌀함 기후를 피하고 싶어해요. 여행 목적은 사람&관계이며, 에어비엔비에서 머무는 걸 좋아하고 오전 10시 이후쯤 기상하는 편이에요.",
233,매우 민감,매우 수용적,매우 많다,보통,무조건 따름,5,매우 민감,꽤 여유있게,국내,산,계획 여행,무조건 다 봄,코골이 안함,다른 곳 간다,"그 외,국내,중국&몽골","더움,건조함,추움","문화&역사체험,사람&관계,쇼핑","에어비엔비,4-5성급호텔,민박",오전 9-10시,200-300만원,"이 사용자는 중국&몽골 지역을 선호하고, 추움 기후를 피하고 싶어해요. 여행 목적은 문화&역사체험이며, 에어비엔비에서 머무는 걸 좋아하고 오전 9-10시쯤 기상하는 편이에요.",
234,보통,매우 완고,보통,매우 정확,따르는 편,2,둔감,매우 여유있게,국내,바다,즉흥 여행,무조건 다 봄,코골이 안함,기다림,"그 외,유럽,동남아","습함,추움,쌀쌀함","액티비티,자연감상,휴식","게스트하우스,콘도,4-5성급호텔",오전 8-9시,400만원 이상,"이 사용자는 그 외 지역을 선호하고, 습함 기후를 피하고 싶어해요. 여행 목적은 액티비티이며, 게스트하우스에서 머무는 걸 좋아하고 오전 8-9시쯤 기상하는 편이에요.",
235,꽤 민감,매우 완고,적다,매우 정확,리드하는편,1,매우 민감,꽤 여유있게,국내,산,계획 여행,무조건 다 봄,코골이 안함,기다림,"미국,국내,세계일주","추움,건조함,상관없음","문화&역사체험,기록,쇼핑","게스트하우스,3성이하 호텔,콘도",오전 10시 이후,100만원 이하,"이 사용자는 국내 지역을 선호하고, 건조함 기후를 피하고 싶어해요. 여행 목적은 쇼핑이며, 3성이하 호텔에서 머무는 걸 좋아하고 오전 10시 이후쯤 기상하는 편이에요.",
236,매우 민감,매우 수용적,많다,자주 늦음,따르는 편,3,보통,매우 여유있게,해외,바다,계획 여행,적당히 봄,코골이 안함,기다림,"동남아,일본,그 외","상관없음,건조함,습함","도전과성장,액티비티,문화&역사체험","게스트하우스,상관없음,민박",오전 10시 이후,300-400만원,"이 사용자는 동남아 지역을 선호하고, 건조함 기후를 피하고 싶어해요. 여행 목적은 액티비티이며, 민박에서 머무는 걸 좋아하고 오전 10시 이후쯤 기상하는 편이에요.",
237,둔감,보통,보통,자주 늦음,리드하는편,1,매우 둔감,매우 여유있게,국내,산,즉흥 여행,적당히 봄,코골이 함,기다림,"유럽,일본,동남아","습함,상관없음,추움","사람&관계,문화&역사체험,쇼핑","콘도,3성이하 호텔,에어비엔비",오전 8-9시,200-300만원,"이 사용자는 유럽 지역을 선호하고, 습함 기후를 피하고 싶어해요. 여행 목적은 문화&역사체험이며, 3성이하 호텔에서 머무는 걸 좋아하고 오전 8-9시쯤 기상하는 편이에요.",
238,보통,매우 수용적,매우 많다,매우 정확,따르는 편,1,꽤 민감,매우 빡빡하게,해외,산,계획 여행,무조건 다 봄,코골이 함,다른 곳 간다,"그 외,일본,세계일주","추움,더움,쌀쌀함","휴식,미식,쇼핑","에어비엔비,게스트하우스,펜션",오전 9-10시,200-300만원,"이 사용자는 그 외 지역을 선호하고, 쌀쌀함 기후를 피하고 싶어해요. 여행 목적은 휴식이며, 에어비엔비에서 머무는 걸 좋아하고 오전 9-10시쯤 기상하는 편이에요.",
239,꽤 민감,다소 완고,매우 적다,보통,무조건 따름,5,매우 민감,매우 여유있게,해외,바다,즉흥 여행,무조건 다 봄,코골이 안함,다른 곳 간다,"유럽,세계일주,국내","건조함,습함,쌀쌀함","쇼핑,휴식,문화&역사체험","게스트하우스,펜션,민박",오전 9-10시,100만원 이하,"이 사용자는 세계일주 지역을 선호하고, 건조함 기후를 피하고 싶어해요. 여행 목적은 쇼핑이며, 게스트하우스에서 머무는 걸 좋아하고 오전 9-10시쯤 기상하는 편이에요.",
240,매우 민감,보통,매우 적다,자주 늦음,보통,5,보통,꽤 빡빡하게,국내,바다,즉흥 여행,적당히 봄,코골이 함,다른 곳 간다,"세계일주,동남아,유럽","쌀쌀함,더움,상관없음","자연감상,사람&관계,미식","게스트하우스,4-5성급호텔,상관없음",오전 8-9시,100만원 이하,"이 사용자는 동남아 지역을 선호하고, 상관없음 기후를 피하고 싶어해요. 여행 목적은 사람&관계이며, 게스트하우스에서 머무는 걸 좋아하고 오전 8-9시쯤 기상하는 편이에요.",
241,매우 민감,수용적,적다,매우 정확,보통,1,매우 둔감,꽤 빡빡하게,해외,산,즉흥 여행,적당히 봄,코골이 안함,다른 곳 간다,"국내,동남아,그 외","쌀쌀함,습함,추움","쇼핑,문화&역사체험,사람&관계","상관없음,게스트하우스,민박",오전 8-9시,300-400만원,"이 사용자는 국내 지역을 선호하고, 쌀쌀함 기후를 피하고 싶어해요. 여행 목적은 사람&관계이며, 게스트하우스에서 머무는 걸 좋아하고 오전 8-9시쯤 기상하는 편이에요.",
242,매우 둔감,보통,매우 적다,꽤 정확,따르는 편,3,보통,꽤 여유있게,해외,바다,즉흥 여행,무조건 다 봄,코골이 안함,기다림,"동남아,그 외,국내","상관없음,추움,습함","휴식,미식,공연&경기관람","게스트하우스,에어비엔비,3성이하 호텔",오전 10시 이후,100만원 이하,"이 사용자는 그 외 지역을 선호하고, 상관없음 기후를 피하고 싶어해요. 여행 목적은 미식이며, 에어비엔비에서 머무는 걸 좋아하고 오전 10시 이후쯤 기상하는 편이에요.",
243,보통,다소 완고,매우 적다,꽤 정확,따르는 편,4,보통,꽤 빡빡하게,해외,산,계획 여행,무조건 다 봄,코골이 안함,기다림,"세계일주,국내,그 외","추움,더움,습함","휴식,문화&역사체험,사람&관계","민박,펜션,에어비엔비",오전 10시 이후,300-400만원,"이 사용자는 국내 지역을 선호하고, 습함 기후를 피하고 싶어해요. 여행 목적은 사람&관계이며, 에어비엔비에서 머무는 걸 좋아하고 오전 10시 이후쯤 기상하는 편이에요.",
244,매우 민감,매우 완고,매우 적다,보통,리드하는편,3,둔감,매우 여유있게,국내,바다,계획 여행,적당히 봄,코골이 안함,기다림,"중국&몽골,동남아,일본","상관없음,추움,쌀쌀함","자연감상,도전과성장,문화&역사체험","민박,에어비엔비,게스트하우스",오전 10시 이후,200-300만원,"이 사용자는 동남아 지역을 선호하고, 상관없음 기후를 피하고 싶어해요. 여행 목적은 도전과성장이며, 게스트하우스에서 머무는 걸 좋아하고 오전 10시 이후쯤 기상하는 편이에요.",
245,매우 둔감,다소 완고,보통,종종 늦음,무조건 따름,1,둔감,꽤 빡빡하게,해외,바다,즉흥 여행,무조건 다 봄,코골이 안함,다른 곳 간다,"세계일주,일본,유럽","건조함,추움,쌀쌀함","기록,휴식,쇼핑","콘도,게스트하우스,4-5성급호텔",오전 8-9시,100만원 이하,"이 사용자는 세계일주 지역을 선호하고, 쌀쌀함 기후를 피하고 싶어해요. 여행 목적은 휴식이며, 게스트하우스에서 머무는 걸 좋아하고 오전 8-9시쯤 기상하는 편이에요.",
246,보통,다소 완고,매우 많다,꽤 정확,무조건 리드,1,둔감,매우 빡빡하게,해외,바다,계획 여행,무조건 다 봄,코골이 함,기다림,"중국&몽골,미국,유럽","쌀쌀함,더움,습함","액티비티,휴식,문화&역사체험","게스트하우스,상관없음,콘도",오전 10시 이후,400만원 이상,"이 사용자는 미국 지역을 선호하고, 쌀쌀함 기후를 피하고 싶어해요. 여행 목적은 액티비티이며, 상관없음에서 머무는 걸 좋아하고 오전 10시 이후쯤 기상하는 편이에요.",
247,둔감,보통,많다,매우 정확,무조건 리드,1,매우 민감,매우 여유있게,국내,산,계획 여행,무조건 다 봄,코골이 함,기다림,"국내,그 외,중국&몽골","더움,쌀쌀함,상관없음","도전과성장,액티비티,공연&경기관람","게스트하우스,상관없음,콘도",오전 9-10시,200-300만원,"이 사용자는 국내 지역을 선호하고, 상관없음 기후를 피하고 싶어해요. 여행 목적은 공연&경기관람이며, 상관없음에서 머무는 걸 좋아하고 오전 9-10시쯤 기상하는 편이에요.",
248,둔감,보통,매우 많다,보통,보통,4,둔감,보통,해외,바다,즉흥 여행,적당히 봄,코골이 안함,다른 곳 간다,"유럽,미국,국내","상관없음,건조함,더움","공연&경기관람,휴식,액티비티","상관없음,민박,4-5성급호텔",오전 10시 이후,200-300만원,"이 사용자는 국내 지역을 선호하고, 더움 기후를 피하고 싶어해요. 여행 목적은 휴식이며, 4-5성급호텔에서 머무는 걸 좋아하고 오전 10시 이후쯤 기상하는 편이에요.",
249,꽤 민감,수용적,매우 적다,보통,무조건 따름,5,매우 둔감,꽤 빡빡하게,해외,산,즉흥 여행,무조건 다 봄,코골이 안함,다른 곳 간다,"세계일주,일본,국내","습함,쌀쌀함,추움","액티비티,도전과성장,미식","게스트하우스,에어비엔비,콘도",오전 8-9시,300-400만원,"이 사용자는 일본 지역을 선호하고, 추움 기후를 피하고 싶어해요. 여행 목적은 액티비티이며, 게스트하우스에서 머무는 걸 좋아하고 오전 8-9시쯤 기상하는 편이에요.",
250,보통,다소 완고,많다,꽤 정확,무조건 따름,1,보통,매우 빡빡하게,해외,산,즉흥 여행,적당히 봄,코골이 안함,다른 곳 간다,"세계일주,미국,중국&몽골","상관없음,건조함,쌀쌀함","액티비티,쇼핑,자연감상","4-5성급호텔,민박,상관없음",오전 9-10시,400만원 이상,"이 사용자는 중국&몽골 지역을 선호하고, 상관없음 기후를 피하고 싶어해요. 여행 목적은 액티비티이며, 4-5성급호텔에서 머무는 걸 좋아하고 오전 9-10시쯤 기상하는 편이에요.",
251,둔감,매우 완고,매우 적다,자주 늦음,무조건 리드,5,보통,보통,해외,바다,계획 여행,무조건 다 봄,코골이 안함,다른 곳 간다,"미국,중국&몽골,일본","쌀쌀함,습함,상관없음","사람&관계,자연감상,쇼핑","민박,3성이하 호텔,콘도",오전 10시 이후,300-400만원,"이 사용자는 중국&몽골 지역을 선호하고, 상관없음 기후를 피하고 싶어해요. 여행 목적은 쇼핑이며, 콘도에서 머무는 걸 좋아하고 오전 10시 이후쯤 기상하는 편이에요.",
252,매우 민감,수용적,적다,종종 늦음,무조건 리드,4,둔감,보통,국내,바다,즉흥 여행,무조건 다 봄,코골이 함,기다림,"유럽,국내,중국&몽골","더움,건조함,상관없음","기록,액티비티,쇼핑","펜션,에어비엔비,4-5성급호텔",오전 8-9시,100만원 이하,"이 사용자는 중국&몽골 지역을 선호하고, 건조함 기후를 피하고 싶어해요. 여행 목적은 기록이며, 펜션에서 머무는 걸 좋아하고 오전 8-9시쯤 기상하는 편이에요.",
253,보통,매우 수용적,매우 적다,보통,무조건 따름,4,보통,꽤 빡빡하게,국내,산,계획 여행,적당히 봄,코골이 함,다른 곳 간다,"중국&몽골,일본,그 외","습함,추움,건조함","미식,도전과성장,공연&경기관람","상관없음,펜션,3성이하 호텔",오전 10시 이후,100만원 이하,"이 사용자는 중국&몽골 지역을 선호하고, 추움 기후를 피하고 싶어해요. 여행 목적은 미식이며, 3성이하 호텔에서 머무는 걸 좋아하고 오전 10시 이후쯤 기상하는 편이에요.",
254,보통,다소 완고,보통,꽤 정확,리드하는편,4,보통,매우 빡빡하게,국내,산,계획 여행,무조건 다 봄,코골이 함,다른 곳 간다,"일본,동남아,세계일주","더움,습함,상관없음","공연&경기관람,미식,쇼핑","4-5성급호텔,상관없음,민박",오전 9-10시,200-300만원,"이 사용자는 일본 지역을 선호하고, 습함 기후를 피하고 싶어해요. 여행 목적은 공연&경기관람이며, 상관없음에서 머무는 걸 좋아하고 오전 9-10시쯤 기상하는 편이에요.",
255,매우 민감,매우 수용적,매우 적다,매우 정확,따르는 편,5,둔감,보통,해외,산,즉흥 여행,적당히 봄,코골이 함,기다림,"중국&몽골,그 외,유럽","상관없음,쌀쌀함,건조함","자연감상,미식,공연&경기관람","상관없음,펜션,4-5성급호텔",오전 10시 이후,200-300만원,"이 사용자는 유럽 지역을 선호하고, 건조함 기후를 피하고 싶어해요. 여행 목적은 자연감상이며, 펜션에서 머무는 걸 좋아하고 오전 10시 이후쯤 기상하는 편이에요.",
256,매우 민감,보통,보통,꽤 정확,무조건 리드,1,둔감,매우 여유있게,국내,바다,즉흥 여행,적당히 봄,코골이 함,다른 곳 간다,"일본,유럽,그 외","추움,건조함,습함","공연&경기관람,액티비티,문화&역사체험","콘도,에어비엔비,펜션",오전 10시 이후,100만원 이하,"이 사용자는 일본 지역을 선호하고, 건조함 기후를 피하고 싶어해요. 여행 목적은 공연&경기관람이며, 콘도에서 머무는 걸 좋아하고 오전 10시 이후쯤 기상하는 편이에요.",
257,매우 둔감,매우 완고,매우 많다,보통,보통,3,매우 둔감,매우 여유있게,국내,바다,즉흥 여행,무조건 다 봄,코골이 함,다른 곳 간다,"중국&몽골,유럽,미국","습함,더움,상관없음","액티비티,공연&경기관람,자연감상","민박,3성이하 호텔,4-5성급호텔",오전 9-10시,400만원 이상,"이 사용자는 유럽 지역을 선호하고, 더움 기후를 피하고 싶어해요. 여행 목적은 공연&경기관람이며, 민박에서 머무는 걸 좋아하고 오전 9-10시쯤 기상하는 편이에요.",
258,매우 민감,매우 완고,매우 적다,매우 정확,따르는 편,4,매우 민감,보통,해외,산,즉흥 여행,적당히 봄,코골이 안함,다른 곳 간다,"일본,국내,세계일주","상관없음,건조함,습함","액티비티,기록,문화&역사체험","3성이하 호텔,게스트하우스,에어비엔비",오전 8-9시,200-300만원,"이 사용자는 일본 지역을 선호하고, 상관없음 기후를 피하고 싶어해요. 여행 목적은 기록이며, 에어비엔비에서 머무는 걸 좋아하고 오전 8-9시쯤 기상하는 편이에요.",
259,둔감,매우 완고,적다,매우 정확,무조건 리드,1,둔감,꽤 여유있게,해외,바다,계획 여행,적당히 봄,코골이 함,다른 곳 간다,"중국&몽골,그 외,미국","더움,쌀쌀함,상관없음","사람&관계,공연&경기관람,도전과성장","4-5성급호텔,게스트하우스,콘도",오전 9-10시,400만원 이상,"이 사용자는 미국 지역을 선호하고, 쌀쌀함 기후를 피하고 싶어해요. 여행 목적은 사람&관계이며, 게스트하우스에서 머무는 걸 좋아하고 오전 9-10시쯤 기상하는 편이에요.",
260,둔감,보통,보통,꽤 정확,리드하는편,5,보통,보통,해외,바다,즉흥 여행,적당히 봄,코골이 함,다른 곳 간다,"국내,그 외,미국","추움,건조함,더움","액티비티,도전과성장,쇼핑","4-5성급호텔,펜션,에어비엔비",오전 9-10시,200-300만원,"이 사용자는 국내 지역을 선호하고, 건조함 기후를 피하고 싶어해요. 여행 목적은 쇼핑이며, 4-5성급호텔에서 머무는 걸 좋아하고 오전 9-10시쯤 기상하는 편이에요.",
261,보통,다소 완고,많다,매우 정확,무조건 리드,4,매우 둔감,꽤 여유있게,해외,산,계획 여행,무조건 다 봄,코골이 함,다른 곳 간다,"동남아,그 외,국내","쌀쌀함,상관없음,더움","공연&경기관람,기록,휴식","게스트하우스,4-5성급호텔,에어비엔비",오전 10시 이후,400만원 이상,"이 사용자는 동남아 지역을 선호하고, 쌀쌀함 기후를 피하고 싶어해요. 여행 목적은 기록이며, 게스트하우스에서 머무는 걸 좋아하고 오전 10시 이후쯤 기상하는 편이에요.",
262,매우 둔감,매우 수용적,매우 많다,종종 늦음,보통,5,매우 민감,보통,해외,바다,계획 여행,무조건 다 봄,코골이 함,기다림,"동남아,국내,미국","쌀쌀함,더움,상관없음","자연감상,미식,사람&관계","펜션,4-5성급호텔,상관없음",오전 9-10시,100만원 이하,"이 사용자는 국내 지역을 선호하고, 쌀쌀함 기후를 피하고 싶어해요. 여행 목적은 자연감상이며, 4-5성급호텔에서 머무는 걸 좋아하고 오전 9-10시쯤 기상하는 편이에요.",
263,보통,수용적,많다,종종 늦음,무조건 리드,2,꽤 민감,보통,해외,바다,즉흥 여행,무조건 다 봄,코골이 안함,기다림,"국내,동남아,일본","추움,습함,건조함","도전과성장,자연감상,사람&관계","펜션,게스트하우스,에어비엔비",오전 8-9시,300-400만원,"이 사용자는 동남아 지역을 선호하고, 습함 기후를 피하고 싶어해요. 여행 목적은 자연감상이며, 펜션에서 머무는 걸 좋아하고 오전 8-9시쯤 기상하는 편이에요.",
264,매우 둔감,매우 수용적,적다,자주 늦음,따르는 편,4,꽤 민감,꽤 빡빡하게,해외,바다,즉흥 여행,무조건 다 봄,코골이 함,기다림,"세계일주,동남아,일본","추움,습함,쌀쌀함","자연감상,기록,공연&경기관람","3성이하 호텔,에어비엔비,콘도",오전 8-9시,300-400만원,"이 사용자는 동남아 지역을 선호하고, 쌀쌀함 기후를 피하고 싶어해요. 여행 목적은 공연&경기관람이며, 콘도에서 머무는 걸 좋아하고 오전 8-9시쯤 기상하는 편이에요.",
265,보통,다소 완고,매우 적다,자주 늦음,무조건 리드,5,꽤 민감,매우 빡빡하게,해외,산,계획 여행,적당히 봄,코골이 안함,다른 곳 간다,"중국&몽골,동남아,세계일주","쌀쌀함,습함,건조함","사람&관계,미식,휴식","3성이하 호텔,에어비엔비,4-5성급호텔",오전 10시 이후,400만원 이상,"이 사용자는 동남아 지역을 선호하고, 건조함 기후를 피하고 싶어해요. 여행 목적은 미식이며, 에어비엔비에서 머무는 걸 좋아하고 오전 10시 이후쯤 기상하는 편이에요.",
266,매우 둔감,매우 완고,매우 적다,꽤 정확,보통,1,꽤 민감,보통,국내,산,즉흥 여행,무조건 다 봄,코골이 함,다른 곳 간다,"국내,동남아,유럽","습함,추움,쌀쌀함","쇼핑,휴식,공연&경기관람","민박,4-5성급호텔,콘도",오전 10시 이후,400만원 이상,"이 사용자는 동남아 지역을 선호하고, 추움 기후를 피하고 싶어해요. 여행 목적은 휴식이며, 4-5성급호텔에서 머무는 걸 좋아하고 오전 10시 이후쯤 기상하는 편이에요.",
267,보통,다소 완고,적다,자주 늦음,따르는 편,2,매우 둔감,매우 빡빡하게,국내,바다,계획 여행,무조건 다 봄,코골이 안함,기다림,"동남아,국내,일본","더움,습함,추움","자연감상,휴식,액티비티","게스트하우스,펜션,상관없음",오전 8-9시,300-400만원,"이 사용자는 동남아 지역을 선호하고, 추움 기후를 피하고 싶어해요. 여행 목적은 자연감상이며, 게스트하우스에서 머무는 걸 좋아하고 오전 8-9시쯤 기상하는 편이에요.",
268,매우 둔감,다소 완고,보통,꽤 정확,리드하는편,5,둔감,매우 여유있게,국내,바다,즉흥 여행,무조건 다 봄,코골이 안함,다른 곳 간다,"미국,유럽,그 외","습함,추움,상관없음","미식,기록,사람&관계","상관없음,펜션,민박",오전 10시 이후,300-400만원,"이 사용자는 미국 지역을 선호하고, 상관없음 기후를 피하고 싶어해요. 여행 목적은 기록이며, 민박에서 머무는 걸 좋아하고 오전 10시 이후쯤 기상하는 편이에요.",
269,꽤 민감,수용적,매우 많다,자주 늦음,보통,3,매우 민감,꽤 여유있게,국내,산,계획 여행,적당히 봄,코골이 안함,기다림,"세계일주,유럽,일본","상관없음,습함,쌀쌀함","쇼핑,사람&관계,액티비티","에어비엔비,4-5성급호텔,게스트하우스",오전 8-9시,100만원 이하,"이 사용자는 유럽 지역을 선호하고, 습함 기후를 피하고 싶어해요. 여행 목적은 쇼핑이며, 4-5성급호텔에서 머무는 걸 좋아하고 오전 8-9시쯤 기상하는 편이에요.",
270,둔감,매우 완고,보통,매우 정확,보통,3,보통,보통,국내,바다,즉흥 여행,무조건 다 봄,코골이 안함,기다림,"그 외,일본,세계일주","추움,습함,쌀쌀함","액티비티,문화&역사체험,쇼핑","상관없음,4-5성급호텔,펜션",오전 8-9시,100만원 이하,"이 사용자는 일본 지역을 선호하고, 추움 기후를 피하고 싶어해요. 여행 목적은 문화&역사체험이며, 4-5성급호텔에서 머무는 걸 좋아하고 오전 8-9시쯤 기상하는 편이에요.",
271,매우 둔감,보통,매우 적다,자주 늦음,따르는 편,2,둔감,매우 빡빡하게,해외,바다,즉흥 여행,무조건 다 봄,코골이 안함,다른 곳 간다,"중국&몽골,미국,국내","쌀쌀함,더움,상관없음","공연&경기관람,기록,미식","민박,4-5성급호텔,콘도",오전 9-10시,300-400만원,"이 사용자는 미국 지역을 선호하고, 상관없음 기후를 피하고 싶어해요. 여행 목적은 기록이며, 콘도에서 머무는 걸 좋아하고 오전 9-10시쯤 기상하는 편이에요.",
272,둔감,수용적,매우 많다,꽤 정확,따르는 편,3,꽤 민감,매우 여유있게,해외,산,계획 여행,무조건 다 봄,코골이 함,기다림,"유럽,일본,미국","상관없음,쌀쌀함,추움","공연&경기관람,미식,문화&역사체험","3성이하 호텔,콘도,상관없음",오전 8-9시,200-300만원,"이 사용자는 일본 지역을 선호하고, 상관없음 기후를 피하고 싶어해요. 여행 목적은 문화&역사체험이며, 상관없음에서 머무는 걸 좋아하고 오전 8-9시쯤 기상하는 편이에요.",
273,둔감,수용적,매우 적다,꽤 정확,따르는 편,1,꽤 민감,매우 빡빡하게,해외,바다,계획 여행,적당히 봄,코골이 안함,다른 곳 간다,"유럽,중국&몽골,동남아","상관없음,건조함,쌀쌀함","사람&관계,기록,쇼핑","펜션,에어비엔비,콘도",오전 10시 이후,300-400만원,"이 사용자는 유럽 지역을 선호하고, 쌀쌀함 기후를 피하고 싶어해요. 여행 목적은 쇼핑이며, 에어비엔비에서 머무는 걸 좋아하고 오전 10시 이후쯤 기상하는 편이에요.",
274,매우 민감,수용적,많다,자주 늦음,무조건 리드,4,보통,매우 빡빡하게,해외,산,즉흥 여행,적당히 봄,코골이 안함,기다림,"세계일주,국내,중국&몽골","더움,추움,건조함","미식,도전과성장,자연감상","콘도,에어비엔비,3성이하 호텔",오전 8-9시,400만원 이상,"이 사용자는 세계일주 지역을 선호하고, 건조함 기후를 피하고 싶어해요. 여행 목적은 자연감상이며, 콘도에서 머무는 걸 좋아하고 오전 8-9시쯤 기상하는 편이에요.",
275,둔감,매우 수용적,보통,매우 정확,무조건 따름,1,꽤 민감,매우 빡빡하게,해외,산,즉흥 여행,적당히 봄,코골이 안함,기다림,"중국&몽골,동남아,미국","쌀쌀함,더움,습함","도전과성장,기록,휴식","4-5성급호텔,콘도,게스트하우스",오전 10시 이후,400만원 이상,"이 사용자는 중국&몽골 지역을 선호하고, 더움 기후를 피하고 싶어해요. 여행 목적은 기록이며, 4-5성급호텔에서 머무는 걸 좋아하고 오전 10시 이후쯤 기상하는 편이에요.",
276,매우 민감,매우 수용적,매우 많다,종종 늦음,보통,1,둔감,꽤 여유있게,국내,바다,즉흥 여행,무조건 다 봄,코골이 안함,기다림,"세계일주,중국&몽골,동남아","건조함,상관없음,쌀쌀함","액티비티,쇼핑,도전과성장","4-5성급호텔,게스트하우스,콘도",오전 10시 이후,300-400만원,"이 사용자는 중국&몽골 지역을 선호하고, 쌀쌀함 기후를 피하고 싶어해요. 여행 목적은 액티비티이며, 4-5성급호텔에서 머무는 걸 좋아하고 오전 10시 이후쯤 기상하는 편이에요.",
277,둔감,다소 완고,적다,매우 정확,무조건 따름,5,매우 민감,매우 빡빡하게,해외,바다,계획 여행,적당히 봄,코골이 안함,기다림,"유럽,그 외,국내","건조함,추움,상관없음","기록,미식,액티비티","에어비엔비,콘도,게스트하우스",오전 10시 이후,300-400만원,"이 사용자는 유럽 지역을 선호하고, 건조함 기후를 피하고 싶어해요. 여행 목적은 액티비티이며, 에어비엔비에서 머무는 걸 좋아하고 오전 10시 이후쯤 기상하는 편이에요.",
278,매우 민감,수용적,많다,종종 늦음,따르는 편,2,매우 민감,꽤 빡빡하게,국내,바다,계획 여행,무조건 다 봄,코골이 안함,다른 곳 간다,"세계일주,그 외,동남아","건조함,추움,습함","휴식,사람&관계,액티비티","민박,상관없음,게스트하우스",오전 9-10시,400만원 이상,"이 사용자는 세계일주 지역을 선호하고, 건조함 기후를 피하고 싶어해요. 여행 목적은 사람&관계이며, 상관없음에서 머무는 걸 좋아하고 오전 9-10시쯤 기상하는 편이에요.",
279,꽤 민감,보통,매우 많다,자주 늦음,따르는 편,3,보통,꽤 여유있게,국내,바다,계획 여행,적당히 봄,코골이 함,기다림,"일본,유럽,국내","더움,쌀쌀함,습함","도전과성장,액티비티,기록","상관없음,민박,게스트하우스",오전 8-9시,100만원 이하,"이 사용자는 유럽 지역을 선호하고, 습함 기후를 피하고 싶어해요. 여행 목적은 도전과성장이며, 상관없음에서 머무는 걸 좋아하고 오전 8-9시쯤 기상하는 편이에요.",
280,꽤 민감,다소 완고,적다,자주 늦음,무조건 따름,3,매우 민감,매우 빡빡하게,국내,산,즉흥 여행,무조건 다 봄,코골이 함,다른 곳 간다,"미국,동남아,유럽","쌀쌀함,습함,더움","도전과성장,공연&경기관람,미식","에어비엔비,4-5성급호텔,펜션",오전 9-10시,100만원 이하,"이 사용자는 동남아 지역을 선호하고, 더움 기후를 피하고 싶어해요. 여행 목적은 도전과성장이며, 펜션에서 머무는 걸 좋아하고 오전 9-10시쯤 기상하는 편이에요.",
281,매우 둔감,매우 수용적,많다,종종 늦음,무조건 리드,3,매우 둔감,매우 빡빡하게,국내,산,계획 여행,적당히 봄,코골이 안함,다른 곳 간다,"세계일주,그 외,동남아","건조함,습함,쌀쌀함","미식,액티비티,쇼핑","콘도,펜션,에어비엔비",오전 8-9시,100만원 이하,"이 사용자는 그 외 지역을 선호하고, 습함 기후를 피하고 싶어해요. 여행 목적은 미식이며, 에어비엔비에서 머무는 걸 좋아하고 오전 8-9시쯤 기상하는 편이에요.",
282,둔감,다소 완고,매우 많다,매우 정확,보통,1,매우 둔감,보통,국내,산,계획 여행,적당히 봄,코골이 안함,다른 곳 간다,"동남아,일본,국내","추움,쌀쌀함,습함","사람&관계,액티비티,공연&경기관람","민박,3성이하 호텔,에어비엔비",오전 9-10시,200-300만원,"이 사용자는 일본 지역을 선호하고, 추움 기후를 피하고 싶어해요. 여행 목적은 사람&관계이며, 3성이하 호텔에서 머무는 걸 좋아하고 오전 9-10시쯤 기상하는 편이에요.",
283,보통,매우 완고,많다,자주 늦음,무조건 리드,3,보통,매우 빡빡하게,국내,산,즉흥 여행,적당히 봄,코골이 함,다른 곳 간다,"세계일주,일본,유럽","더움,쌀쌀함,상관없음","도전과성장,기록,문화&역사체험","게스트하우스,에어비엔비,4-5성급호텔",오전 8-9시,400만원 이상,"이 사용자는 세계일주 지역을 선호하고, 상관없음 기후를 피하고 싶어해요. 여행 목적은 문화&역사체험이며, 에어비엔비에서 머무는 걸 좋아하고 오전 8-9시쯤 기상하는 편이에요.",
284,보통,매우 완고,매우 많다,보통,무조건 따름,3,매우 민감,매우 빡빡하게,국내,바다,즉흥 여행,무조건 다 봄,코골이 안함,기다림,"그 외,유럽,동남아","상관없음,건조함,더움","도전과성장,사람&관계,문화&역사체험","게스트하우스,펜션,상관없음",오전 10시 이후,300-400만원,"이 사용자는 동남아 지역을 선호하고, 더움 기후를 피하고 싶어해요. 여행 목적은 사람&관계이며, 상관없음에서 머무는 걸 좋아하고 오전 10시 이후쯤 기상하는 편이에요.",
285,매우 둔감,보통,많다,보통,무조건 따름,2,둔감,매우 여유있게,국내,산,즉흥 여행,무조건 다 봄,코골이 안함,기다림,"중국&몽골,미국,국내","추움,더움,건조함","문화&역사체험,휴식,사람&관계","에어비엔비,4-5성급호텔,펜션",오전 10시 이후,300-400만원,"이 사용자는 중국&몽골 지역을 선호하고, 더움 기후를 피하고 싶어해요. 여행 목적은 사람&관계이며, 4-5성급호텔에서 머무는 걸 좋아하고 오전 10시 이후쯤 기상하는 편이에요.",
286,보통,다소 완고,매우 적다,자주 늦음,무조건 따름,1,보통,꽤 여유있게,국내,산,즉흥 여행,무조건 다 봄,코골이 함,기다림,"미국,세계일주,중국&몽골","쌀쌀함,상관없음,추움","사람&관계,공연&경기관람,도전과성장","콘도,게스트하우스,펜션",오전 10시 이후,300-400만원,"이 사용자는 중국&몽골 지역을 선호하고, 쌀쌀함 기후를 피하고 싶어해요. 여행 목적은 사람&관계이며, 게스트하우스에서 머무는 걸 좋아하고 오전 10시 이후쯤 기상하는 편이에요.",
287,꽤 민감,수용적,보통,자주 늦음,보통,1,꽤 민감,보통,해외,산,계획 여행,적당히 봄,코골이 안함,다른 곳 간다,"유럽,일본,세계일주","건조함,습함,더움","액티비티,기록,미식","에어비엔비,3성이하 호텔,4-5성급호텔",오전 8-9시,300-400만원,"이 사용자는 세계일주 지역을 선호하고, 더움 기후를 피하고 싶어해요. 여행 목적은 기록이며, 3성이하 호텔에서 머무는 걸 좋아하고 오전 8-9시쯤 기상하는 편이에요.",
288,꽤 민감,보통,매우 적다,종종 늦음,보통,1,매우 민감,꽤 여유있게,해외,산,즉흥 여행,무조건 다 봄,코골이 함,다른 곳 간다,"국내,일본,유럽","건조함,상관없음,쌀쌀함","공연&경기관람,기록,미식","민박,상관없음,3성이하 호텔",오전 8-9시,300-400만원,"이 사용자는 국내 지역을 선호하고, 건조함 기후를 피하고 싶어해요. 여행 목적은 기록이며, 상관없음에서 머무는 걸 좋아하고 오전 8-9시쯤 기상하는 편이에요.",
289,둔감,다소 완고,적다,보통,리드하는편,3,매우 민감,꽤 여유있게,해외,산,즉흥 여행,무조건 다 봄,코골이 함,다른 곳 간다,"세계일주,유럽,미국","상관없음,추움,건조함","쇼핑,휴식,액티비티","4-5성급호텔,3성이하 호텔,에어비엔비",오전 10시 이후,100만원 이하,"이 사용자는 세계일주 지역을 선호하고, 건조함 기후를 피하고 싶어해요. 여행 목적은 액티비티이며, 3성이하 호텔에서 머무는 걸 좋아하고 오전 10시 이후쯤 기상하는 편이에요.",
290,보통,매우 완고,매우 많다,매우 정확,따르는 편,3,둔감,꽤 여유있게,해외,바다,즉흥 여행,무조건 다 봄,코골이 안함,기다림,"그 외,세계일주,국내","쌀쌀함,상관없음,더움","문화&역사체험,쇼핑,도전과성장","민박,콘도,펜션",오전 9-10시,300-400만원,"이 사용자는 세계일주 지역을 선호하고, 쌀쌀함 기후를 피하고 싶어해요. 여행 목적은 문화&역사체험이며, 펜션에서 머무는 걸 좋아하고 오전 9-10시쯤 기상하는 편이에요.",
291,매우 민감,다소 완고,적다,매우 정확,리드하는편,4,매우 둔감,꽤 빡빡하게,해외,산,계획 여행,적당히 봄,코골이 안함,기다림,"미국,동남아,세계일주","추움,쌀쌀함,건조함","사람&관계,휴식,액티비티","콘도,민박,3성이하 호텔",오전 9-10시,300-400만원,"이 사용자는 세계일주 지역을 선호하고, 쌀쌀함 기후를 피하고 싶어해요. 여행 목적은 휴식이며, 콘도에서 머무는 걸 좋아하고 오전 9-10시쯤 기상하는 편이에요.",
292,보통,매우 완고,많다,매우 정확,무조건 리드,1,둔감,매우 여유있게,해외,바다,즉흥 여행,무조건 다 봄,코골이 함,다른 곳 간다,"동남아,세계일주,미국","상관없음,습함,건조함","도전과성장,휴식,미식","3성이하 호텔,상관없음,민박",오전 8-9시,400만원 이상,"이 사용자는 세계일주 지역을 선호하고, 습함 기후를 피하고 싶어해요. 여행 목적은 미식이며, 3성이하 호텔에서 머무는 걸 좋아하고 오전 8-9시쯤 기상하는 편이에요.",
293,꽤 민감,수용적,많다,보통,무조건 리드,4,매우 둔감,매우 여유있게,국내,산,즉흥 여행,적당히 봄,코골이 함,다른 곳 간다,"세계일주,일본,미국","더움,추움,상관없음","휴식,사람&관계,기록","3성이하 호텔,에어비엔비,민박",오전 10시 이후,100만원 이하,"이 사용자는 일본 지역을 선호하고, 더움 기후를 피하고 싶어해요. 여행 목적은 기록이며, 에어비엔비에서 머무는 걸 좋아하고 오전 10시 이후쯤 기상하는 편이에요.",
294,매우 민감,보통,매우 많다,보통,무조건 리드,3,보통,매우 빡빡하게,해외,산,즉흥 여행,무조건 다 봄,코골이 안함,기다림,"동남아,유럽,일본","상관없음,건조함,습함","미식,문화&역사체험,사람&관계","콘도,민박,게스트하우스",오전 8-9시,200-300만원,"이 사용자는 유럽 지역을 선호하고, 상관없음 기후를 피하고 싶어해요. 여행 목적은 미식이며, 콘도에서 머무는 걸 좋아하고 오전 8-9시쯤 기상하는 편이에요.",
295,둔감,보통,매우 많다,보통,보통,1,매우 둔감,꽤 여유있게,해외,산,즉흥 여행,적당히 봄,코골이 함,다른 곳 간다,"중국&몽골,유럽,일본","건조함,쌀쌀함,습함","기록,액티비티,미식","게스트하우스,4-5성급호텔,상관없음",오전 8-9시,200-300만원,"이 사용자는 일본 지역을 선호하고, 습함 기후를 피하고 싶어해요. 여행 목적은 액티비티이며, 게스트하우스에서 머무는 걸 좋아하고 오전 8-9시쯤 기상하는 편이에요.",
296,보통,다소 완고,매우 적다,꽤 정확,리드하는편,4,매우 둔감,매우 빡빡하게,국내,바다,즉흥 여행,무조건 다 봄,코골이 함,다른 곳 간다,"일본,유럽,세계일주","습함,추움,쌀쌀함","휴식,도전과성장,문화&역사체험","에어비엔비,3성이하 호텔,4-5성급호텔",오전 9-10시,300-400만원,"이 사용자는 일본 지역을 선호하고, 추움 기후를 피하고 싶어해요. 여행 목적은 문화&역사체험이며, 3성이하 호텔에서 머무는 걸 좋아하고 오전 9-10시쯤 기상하는 편이에요.",
297,보통,매우 완고,적다,자주 늦음,무조건 리드,3,매우 민감,매우 여유있게,해외,바다,즉흥 여행,무조건 다 봄,코골이 안함,기다림,"유럽,국내,그 외","습함,더움,건조함","휴식,도전과성장,미식","게스트하우스,펜션,상관없음",오전 10시 이후,200-300만원,"이 사용자는 그 외 지역을 선호하고, 더움 기후를 피하고 싶어해요. 여행 목적은 미식이며, 게스트하우스에서 머무는 걸 좋아하고 오전 10시 이후쯤 기상하는 편이에요.",
298,보통,다소 완고,매우 많다,매우 정확,리드하는편,2,매우 민감,매우 빡빡하게,국내,산,계획 여행,무조건 다 봄,코골이 함,기다림,"중국&몽골,일본,국내","건조함,더움,상관없음","자연감상,문화&역사체험,미식","콘도,3성이하 호텔,게스트하우스",오전 9-10시,200-300만원,"이 사용자는 중국&몽골 지역을 선호하고, 건조함 기후를 피하고 싶어해요. 여행 목적은 자연감상이며, 3성이하 호텔에서 머무는 걸 좋아하고 오전 9-10시쯤 기상하는 편이에요.",
299,매우 민감,보통,적다,매우 정확,리드하는편,2,둔감,꽤 빡빡하게,해외,산,계획 여행,무조건 다 봄,코골이 함,기다림,"세계일주,일본,미국","쌀쌀함,추움,더움","문화&역사체험,휴식,미식","3성이하 호텔,4-5성급호텔,민박",오전 8-9시,400만원 이상,"이 사용자는 일본 지역을 선호하고, 더움 기후를 피하고 싶어해요. 여행 목적은 미식이며, 3성이하 호텔에서 머무는 걸 좋아하고 오전 8-9시쯤 기상하는 편이에요.",
300,매우 둔감,보통,적다,자주 늦음,보통,4,꽤 민감,매우 여유있게,국내,산,즉흥 여행,적당히 봄,코골이 함,다른 곳 간다,"일본,동남아,중국&몽골","상관없음,더움,건조함","쇼핑,사람&관계,휴식","펜션,민박,콘도",오전 8-9시,100만원 이하,"이 사용자는 일본 지역을 선호하고, 건조함 기후를 피하고 싶어해요. 여행 목적은 휴식이며, 민박에서 머무는 걸 좋아하고 오전 8-9시쯤 기상하는 편이에요.",
301,보통,보통,매우 많다,매우 정확,리드하는편,2,둔감,매우 빡빡하게,국내,산,즉흥 여행,무조건 다 봄,코골이 함,다른 곳 간다,"미국,중국&몽골,일본","습함,상관없음,더움","공연&경기관람,사람&관계,기록","에어비엔비,게스트하우스,펜션",오전 8-9시,400만원 이상,"이 사용자는 일본 지역을 선호하고, 습함 기후를 피하고 싶어해요. 여행 목적은 공연&경기관람이며, 펜션에서 머무는 걸 좋아하고 오전 8-9시쯤 기상하는 편이에요.",
302,매우 둔감,보통,매우 적다,종종 늦음,따르는 편,2,매우 둔감,매우 빡빡하게,국내,산,즉흥 여행,적당히 봄,코골이 안함,다른 곳 간다,"미국,동남아,그 외","습함,상관없음,쌀쌀함","도전과성장,미식,문화&역사체험","콘도,상관없음,에어비엔비",오전 9-10시,100만원 이하,"이 사용자는 그 외 지역을 선호하고, 쌀쌀함 기후를 피하고 싶어해요. 여행 목적은 문화&역사체험이며, 상관없음에서 머무는 걸 좋아하고 오전 9-10시쯤 기상하는 편이에요.",
303,보통,매우 완고,많다,보통,무조건 따름,1,매우 민감,꽤 빡빡하게,국내,산,계획 여행,적당히 봄,코골이 함,기다림,"일본,국내,중국&몽골","추움,건조함,상관없음","미식,자연감상,쇼핑","펜션,민박,3성이하 호텔",오전 8-9시,100만원 이하,"이 사용자는 일본 지역을 선호하고, 건조함 기후를 피하고 싶어해요. 여행 목적은 쇼핑이며, 펜션에서 머무는 걸 좋아하고 오전 8-9시쯤 기상하는 편이에요.",
304,둔감,보통,많다,보통,따르는 편,4,매우 민감,보통,해외,산,계획 여행,무조건 다 봄,코골이 함,기다림,"그 외,유럽,미국","더움,건조함,습함","공연&경기관람,기록,자연감상","4-5성급호텔,에어비엔비,상관없음",오전 10시 이후,200-300만원,"이 사용자는 그 외 지역을 선호하고, 건조함 기후를 피하고 싶어해요. 여행 목적은 기록이며, 에어비엔비에서 머무는 걸 좋아하고 오전 10시 이후쯤 기상하는 편이에요.",
305,둔감,매우 수용적,보통,보통,리드하는편,1,보통,매우 빡빡하게,국내,산,즉흥 여행,적당히 봄,코골이 안함,기다림,"중국&몽골,동남아,그 외","추움,건조함,상관없음","사람&관계,미식,문화&역사체험","상관없음,콘도,4-5성급호텔",오전 9-10시,400만원 이상,"이 사용자는 중국&몽골 지역을 선호하고, 건조함 기후를 피하고 싶어해요. 여행 목적은 문화&역사체험이며, 콘도에서 머무는 걸 좋아하고 오전 9-10시쯤 기상하는 편이에요.",
306,꽤 민감,수용적,많다,꽤 정확,리드하는편,4,꽤 민감,매우 여유있게,해외,바다,즉흥 여행,적당히 봄,코골이 함,기다림,"국내,일본,동남아","추움,더움,쌀쌀함","공연&경기관람,쇼핑,휴식","민박,에어비엔비,상관없음",오전 8-9시,200-300만원,"이 사용자는 동남아 지역을 선호하고, 쌀쌀함 기후를 피하고 싶어해요. 여행 목적은 휴식이며, 에어비엔비에서 머무는 걸 좋아하고 오전 8-9시쯤 기상하는 편이에요.",
307,둔감,수용적,많다,종종 늦음,무조건 리드,1,보통,매우 빡빡하게,해외,산,계획 여행,무조건 다 봄,코골이 안함,다른 곳 간다,"중국&몽골,유럽,동남아","쌀쌀함,더움,추움","쇼핑,문화&역사체험,자연감상","3성이하 호텔,상관없음,에어비엔비",오전 10시 이후,200-300만원,"이 사용자는 중국&몽골 지역을 선호하고, 쌀쌀함 기후를 피하고 싶어해요. 여행 목적은 자연감상이며, 상관없음에서 머무는 걸 좋아하고 오전 10시 이후쯤 기상하는 편이에요.",
308,꽤 민감,수용적,많다,매우 정확,무조건 따름,5,보통,매우 빡빡하게,국내,산,계획 여행,무조건 다 봄,코골이 안함,다른 곳 간다,"중국&몽골,미국,동남아","쌀쌀함,건조함,상관없음","쇼핑,도전과성장,자연감상","에어비엔비,콘도,게스트하우스",오전 9-10시,300-400만원,"이 사용자는 동남아 지역을 선호하고, 건조함 기후를 피하고 싶어해요. 여행 목적은 도전과성장이며, 에어비엔비에서 머무는 걸 좋아하고 오전 9-10시쯤 기상하는 편이에요.",
309,매우 둔감,매우 수용적,매우 적다,자주 늦음,무조건 따름,2,매우 민감,보통,국내,바다,즉흥 여행,적당히 봄,코골이 함,기다림,"세계일주,중국&몽골,유럽","건조함,상관없음,추움","공연&경기관람,자연감상,문화&역사체험","에어비엔비,게스트하우스,3성이하 호텔",오전 10시 이후,100만원 이하,"이 사용자는 중국&몽골 지역을 선호하고, 추움 기후를 피하고 싶어해요. 여행 목적은 자연감상이며, 에어비엔비에서 머무는 걸 좋아하고 오전 10시 이후쯤 기상하는 편이에요.",
310,보통,수용적,보통,꽤 정확,리드하는편,4,매우 둔감,꽤 여유있게,해외,바다,계획 여행,무조건 다 봄,코골이 함,기다림,"미국,유럽,그 외","쌀쌀함,추움,건조함","문화&역사체험,쇼핑,자연감상","민박,콘도,게스트하우스",오전 9-10시,300-400만원,"이 사용자는 미국 지역을 선호하고, 쌀쌀함 기후를 피하고 싶어해요. 여행 목적은 문화&역사체험이며, 콘도에서 머무는 걸 좋아하고 오전 9-10시쯤 기상하는 편이에요.",
311,둔감,매우 수용적,보통,매우 정확,무조건 따름,1,둔감,꽤 빡빡하게,국내,산,계획 여행,적당히 봄,코골이 함,다른 곳 간다,"세계일주,중국&몽골,미국","쌀쌀함,습함,더움","미식,기록,휴식","상관없음,민박,4-5성급호텔",오전 9-10시,400만원 이상,"이 사용자는 중국&몽골 지역을 선호하고, 더움 기후를 피하고 싶어해요. 여행 목적은 휴식이며, 4-5성급호텔에서 머무는 걸 좋아하고 오전 9-10시쯤 기상하는 편이에요.",
312,매우 둔감,매우 완고,많다,자주 늦음,리드하는편,2,보통,매우 빡빡하게,해외,바다,계획 여행,무조건 다 봄,코골이 안함,다른 곳 간다,"동남아,일본,중국&몽골","더움,쌀쌀함,건조함","자연감상,기록,휴식","상관없음,펜션,콘도",오전 9-10시,100만원 이하,"이 사용자는 동남아 지역을 선호하고, 더움 기후를 피하고 싶어해요. 여행 목적은 기록이며, 콘도에서 머무는 걸 좋아하고 오전 9-10시쯤 기상하는 편이에요.",
313,보통,수용적,보통,종종 늦음,무조건 따름,5,보통,매우 여유있게,국내,산,계획 여행,적당히 봄,코골이 안함,다른 곳 간다,"유럽,세계일주,미국","건조함,쌀쌀함,추움","자연감상,사람&관계,문화&역사체험","3성이하 호텔,상관없음,4-5성급호텔",오전 10시 이후,300-400만원,"이 사용자는 미국 지역을 선호하고, 건조함 기후를 피하고 싶어해요. 여행 목적은 문화&역사체험이며, 4-5성급호텔에서 머무는 걸 좋아하고 오전 10시 이후쯤 기상하는 편이에요.",
314,매우 둔감,매우 수용적,많다,보통,보통,1,매우 둔감,매우 여유있게,국내,산,계획 여행,무조건 다 봄,코골이 함,다른 곳 간다,"유럽,미국,동남아","습함,추움,더움","사람&관계,문화&역사체험,공연&경기관람","콘도,민박,에어비엔비",오전 10시 이후,400만원 이상,"이 사용자는 미국 지역을 선호하고, 추움 기후를 피하고 싶어해요. 여행 목적은 문화&역사체험이며, 민박에서 머무는 걸 좋아하고 오전 10시 이후쯤 기상하는 편이에요.",
315,둔감,다소 완고,매우 많다,종종 늦음,무조건 리드,2,둔감,보통,국내,산,계획 여행,적당히 봄,코골이 안함,다른 곳 간다,"유럽,그 외,세계일주","쌀쌀함,상관없음,추움","휴식,미식,쇼핑","게스트하우스,펜션,상관없음",오전 8-9시,300-400만원,"이 사용자는 유럽 지역을 선호하고, 쌀쌀함 기후를 피하고 싶어해요. 여행 목적은 미식이며, 게스트하우스에서 머무는 걸 좋아하고 오전 8-9시쯤 기상하는 편이에요.",
316,둔감,매우 수용적,매우 적다,종종 늦음,무조건 리드,1,매우 둔감,꽤 빡빡하게,국내,산,계획 여행,적당히 봄,코골이 함,다른 곳 간다,"그 외,일본,유럽","쌀쌀함,상관없음,더움","사람&관계,자연감상,문화&역사체험","상관없음,게스트하우스,펜션",오전 9-10시,400만원 이상,"이 사용자는 그 외 지역을 선호하고, 상관없음 기후를 피하고 싶어해요. 여행 목적은 문화&역사체험이며, 펜션에서 머무는 걸 좋아하고 오전 9-10시쯤 기상하는 편이에요.",
317,매우 둔감,다소 완고,많다,꽤 정확,무조건 리드,5,꽤 민감,꽤 빡빡하게,해외,산,계획 여행,적당히 봄,코골이 안함,다른 곳 간다,"세계일주,중국&몽골,동남아","건조함,쌀쌀함,더움","사람&관계,공연&경기관람,자연감상","4-5성급호텔,민박,상관없음",오전 10시 이후,200-300만원,"이 사용자는 동남아 지역을 선호하고, 쌀쌀함 기후를 피하고 싶어해요. 여행 목적은 공연&경기관람이며, 상관없음에서 머무는 걸 좋아하고 오전 10시 이후쯤 기상하는 편이에요.",
318,꽤 민감,보통,매우 적다,자주 늦음,무조건 리드,3,꽤 민감,꽤 빡빡하게,해외,바다,즉흥 여행,무조건 다 봄,코골이 안함,다른 곳 간다,"유럽,중국&몽골,미국","더움,추움,상관없음","자연감상,사람&관계,휴식","상관없음,에어비엔비,펜션",오전 10시 이후,400만원 이상,"이 사용자는 미국 지역을 선호하고, 추움 기후를 피하고 싶어해요. 여행 목적은 휴식이며, 펜션에서 머무는 걸 좋아하고 오전 10시 이후쯤 기상하는 편이에요.",
319,둔감,매우 완고,적다,꽤 정확,리드하는편,2,보통,보통,해외,산,계획 여행,무조건 다 봄,코골이 함,기다림,"국내,세계일주,동남아","상관없음,건조함,습함","자연감상,쇼핑,미식","민박,게스트하우스,펜션",오전 10시 이후,300-400만원,"이 사용자는 국내 지역을 선호하고, 상관없음 기후를 피하고 싶어해요. 여행 목적은 쇼핑이며, 게스트하우스에서 머무는 걸 좋아하고 오전 10시 이후쯤 기상하는 편이에요.",
320,매우 민감,보통,적다,종종 늦음,보통,2,매우 둔감,보통,해외,바다,즉흥 여행,무조건 다 봄,코골이 함,기다림,"유럽,동남아,세계일주","건조함,습함,추움","자연감상,미식,도전과성장","민박,에어비엔비,상관없음",오전 8-9시,200-300만원,"이 사용자는 유럽 지역을 선호하고, 습함 기후를 피하고 싶어해요. 여행 목적은 자연감상이며, 에어비엔비에서 머무는 걸 좋아하고 오전 8-9시쯤 기상하는 편이에요.",
321,매우 민감,수용적,매우 많다,보통,무조건 따름,1,매우 민감,꽤 빡빡하게,해외,바다,즉흥 여행,무조건 다 봄,코골이 함,다른 곳 간다,"중국&몽골,그 외,미국","습함,쌀쌀함,더움","문화&역사체험,액티비티,도전과성장","4-5성급호텔,민박,3성이하 호텔",오전 8-9시,200-300만원,"이 사용자는 중국&몽골 지역을 선호하고, 습함 기후를 피하고 싶어해요. 여행 목적은 문화&역사체험이며, 3성이하 호텔에서 머무는 걸 좋아하고 오전 8-9시쯤 기상하는 편이에요.",
322,보통,매우 수용적,매우 적다,매우 정확,따르는 편,3,보통,꽤 빡빡하게,국내,바다,즉흥 여행,적당히 봄,코골이 안함,기다림,"그 외,국내,동남아","건조함,습함,추움","휴식,사람&관계,기록","펜션,에어비엔비,민박",오전 10시 이후,200-300만원,"이 사용자는 그 외 지역을 선호하고, 추움 기후를 피하고 싶어해요. 여행 목적은 기록이며, 에어비엔비에서 머무는 걸 좋아하고 오전 10시 이후쯤 기상하는 편이에요.",
323,매우 민감,수용적,많다,자주 늦음,무조건 따름,1,매우 둔감,꽤 빡빡하게,국내,바다,계획 여행,적당히 봄,코골이 함,기다림,"동남아,세계일주,국내","더움,상관없음,건조함","사람&관계,미식,공연&경기관람","펜션,상관없음,콘도",오전 10시 이후,100만원 이하,"이 사용자는 동남아 지역을 선호하고, 더움 기후를 피하고 싶어해요. 여행 목적은 사람&관계이며, 상관없음에서 머무는 걸 좋아하고 오전 10시 이후쯤 기상하는 편이에요.",
324,매우 민감,수용적,많다,보통,리드하는편,2,꽤 민감,꽤 빡빡하게,국내,바다,계획 여행,무조건 다 봄,코골이 안함,다른 곳 간다,"동남아,일본,중국&몽골","상관없음,쌀쌀함,건조함","기록,미식,액티비티","에어비엔비,상관없음,4-5성급호텔",오전 8-9시,200-300만원,"이 사용자는 동남아 지역을 선호하고, 건조함 기후를 피하고 싶어해요. 여행 목적은 기록이며, 상관없음에서 머무는 걸 좋아하고 오전 8-9시쯤 기상하는 편이에요.",
325,보통,보통,보통,매우 정확,무조건 따름,3,매우 민감,매우 빡빡하게,국내,바다,계획 여행,무조건 다 봄,코골이 안함,기다림,"일본,국내,동남아","상관없음,쌀쌀함,더움","휴식,도전과성장,사람&관계","4-5성급호텔,민박,상관없음",오전 10시 이후,200-300만원,"이 사용자는 일본 지역을 선호하고, 더움 기후를 피하고 싶어해요. 여행 목적은 도전과성장이며, 민박에서 머무는 걸 좋아하고 오전 10시 이후쯤 기상하는 편이에요.",
326,꽤 민감,보통,매우 적다,매우 정확,보통,1,매우 둔감,꽤 여유있게,해외,바다,즉흥 여행,무조건 다 봄,코골이 함,기다림,"세계일주,그 외,일본","상관없음,추움,건조함","자연감상,액티비티,미식","펜션,민박,상관없음",오전 9-10시,100만원 이하,"이 사용자는 일본 지역을 선호하고, 상관없음 기후를 피하고 싶어해요. 여행 목적은 미식이며, 민박에서 머무는 걸 좋아하고 오전 9-10시쯤 기상하는 편이에요.",
327,매우 둔감,다소 완고,적다,매우 정확,보통,1,매우 둔감,매우 빡빡하게,국내,바다,계획 여행,무조건 다 봄,코골이 함,다른 곳 간다,"유럽,동남아,일본","상관없음,더움,추움","사람&관계,공연&경기관람,도전과성장","펜션,상관없음,4-5성급호텔",오전 8-9시,300-400만원,"이 사용자는 유럽 지역을 선호하고, 추움 기후를 피하고 싶어해요. 여행 목적은 공연&경기관람이며, 상관없음에서 머무는 걸 좋아하고 오전 8-9시쯤 기상하는 편이에요.",
328,매우 민감,매우 완고,매우 많다,보통,리드하는편,3,둔감,매우 빡빡하게,해외,산,즉흥 여행,무조건 다 봄,코골이 함,다른 곳 간다,"미국,일본,그 외","쌀쌀함,습함,더움","공연&경기관람,자연감상,휴식","4-5성급호텔,에어비엔비,민박",오전 9-10시,400만원 이상,"이 사용자는 미국 지역을 선호하고, 더움 기후를 피하고 싶어해요. 여행 목적은 휴식이며, 4-5성급호텔에서 머무는 걸 좋아하고 오전 9-10시쯤 기상하는 편이에요.",
329,보통,보통,적다,매우 정확,무조건 리드,5,둔감,꽤 여유있게,국내,바다,계획 여행,적당히 봄,코골이 함,다른 곳 간다,"동남아,일본,국내","쌀쌀함,습함,건조함","공연&경기관람,기록,쇼핑","4-5성급호텔,에어비엔비,펜션",오전 10시 이후,300-400만원,"이 사용자는 동남아 지역을 선호하고, 건조함 기후를 피하고 싶어해요. 여행 목적은 기록이며, 4-5성급호텔에서 머무는 걸 좋아하고 오전 10시 이후쯤 기상하는 편이에요.",
330,보통,수용적,매우 많다,자주 늦음,무조건 리드,2,보통,보통,국내,산,계획 여행,적당히 봄,코골이 안함,기다림,"미국,그 외,세계일주","습함,더움,추움","쇼핑,사람&관계,액티비티","상관없음,4-5성급호텔,게스트하우스",오전 8-9시,400만원 이상,"이 사용자는 미국 지역을 선호하고, 더움 기후를 피하고 싶어해요. 여행 목적은 사람&관계이며, 상관없음에서 머무는 걸 좋아하고 오전 8-9시쯤 기상하는 편이에요.",
331,보통,다소 완고,매우 많다,자주 늦음,리드하는편,3,꽤 민감,꽤 여유있게,해외,바다,계획 여행,적당히 봄,코골이 안함,기다림,"그 외,미국,일본","습함,더움,추움","자연감상,쇼핑,문화&역사체험","4-5성급호텔,3성이하 호텔,에어비엔비",오전 9-10시,100만원 이하,"이 사용자는 미국 지역을 선호하고, 습함 기후를 피하고 싶어해요. 여행 목적은 자연감상이며, 4-5성급호텔에서 머무는 걸 좋아하고 오전 9-10시쯤 기상하는 편이에요.",
332,매우 민감,보통,매우 적다,꽤 정확,보통,1,매우 민감,꽤 여유있게,해외,바다,즉흥 여행,적당히 봄,코골이 함,다른 곳 간다,"그 외,세계일주,유럽","쌀쌀함,더움,습함","쇼핑,공연&경기관람,액티비티","콘도,펜션,민박",오전 8-9시,100만원 이하,"이 사용자는 유럽 지역을 선호하고, 쌀쌀함 기후를 피하고 싶어해요. 여행 목적은 액티비티이며, 민박에서 머무는 걸 좋아하고 오전 8-9시쯤 기상하는 편이에요.",
333,꽤 민감,다소 완고,매우 많다,자주 늦음,무조건 리드,1,둔감,보통,해외,산,계획 여행,적당히 봄,코골이 함,다른 곳 간다,"동남아,미국,일본","습함,건조함,쌀쌀함","쇼핑,휴식,기록","민박,에어비엔비,펜션",오전 10시 이후,200-300만원,"이 사용자는 동남아 지역을 선호하고, 습함 기후를 피하고 싶어해요. 여행 목적은 기록이며, 민박에서 머무는 걸 좋아하고 오전 10시 이후쯤 기상하는 편이에요.",
334,매우 민감,수용적,매우 많다,종종 늦음,무조건 리드,1,꽤 민감,꽤 빡빡하게,해외,산,즉흥 여행,적당히 봄,코골이 함,다른 곳 간다,"일본,미국,유럽","상관없음,습함,건조함","문화&역사체험,자연감상,도전과성장","4-5성급호텔,콘도,게스트하우스",오전 9-10시,400만원 이상,"이 사용자는 미국 지역을 선호하고, 습함 기후를 피하고 싶어해요. 여행 목적은 자연감상이며, 게스트하우스에서 머무는 걸 좋아하고 오전 9-10시쯤 기상하는 편이에요.",
335,둔감,매우 완고,많다,자주 늦음,무조건 따름,5,둔감,매우 빡빡하게,해외,산,계획 여행,무조건 다 봄,코골이 안함,다른 곳 간다,"동남아,중국&몽골,국내","더움,습함,상관없음","공연&경기관람,도전과성장,미식","콘도,4-5성급호텔,3성이하 호텔",오전 9-10시,400만원 이상,"이 사용자는 중국&몽골 지역을 선호하고, 더움 기후를 피하고 싶어해요. 여행 목적은 미식이며, 콘도에서 머무는 걸 좋아하고 오전 9-10시쯤 기상하는 편이에요.",
336,매우 민감,보통,매우 많다,꽤 정확,리드하는편,3,꽤 민감,매우 빡빡하게,국내,바다,즉흥 여행,무조건 다 봄,코골이 안함,기다림,"중국&몽골,그 외,국내","추움,상관없음,습함","휴식,사람&관계,자연감상","콘도,에어비엔비,3성이하 호텔",오전 10시 이후,200-300만원,"이 사용자는 그 외 지역을 선호하고, 추움 기후를 피하고 싶어해요. 여행 목적은 사람&관계이며, 3성이하 호텔에서 머무는 걸 좋아하고 오전 10시 이후쯤 기상하는 편이에요.",
337,보통,보통,보통,매우 정확,리드하는편,4,매우 둔감,꽤 여유있게,해외,산,즉흥 여행,무조건 다 봄,코골이 안함,다른 곳 간다,"미국,중국&몽골,세계일주","상관없음,건조함,추움","미식,문화&역사체험,액티비티","4-5성급호텔,상관없음,게스트하우스",오전 9-10시,400만원 이상,"이 사용자는 중국&몽골 지역을 선호하고, 건조함 기후를 피하고 싶어해요. 여행 목적은 미식이며, 상관없음에서 머무는 걸 좋아하고 오전 9-10시쯤 기상하는 편이에요.",
338,매우 민감,수용적,매우 많다,꽤 정확,무조건 리드,4,둔감,꽤 빡빡하게,해외,바다,계획 여행,무조건 다 봄,코골이 안함,기다림,"유럽,미국,그 외","더움,건조함,추움","휴식,미식,자연감상","펜션,4-5성급호텔,상관없음",오전 8-9시,100만원 이하,"이 사용자는 유럽 지역을 선호하고, 건조함 기후를 피하고 싶어해요. 여행 목적은 자연감상이며, 상관없음에서 머무는 걸 좋아하고 오전 8-9시쯤 기상하는 편이에요.",
339,매우 민감,매우 완고,매우 많다,자주 늦음,무조건 리드,2,둔감,보통,국내,바다,계획 여행,적당히 봄,코골이 안함,기다림,"미국,세계일주,일본","건조함,상관없음,습함","쇼핑,기록,사람&관계","민박,상관없음,펜션",오전 10시 이후,400만원 이상,"이 사용자는 일본 지역을 선호하고, 상관없음 기후를 피하고 싶어해요. 여행 목적은 쇼핑이며, 상관없음에서 머무는 걸 좋아하고 오전 10시 이후쯤 기상하는 편이에요.",
340,꽤 민감,매우 수용적,보통,보통,리드하는편,5,꽤 민감,꽤 여유있게,국내,산,즉흥 여행,무조건 다 봄,코골이 안함,기다림,"일본,그 외,유럽","건조함,추움,상관없음","미식,액티비티,기록","3성이하 호텔,콘도,상관없음",오전 9-10시,100만원 이하,"이 사용자는 유럽 지역을 선호하고, 건조함 기후를 피하고 싶어해요. 여행 목적은 미식이며, 3성이하 호텔에서 머무는 걸 좋아하고 오전 9-10시쯤 기상하는 편이에요.",
341,매우 민감,매우 완고,많다,매우 정확,따르는 편,5,보통,매우 빡빡하게,국내,산,즉흥 여행,무조건 다 봄,코골이 함,기다림,"미국,유럽,동남아","더움,추움,상관없음","쇼핑,액티비티,사람&관계","게스트하우스,펜션,민박",오전 8-9시,200-300만원,"이 사용자는 동남아 지역을 선호하고, 상관없음 기후를 피하고 싶어해요. 여행 목적은 쇼핑이며, 게스트하우스에서 머무는 걸 좋아하고 오전 8-9시쯤 기상하는 편이에요.",
342,꽤 민감,수용적,적다,보통,리드하는편,5,꽤 민감,보통,해외,바다,계획 여행,적당히 봄,코골이 안함,기다림,"국내,미국,세계일주","습함,추움,건조함","자연감상,미식,기록","민박,4-5성급호텔,상관없음",오전 8-9시,400만원 이상,"이 사용자는 미국 지역을 선호하고, 습함 기후를 피하고 싶어해요. 여행 목적은 자연감상이며, 민박에서 머무는 걸 좋아하고 오전 8-9시쯤 기상하는 편이에요.",
343,꽤 민감,수용적,많다,보통,무조건 리드,1,매우 둔감,꽤 빡빡하게,해외,산,계획 여행,무조건 다 봄,코골이 안함,기다림,"일본,국내,동남아","습함,상관없음,쌀쌀함","기록,미식,쇼핑","콘도,민박,에어비엔비",오전 9-10시,300-400만원,"이 사용자는 일본 지역을 선호하고, 상관없음 기후를 피하고 싶어해요. 여행 목적은 미식이며, 콘도에서 머무는 걸 좋아하고 오전 9-10시쯤 기상하는 편이에요.",
344,꽤 민감,매우 완고,매우 많다,보통,무조건 리드,4,매우 민감,매우 빡빡하게,해외,바다,즉흥 여행,적당히 봄,코골이 함,다른 곳 간다,"동남아,세계일주,미국","더움,추움,건조함","사람&관계,자연감상,휴식","펜션,에어비엔비,3성이하 호텔",오전 10시 이후,100만원 이하,"이 사용자는 세계일주 지역을 선호하고, 더움 기후를 피하고 싶어해요. 여행 목적은 휴식이며, 펜션에서 머무는 걸 좋아하고 오전 10시 이후쯤 기상하는 편이에요.",
345,꽤 민감,매우 완고,보통,꽤 정확,보통,4,보통,매우 빡빡하게,국내,바다,즉흥 여행,무조건 다 봄,코골이 함,기다림,"미국,그 외,국내","건조함,쌀쌀함,습함","도전과성장,사람&관계,기록","에어비엔비,콘도,게스트하우스",오전 8-9시,400만원 이상,"이 사용자는 국내 지역을 선호하고, 건조함 기후를 피하고 싶어해요. 여행 목적은 도전과성장이며, 게스트하우스에서 머무는 걸 좋아하고 오전 8-9시쯤 기상하는 편이에요.",
346,매우 민감,수용적,적다,자주 늦음,리드하는편,3,꽤 민감,보통,국내,산,즉흥 여행,적당히 봄,코골이 안함,다른 곳 간다,"미국,세계일주,중국&몽골","쌀쌀함,습함,더움","쇼핑,문화&역사체험,자연감상","상관없음,게스트하우스,민박",오전 8-9시,200-300만원,"이 사용자는 중국&몽골 지역을 선호하고, 더움 기후를 피하고 싶어해요. 여행 목적은 자연감상이며, 민박에서 머무는 걸 좋아하고 오전 8-9시쯤 기상하는 편이에요.",
347,매우 둔감,보통,적다,매우 정확,무조건 리드,1,보통,매우 여유있게,국내,산,즉흥 여행,무조건 다 봄,코골이 함,다른 곳 간다,"일본,중국&몽골,국내","상관없음,더움,추움","도전과성장,미식,사람&관계","게스트하우스,에어비엔비,4-5성급호텔",오전 9-10시,200-300만원,"이 사용자는 중국&몽골 지역을 선호하고, 추움 기후를 피하고 싶어해요. 여행 목적은 미식이며, 게스트하우스에서 머무는 걸 좋아하고 오전 9-10시쯤 기상하는 편이에요.",
348,매우 민감,수용적,매우 적다,종종 늦음,따르는 편,2,보통,매우 여유있게,해외,산,계획 여행,적당히 봄,코골이 함,기다림,"그 외,동남아,유럽","쌀쌀함,건조함,상관없음","사람&관계,도전과성장,미식","4-5성급호텔,민박,펜션",오전 9-10시,200-300만원,"이 사용자는 유럽 지역을 선호하고, 건조함 기후를 피하고 싶어해요. 여행 목적은 도전과성장이며, 민박에서 머무는 걸 좋아하고 오전 9-10시쯤 기상하는 편이에요.",
349,꽤 민감,다소 완고,보통,종종 늦음,따르는 편,4,둔감,꽤 여유있게,해외,바다,즉흥 여행,적당히 봄,코골이 안함,기다림,"그 외,미국,국내","습함,건조함,추움","미식,도전과성장,액티비티","3성이하 호텔,상관없음,게스트하우스",오전 8-9시,300-400만원,"이 사용자는 그 외 지역을 선호하고, 습함 기후를 피하고 싶어해요. 여행 목적은 미식이며, 게스트하우스에서 머무는 걸 좋아하고 오전 8-9시쯤 기상하는 편이에요.",
350,둔감,다소 완고,적다,꽤 정확,무조건 리드,2,보통,보통,해외,산,즉흥 여행,무조건 다 봄,코골이 안함,기다림,"그 외,동남아,중국&몽골","상관없음,습함,추움","기록,액티비티,도전과성장","상관없음,3성이하 호텔,민박",오전 9-10시,200-300만원,"이 사용자는 그 외 지역을 선호하고, 추움 기후를 피하고 싶어해요. 여행 목적은 도전과성장이며, 민박에서 머무는 걸 좋아하고 오전 9-10시쯤 기상하는 편이에요.",
351,매우 둔감,수용적,매우 적다,꽤 정확,무조건 따름,1,꽤 민감,매우 빡빡하게,국내,바다,즉흥 여행,무조건 다 봄,코골이 함,다른 곳 간다,"미국,국내,그 외","습함,건조함,상관없음","휴식,도전과성장,공연&경기관람","펜션,민박,에어비엔비",오전 9-10시,400만원 이상,"이 사용자는 미국 지역을 선호하고, 습함 기후를 피하고 싶어해요. 여행 목적은 공연&경기관람이며, 민박에서 머무는 걸 좋아하고 오전 9-10시쯤 기상하는 편이에요.",
352,둔감,다소 완고,매우 많다,자주 늦음,리드하는편,5,둔감,매우 빡빡하게,국내,산,계획 여행,무조건 다 봄,코골이 함,기다림,"세계일주,국내,중국&몽골","건조함,상관없음,습함","미식,쇼핑,도전과성장","에어비엔비,3성이하 호텔,게스트하우스",오전 9-10시,100만원 이하,"이 사용자는 중국&몽골 지역을 선호하고, 상관없음 기후를 피하고 싶어해요. 여행 목적은 쇼핑이며, 에어비엔비에서 머무는 걸 좋아하고 오전 9-10시쯤 기상하는 편이에요.",
353,매우 민감,매우 수용적,많다,종종 늦음,따르는 편,3,매우 둔감,보통,국내,산,즉흥 여행,무조건 다 봄,코골이 함,기다림,"세계일주,미국,국내","상관없음,쌀쌀함,습함","사람&관계,휴식,공연&경기관람","상관없음,에어비엔비,4-5성급호텔",오전 8-9시,200-300만원,"이 사용자는 국내 지역을 선호하고, 상관없음 기후를 피하고 싶어해요. 여행 목적은 휴식이며, 상관없음에서 머무는 걸 좋아하고 오전 8-9시쯤 기상하는 편이에요.",
354,매우 둔감,매우 수용적,적다,꽤 정확,보통,3,꽤 민감,매우 여유있게,국내,바다,즉흥 여행,무조건 다 봄,코골이 안함,기다림,"동남아,유럽,미국","더움,쌀쌀함,건조함","휴식,쇼핑,공연&경기관람","콘도,에어비엔비,민박",오전 10시 이후,200-300만원,"이 사용자는 유럽 지역을 선호하고, 건조함 기후를 피하고 싶어해요. 여행 목적은 쇼핑이며, 민박에서 머무는 걸 좋아하고 오전 10시 이후쯤 기상하는 편이에요.",
355,매우 민감,다소 완고,적다,보통,따르는 편,2,매우 민감,보통,국내,바다,즉흥 여행,적당히 봄,코골이 함,다른 곳 간다,"국내,중국&몽골,그 외","상관없음,쌀쌀함,추움","미식,사람&관계,액티비티","상관없음,콘도,에어비엔비",오전 10시 이후,300-400만원,"이 사용자는 국내 지역을 선호하고, 추움 기후를 피하고 싶어해요. 여행 목적은 액티비티이며, 콘도에서 머무는 걸 좋아하고 오전 10시 이후쯤 기상하는 편이에요.",
356,매우 둔감,다소 완고,매우 많다,보통,무조건 따름,5,보통,보통,국내,산,즉흥 여행,무조건 다 봄,코골이 안함,기다림,"동남아,일본,세계일주","쌀쌀함,추움,더움","쇼핑,미식,액티비티","에어비엔비,3성이하 호텔,펜션",오전 10시 이후,300-400만원,"이 사용자는 동남아 지역을 선호하고, 더움 기후를 피하고 싶어해요. 여행 목적은 액티비티이며, 펜션에서 머무는 걸 좋아하고 오전 10시 이후쯤 기상하는 편이에요.",
357,보통,매우 수용적,많다,자주 늦음,무조건 따름,2,매우 민감,매우 여유있게,국내,산,계획 여행,무조건 다 봄,코골이 함,다른 곳 간다,"유럽,그 외,동남아","건조함,쌀쌀함,상관없음","자연감상,미식,액티비티","에어비엔비,게스트하우스,콘도",오전 9-10시,200-300만원,"이 사용자는 그 외 지역을 선호하고, 건조함 기후를 피하고 싶어해요. 여행 목적은 액티비티이며, 에어비엔비에서 머무는 걸 좋아하고 오전 9-10시쯤 기상하는 편이에요.",
358,보통,수용적,매우 많다,종종 늦음,리드하는편,2,둔감,꽤 여유있게,국내,바다,즉흥 여행,적당히 봄,코골이 안함,다른 곳 간다,"미국,일본,중국&몽골","추움,건조함,쌀쌀함","공연&경기관람,문화&역사체험,휴식","게스트하우스,펜션,콘도",오전 10시 이후,200-300만원,"이 사용자는 미국 지역을 선호하고, 건조함 기후를 피하고 싶어해요. 여행 목적은 휴식이며, 콘도에서 머무는 걸 좋아하고 오전 10시 이후쯤 기상하는 편이에요.",
359,꽤 민감,매우 수용적,매우 적다,매우 정확,무조건 따름,5,보통,매우 여유있게,해외,산,계획 여행,적당히 봄,코골이 안함,다른 곳 간다,"일본,중국&몽골,세계일주","추움,쌀쌀함,더움","액티비티,휴식,도전과성장","펜션,에어비엔비,민박",오전 8-9시,400만원 이상,"이 사용자는 세계일주 지역을 선호하고, 쌀쌀함 기후를 피하고 싶어해요. 여행 목적은 액티비티이며, 에어비엔비에서 머무는 걸 좋아하고 오전 8-9시쯤 기상하는 편이에요.",
360,매우 둔감,다소 완고,보통,매우 정확,리드하는편,4,둔감,매우 빡빡하게,국내,바다,즉흥 여행,적당히 봄,코골이 안함,다른 곳 간다,"유럽,미국,일본","더움,추움,습함","자연감상,공연&경기관람,사람&관계","3성이하 호텔,4-5성급호텔,게스트하우스",오전 9-10시,400만원 이상,"이 사용자는 미국 지역을 선호하고, 추움 기후를 피하고 싶어해요. 여행 목적은 사람&관계이며, 4-5성급호텔에서 머무는 걸 좋아하고 오전 9-10시쯤 기상하는 편이에요.",
361,꽤 민감,매우 완고,매우 적다,종종 늦음,따르는 편,1,매우 민감,매우 여유있게,해외,바다,계획 여행,무조건 다 봄,코골이 안함,다른 곳 간다,"유럽,중국&몽골,일본","더움,건조함,상관없음","사람&관계,액티비티,도전과성장","민박,3성이하 호텔,4-5성급호텔",오전 9-10시,200-300만원,"이 사용자는 유럽 지역을 선호하고, 더움 기후를 피하고 싶어해요. 여행 목적은 도전과성장이며, 3성이하 호텔에서 머무는 걸 좋아하고 오전 9-10시쯤 기상하는 편이에요.",
362,둔감,수용적,많다,보통,리드하는편,4,매우 둔감,매우 여유있게,국내,산,계획 여행,무조건 다 봄,코골이 함,기다림,"유럽,그 외,국내","더움,쌀쌀함,추움","쇼핑,공연&경기관람,자연감상","콘도,게스트하우스,3성이하 호텔",오전 8-9시,200-300만원,"이 사용자는 국내 지역을 선호하고, 추움 기후를 피하고 싶어해요. 여행 목적은 공연&경기관람이며, 게스트하우스에서 머무는 걸 좋아하고 오전 8-9시쯤 기상하는 편이에요.",
363,매우 민감,매우 수용적,보통,매우 정확,리드하는편,5,보통,꽤 여유있게,해외,산,즉흥 여행,무조건 다 봄,코골이 안함,기다림,"국내,동남아,중국&몽골","상관없음,습함,건조함","액티비티,공연&경기관람,미식","펜션,상관없음,3성이하 호텔",오전 8-9시,200-300만원,"이 사용자는 국내 지역을 선호하고, 습함 기후를 피하고 싶어해요. 여행 목적은 미식이며, 펜션에서 머무는 걸 좋아하고 오전 8-9시쯤 기상하는 편이에요.",
364,매우 둔감,보통,보통,종종 늦음,무조건 따름,2,매우 둔감,매우 여유있게,국내,바다,계획 여행,적당히 봄,코골이 안함,다른 곳 간다,"미국,유럽,국내","쌀쌀함,습함,상관없음","사람&관계,쇼핑,공연&경기관람","상관없음,에어비엔비,펜션",오전 9-10시,300-400만원,"이 사용자는 유럽 지역을 선호하고, 습함 기후를 피하고 싶어해요. 여행 목적은 공연&경기관람이며, 펜션에서 머무는 걸 좋아하고 오전 9-10시쯤 기상하는 편이에요.",
365,보통,다소 완고,매우 적다,매우 정확,무조건 리드,5,둔감,매우 여유있게,해외,산,계획 여행,무조건 다 봄,코골이 함,기다림,"국내,세계일주,일본","쌀쌀함,추움,더움","문화&역사체험,쇼핑,사람&관계","콘도,게스트하우스,민박",오전 10시 이후,200-300만원,"이 사용자는 국내 지역을 선호하고, 추움 기후를 피하고 싶어해요. 여행 목적은 문화&역사체험이며, 게스트하우스에서 머무는 걸 좋아하고 오전 10시 이후쯤 기상하는 편이에요.",
366,매우 둔감,매우 완고,매우 적다,꽤 정확,리드하는편,2,보통,매우 여유있게,국내,바다,계획 여행,적당히 봄,코골이 함,다른 곳 간다,"일본,동남아,그 외","상관없음,건조함,쌀쌀함","자연감상,액티비티,미식","게스트하우스,펜션,민박",오전 9-10시,400만원 이상,"이 사용자는 일본 지역을 선호하고, 쌀쌀함 기후를 피하고 싶어해요. 여행 목적은 미식이며, 펜션에서 머무는 걸 좋아하고 오전 9-10시쯤 기상하는 편이에요.",
367,둔감,수용적,많다,자주 늦음,무조건 리드,3,매우 민감,꽤 빡빡하게,국내,바다,즉흥 여행,적당히 봄,코골이 함,기다림,"미국,중국&몽골,세계일주","추움,습함,쌀쌀함","기록,자연감상,사람&관계","펜션,3성이하 호텔,에어비엔비",오전 10시 이후,400만원 이상,"이 사용자는 세계일주 지역을 선호하고, 추움 기후를 피하고 싶어해요. 여행 목적은 기록이며, 3성이하 호텔에서 머무는 걸 좋아하고 오전 10시 이후쯤 기상하는 편이에요.",
368,보통,보통,많다,종종 늦음,무조건 따름,2,꽤 민감,보통,국내,바다,계획 여행,무조건 다 봄,코골이 함,다른 곳 간다,"동남아,중국&몽골,미국","건조함,추움,상관없음","기록,문화&역사체험,사람&관계","펜션,3성이하 호텔,민박",오전 8-9시,100만원 이하,"이 사용자는 미국 지역을 선호하고, 건조함 기후를 피하고 싶어해요. 여행 목적은 문화&역사체험이며, 민박에서 머무는 걸 좋아하고 오전 8-9시쯤 기상하는 편이에요.",
369,보통,매우 완고,보통,보통,무조건 따름,4,매우 둔감,꽤 여유있게,해외,산,즉흥 여행,적당히 봄,코골이 함,다른 곳 간다,"동남아,유럽,세계일주","쌀쌀함,건조함,상관없음","문화&역사체험,자연감상,미식","3성이하 호텔,상관없음,콘도",오전 10시 이후,100만원 이하,"이 사용자는 유럽 지역을 선호하고, 상관없음 기후를 피하고 싶어해요. 여행 목적은 자연감상이며, 콘도에서 머무는 걸 좋아하고 오전 10시 이후쯤 기상하는 편이에요.",
370,매우 민감,다소 완고,매우 많다,매우 정확,무조건 따름,5,보통,보통,국내,바다,계획 여행,무조건 다 봄,코골이 안함,기다림,"국내,일본,세계일주","더움,쌀쌀함,습함","휴식,액티비티,자연감상","4-5성급호텔,에어비엔비,상관없음",오전 9-10시,400만원 이상,"이 사용자는 세계일주 지역을 선호하고, 더움 기후를 피하고 싶어해요. 여행 목적은 휴식이며, 4-5성급호텔에서 머무는 걸 좋아하고 오전 9-10시쯤 기상하는 편이에요.",
371,매우 민감,수용적,적다,종종 늦음,무조건 따름,2,매우 둔감,꽤 여유있게,국내,바다,계획 여행,무조건 다 봄,코골이 함,다른 곳 간다,"유럽,국내,중국&몽골","습함,더움,상관없음","미식,기록,액티비티","4-5성급호텔,3성이하 호텔,게스트하우스",오전 10시 이후,100만원 이하,"이 사용자는 국내 지역을 선호하고, 상관없음 기후를 피하고 싶어해요. 여행 목적은 기록이며, 3성이하 호텔에서 머무는 걸 좋아하고 오전 10시 이후쯤 기상하는 편이에요.",
372,보통,매우 수용적,적다,종종 늦음,무조건 따름,4,보통,매우 빡빡하게,해외,산,즉흥 여행,무조건 다 봄,코골이 함,기다림,"일본,미국,유럽","건조함,추움,쌀쌀함","쇼핑,도전과성장,문화&역사체험","민박,4-5성급호텔,에어비엔비",오전 8-9시,400만원 이상,"이 사용자는 일본 지역을 선호하고, 쌀쌀함 기후를 피하고 싶어해요. 여행 목적은 문화&역사체험이며, 에어비엔비에서 머무는 걸 좋아하고 오전 8-9시쯤 기상하는 편이에요.",
373,매우 민감,보통,매우 적다,자주 늦음,무조건 따름,4,매우 둔감,매우 여유있게,국내,산,즉흥 여행,무조건 다 봄,코골이 함,다른 곳 간다,"일본,국내,동남아","상관없음,건조함,더움","문화&역사체험,기록,액티비티","민박,3성이하 호텔,콘도",오전 10시 이후,400만원 이상,"이 사용자는 일본 지역을 선호하고, 더움 기후를 피하고 싶어해요. 여행 목적은 기록이며, 콘도에서 머무는 걸 좋아하고 오전 10시 이후쯤 기상하는 편이에요.",
374,둔감,수용적,많다,종종 늦음,무조건 리드,5,매우 둔감,매우 빡빡하게,국내,산,즉흥 여행,무조건 다 봄,코골이 함,기다림,"일본,그 외,중국&몽골","상관없음,건조함,추움","쇼핑,액티비티,도전과성장","상관없음,민박,에어비엔비",오전 9-10시,100만원 이하,"이 사용자는 일본 지역을 선호하고, 건조함 기후를 피하고 싶어해요. 여행 목적은 도전과성장이며, 민박에서 머무는 걸 좋아하고 오전 9-10시쯤 기상하는 편이에요.",
375,둔감,매우 수용적,적다,종종 늦음,무조건 따름,2,꽤 민감,꽤 여유있게,국내,바다,즉흥 여행,적당히 봄,코골이 안함,기다림,"동남아,그 외,중국&몽골","상관없음,습함,건조함","쇼핑,미식,공연&경기관람","게스트하우스,민박,콘도",오전 8-9시,100만원 이하,"이 사용자는 동남아 지역을 선호하고, 건조함 기후를 피하고 싶어해요. 여행 목적은 쇼핑이며, 게스트하우스에서 머무는 걸 좋아하고 오전 8-9시쯤 기상하는 편이에요.",
376,매우 둔감,다소 완고,매우 많다,종종 늦음,따르는 편,2,매우 둔감,보통,해외,바다,계획 여행,적당히 봄,코골이 안함,다른 곳 간다,"일본,유럽,세계일주","추움,건조함,습함","문화&역사체험,기록,공연&경기관람","펜션,콘도,에어비엔비",오전 9-10시,100만원 이하,"이 사용자는 일본 지역을 선호하고, 습함 기후를 피하고 싶어해요. 여행 목적은 공연&경기관람이며, 콘도에서 머무는 걸 좋아하고 오전 9-10시쯤 기상하는 편이에요.",
377,꽤 민감,매우 수용적,보통,매우 정확,보통,4,매우 민감,꽤 빡빡하게,해외,산,계획 여행,무조건 다 봄,코골이 함,기다림,"세계일주,중국&몽골,유럽","건조함,상관없음,쌀쌀함","자연감상,휴식,도전과성장","콘도,4-5성급호텔,상관없음",오전 9-10시,200-300만원,"이 사용자는 세계일주 지역을 선호하고, 건조함 기후를 피하고 싶어해요. 여행 목적은 자연감상이며, 상관없음에서 머무는 걸 좋아하고 오전 9-10시쯤 기상하는 편이에요.",
378,보통,다소 완고,보통,종종 늦음,보통,5,보통,보통,국내,바다,계획 여행,적당히 봄,코골이 함,다른 곳 간다,"세계일주,유럽,국내","더움,습함,쌀쌀함","사람&관계,공연&경기관람,기록","상관없음,에어비엔비,민박",오전 8-9시,200-300만원,"이 사용자는 세계일주 지역을 선호하고, 습함 기후를 피하고 싶어해요. 여행 목적은 사람&관계이며, 상관없음에서 머무는 걸 좋아하고 오전 8-9시쯤 기상하는 편이에요.",
379,꽤 민감,다소 완고,많다,보통,보통,3,매우 민감,꽤 여유있게,해외,바다,계획 여행,적당히 봄,코골이 안함,다른 곳 간다,"세계일주,일본,유럽","추움,쌀쌀함,상관없음","미식,공연&경기관람,도전과성장","민박,에어비엔비,4-5성급호텔",오전 9-10시,300-400만원,"이 사용자는 일본 지역을 선호하고, 추움 기후를 피하고 싶어해요. 여행 목적은 도전과성장이며, 4-5성급호텔에서 머무는 걸 좋아하고 오전 9-10시쯤 기상하는 편이에요.",
380,매우 둔감,수용적,매우 적다,매우 정확,보통,5,꽤 민감,매우 여유있게,해외,바다,즉흥 여행,적당히 봄,코골이 함,다른 곳 간다,"유럽,미국,세계일주","쌀쌀함,습함,추움","휴식,미식,기록","3성이하 호텔,민박,펜션",오전 8-9시,300-400만원,"이 사용자는 유럽 지역을 선호하고, 추움 기후를 피하고 싶어해요. 여행 목적은 휴식이며, 펜션에서 머무는 걸 좋아하고 오전 8-9시쯤 기상하는 편이에요.",
381,보통,매우 수용적,매우 적다,보통,무조건 따름,5,매우 민감,꽤 빡빡하게,해외,산,즉흥 여행,무조건 다 봄,코골이 안함,기다림,"일본,중국&몽골,그 외","추움,상관없음,습함","도전과성장,액티비티,쇼핑","상관없음,게스트하우스,콘도",오전 8-9시,100만원 이하,"이 사용자는 중국&몽골 지역을 선호하고, 습함 기후를 피하고 싶어해요. 여행 목적은 도전과성장이며, 콘도에서 머무는 걸 좋아하고 오전 8-9시쯤 기상하는 편이에요.",
382,보통,매우 수용적,매우 많다,꽤 정확,따르는 편,4,둔감,꽤 빡빡하게,해외,산,즉흥 여행,무조건 다 봄,코골이 함,기다림,"세계일주,동남아,국내","추움,더움,상관없음","기록,자연감상,액티비티","펜션,민박,에어비엔비",오전 8-9시,200-300만원,"이 사용자는 세계일주 지역을 선호하고, 더움 기후를 피하고 싶어해요. 여행 목적은 기록이며, 에어비엔비에서 머무는 걸 좋아하고 오전 8-9시쯤 기상하는 편이에요.",
383,매우 민감,매우 완고,매우 적다,종종 늦음,따르는 편,5,둔감,꽤 여유있게,국내,바다,계획 여행,무조건 다 봄,코골이 안함,기다림,"중국&몽골,유럽,일본","습함,상관없음,건조함","자연감상,휴식,사람&관계","에어비엔비,콘도,3성이하 호텔",오전 8-9시,300-400만원,"이 사용자는 유럽 지역을 선호하고, 습함 기후를 피하고 싶어해요. 여행 목적은 휴식이며, 3성이하 호텔에서 머무는 걸 좋아하고 오전 8-9시쯤 기상하는 편이에요.",
384,꽤 민감,매우 수용적,보통,꽤 정확,보통,2,보통,매우 여유있게,해외,산,계획 여행,무조건 다 봄,코골이 안함,다른 곳 간다,"세계일주,그 외,국내","쌀쌀함,상관없음,추움","기록,휴식,사람&관계","게스트하우스,콘도,3성이하 호텔",오전 8-9시,400만원 이상,"이 사용자는 국내 지역을 선호하고, 쌀쌀함 기후를 피하고 싶어해요. 여행 목적은 사람&관계이며, 콘도에서 머무는 걸 좋아하고 오전 8-9시쯤 기상하는 편이에요.",
385,매우 민감,매우 수용적,매우 적다,자주 늦음,보통,3,보통,꽤 여유있게,국내,산,즉흥 여행,무조건 다 봄,코골이 안함,기다림,"동남아,그 외,유럽","건조함,습함,상관없음","사람&관계,문화&역사체험,도전과성장","4-5성급호텔,민박,상관없음",오전 9-10시,200-300만원,"이 사용자는 유럽 지역을 선호하고, 건조함 기후를 피하고 싶어해요. 여행 목적은 사람&관계이며, 상관없음에서 머무는 걸 좋아하고 오전 9-10시쯤 기상하는 편이에요.",
386,둔감,매우 완고,매우 적다,자주 늦음,무조건 리드,3,매우 둔감,매우 여유있게,국내,산,계획 여행,무조건 다 봄,코골이 안함,다른 곳 간다,"유럽,국내,동남아","습함,추움,건조함","자연감상,휴식,미식","4-5성급호텔,게스트하우스,에어비엔비",오전 10시 이후,300-400만원,"이 사용자는 국내 지역을 선호하고, 건조함 기후를 피하고 싶어해요. 여행 목적은 자연감상이며, 게스트하우스에서 머무는 걸 좋아하고 오전 10시 이후쯤 기상하는 편이에요.",
387,보통,다소 완고,적다,꽤 정확,무조건 따름,3,보통,보통,해외,바다,계획 여행,무조건 다 봄,코골이 함,기다림,"그 외,중국&몽골,국내","더움,상관없음,쌀쌀함","쇼핑,미식,기록","펜션,상관없음,민박",오전 8-9시,100만원 이하,"이 사용자는 그 외 지역을 선호하고, 상관없음 기후를 피하고 싶어해요. 여행 목적은 기록이며, 상관없음에서 머무는 걸 좋아하고 오전 8-9시쯤 기상하는 편이에요.",
388,둔감,수용적,보통,보통,무조건 리드,5,둔감,꽤 빡빡하게,국내,바다,즉흥 여행,무조건 다 봄,코골이 안함,기다림,"동남아,유럽,미국","건조함,추움,상관없음","도전과성장,휴식,미식","게스트하우스,콘도,민박",오전 9-10시,100만원 이하,"이 사용자는 미국 지역을 선호하고, 추움 기후를 피하고 싶어해요. 여행 목적은 도전과성장이며, 민박에서 머무는 걸 좋아하고 오전 9-10시쯤 기상하는 편이에요.",
389,둔감,다소 완고,매우 많다,꽤 정확,보통,5,보통,꽤 빡빡하게,국내,바다,계획 여행,무조건 다 봄,코골이 안함,기다림,"세계일주,일본,중국&몽골","습함,상관없음,더움","공연&경기관람,문화&역사체험,미식","에어비엔비,펜션,콘도",오전 8-9시,200-300만원,"이 사용자는 세계일주 지역을 선호하고, 더움 기후를 피하고 싶어해요. 여행 목적은 문화&역사체험이며, 에어비엔비에서 머무는 걸 좋아하고 오전 8-9시쯤 기상하는 편이에요.",
390,꽤 민감,보통,많다,종종 늦음,무조건 리드,5,보통,매우 여유있게,국내,바다,계획 여행,적당히 봄,코골이 안함,다른 곳 간다,"동남아,국내,중국&몽골","습함,건조함,상관없음","자연감상,휴식,사람&관계","민박,콘도,게스트하우스",오전 8-9시,100만원 이하,"이 사용자는 동남아 지역을 선호하고, 습함 기후를 피하고 싶어해요. 여행 목적은 자연감상이며, 민박에서 머무는 걸 좋아하고 오전 8-9시쯤 기상하는 편이에요.",
391,둔감,매우 수용적,적다,자주 늦음,무조건 따름,3,매우 둔감,매우 여유있게,해외,바다,즉흥 여행,무조건 다 봄,코골이 함,다른 곳 간다,"그 외,국내,세계일주","더움,추움,건조함","기록,쇼핑,자연감상","펜션,상관없음,게스트하우스",오전 9-10시,400만원 이상,"이 사용자는 세계일주 지역을 선호하고, 추움 기후를 피하고 싶어해요. 여행 목적은 쇼핑이며, 펜션에서 머무는 걸 좋아하고 오전 9-10시쯤 기상하는 편이에요.",
392,매우 민감,보통,많다,꽤 정확,보통,5,매우 민감,보통,해외,바다,계획 여행,무조건 다 봄,코골이 안함,다른 곳 간다,"그 외,미국,일본","상관없음,쌀쌀함,추움","쇼핑,문화&역사체험,도전과성장","4-5성급호텔,게스트하우스,펜션",오전 10시 이후,400만원 이상,"이 사용자는 그 외 지역을 선호하고, 추움 기후를 피하고 싶어해요. 여행 목적은 쇼핑이며, 펜션에서 머무는 걸 좋아하고 오전 10시 이후쯤 기상하는 편이에요.",
393,꽤 민감,다소 완고,적다,꽤 정확,무조건 리드,2,둔감,매우 빡빡하게,해외,산,즉흥 여행,적당히 봄,코골이 안함,기다림,"미국,세계일주,동남아","추움,쌀쌀함,상관없음","사람&관계,기록,액티비티","민박,펜션,게스트하우스",오전 10시 이후,400만원 이상,"이 사용자는 세계일주 지역을 선호하고, 추움 기후를 피하고 싶어해요. 여행 목적은 기록이며, 게스트하우스에서 머무는 걸 좋아하고 오전 10시 이후쯤 기상하는 편이에요.",
394,매우 둔감,보통,매우 많다,보통,무조건 리드,3,보통,꽤 빡빡하게,해외,산,계획 여행,무조건 다 봄,코골이 함,기다림,"유럽,중국&몽골,동남아","쌀쌀함,추움,습함","액티비티,도전과성장,미식","상관없음,민박,콘도",오전 8-9시,400만원 이상,"이 사용자는 유럽 지역을 선호하고, 습함 기후를 피하고 싶어해요. 여행 목적은 미식이며, 상관없음에서 머무는 걸 좋아하고 오전 8-9시쯤 기상하는 편이에요.",
395,둔감,보통,매우 많다,종종 늦음,리드하는편,5,보통,보통,해외,산,계획 여행,적당히 봄,코골이 함,기다림,"국내,그 외,미국","더움,상관없음,쌀쌀함","사람&관계,기록,미식","상관없음,펜션,4-5성급호텔",오전 8-9시,100만원 이하,"이 사용자는 국내 지역을 선호하고, 쌀쌀함 기후를 피하고 싶어해요. 여행 목적은 기록이며, 4-5성급호텔에서 머무는 걸 좋아하고 오전 8-9시쯤 기상하는 편이에요.",
396,꽤 민감,수용적,매우 적다,보통,무조건 리드,1,둔감,꽤 빡빡하게,해외,바다,계획 여행,적당히 봄,코골이 안함,기다림,"그 외,동남아,유럽","추움,습함,상관없음","기록,문화&역사체험,액티비티","3성이하 호텔,게스트하우스,펜션",오전 8-9시,400만원 이상,"이 사용자는 동남아 지역을 선호하고, 습함 기후를 피하고 싶어해요. 여행 목적은 액티비티이며, 펜션에서 머무는 걸 좋아하고 오전 8-9시쯤 기상하는 편이에요.",
397,꽤 민감,다소 완고,매우 적다,꽤 정확,무조건 따름,5,둔감,보통,국내,산,계획 여행,무조건 다 봄,코골이 안함,기다림,"일본,동남아,중국&몽골","습함,추움,쌀쌀함","기록,미식,쇼핑","3성이하 호텔,4-5성급호텔,상관없음",오전 9-10시,200-300만원,"이 사용자는 동남아 지역을 선호하고, 추움 기후를 피하고 싶어해요. 여행 목적은 미식이며, 4-5성급호텔에서 머무는 걸 좋아하고 오전 9-10시쯤 기상하는 편이에요.",
398,매우 둔감,매우 완고,보통,자주 늦음,리드하는편,3,매우 둔감,꽤 여유있게,국내,바다,계획 여행,적당히 봄,코골이 함,기다림,"동남아,유럽,그 외","상관없음,더움,추움","휴식,액티비티,공연&경기관람","민박,콘도,에어비엔비",오전 10시 이후,100만원 이하,"이 사용자는 그 외 지역을 선호하고, 상관없음 기후를 피하고 싶어해요. 여행 목적은 휴식이며, 콘도에서 머무는 걸 좋아하고 오전 10시 이후쯤 기상하는 편이에요.",
399,매우 민감,매우 완고,보통,매우 정확,무조건 따름,4,매우 둔감,매우 여유있게,해외,산,즉흥 여행,적당히 봄,코골이 함,다른 곳 간다,"일본,세계일주,유럽","추움,상관없음,건조함","도전과성장,휴식,액티비티","상관없음,민박,콘도",오전 9-10시,300-400만원,"이 사용자는 일본 지역을 선호하고, 추움 기후를 피하고 싶어해요. 여행 목적은 도전과성장이며, 민박에서 머무는 걸 좋아하고 오전 9-10시쯤 기상하는 편이에요.",
400,꽤 민감,매우 수용적,보통,꽤 정확,무조건 리드,5,매우 민감,매우 여유있게,국내,바다,계획 여행,무조건 다 봄,코골이 함,다른 곳 간다,"미국,그 외,동남아","건조함,추움,습함","공연&경기관람,문화&역사체험,액티비티","민박,3성이하 호텔,게스트하우스",오전 10시 이후,100만원 이하,"이 사용자는 동남아 지역을 선호하고, 습함 기후를 피하고 싶어해요. 여행 목적은 액티비티이며, 민박에서 머무는 걸 좋아하고 오전 10시 이후쯤 기상하는 편이에요.",
401,매우 둔감,수용적,적다,자주 늦음,리드하는편,5,꽤 민감,매우 빡빡하게,국내,바다,즉흥 여행,적당히 봄,코골이 함,다른 곳 간다,"국내,미국,세계일주","건조함,추움,습함","도전과성장,기록,문화&역사체험","에어비엔비,민박,3성이하 호텔",오전 10시 이후,400만원 이상,"이 사용자는 미국 지역을 선호하고, 건조함 기후를 피하고 싶어해요. 여행 목적은 기록이며, 에어비엔비에서 머무는 걸 좋아하고 오전 10시 이후쯤 기상하는 편이에요.",
402,꽤 민감,수용적,보통,보통,따르는 편,1,둔감,매우 빡빡하게,해외,산,즉흥 여행,적당히 봄,코골이 함,기다림,"일본,국내,그 외","상관없음,더움,습함","사람&관계,액티비티,자연감상","민박,콘도,상관없음",오전 9-10시,400만원 이상,"이 사용자는 국내 지역을 선호하고, 상관없음 기후를 피하고 싶어해요. 여행 목적은 액티비티이며, 콘도에서 머무는 걸 좋아하고 오전 9-10시쯤 기상하는 편이에요.",
403,매우 둔감,매우 완고,매우 많다,종종 늦음,무조건 리드,4,매우 둔감,매우 여유있게,해외,산,즉흥 여행,무조건 다 봄,코골이 안함,기다림,"국내,유럽,동남아","상관없음,습함,더움","미식,액티비티,쇼핑","에어비엔비,게스트하우스,콘도",오전 8-9시,400만원 이상,"이 사용자는 국내 지역을 선호하고, 상관없음 기후를 피하고 싶어해요. 여행 목적은 쇼핑이며, 게스트하우스에서 머무는 걸 좋아하고 오전 8-9시쯤 기상하는 편이에요.",
404,매우 둔감,수용적,매우 적다,자주 늦음,리드하는편,3,매우 민감,꽤 빡빡하게,국내,바다,즉흥 여행,무조건 다 봄,코골이 함,다른 곳 간다,"세계일주,중국&몽골,동남아","상관없음,추움,습함","공연&경기관람,기록,쇼핑","게스트하우스,3성이하 호텔,상관없음",오전 9-10시,400만원 이상,"이 사용자는 세계일주 지역을 선호하고, 상관없음 기후를 피하고 싶어해요. 여행 목적은 공연&경기관람이며, 상관없음에서 머무는 걸 좋아하고 오전 9-10시쯤 기상하는 편이에요.",
405,둔감,매우 수용적,많다,매우 정확,무조건 따름,1,꽤 민감,꽤 여유있게,해외,산,즉흥 여행,무조건 다 봄,코골이 안함,기다림,"국내,동남아,일본","상관없음,습함,건조함","사람&관계,미식,기록","콘도,민박,4-5성급호텔",오전 10시 이후,300-400만원,"이 사용자는 동남아 지역을 선호하고, 건조함 기후를 피하고 싶어해요. 여행 목적은 미식이며, 콘도에서 머무는 걸 좋아하고 오전 10시 이후쯤 기상하는 편이에요.",
406,보통,매우 완고,매우 적다,매우 정확,무조건 리드,5,꽤 민감,매우 여유있게,해외,산,즉흥 여행,적당히 봄,코골이 안함,기다림,"미국,유럽,그 외","습함,더움,쌀쌀함","휴식,도전과성장,공연&경기관람","상관없음,콘도,펜션",오전 9-10시,200-300만원,"이 사용자는 유럽 지역을 선호하고, 습함 기후를 피하고 싶어해요. 여행 목적은 도전과성장이며, 상관없음에서 머무는 걸 좋아하고 오전 9-10시쯤 기상하는 편이에요.",
407,꽤 민감,다소 완고,많다,종종 늦음,따르는 편,2,보통,매우 여유있게,국내,산,즉흥 여행,무조건 다 봄,코골이 안함,기다림,"유럽,그 외,미국","건조함,습함,상관없음","미식,공연&경기관람,사람&관계","상관없음,게스트하우스,콘도",오전 10시 이후,100만원 이하,"이 사용자는 유럽 지역을 선호하고, 습함 기후를 피하고 싶어해요. 여행 목적은 공연&경기관람이며, 콘도에서 머무는 걸 좋아하고 오전 10시 이후쯤 기상하는 편이에요.",
408,매우 민감,다소 완고,매우 많다,보통,따르는 편,5,매우 둔감,꽤 빡빡하게,국내,바다,즉흥 여행,적당히 봄,코골이 함,기다림,"국내,중국&몽골,유럽","건조함,습함,더움","휴식,기록,액티비티","콘도,민박,펜션",오전 8-9시,200-300만원,"이 사용자는 유럽 지역을 선호하고, 건조함 기후를 피하고 싶어해요. 여행 목적은 액티비티이며, 민박에서 머무는 걸 좋아하고 오전 8-9시쯤 기상하는 편이에요.",
409,보통,다소 완고,보통,자주 늦음,보통,5,꽤 민감,매우 여유있게,해외,바다,즉흥 여행,적당히 봄,코골이 안함,기다림,"국내,세계일주,동남아","건조함,습함,상관없음","도전과성장,공연&경기관람,사람&관계","펜션,3성이하 호텔,에어비엔비",오전 10시 이후,400만원 이상,"이 사용자는 세계일주 지역을 선호하고, 건조함 기후를 피하고 싶어해요. 여행 목적은 공연&경기관람이며, 펜션에서 머무는 걸 좋아하고 오전 10시 이후쯤 기상하는 편이에요.",
410,둔감,수용적,매우 적다,자주 늦음,보통,2,매우 둔감,매우 여유있게,해외,바다,계획 여행,무조건 다 봄,코골이 함,기다림,"동남아,세계일주,국내","건조함,상관없음,쌀쌀함","쇼핑,기록,문화&역사체험","콘도,상관없음,민박",오전 9-10시,100만원 이하,"이 사용자는 세계일주 지역을 선호하고, 상관없음 기후를 피하고 싶어해요. 여행 목적은 문화&역사체험이며, 상관없음에서 머무는 걸 좋아하고 오전 9-10시쯤 기상하는 편이에요.",
411,매우 민감,매우 수용적,매우 많다,보통,무조건 리드,2,꽤 민감,매우 여유있게,해외,산,계획 여행,무조건 다 봄,코골이 함,다른 곳 간다,"중국&몽골,유럽,그 외","추움,쌀쌀함,더움","문화&역사체험,액티비티,미식","에어비엔비,3성이하 호텔,4-5성급호텔",오전 8-9시,400만원 이상,"이 사용자는 그 외 지역을 선호하고, 추움 기후를 피하고 싶어해요. 여행 목적은 문화&역사체험이며, 4-5성급호텔에서 머무는 걸 좋아하고 오전 8-9시쯤 기상하는 편이에요.",
412,매우 민감,매우 수용적,보통,매우 정확,무조건 리드,4,둔감,매우 여유있게,국내,바다,즉흥 여행,무조건 다 봄,코골이 함,기다림,"중국&몽골,미국,세계일주","더움,건조함,추움","휴식,공연&경기관람,쇼핑","상관없음,4-5성급호텔,에어비엔비",오전 9-10시,300-400만원,"이 사용자는 중국&몽골 지역을 선호하고, 추움 기후를 피하고 싶어해요. 여행 목적은 공연&경기관람이며, 4-5성급호텔에서 머무는 걸 좋아하고 오전 9-10시쯤 기상하는 편이에요.",
413,꽤 민감,매우 완고,적다,꽤 정확,무조건 따름,4,매우 민감,매우 여유있게,해외,바다,즉흥 여행,무조건 다 봄,코골이 안함,다른 곳 간다,"미국,중국&몽골,동남아","상관없음,건조함,더움","휴식,도전과성장,기록","에어비엔비,4-5성급호텔,콘도",오전 8-9시,200-300만원,"이 사용자는 미국 지역을 선호하고, 상관없음 기후를 피하고 싶어해요. 여행 목적은 휴식이며, 에어비엔비에서 머무는 걸 좋아하고 오전 8-9시쯤 기상하는 편이에요.",
414,둔감,매우 완고,보통,매우 정확,따르는 편,2,꽤 민감,매우 빡빡하게,해외,산,즉흥 여행,적당히 봄,코골이 안함,기다림,"중국&몽골,동남아,세계일주","더움,습함,추움","사람&관계,도전과성장,쇼핑","에어비엔비,게스트하우스,펜션",오전 8-9시,300-400만원,"이 사용자는 동남아 지역을 선호하고, 더움 기후를 피하고 싶어해요. 여행 목적은 쇼핑이며, 펜션에서 머무는 걸 좋아하고 오전 8-9시쯤 기상하는 편이에요.",
415,매우 둔감,매우 수용적,매우 적다,종종 늦음,따르는 편,3,매우 둔감,매우 빡빡하게,국내,바다,계획 여행,무조건 다 봄,코골이 함,다른 곳 간다,"국내,중국&몽골,일본","더움,건조함,쌀쌀함","기록,액티비티,미식","에어비엔비,4-5성급호텔,민박",오전 10시 이후,300-400만원,"이 사용자는 일본 지역을 선호하고, 건조함 기후를 피하고 싶어해요. 여행 목적은 기록이며, 민박에서 머무는 걸 좋아하고 오전 10시 이후쯤 기상하는 편이에요.",
416,둔감,수용적,적다,꽤 정확,리드하는편,3,매우 둔감,꽤 여유있게,해외,산,계획 여행,적당히 봄,코골이 함,다른 곳 간다,"중국&몽골,유럽,일본","상관없음,더움,건조함","문화&역사체험,기록,공연&경기관람","에어비엔비,상관없음,3성이하 호텔",오전 9-10시,400만원 이상,"이 사용자는 일본 지역을 선호하고, 건조함 기후를 피하고 싶어해요. 여행 목적은 기록이며, 3성이하 호텔에서 머무는 걸 좋아하고 오전 9-10시쯤 기상하는 편이에요.",
417,매우 민감,보통,적다,꽤 정확,따르는 편,2,꽤 민감,보통,국내,산,계획 여행,적당히 봄,코골이 안함,다른 곳 간다,"중국&몽골,그 외,유럽","더움,상관없음,쌀쌀함","사람&관계,쇼핑,액티비티","3성이하 호텔,콘도,민박",오전 9-10시,400만원 이상,"이 사용자는 그 외 지역을 선호하고, 쌀쌀함 기후를 피하고 싶어해요. 여행 목적은 액티비티이며, 민박에서 머무는 걸 좋아하고 오전 9-10시쯤 기상하는 편이에요.",
418,보통,보통,매우 많다,종종 늦음,무조건 리드,5,매우 둔감,매우 빡빡하게,해외,바다,계획 여행,적당히 봄,코골이 안함,기다림,"세계일주,동남아,일본","더움,상관없음,습함","미식,액티비티,도전과성장","콘도,상관없음,에어비엔비",오전 10시 이후,300-400만원,"이 사용자는 동남아 지역을 선호하고, 상관없음 기후를 피하고 싶어해요. 여행 목적은 액티비티이며, 상관없음에서 머무는 걸 좋아하고 오전 10시 이후쯤 기상하는 편이에요.",
419,보통,다소 완고,보통,매우 정확,따르는 편,2,매우 민감,보통,해외,산,계획 여행,적당히 봄,코골이 안함,다른 곳 간다,"미국,동남아,세계일주","추움,상관없음,습함","문화&역사체험,공연&경기관람,자연감상","민박,3성이하 호텔,펜션",오전 9-10시,300-400만원,"이 사용자는 동남아 지역을 선호하고, 추움 기후를 피하고 싶어해요. 여행 목적은 공연&경기관람이며, 펜션에서 머무는 걸 좋아하고 오전 9-10시쯤 기상하는 편이에요.",
420,매우 둔감,보통,보통,매우 정확,따르는 편,1,둔감,보통,국내,산,즉흥 여행,무조건 다 봄,코골이 함,다른 곳 간다,"국내,그 외,미국","더움,습함,추움","문화&역사체험,도전과성장,공연&경기관람","에어비엔비,콘도,게스트하우스",오전 10시 이후,400만원 이상,"이 사용자는 국내 지역을 선호하고, 더움 기후를 피하고 싶어해요. 여행 목적은 도전과성장이며, 에어비엔비에서 머무는 걸 좋아하고 오전 10시 이후쯤 기상하는 편이에요.",
421,둔감,보통,많다,꽤 정확,따르는 편,4,매우 민감,매우 빡빡하게,해외,산,즉흥 여행,적당히 봄,코골이 함,다른 곳 간다,"국내,중국&몽골,일본","상관없음,더움,추움","문화&역사체험,사람&관계,액티비티","3성이하 호텔,펜션,상관없음",오전 8-9시,100만원 이하,"이 사용자는 국내 지역을 선호하고, 추움 기후를 피하고 싶어해요. 여행 목적은 사람&관계이며, 펜션에서 머무는 걸 좋아하고 오전 8-9시쯤 기상하는 편이에요.",
422,꽤 민감,수용적,적다,종종 늦음,무조건 따름,5,매우 민감,매우 여유있게,국내,바다,즉흥 여행,적당히 봄,코골이 안함,기다림,"중국&몽골,일본,동남아","상관없음,추움,쌀쌀함","사람&관계,액티비티,미식","민박,3성이하 호텔,상관없음",오전 8-9시,300-400만원,"이 사용자는 중국&몽골 지역을 선호하고, 추움 기후를 피하고 싶어해요. 여행 목적은 사람&관계이며, 상관없음에서 머무는 걸 좋아하고 오전 8-9시쯤 기상하는 편이에요.",
423,보통,보통,많다,자주 늦음,따르는 편,4,매우 민감,보통,해외,바다,계획 여행,적당히 봄,코골이 안함,기다림,"동남아,그 외,세계일주","건조함,더움,상관없음","공연&경기관람,사람&관계,기록","에어비엔비,4-5성급호텔,3성이하 호텔",오전 9-10시,200-300만원,"이 사용자는 동남아 지역을 선호하고, 상관없음 기후를 피하고 싶어해요. 여행 목적은 기록이며, 에어비엔비에서 머무는 걸 좋아하고 오전 9-10시쯤 기상하는 편이에요.",
424,보통,매우 수용적,매우 많다,종종 늦음,무조건 리드,4,꽤 민감,꽤 빡빡하게,해외,바다,즉흥 여행,적당히 봄,코골이 함,기다림,"그 외,동남아,국내","건조함,추움,쌀쌀함","기록,미식,사람&관계","에어비엔비,게스트하우스,4-5성급호텔",오전 10시 이후,100만원 이하,"이 사용자는 국내 지역을 선호하고, 추움 기후를 피하고 싶어해요. 여행 목적은 기록이며, 에어비엔비에서 머무는 걸 좋아하고 오전 10시 이후쯤 기상하는 편이에요.",
425,보통,다소 완고,보통,꽤 정확,무조건 따름,1,매우 둔감,보통,해외,바다,계획 여행,무조건 다 봄,코골이 함,기다림,"동남아,일본,국내","쌀쌀함,상관없음,더움","자연감상,공연&경기관람,도전과성장","게스트하우스,펜션,3성이하 호텔",오전 10시 이후,400만원 이상,"이 사용자는 동남아 지역을 선호하고, 쌀쌀함 기후를 피하고 싶어해요. 여행 목적은 자연감상이며, 게스트하우스에서 머무는 걸 좋아하고 오전 10시 이후쯤 기상하는 편이에요.",
426,둔감,다소 완고,보통,매우 정확,따르는 편,5,꽤 민감,매우 여유있게,해외,바다,계획 여행,적당히 봄,코골이 안함,다른 곳 간다,"동남아,미국,국내","건조함,상관없음,더움","휴식,공연&경기관람,문화&역사체험","민박,펜션,3성이하 호텔",오전 10시 이후,100만원 이하,"이 사용자는 동남아 지역을 선호하고, 더움 기후를 피하고 싶어해요. 여행 목적은 문화&역사체험이며, 민박에서 머무는 걸 좋아하고 오전 10시 이후쯤 기상하는 편이에요.",
427,꽤 민감,다소 완고,많다,자주 늦음,무조건 리드,5,매우 둔감,보통,국내,산,즉흥 여행,무조건 다 봄,코골이 함,기다림,"미국,유럽,일본","추움,쌀쌀함,건조함","공연&경기관람,사람&관계,문화&역사체험","상관없음,에어비엔비,3성이하 호텔",오전 10시 이후,400만원 이상,"이 사용자는 유럽 지역을 선호하고, 추움 기후를 피하고 싶어해요. 여행 목적은 사람&관계이며, 3성이하 호텔에서 머무는 걸 좋아하고 오전 10시 이후쯤 기상하는 편이에요.",
428,보통,매우 수용적,적다,종종 늦음,리드하는편,3,보통,보통,국내,산,즉흥 여행,무조건 다 봄,코골이 안함,기다림,"중국&몽골,유럽,세계일주","습함,추움,쌀쌀함","휴식,액티비티,도전과성장","에어비엔비,상관없음,4-5성급호텔",오전 9-10시,300-400만원,"이 사용자는 세계일주 지역을 선호하고, 쌀쌀함 기후를 피하고 싶어해요. 여행 목적은 액티비티이며, 에어비엔비에서 머무는 걸 좋아하고 오전 9-10시쯤 기상하는 편이에요.",
429,꽤 민감,다소 완고,매우 적다,보통,무조건 따름,3,매우 둔감,꽤 빡빡하게,국내,바다,즉흥 여행,무조건 다 봄,코골이 함,기다림,"동남아,일본,미국","더움,습함,상관없음","쇼핑,자연감상,기록","에어비엔비,민박,콘도",오전 8-9시,400만원 이상,"이 사용자는 동남아 지역을 선호하고, 상관없음 기후를 피하고 싶어해요. 여행 목적은 기록이며, 콘도에서 머무는 걸 좋아하고 오전 8-9시쯤 기상하는 편이에요.",
430,매우 둔감,매우 완고,적다,매우 정확,따르는 편,2,매우 민감,꽤 빡빡하게,국내,산,즉흥 여행,무조건 다 봄,코골이 함,기다림,"중국&몽골,유럽,동남아","습함,더움,상관없음","휴식,자연감상,공연&경기관람","펜션,4-5성급호텔,게스트하우스",오전 8-9시,300-400만원,"이 사용자는 동남아 지역을 선호하고, 더움 기후를 피하고 싶어해요. 여행 목적은 자연감상이며, 4-5성급호텔에서 머무는 걸 좋아하고 오전 8-9시쯤 기상하는 편이에요.",
431,꽤 민감,다소 완고,적다,종종 늦음,리드하는편,4,매우 둔감,매우 빡빡하게,해외,산,즉흥 여행,적당히 봄,코골이 함,다른 곳 간다,"그 외,일본,유럽","더움,추움,건조함","문화&역사체험,기록,액티비티","콘도,3성이하 호텔,4-5성급호텔",오전 8-9시,100만원 이하,"이 사용자는 일본 지역을 선호하고, 건조함 기후를 피하고 싶어해요. 여행 목적은 기록이며, 4-5성급호텔에서 머무는 걸 좋아하고 오전 8-9시쯤 기상하는 편이에요.",
432,매우 민감,다소 완고,적다,꽤 정확,따르는 편,4,꽤 민감,보통,해외,산,즉흥 여행,무조건 다 봄,코골이 안함,기다림,"동남아,일본,미국","쌀쌀함,추움,더움","사람&관계,휴식,액티비티","3성이하 호텔,4-5성급호텔,콘도",오전 10시 이후,200-300만원,"이 사용자는 미국 지역을 선호하고, 더움 기후를 피하고 싶어해요. 여행 목적은 휴식이며, 3성이하 호텔에서 머무는 걸 좋아하고 오전 10시 이후쯤 기상하는 편이에요.",
433,둔감,다소 완고,매우 많다,매우 정확,무조건 따름,2,매우 민감,꽤 여유있게,국내,산,즉흥 여행,적당히 봄,코골이 안함,다른 곳 간다,"유럽,동남아,미국","더움,상관없음,건조함","쇼핑,사람&관계,자연감상","게스트하우스,3성이하 호텔,민박",오전 9-10시,300-400만원,"이 사용자는 미국 지역을 선호하고, 건조함 기후를 피하고 싶어해요. 여행 목적은 사람&관계이며, 민박에서 머무는 걸 좋아하고 오전 9-10시쯤 기상하는 편이에요.",
434,둔감,매우 완고,많다,종종 늦음,따르는 편,3,매우 민감,매우 여유있게,국내,바다,계획 여행,적당히 봄,코골이 안함,다른 곳 간다,"세계일주,국내,그 외","더움,건조함,쌀쌀함","휴식,공연&경기관람,자연감상","게스트하우스,콘도,펜션",오전 9-10시,200-300만원,"이 사용자는 그 외 지역을 선호하고, 더움 기후를 피하고 싶어해요. 여행 목적은 자연감상이며, 콘도에서 머무는 걸 좋아하고 오전 9-10시쯤 기상하는 편이에요.",
435,매우 둔감,보통,매우 많다,종종 늦음,무조건 따름,4,꽤 민감,매우 빡빡하게,국내,산,즉흥 여행,무조건 다 봄,코골이 함,다른 곳 간다,"국내,동남아,세계일주","상관없음,건조함,쌀쌀함","기록,도전과성장,공연&경기관람","에어비엔비,4-5성급호텔,펜션",오전 10시 이후,200-300만원,"이 사용자는 세계일주 지역을 선호하고, 쌀쌀함 기후를 피하고 싶어해요. 여행 목적은 공연&경기관람이며, 4-5성급호텔에서 머무는 걸 좋아하고 오전 10시 이후쯤 기상하는 편이에요.",
436,보통,보통,많다,매우 정확,보통,2,보통,보통,국내,바다,계획 여행,무조건 다 봄,코골이 함,다른 곳 간다,"중국&몽골,일본,동남아","추움,쌀쌀함,더움","액티비티,휴식,미식","에어비엔비,콘도,4-5성급호텔",오전 10시 이후,300-400만원,"이 사용자는 일본 지역을 선호하고, 더움 기후를 피하고 싶어해요. 여행 목적은 액티비티이며, 4-5성급호텔에서 머무는 걸 좋아하고 오전 10시 이후쯤 기상하는 편이에요.",
437,보통,매우 수용적,보통,자주 늦음,보통,4,꽤 민감,매우 여유있게,국내,바다,계획 여행,무조건 다 봄,코골이 안함,기다림,"유럽,동남아,일본","쌀쌀함,상관없음,습함","미식,기록,문화&역사체험","에어비엔비,게스트하우스,민박",오전 10시 이후,400만원 이상,"이 사용자는 일본 지역을 선호하고, 상관없음 기후를 피하고 싶어해요. 여행 목적은 기록이며, 에어비엔비에서 머무는 걸 좋아하고 오전 10시 이후쯤 기상하는 편이에요.",
438,둔감,다소 완고,적다,종종 늦음,무조건 따름,3,매우 민감,꽤 빡빡하게,해외,산,계획 여행,적당히 봄,코골이 안함,다른 곳 간다,"국내,미국,그 외","쌀쌀함,더움,습함","도전과성장,미식,휴식","펜션,민박,3성이하 호텔",오전 9-10시,100만원 이하,"이 사용자는 국내 지역을 선호하고, 쌀쌀함 기후를 피하고 싶어해요. 여행 목적은 도전과성장이며, 민박에서 머무는 걸 좋아하고 오전 9-10시쯤 기상하는 편이에요.",
439,보통,수용적,보통,매우 정확,따르는 편,1,꽤 민감,매우 빡빡하게,국내,바다,즉흥 여행,무조건 다 봄,코골이 함,다른 곳 간다,"중국&몽골,동남아,일본","상관없음,더움,습함","액티비티,쇼핑,공연&경기관람","민박,3성이하 호텔,상관없음",오전 10시 이후,100만원 이하,"이 사용자는 중국&몽골 지역을 선호하고, 습함 기후를 피하고 싶어해요. 여행 목적은 공연&경기관람이며, 상관없음에서 머무는 걸 좋아하고 오전 10시 이후쯤 기상하는 편이에요.",
440,보통,보통,보통,종종 늦음,무조건 리드,4,매우 민감,매우 빡빡하게,해외,산,즉흥 여행,적당히 봄,코골이 안함,기다림,"중국&몽골,유럽,세계일주","상관없음,건조함,습함","공연&경기관람,사람&관계,기록","게스트하우스,민박,상관없음",오전 9-10시,300-400만원,"이 사용자는 유럽 지역을 선호하고, 건조함 기후를 피하고 싶어해요. 여행 목적은 사람&관계이며, 상관없음에서 머무는 걸 좋아하고 오전 9-10시쯤 기상하는 편이에요.",
441,꽤 민감,다소 완고,적다,종종 늦음,보통,2,매우 둔감,매우 빡빡하게,국내,산,즉흥 여행,적당히 봄,코골이 함,다른 곳 간다,"미국,국내,세계일주","습함,건조함,쌀쌀함","쇼핑,문화&역사체험,공연&경기관람","게스트하우스,에어비엔비,상관없음",오전 9-10시,200-300만원,"이 사용자는 미국 지역을 선호하고, 건조함 기후를 피하고 싶어해요. 여행 목적은 문화&역사체험이며, 상관없음에서 머무는 걸 좋아하고 오전 9-10시쯤 기상하는 편이에요.",
442,보통,매우 완고,매우 많다,매우 정확,무조건 따름,4,꽤 민감,매우 빡빡하게,국내,산,계획 여행,적당히 봄,코골이 안함,다른 곳 간다,"세계일주,동남아,중국&몽골","쌀쌀함,습함,더움","사람&관계,미식,액티비티","4-5성급호텔,에어비엔비,콘도",오전 8-9시,100만원 이하,"이 사용자는 중국&몽골 지역을 선호하고, 습함 기후를 피하고 싶어해요. 여행 목적은 미식이며, 4-5성급호텔에서 머무는 걸 좋아하고 오전 8-9시쯤 기상하는 편이에요.",
443,매우 민감,매우 완고,적다,매우 정확,따르는 편,4,매우 민감,매우 여유있게,해외,산,즉흥 여행,무조건 다 봄,코골이 함,기다림,"미국,일본,세계일주","쌀쌀함,습함,상관없음","자연감상,문화&역사체험,기록","게스트하우스,상관없음,콘도",오전 9-10시,200-300만원,"이 사용자는 세계일주 지역을 선호하고, 쌀쌀함 기후를 피하고 싶어해요. 여행 목적은 문화&역사체험이며, 콘도에서 머무는 걸 좋아하고 오전 9-10시쯤 기상하는 편이에요.",
444,매우 민감,매우 수용적,적다,종종 늦음,보통,5,매우 민감,보통,국내,산,계획 여행,적당히 봄,코골이 안함,기다림,"국내,세계일주,미국","건조함,상관없음,쌀쌀함","자연감상,사람&관계,액티비티","상관없음,에어비엔비,3성이하 호텔",오전 8-9시,100만원 이하,"이 사용자는 세계일주 지역을 선호하고, 상관없음 기후를 피하고 싶어해요. 여행 목적은 액티비티이며, 상관없음에서 머무는 걸 좋아하고 오전 8-9시쯤 기상하는 편이에요.",
445,둔감,수용적,많다,꽤 정확,리드하는편,4,보통,매우 빡빡하게,국내,바다,즉흥 여행,무조건 다 봄,코골이 안함,기다림,"국내,세계일주,유럽","습함,더움,쌀쌀함","휴식,액티비티,도전과성장","민박,3성이하 호텔,에어비엔비",오전 8-9시,100만원 이하,"이 사용자는 유럽 지역을 선호하고, 습함 기후를 피하고 싶어해요. 여행 목적은 휴식이며, 에어비엔비에서 머무는 걸 좋아하고 오전 8-9시쯤 기상하는 편이에요.",
446,보통,수용적,매우 적다,꽤 정확,리드하는편,5,보통,꽤 빡빡하게,국내,바다,계획 여행,적당히 봄,코골이 안함,기다림,"국내,그 외,동남아","더움,건조함,추움","기록,문화&역사체험,자연감상","에어비엔비,게스트하우스,펜션",오전 9-10시,200-300만원,"이 사용자는 동남아 지역을 선호하고, 추움 기후를 피하고 싶어해요. 여행 목적은 자연감상이며, 에어비엔비에서 머무는 걸 좋아하고 오전 9-10시쯤 기상하는 편이에요.",
447,꽤 민감,보통,매우 적다,종종 늦음,무조건 따름,2,매우 민감,매우 여유있게,해외,바다,즉흥 여행,무조건 다 봄,코골이 안함,기다림,"미국,중국&몽골,동남아","건조함,더움,추움","자연감상,도전과성장,미식","3성이하 호텔,펜션,민박",오전 8-9시,400만원 이상,"이 사용자는 중국&몽골 지역을 선호하고, 더움 기후를 피하고 싶어해요. 여행 목적은 자연감상이며, 민박에서 머무는 걸 좋아하고 오전 8-9시쯤 기상하는 편이에요.",
448,매우 민감,수용적,보통,꽤 정확,리드하는편,4,매우 둔감,꽤 빡빡하게,국내,산,즉흥 여행,무조건 다 봄,코골이 안함,기다림,"국내,동남아,일본","상관없음,건조함,추움","기록,액티비티,휴식","게스트하우스,4-5성급호텔,에어비엔비",오전 9-10시,100만원 이하,"이 사용자는 동남아 지역을 선호하고, 건조함 기후를 피하고 싶어해요. 여행 목적은 휴식이며, 게스트하우스에서 머무는 걸 좋아하고 오전 9-10시쯤 기상하는 편이에요.",
449,매우 민감,매우 완고,보통,보통,무조건 따름,4,꽤 민감,매우 빡빡하게,국내,바다,계획 여행,무조건 다 봄,코골이 함,기다림,"동남아,유럽,미국","상관없음,습함,더움","기록,문화&역사체험,쇼핑","에어비엔비,펜션,콘도",오전 10시 이후,400만원 이상,"이 사용자는 유럽 지역을 선호하고, 상관없음 기후를 피하고 싶어해요. 여행 목적은 문화&역사체험이며, 펜션에서 머무는 걸 좋아하고 오전 10시 이후쯤 기상하는 편이에요.",
450,둔감,매우 완고,매우 많다,자주 늦음,보통,5,보통,꽤 빡빡하게,해외,바다,즉흥 여행,적당히 봄,코골이 함,기다림,"세계일주,미국,그 외","건조함,추움,상관없음","자연감상,도전과성장,문화&역사체험","4-5성급호텔,민박,펜션",오전 9-10시,200-300만원,"이 사용자는 그 외 지역을 선호하고, 상관없음 기후를 피하고 싶어해요. 여행 목적은 자연감상이며, 4-5성급호텔에서 머무는 걸 좋아하고 오전 9-10시쯤 기상하는 편이에요.",
451,매우 둔감,다소 완고,많다,매우 정확,무조건 따름,5,둔감,꽤 빡빡하게,국내,산,계획 여행,적당히 봄,코골이 함,다른 곳 간다,"중국&몽골,미국,일본","습함,건조함,추움","도전과성장,액티비티,문화&역사체험","상관없음,4-5성급호텔,민박",오전 10시 이후,400만원 이상,"이 사용자는 중국&몽골 지역을 선호하고, 추움 기후를 피하고 싶어해요. 여행 목적은 도전과성장이며, 민박에서 머무는 걸 좋아하고 오전 10시 이후쯤 기상하는 편이에요.",
452,보통,보통,많다,종종 늦음,보통,4,매우 민감,매우 여유있게,국내,산,계획 여행,적당히 봄,코골이 안함,기다림,"유럽,미국,세계일주","추움,쌀쌀함,상관없음","문화&역사체험,액티비티,기록","3성이하 호텔,에어비엔비,민박",오전 9-10시,200-300만원,"이 사용자는 세계일주 지역을 선호하고, 쌀쌀함 기후를 피하고 싶어해요. 여행 목적은 문화&역사체험이며, 민박에서 머무는 걸 좋아하고 오전 9-10시쯤 기상하는 편이에요.",
453,매우 둔감,매우 수용적,매우 많다,자주 늦음,무조건 따름,1,둔감,꽤 여유있게,해외,바다,계획 여행,무조건 다 봄,코골이 함,다른 곳 간다,"일본,미국,국내","쌀쌀함,건조함,상관없음","쇼핑,공연&경기관람,기록","4-5성급호텔,에어비엔비,게스트하우스",오전 9-10시,300-400만원,"이 사용자는 국내 지역을 선호하고, 상관없음 기후를 피하고 싶어해요. 여행 목적은 공연&경기관람이며, 에어비엔비에서 머무는 걸 좋아하고 오전 9-10시쯤 기상하는 편이에요.",
454,꽤 민감,다소 완고,적다,꽤 정확,보통,3,보통,매우 빡빡하게,국내,산,즉흥 여행,무조건 다 봄,코골이 안함,다른 곳 간다,"유럽,일본,국내","건조함,습함,상관없음","자연감상,쇼핑,휴식","3성이하 호텔,상관없음,펜션",오전 10시 이후,300-400만원,"이 사용자는 일본 지역을 선호하고, 상관없음 기후를 피하고 싶어해요. 여행 목적은 쇼핑이며, 상관없음에서 머무는 걸 좋아하고 오전 10시 이후쯤 기상하는 편이에요.",
455,둔감,매우 수용적,많다,종종 늦음,보통,2,매우 둔감,매우 여유있게,국내,산,즉흥 여행,무조건 다 봄,코골이 함,다른 곳 간다,"중국&몽골,국내,일본","더움,건조함,쌀쌀함","사람&관계,공연&경기관람,휴식","4-5성급호텔,펜션,민박",오전 10시 이후,100만원 이하,"이 사용자는 국내 지역을 선호하고, 건조함 기후를 피하고 싶어해요. 여행 목적은 공연&경기관람이며, 민박에서 머무는 걸 좋아하고 오전 10시 이후쯤 기상하는 편이에요.",
456,둔감,보통,보통,종종 늦음,보통,2,보통,보통,해외,산,즉흥 여행,적당히 봄,코골이 함,다른 곳 간다,"유럽,국내,그 외","추움,쌀쌀함,더움","휴식,액티비티,쇼핑","콘도,펜션,게스트하우스",오전 9-10시,300-400만원,"이 사용자는 국내 지역을 선호하고, 추움 기후를 피하고 싶어해요. 여행 목적은 쇼핑이며, 게스트하우스에서 머무는 걸 좋아하고 오전 9-10시쯤 기상하는 편이에요.",
457,매우 민감,매우 수용적,보통,보통,따르는 편,4,보통,꽤 여유있게,국내,산,즉흥 여행,무조건 다 봄,코골이 함,기다림,"유럽,국내,세계일주","쌀쌀함,건조함,더움","도전과성장,미식,자연감상","민박,4-5성급호텔,게스트하우스",오전 8-9시,100만원 이하,"이 사용자는 유럽 지역을 선호하고, 쌀쌀함 기후를 피하고 싶어해요. 여행 목적은 미식이며, 민박에서 머무는 걸 좋아하고 오전 8-9시쯤 기상하는 편이에요.",
458,꽤 민감,수용적,매우 적다,보통,무조건 리드,2,매우 민감,꽤 여유있게,해외,바다,계획 여행,무조건 다 봄,코골이 안함,기다림,"세계일주,국내,유럽","추움,쌀쌀함,더움","사람&관계,휴식,기록","펜션,3성이하 호텔,민박",오전 10시 이후,400만원 이상,"이 사용자는 국내 지역을 선호하고, 더움 기후를 피하고 싶어해요. 여행 목적은 기록이며, 민박에서 머무는 걸 좋아하고 오전 10시 이후쯤 기상하는 편이에요.",
459,둔감,보통,매우 많다,매우 정확,무조건 리드,4,꽤 민감,꽤 여유있게,해외,산,즉흥 여행,적당히 봄,코골이 함,다른 곳 간다,"유럽,중국&몽골,일본","상관없음,더움,쌀쌀함","문화&역사체험,기록,쇼핑","민박,상관없음,4-5성급호텔",오전 9-10시,200-300만원,"이 사용자는 일본 지역을 선호하고, 상관없음 기후를 피하고 싶어해요. 여행 목적은 문화&역사체험이며, 4-5성급호텔에서 머무는 걸 좋아하고 오전 9-10시쯤 기상하는 편이에요.",
460,매우 민감,매우 완고,매우 적다,보통,무조건 따름,1,매우 민감,매우 빡빡하게,국내,바다,계획 여행,적당히 봄,코골이 안함,기다림,"일본,중국&몽골,그 외","더움,상관없음,추움","미식,액티비티,도전과성장","3성이하 호텔,게스트하우스,민박",오전 8-9시,100만원 이하,"이 사용자는 일본 지역을 선호하고, 상관없음 기후를 피하고 싶어해요. 여행 목적은 미식이며, 3성이하 호텔에서 머무는 걸 좋아하고 오전 8-9시쯤 기상하는 편이에요.",
461,매우 둔감,매우 수용적,보통,매우 정확,리드하는편,1,매우 둔감,매우 여유있게,국내,산,계획 여행,무조건 다 봄,코골이 안함,기다림,"유럽,미국,그 외","더움,추움,습함","기록,미식,액티비티","콘도,게스트하우스,3성이하 호텔",오전 8-9시,300-400만원,"이 사용자는 그 외 지역을 선호하고, 추움 기후를 피하고 싶어해요. 여행 목적은 기록이며, 콘도에서 머무는 걸 좋아하고 오전 8-9시쯤 기상하는 편이에요.",
462,매우 민감,수용적,많다,자주 늦음,리드하는편,5,꽤 민감,매우 빡빡하게,해외,바다,즉흥 여행,무조건 다 봄,코골이 함,다른 곳 간다,"미국,동남아,그 외","더움,추움,쌀쌀함","문화&역사체험,사람&관계,기록","콘도,게스트하우스,상관없음",오전 8-9시,300-400만원,"이 사용자는 그 외 지역을 선호하고, 추움 기후를 피하고 싶어해요. 여행 목적은 사람&관계이며, 게스트하우스에서 머무는 걸 좋아하고 오전 8-9시쯤 기상하는 편이에요.",
463,둔감,매우 수용적,보통,매우 정확,리드하는편,2,둔감,꽤 여유있게,국내,바다,즉흥 여행,적당히 봄,코골이 함,기다림,"유럽,동남아,미국","상관없음,습함,쌀쌀함","자연감상,도전과성장,미식","콘도,민박,게스트하우스",오전 10시 이후,200-300만원,"이 사용자는 미국 지역을 선호하고, 쌀쌀함 기후를 피하고 싶어해요. 여행 목적은 미식이며, 콘도에서 머무는 걸 좋아하고 오전 10시 이후쯤 기상하는 편이에요.",
464,매우 둔감,매우 완고,보통,꽤 정확,따르는 편,1,매우 둔감,매우 빡빡하게,국내,산,즉흥 여행,적당히 봄,코골이 함,기다림,"유럽,그 외,세계일주","쌀쌀함,건조함,더움","액티비티,휴식,미식","에어비엔비,상관없음,펜션",오전 9-10시,200-300만원,"이 사용자는 유럽 지역을 선호하고, 쌀쌀함 기후를 피하고 싶어해요. 여행 목적은 액티비티이며, 상관없음에서 머무는 걸 좋아하고 오전 9-10시쯤 기상하는 편이에요.",
465,둔감,보통,보통,자주 늦음,따르는 편,1,매우 민감,꽤 여유있게,국내,바다,계획 여행,적당히 봄,코골이 함,다른 곳 간다,"동남아,그 외,중국&몽골","추움,상관없음,습함","기록,자연감상,도전과성장","에어비엔비,3성이하 호텔,게스트하우스",오전 8-9시,100만원 이하,"이 사용자는 그 외 지역을 선호하고, 추움 기후를 피하고 싶어해요. 여행 목적은 기록이며, 에어비엔비에서 머무는 걸 좋아하고 오전 8-9시쯤 기상하는 편이에요.",
466,매우 민감,보통,매우 적다,매우 정확,무조건 리드,1,둔감,매우 빡빡하게,해외,산,계획 여행,적당히 봄,코골이 함,기다림,"미국,유럽,중국&몽골","습함,건조함,추움","공연&경기관람,자연감상,사람&관계","에어비엔비,게스트하우스,3성이하 호텔",오전 9-10시,100만원 이하,"이 사용자는 유럽 지역을 선호하고, 건조함 기후를 피하고 싶어해요. 여행 목적은 자연감상이며, 에어비엔비에서 머무는 걸 좋아하고 오전 9-10시쯤 기상하는 편이에요.",
467,매우 둔감,매우 완고,매우 적다,자주 늦음,따르는 편,3,매우 민감,꽤 여유있게,해외,바다,계획 여행,적당히 봄,코골이 함,다른 곳 간다,"그 외,유럽,미국","습함,건조함,추움","공연&경기관람,액티비티,미식","민박,3성이하 호텔,상관없음",오전 9-10시,200-300만원,"이 사용자는 미국 지역을 선호하고, 건조함 기후를 피하고 싶어해요. 여행 목적은 미식이며, 3성이하 호텔에서 머무는 걸 좋아하고 오전 9-10시쯤 기상하는 편이에요.",
468,꽤 민감,수용적,매우 많다,보통,리드하는편,4,보통,꽤 여유있게,국내,산,계획 여행,적당히 봄,코골이 안함,기다림,"중국&몽골,일본,미국","건조함,습함,쌀쌀함","자연감상,휴식,사람&관계","3성이하 호텔,민박,펜션",오전 9-10시,400만원 이상,"이 사용자는 일본 지역을 선호하고, 쌀쌀함 기후를 피하고 싶어해요. 여행 목적은 휴식이며, 민박에서 머무는 걸 좋아하고 오전 9-10시쯤 기상하는 편이에요.",
469,둔감,매우 수용적,보통,매우 정확,보통,3,매우 둔감,매우 빡빡하게,국내,바다,계획 여행,적당히 봄,코골이 함,기다림,"국내,세계일주,미국","습함,쌀쌀함,추움","문화&역사체험,쇼핑,자연감상","3성이하 호텔,게스트하우스,펜션",오전 10시 이후,400만원 이상,"이 사용자는 국내 지역을 선호하고, 습함 기후를 피하고 싶어해요. 여행 목적은 문화&역사체험이며, 펜션에서 머무는 걸 좋아하고 오전 10시 이후쯤 기상하는 편이에요.",
470,꽤 민감,수용적,많다,종종 늦음,보통,1,매우 둔감,꽤 빡빡하게,해외,바다,계획 여행,적당히 봄,코골이 함,다른 곳 간다,"일본,미국,그 외","상관없음,더움,습함","공연&경기관람,문화&역사체험,미식","에어비엔비,상관없음,게스트하우스",오전 9-10시,200-300만원,"이 사용자는 일본 지역을 선호하고, 습함 기후를 피하고 싶어해요. 여행 목적은 미식이며, 상관없음에서 머무는 걸 좋아하고 오전 9-10시쯤 기상하는 편이에요.",
471,꽤 민감,보통,매우 적다,매우 정확,무조건 따름,2,보통,매우 빡빡하게,해외,바다,계획 여행,적당히 봄,코골이 안함,기다림,"미국,국내,동남아","쌀쌀함,추움,더움","미식,액티비티,휴식","펜션,3성이하 호텔,게스트하우스",오전 9-10시,300-400만원,"이 사용자는 동남아 지역을 선호하고, 추움 기후를 피하고 싶어해요. 여행 목적은 미식이며, 3성이하 호텔에서 머무는 걸 좋아하고 오전 9-10시쯤 기상하는 편이에요.",
472,둔감,매우 완고,매우 많다,자주 늦음,따르는 편,4,꽤 민감,매우 빡빡하게,국내,산,계획 여행,적당히 봄,코골이 함,다른 곳 간다,"동남아,세계일주,일본","상관없음,쌀쌀함,더움","자연감상,도전과성장,휴식","4-5성급호텔,상관없음,에어비엔비",오전 8-9시,400만원 이상,"이 사용자는 일본 지역을 선호하고, 상관없음 기후를 피하고 싶어해요. 여행 목적은 자연감상이며, 에어비엔비에서 머무는 걸 좋아하고 오전 8-9시쯤 기상하는 편이에요.",
473,보통,매우 수용적,보통,보통,따르는 편,5,보통,매우 빡빡하게,해외,산,계획 여행,적당히 봄,코골이 함,다른 곳 간다,"그 외,세계일주,동남아","상관없음,건조함,추움","기록,자연감상,공연&경기관람","상관없음,펜션,민박",오전 8-9시,100만원 이하,"이 사용자는 그 외 지역을 선호하고, 건조함 기후를 피하고 싶어해요. 여행 목적은 공연&경기관람이며, 펜션에서 머무는 걸 좋아하고 오전 8-9시쯤 기상하는 편이에요.",
474,보통,수용적,매우 많다,자주 늦음,보통,2,매우 민감,꽤 여유있게,해외,산,즉흥 여행,적당히 봄,코골이 함,다른 곳 간다,"세계일주,국내,일본","추움,쌀쌀함,더움","도전과성장,미식,휴식","펜션,민박,3성이하 호텔",오전 9-10시,200-300만원,"이 사용자는 일본 지역을 선호하고, 추움 기후를 피하고 싶어해요. 여행 목적은 미식이며, 펜션에서 머무는 걸 좋아하고 오전 9-10시쯤 기상하는 편이에요.",
475,꽤 민감,매우 완고,매우 많다,꽤 정확,무조건 리드,5,매우 민감,매우 여유있게,해외,산,계획 여행,무조건 다 봄,코골이 함,다른 곳 간다,"중국&몽골,국내,미국","습함,상관없음,쌀쌀함","사람&관계,휴식,기록","에어비엔비,펜션,게스트하우스",오전 8-9시,100만원 이하,"이 사용자는 미국 지역을 선호하고, 상관없음 기후를 피하고 싶어해요. 여행 목적은 기록이며, 에어비엔비에서 머무는 걸 좋아하고 오전 8-9시쯤 기상하는 편이에요.",
476,꽤 민감,다소 완고,적다,자주 늦음,보통,2,매우 둔감,꽤 여유있게,해외,산,즉흥 여행,적당히 봄,코골이 함,다른 곳 간다,"중국&몽골,일본,미국","추움,쌀쌀함,더움","자연감상,사람&관계,기록","3성이하 호텔,상관없음,게스트하우스",오전 9-10시,400만원 이상,"이 사용자는 중국&몽골 지역을 선호하고, 쌀쌀함 기후를 피하고 싶어해요. 여행 목적은 자연감상이며, 상관없음에서 머무는 걸 좋아하고 오전 9-10시쯤 기상하는 편이에요.",
477,매우 둔감,다소 완고,적다,자주 늦음,리드하는편,1,꽤 민감,보통,국내,바다,즉흥 여행,적당히 봄,코골이 함,다른 곳 간다,"그 외,국내,미국","더움,쌀쌀함,건조함","문화&역사체험,도전과성장,공연&경기관람","4-5성급호텔,게스트하우스,3성이하 호텔",오전 8-9시,200-300만원,"이 사용자는 국내 지역을 선호하고, 쌀쌀함 기후를 피하고 싶어해요. 여행 목적은 도전과성장이며, 게스트하우스에서 머무는 걸 좋아하고 오전 8-9시쯤 기상하는 편이에요.",
478,보통,매우 수용적,적다,매우 정확,무조건 리드,5,매우 둔감,매우 여유있게,해외,산,계획 여행,적당히 봄,코골이 함,다른 곳 간다,"일본,세계일주,유럽","상관없음,더움,습함","문화&역사체험,휴식,공연&경기관람","4-5성급호텔,민박,3성이하 호텔",오전 9-10시,200-300만원,"이 사용자는 세계일주 지역을 선호하고, 상관없음 기후를 피하고 싶어해요. 여행 목적은 휴식이며, 민박에서 머무는 걸 좋아하고 오전 9-10시쯤 기상하는 편이에요.",
479,보통,보통,매우 적다,꽤 정확,무조건 따름,5,매우 민감,매우 여유있게,국내,바다,즉흥 여행,적당히 봄,코골이 안함,기다림,"그 외,국내,미국","추움,더움,상관없음","기록,공연&경기관람,사람&관계","상관없음,에어비엔비,펜션",오전 9-10시,400만원 이상,"이 사용자는 미국 지역을 선호하고, 더움 기후를 피하고 싶어해요. 여행 목적은 사람&관계이며, 펜션에서 머무는 걸 좋아하고 오전 9-10시쯤 기상하는 편이에요.",
480,매우 둔감,매우 수용적,보통,매우 정확,따르는 편,3,매우 민감,매우 여유있게,국내,바다,계획 여행,무조건 다 봄,코골이 함,기다림,"세계일주,동남아,국내","추움,건조함,상관없음","문화&역사체험,쇼핑,휴식","콘도,게스트하우스,4-5성급호텔",오전 10시 이후,400만원 이상,"이 사용자는 세계일주 지역을 선호하고, 상관없음 기후를 피하고 싶어해요. 여행 목적은 쇼핑이며, 게스트하우스에서 머무는 걸 좋아하고 오전 10시 이후쯤 기상하는 편이에요.",
481,매우 둔감,다소 완고,많다,종종 늦음,따르는 편,4,매우 둔감,꽤 빡빡하게,국내,산,즉흥 여행,무조건 다 봄,코골이 안함,기다림,"중국&몽골,미국,그 외","쌀쌀함,습함,더움","공연&경기관람,휴식,기록","4-5성급호텔,3성이하 호텔,게스트하우스",오전 9-10시,300-400만원,"이 사용자는 중국&몽골 지역을 선호하고, 쌀쌀함 기후를 피하고 싶어해요. 여행 목적은 기록이며, 게스트하우스에서 머무는 걸 좋아하고 오전 9-10시쯤 기상하는 편이에요.",
482,둔감,보통,적다,보통,리드하는편,3,매우 둔감,보통,국내,산,계획 여행,적당히 봄,코골이 안함,기다림,"중국&몽골,세계일주,일본","습함,더움,쌀쌀함","자연감상,사람&관계,기록","펜션,4-5성급호텔,게스트하우스",오전 10시 이후,200-300만원,"이 사용자는 세계일주 지역을 선호하고, 더움 기후를 피하고 싶어해요. 여행 목적은 기록이며, 펜션에서 머무는 걸 좋아하고 오전 10시 이후쯤 기상하는 편이에요.",
483,둔감,매우 수용적,많다,매우 정확,보통,5,둔감,꽤 여유있게,국내,산,계획 여행,적당히 봄,코골이 함,기다림,"동남아,미국,중국&몽골","상관없음,더움,쌀쌀함","자연감상,쇼핑,문화&역사체험","펜션,상관없음,4-5성급호텔",오전 8-9시,300-400만원,"이 사용자는 동남아 지역을 선호하고, 상관없음 기후를 피하고 싶어해요. 여행 목적은 문화&역사체험이며, 펜션에서 머무는 걸 좋아하고 오전 8-9시쯤 기상하는 편이에요.",
484,둔감,수용적,매우 많다,매우 정확,따르는 편,5,매우 둔감,보통,해외,바다,즉흥 여행,무조건 다 봄,코골이 함,기다림,"중국&몽골,그 외,일본","추움,쌀쌀함,습함","자연감상,미식,쇼핑","민박,3성이하 호텔,콘도",오전 9-10시,300-400만원,"이 사용자는 중국&몽골 지역을 선호하고, 쌀쌀함 기후를 피하고 싶어해요. 여행 목적은 쇼핑이며, 민박에서 머무는 걸 좋아하고 오전 9-10시쯤 기상하는 편이에요.",
485,매우 둔감,매우 완고,보통,종종 늦음,무조건 리드,3,둔감,보통,국내,산,계획 여행,적당히 봄,코골이 함,기다림,"세계일주,국내,일본","습함,상관없음,추움","미식,쇼핑,자연감상","게스트하우스,4-5성급호텔,3성이하 호텔",오전 8-9시,100만원 이하,"이 사용자는 세계일주 지역을 선호하고, 습함 기후를 피하고 싶어해요. 여행 목적은 자연감상이며, 4-5성급호텔에서 머무는 걸 좋아하고 오전 8-9시쯤 기상하는 편이에요.",
486,꽤 민감,매우 완고,보통,종종 늦음,보통,4,꽤 민감,꽤 여유있게,국내,산,계획 여행,적당히 봄,코골이 함,다른 곳 간다,"국내,중국&몽골,미국","상관없음,건조함,쌀쌀함","문화&역사체험,휴식,도전과성장","콘도,민박,에어비엔비",오전 9-10시,400만원 이상,"이 사용자는 미국 지역을 선호하고, 건조함 기후를 피하고 싶어해요. 여행 목적은 도전과성장이며, 민박에서 머무는 걸 좋아하고 오전 9-10시쯤 기상하는 편이에요.",
487,꽤 민감,보통,많다,꽤 정확,따르는 편,1,둔감,매우 여유있게,해외,바다,계획 여행,무조건 다 봄,코골이 안함,기다림,"세계일주,중국&몽골,미국","건조함,더움,습함","자연감상,휴식,문화&역사체험","4-5성급호텔,상관없음,에어비엔비",오전 8-9시,100만원 이하,"이 사용자는 미국 지역을 선호하고, 더움 기후를 피하고 싶어해요. 여행 목적은 휴식이며, 상관없음에서 머무는 걸 좋아하고 오전 8-9시쯤 기상하는 편이에요.",
488,매우 민감,보통,매우 적다,매우 정확,따르는 편,1,매우 둔감,꽤 빡빡하게,국내,바다,즉흥 여행,무조건 다 봄,코골이 안함,다른 곳 간다,"중국&몽골,유럽,미국","더움,습함,상관없음","미식,사람&관계,자연감상","콘도,3성이하 호텔,민박",오전 10시 이후,100만원 이하,"이 사용자는 미국 지역을 선호하고, 상관없음 기후를 피하고 싶어해요. 여행 목적은 미식이며, 콘도에서 머무는 걸 좋아하고 오전 10시 이후쯤 기상하는 편이에요.",
489,매우 둔감,수용적,적다,보통,따르는 편,2,보통,꽤 여유있게,국내,산,계획 여행,무조건 다 봄,코골이 안함,기다림,"미국,중국&몽골,동남아","건조함,상관없음,습함","미식,액티비티,공연&경기관람","3성이하 호텔,게스트하우스,콘도",오전 9-10시,300-400만원,"이 사용자는 동남아 지역을 선호하고, 상관없음 기후를 피하고 싶어해요. 여행 목적은 액티비티이며, 3성이하 호텔에서 머무는 걸 좋아하고 오전 9-10시쯤 기상하는 편이에요.",
490,보통,보통,많다,보통,무조건 따름,1,보통,매우 여유있게,해외,산,즉흥 여행,적당히 봄,코골이 함,기다림,"유럽,미국,세계일주","쌀쌀함,건조함,추움","문화&역사체험,휴식,미식","펜션,민박,콘도",오전 9-10시,200-300만원,"이 사용자는 유럽 지역을 선호하고, 추움 기후를 피하고 싶어해요. 여행 목적은 미식이며, 민박에서 머무는 걸 좋아하고 오전 9-10시쯤 기상하는 편이에요.",
491,꽤 민감,수용적,보통,보통,보통,4,보통,보통,국내,산,즉흥 여행,적당히 봄,코골이 함,기다림,"유럽,미국,일본","상관없음,쌀쌀함,추움","미식,사람&관계,도전과성장","상관없음,펜션,4-5성급호텔",오전 8-9시,200-300만원,"이 사용자는 일본 지역을 선호하고, 상관없음 기후를 피하고 싶어해요. 여행 목적은 사람&관계이며, 4-5성급호텔에서 머무는 걸 좋아하고 오전 8-9시쯤 기상하는 편이에요.",
492,꽤 민감,매우 완고,매우 적다,종종 늦음,따르는 편,3,매우 둔감,꽤 여유있게,국내,바다,계획 여행,적당히 봄,코골이 안함,기다림,"그 외,세계일주,미국","더움,상관없음,쌀쌀함","액티비티,기록,쇼핑","3성이하 호텔,4-5성급호텔,상관없음",오전 10시 이후,300-400만원,"이 사용자는 그 외 지역을 선호하고, 상관없음 기후를 피하고 싶어해요. 여행 목적은 쇼핑이며, 4-5성급호텔에서 머무는 걸 좋아하고 오전 10시 이후쯤 기상하는 편이에요.",
493,꽤 민감,보통,매우 많다,매우 정확,보통,1,매우 민감,보통,해외,산,즉흥 여행,적당히 봄,코골이 함,다른 곳 간다,"세계일주,일본,국내","습함,추움,더움","사람&관계,미식,도전과성장","4-5성급호텔,상관없음,민박",오전 8-9시,300-400만원,"이 사용자는 세계일주 지역을 선호하고, 습함 기후를 피하고 싶어해요. 여행 목적은 미식이며, 상관없음에서 머무는 걸 좋아하고 오전 8-9시쯤 기상하는 편이에요.",
494,둔감,매우 수용적,적다,보통,무조건 따름,4,꽤 민감,매우 여유있게,국내,바다,계획 여행,무조건 다 봄,코골이 함,기다림,"그 외,세계일주,유럽","건조함,습함,상관없음","자연감상,휴식,문화&역사체험","상관없음,콘도,게스트하우스",오전 8-9시,200-300만원,"이 사용자는 그 외 지역을 선호하고, 상관없음 기후를 피하고 싶어해요. 여행 목적은 휴식이며, 콘도에서 머무는 걸 좋아하고 오전 8-9시쯤 기상하는 편이에요.",
495,매우 둔감,매우 수용적,적다,꽤 정확,리드하는편,3,매우 둔감,매우 여유있게,해외,산,계획 여행,적당히 봄,코골이 함,기다림,"국내,동남아,중국&몽골","추움,쌀쌀함,건조함","기록,쇼핑,자연감상","상관없음,게스트하우스,4-5성급호텔",오전 10시 이후,200-300만원,"이 사용자는 동남아 지역을 선호하고, 건조함 기후를 피하고 싶어해요. 여행 목적은 기록이며, 게스트하우스에서 머무는 걸 좋아하고 오전 10시 이후쯤 기상하는 편이에요.",
496,꽤 민감,다소 완고,많다,꽤 정확,보통,5,보통,보통,국내,산,계획 여행,적당히 봄,코골이 함,다른 곳 간다,"중국&몽골,미국,일본","더움,습함,추움","액티비티,공연&경기관람,자연감상","게스트하우스,펜션,에어비엔비",오전 8-9시,200-300만원,"이 사용자는 중국&몽골 지역을 선호하고, 더움 기후를 피하고 싶어해요. 여행 목적은 자연감상이며, 게스트하우스에서 머무는 걸 좋아하고 오전 8-9시쯤 기상하는 편이에요.",
497,둔감,수용적,보통,보통,따르는 편,2,보통,꽤 빡빡하게,해외,바다,계획 여행,적당히 봄,코골이 안함,기다림,"그 외,세계일주,중국&몽골","더움,습함,쌀쌀함","액티비티,사람&관계,도전과성장","에어비엔비,3성이하 호텔,민박",오전 9-10시,400만원 이상,"이 사용자는 중국&몽골 지역을 선호하고, 쌀쌀함 기후를 피하고 싶어해요. 여행 목적은 사람&관계이며, 3성이하 호텔에서 머무는 걸 좋아하고 오전 9-10시쯤 기상하는 편이에요.",
498,보통,보통,많다,꽤 정확,따르는 편,1,매우 둔감,꽤 빡빡하게,해외,산,계획 여행,적당히 봄,코골이 함,다른 곳 간다,"동남아,그 외,일본","더움,습함,상관없음","액티비티,미식,휴식","4-5성급호텔,상관없음,에어비엔비",오전 9-10시,100만원 이하,"이 사용자는 동남아 지역을 선호하고, 상관없음 기후를 피하고 싶어해요. 여행 목적은 미식이며, 상관없음에서 머무는 걸 좋아하고 오전 9-10시쯤 기상하는 편이에요.",
499,매우 둔감,매우 수용적,매우 많다,꽤 정확,무조건 따름,3,둔감,꽤 빡빡하게,해외,바다,즉흥 여행,무조건 다 봄,코골이 함,기다림,"미국,그 외,국내","건조함,습함,추움","자연감상,액티비티,쇼핑","4-5성급호텔,게스트하우스,3성이하 호텔",오전 10시 이후,200-300만원,"이 사용자는 미국 지역을 선호하고, 추움 기후를 피하고 싶어해요. 여행 목적은 액티비티이며, 게스트하우스에서 머무는 걸 좋아하고 오전 10시 이후쯤 기상하는 편이에요.",
500,매우 둔감,수용적,매우 적다,자주 늦음,리드하는편,3,매우 둔감,보통,국내,바다,계획 여행,무조건 다 봄,코골이 함,기다림,"중국&몽골,동남아,미국","추움,더움,상관없음","휴식,자연감상,기록","게스트하우스,민박,3성이하 호텔",오전 9-10시,100만원 이하,"이 사용자는 미국 지역을 선호하고, 상관없음 기후를 피하고 싶어해요. 여행 목적은 자연감상이며, 3성이하 호텔에서 머무는 걸 좋아하고 오전 9-10시쯤 기상하는 편이에요.",
501,매우 민감,매우 수용적,매우 적다,자주 늦음,따르는 편,1,매우 둔감,매우 빡빡하게,해외,산,계획 여행,적당히 봄,코골이 안함,다른 곳 간다,"유럽,일본,동남아","추움,더움,상관없음","쇼핑,사람&관계,공연&경기관람","4-5성급호텔,펜션,콘도",오전 8-9시,300-400만원,"이 사용자는 유럽 지역을 선호하고, 상관없음 기후를 피하고 싶어해요. 여행 목적은 공연&경기관람이며, 4-5성급호텔에서 머무는 걸 좋아하고 오전 8-9시쯤 기상하는 편이에요.",
502,둔감,다소 완고,매우 적다,종종 늦음,리드하는편,1,매우 둔감,매우 빡빡하게,해외,바다,즉흥 여행,적당히 봄,코골이 함,기다림,"동남아,유럽,미국","건조함,습함,쌀쌀함","사람&관계,공연&경기관람,문화&역사체험","4-5성급호텔,게스트하우스,에어비엔비",오전 8-9시,100만원 이하,"이 사용자는 유럽 지역을 선호하고, 건조함 기후를 피하고 싶어해요. 여행 목적은 사람&관계이며, 게스트하우스에서 머무는 걸 좋아하고 오전 8-9시쯤 기상하는 편이에요.",
503,매우 둔감,보통,보통,종종 늦음,무조건 따름,3,보통,꽤 빡빡하게,해외,산,계획 여행,적당히 봄,코골이 안함,기다림,"동남아,국내,중국&몽골","추움,상관없음,건조함","미식,액티비티,도전과성장","펜션,콘도,4-5성급호텔",오전 9-10시,400만원 이상,"이 사용자는 동남아 지역을 선호하고, 건조함 기후를 피하고 싶어해요. 여행 목적은 도전과성장이며, 콘도에서 머무는 걸 좋아하고 오전 9-10시쯤 기상하는 편이에요.",
504,보통,매우 완고,보통,보통,무조건 따름,5,보통,매우 빡빡하게,국내,바다,계획 여행,무조건 다 봄,코골이 함,기다림,"국내,그 외,동남아","건조함,상관없음,습함","미식,쇼핑,공연&경기관람","3성이하 호텔,4-5성급호텔,민박",오전 8-9시,100만원 이하,"이 사용자는 동남아 지역을 선호하고, 상관없음 기후를 피하고 싶어해요. 여행 목적은 쇼핑이며, 민박에서 머무는 걸 좋아하고 오전 8-9시쯤 기상하는 편이에요.",
505,매우 민감,매우 수용적,매우 적다,보통,따르는 편,5,둔감,매우 빡빡하게,해외,바다,즉흥 여행,적당히 봄,코골이 함,다른 곳 간다,"동남아,유럽,세계일주","습함,더움,쌀쌀함","미식,액티비티,휴식","4-5성급호텔,민박,콘도",오전 10시 이후,400만원 이상,"이 사용자는 유럽 지역을 선호하고, 습함 기후를 피하고 싶어해요. 여행 목적은 휴식이며, 4-5성급호텔에서 머무는 걸 좋아하고 오전 10시 이후쯤 기상하는 편이에요.",
506,둔감,수용적,많다,자주 늦음,따르는 편,3,보통,보통,국내,산,계획 여행,무조건 다 봄,코골이 안함,다른 곳 간다,"유럽,국내,미국","상관없음,습함,건조함","공연&경기관람,문화&역사체험,도전과성장","콘도,4-5성급호텔,민박",오전 10시 이후,400만원 이상,"이 사용자는 미국 지역을 선호하고, 건조함 기후를 피하고 싶어해요. 여행 목적은 문화&역사체험이며, 4-5성급호텔에서 머무는 걸 좋아하고 오전 10시 이후쯤 기상하는 편이에요.",
507,보통,매우 완고,매우 많다,매우 정확,따르는 편,1,둔감,매우 여유있게,국내,바다,계획 여행,적당히 봄,코골이 안함,기다림,"동남아,중국&몽골,일본","추움,더움,쌀쌀함","문화&역사체험,휴식,도전과성장","4-5성급호텔,상관없음,콘도",오전 9-10시,100만원 이하,"이 사용자는 일본 지역을 선호하고, 더움 기후를 피하고 싶어해요. 여행 목적은 문화&역사체험이며, 4-5성급호텔에서 머무는 걸 좋아하고 오전 9-10시쯤 기상하는 편이에요.",
508,매우 민감,매우 완고,많다,보통,무조건 리드,4,보통,보통,해외,바다,계획 여행,적당히 봄,코골이 안함,기다림,"미국,동남아,중국&몽골","더움,습함,추움","휴식,도전과성장,쇼핑","펜션,상관없음,콘도",오전 10시 이후,100만원 이하,"이 사용자는 미국 지역을 선호하고, 습함 기후를 피하고 싶어해요. 여행 목적은 쇼핑이며, 펜션에서 머무는 걸 좋아하고 오전 10시 이후쯤 기상하는 편이에요.",
509,꽤 민감,매우 수용적,적다,자주 늦음,보통,2,보통,매우 여유있게,해외,산,계획 여행,적당히 봄,코골이 함,기다림,"미국,그 외,일본","건조함,상관없음,쌀쌀함","쇼핑,기록,문화&역사체험","상관없음,게스트하우스,4-5성급호텔",오전 8-9시,200-300만원,"이 사용자는 미국 지역을 선호하고, 건조함 기후를 피하고 싶어해요. 여행 목적은 쇼핑이며, 상관없음에서 머무는 걸 좋아하고 오전 8-9시쯤 기상하는 편이에요.",
510,매우 둔감,수용적,적다,꽤 정확,리드하는편,4,꽤 민감,꽤 여유있게,국내,바다,즉흥 여행,무조건 다 봄,코골이 함,다른 곳 간다,"중국&몽골,유럽,일본","더움,쌀쌀함,건조함","쇼핑,문화&역사체험,공연&경기관람","3성이하 호텔,에어비엔비,4-5성급호텔",오전 9-10시,100만원 이하,"이 사용자는 일본 지역을 선호하고, 건조함 기후를 피하고 싶어해요. 여행 목적은 문화&역사체험이며, 에어비엔비에서 머무는 걸 좋아하고 오전 9-10시쯤 기상하는 편이에요.",
511,꽤 민감,수용적,적다,꽤 정확,따르는 편,3,보통,보통,국내,바다,계획 여행,적당히 봄,코골이 안함,다른 곳 간다,"중국&몽골,동남아,미국","건조함,추움,습함","기록,자연감상,문화&역사체험","에어비엔비,3성이하 호텔,4-5성급호텔",오전 9-10시,200-300만원,"이 사용자는 중국&몽골 지역을 선호하고, 건조함 기후를 피하고 싶어해요. 여행 목적은 문화&역사체험이며, 3성이하 호텔에서 머무는 걸 좋아하고 오전 9-10시쯤 기상하는 편이에요.",
512,매우 둔감,매우 완고,많다,매우 정확,무조건 리드,5,둔감,매우 여유있게,국내,산,계획 여행,적당히 봄,코골이 안함,기다림,"미국,일본,유럽","건조함,습함,더움","쇼핑,휴식,도전과성장","3성이하 호텔,민박,콘도",오전 10시 이후,400만원 이상,"이 사용자는 미국 지역을 선호하고, 건조함 기후를 피하고 싶어해요. 여행 목적은 도전과성장이며, 민박에서 머무는 걸 좋아하고 오전 10시 이후쯤 기상하는 편이에요.",
513,꽤 민감,보통,많다,보통,따르는 편,4,매우 민감,매우 여유있게,해외,산,계획 여행,무조건 다 봄,코골이 함,기다림,"일본,미국,중국&몽골","습함,더움,상관없음","미식,사람&관계,문화&역사체험","펜션,에어비엔비,게스트하우스",오전 9-10시,100만원 이하,"이 사용자는 미국 지역을 선호하고, 더움 기후를 피하고 싶어해요. 여행 목적은 사람&관계이며, 게스트하우스에서 머무는 걸 좋아하고 오전 9-10시쯤 기상하는 편이에요.",
514,매우 둔감,매우 수용적,적다,자주 늦음,따르는 편,4,매우 민감,꽤 여유있게,국내,바다,즉흥 여행,무조건 다 봄,코골이 함,다른 곳 간다,"세계일주,중국&몽골,일본","쌀쌀함,추움,상관없음","액티비티,사람&관계,공연&경기관람","4-5성급호텔,3성이하 호텔,게스트하우스",오전 8-9시,100만원 이하,"이 사용자는 일본 지역을 선호하고, 쌀쌀함 기후를 피하고 싶어해요. 여행 목적은 사람&관계이며, 게스트하우스에서 머무는 걸 좋아하고 오전 8-9시쯤 기상하는 편이에요.",
515,매우 민감,다소 완고,적다,매우 정확,무조건 따름,1,꽤 민감,매우 여유있게,해외,산,계획 여행,적당히 봄,코골이 함,기다림,"세계일주,미국,동남아","상관없음,추움,쌀쌀함","공연&경기관람,자연감상,도전과성장","콘도,에어비엔비,게스트하우스",오전 10시 이후,100만원 이하,"이 사용자는 미국 지역을 선호하고, 추움 기후를 피하고 싶어해요. 여행 목적은 도전과성장이며, 에어비엔비에서 머무는 걸 좋아하고 오전 10시 이후쯤 기상하는 편이에요.",
516,매우 둔감,보통,매우 적다,꽤 정확,무조건 따름,1,둔감,보통,해외,산,계획 여행,적당히 봄,코골이 안함,기다림,"그 외,국내,세계일주","상관없음,더움,추움","사람&관계,도전과성장,기록","에어비엔비,게스트하우스,민박",오전 9-10시,100만원 이하,"이 사용자는 세계일주 지역을 선호하고, 상관없음 기후를 피하고 싶어해요. 여행 목적은 사람&관계이며, 게스트하우스에서 머무는 걸 좋아하고 오전 9-10시쯤 기상하는 편이에요.",
517,꽤 민감,매우 수용적,매우 적다,자주 늦음,무조건 리드,3,매우 민감,꽤 빡빡하게,해외,바다,계획 여행,무조건 다 봄,코골이 함,다른 곳 간다,"국내,세계일주,그 외","쌀쌀함,습함,추움","미식,기록,휴식","3성이하 호텔,4-5성급호텔,펜션",오전 10시 이후,100만원 이하,"이 사용자는 세계일주 지역을 선호하고, 추움 기후를 피하고 싶어해요. 여행 목적은 휴식이며, 펜션에서 머무는 걸 좋아하고 오전 10시 이후쯤 기상하는 편이에요.",
518,둔감,매우 완고,매우 적다,종종 늦음,보통,5,꽤 민감,매우 여유있게,해외,바다,계획 여행,무조건 다 봄,코골이 함,다른 곳 간다,"세계일주,유럽,미국","상관없음,쌀쌀함,더움","사람&관계,기록,미식","민박,에어비엔비,4-5성급호텔",오전 8-9시,400만원 이상,"이 사용자는 세계일주 지역을 선호하고, 쌀쌀함 기후를 피하고 싶어해요. 여행 목적은 기록이며, 민박에서 머무는 걸 좋아하고 오전 8-9시쯤 기상하는 편이에요.",
519,보통,매우 수용적,적다,꽤 정확,리드하는편,2,보통,매우 빡빡하게,국내,산,계획 여행,적당히 봄,코골이 안함,다른 곳 간다,"중국&몽골,일본,세계일주","상관없음,습함,추움","도전과성장,사람&관계,자연감상","4-5성급호텔,콘도,3성이하 호텔",오전 10시 이후,200-300만원,"이 사용자는 중국&몽골 지역을 선호하고, 상관없음 기후를 피하고 싶어해요. 여행 목적은 사람&관계이며, 콘도에서 머무는 걸 좋아하고 오전 10시 이후쯤 기상하는 편이에요.",
520,보통,매우 완고,적다,종종 늦음,리드하는편,2,꽤 민감,매우 여유있게,해외,바다,즉흥 여행,무조건 다 봄,코골이 함,다른 곳 간다,"일본,미국,국내","쌀쌀함,추움,습함","미식,휴식,도전과성장","3성이하 호텔,4-5성급호텔,게스트하우스",오전 8-9시,300-400만원,"이 사용자는 미국 지역을 선호하고, 추움 기후를 피하고 싶어해요. 여행 목적은 도전과성장이며, 게스트하우스에서 머무는 걸 좋아하고 오전 8-9시쯤 기상하는 편이에요.",
521,둔감,매우 수용적,매우 많다,보통,리드하는편,3,매우 민감,매우 여유있게,국내,산,계획 여행,적당히 봄,코골이 안함,기다림,"국내,중국&몽골,유럽","습함,추움,상관없음","자연감상,사람&관계,기록","민박,상관없음,게스트하우스",오전 9-10시,300-400만원,"이 사용자는 국내 지역을 선호하고, 추움 기후를 피하고 싶어해요. 여행 목적은 기록이며, 상관없음에서 머무는 걸 좋아하고 오전 9-10시쯤 기상하는 편이에요.",
522,보통,다소 완고,매우 적다,자주 늦음,무조건 따름,5,매우 둔감,꽤 여유있게,해외,바다,즉흥 여행,적당히 봄,코골이 안함,다른 곳 간다,"동남아,일본,국내","건조함,습함,쌀쌀함","도전과성장,액티비티,문화&역사체험","3성이하 호텔,게스트하우스,펜션",오전 10시 이후,200-300만원,"이 사용자는 동남아 지역을 선호하고, 습함 기후를 피하고 싶어해요. 여행 목적은 액티비티이며, 3성이하 호텔에서 머무는 걸 좋아하고 오전 10시 이후쯤 기상하는 편이에요.",
523,보통,매우 완고,매우 적다,종종 늦음,무조건 리드,5,꽤 민감,꽤 여유있게,국내,산,계획 여행,적당히 봄,코골이 안함,다른 곳 간다,"중국&몽골,유럽,일본","쌀쌀함,상관없음,습함","사람&관계,휴식,액티비티","상관없음,펜션,에어비엔비",오전 10시 이후,100만원 이하,"이 사용자는 유럽 지역을 선호하고, 쌀쌀함 기후를 피하고 싶어해요. 여행 목적은 액티비티이며, 상관없음에서 머무는 걸 좋아하고 오전 10시 이후쯤 기상하는 편이에요.",
524,매우 민감,수용적,보통,매우 정확,무조건 따름,1,매우 민감,꽤 빡빡하게,국내,바다,즉흥 여행,무조건 다 봄,코골이 함,다른 곳 간다,"세계일주,유럽,일본","추움,건조함,상관없음","문화&역사체험,미식,기록","민박,펜션,에어비엔비",오전 9-10시,100만원 이하,"이 사용자는 일본 지역을 선호하고, 건조함 기후를 피하고 싶어해요. 여행 목적은 기록이며, 펜션에서 머무는 걸 좋아하고 오전 9-10시쯤 기상하는 편이에요.",
525,매우 둔감,매우 수용적,매우 적다,자주 늦음,리드하는편,2,꽤 민감,보통,해외,산,즉흥 여행,무조건 다 봄,코골이 안함,기다림,"일본,동남아,유럽","상관없음,쌀쌀함,습함","미식,쇼핑,공연&경기관람","콘도,에어비엔비,펜션",오전 8-9시,100만원 이하,"이 사용자는 유럽 지역을 선호하고, 쌀쌀함 기후를 피하고 싶어해요. 여행 목적은 공연&경기관람이며, 펜션에서 머무는 걸 좋아하고 오전 8-9시쯤 기상하는 편이에요.",
526,매우 둔감,보통,적다,자주 늦음,리드하는편,2,매우 민감,꽤 빡빡하게,국내,바다,즉흥 여행,적당히 봄,코골이 함,기다림,"동남아,국내,유럽","추움,상관없음,쌀쌀함","사람&관계,문화&역사체험,공연&경기관람","콘도,4-5성급호텔,민박",오전 8-9시,300-400만원,"이 사용자는 유럽 지역을 선호하고, 추움 기후를 피하고 싶어해요. 여행 목적은 사람&관계이며, 4-5성급호텔에서 머무는 걸 좋아하고 오전 8-9시쯤 기상하는 편이에요.",
527,매우 둔감,매우 완고,매우 많다,꽤 정확,보통,3,매우 둔감,꽤 여유있게,해외,바다,즉흥 여행,적당히 봄,코골이 함,다른 곳 간다,"동남아,유럽,세계일주","상관없음,습함,건조함","미식,도전과성장,공연&경기관람","에어비엔비,3성이하 호텔,펜션",오전 10시 이후,300-400만원,"이 사용자는 유럽 지역을 선호하고, 건조함 기후를 피하고 싶어해요. 여행 목적은 공연&경기관람이며, 에어비엔비에서 머무는 걸 좋아하고 오전 10시 이후쯤 기상하는 편이에요.",
528,매우 민감,수용적,적다,매우 정확,무조건 리드,5,매우 둔감,꽤 빡빡하게,해외,산,계획 여행,무조건 다 봄,코골이 안함,다른 곳 간다,"미국,국내,세계일주","추움,상관없음,건조함","문화&역사체험,도전과성장,사람&관계","콘도,3성이하 호텔,상관없음",오전 10시 이후,200-300만원,"이 사용자는 세계일주 지역을 선호하고, 추움 기후를 피하고 싶어해요. 여행 목적은 도전과성장이며, 3성이하 호텔에서 머무는 걸 좋아하고 오전 10시 이후쯤 기상하는 편이에요.",
529,매우 민감,다소 완고,매우 적다,보통,보통,4,매우 둔감,보통,국내,산,즉흥 여행,적당히 봄,코골이 안함,기다림,"유럽,일본,동남아","습함,쌀쌀함,더움","사람&관계,휴식,기록","펜션,콘도,4-5성급호텔",오전 8-9시,200-300만원,"이 사용자는 유럽 지역을 선호하고, 쌀쌀함 기후를 피하고 싶어해요. 여행 목적은 사람&관계이며, 펜션에서 머무는 걸 좋아하고 오전 8-9시쯤 기상하는 편이에요.",
530,보통,다소 완고,적다,자주 늦음,무조건 따름,3,매우 민감,매우 빡빡하게,해외,바다,즉흥 여행,적당히 봄,코골이 안함,기다림,"동남아,미국,그 외","습함,건조함,쌀쌀함","쇼핑,공연&경기관람,기록","4-5성급호텔,콘도,민박",오전 9-10시,400만원 이상,"이 사용자는 그 외 지역을 선호하고, 건조함 기후를 피하고 싶어해요. 여행 목적은 공연&경기관람이며, 콘도에서 머무는 걸 좋아하고 오전 9-10시쯤 기상하는 편이에요.",
531,보통,보통,매우 많다,꽤 정확,무조건 따름,3,보통,매우 여유있게,국내,산,즉흥 여행,무조건 다 봄,코골이 함,기다림,"국내,세계일주,중국&몽골","상관없음,건조함,추움","액티비티,기록,공연&경기관람","펜션,게스트하우스,3성이하 호텔",오전 8-9시,400만원 이상,"이 사용자는 중국&몽골 지역을 선호하고, 건조함 기후를 피하고 싶어해요. 여행 목적은 기록이며, 펜션에서 머무는 걸 좋아하고 오전 8-9시쯤 기상하는 편이에요.",
532,매우 둔감,매우 수용적,많다,종종 늦음,따르는 편,5,둔감,보통,국내,산,계획 여행,무조건 다 봄,코골이 함,다른 곳 간다,"그 외,동남아,국내","더움,상관없음,건조함","공연&경기관람,기록,사람&관계","4-5성급호텔,상관없음,민박",오전 10시 이후,400만원 이상,"이 사용자는 그 외 지역을 선호하고, 상관없음 기후를 피하고 싶어해요. 여행 목적은 사람&관계이며, 4-5성급호텔에서 머무는 걸 좋아하고 오전 10시 이후쯤 기상하는 편이에요.",
533,둔감,수용적,보통,매우 정확,무조건 리드,4,둔감,꽤 빡빡하게,해외,바다,계획 여행,적당히 봄,코골이 함,다른 곳 간다,"그 외,세계일주,국내","더움,상관없음,습함","미식,사람&관계,기록","4-5성급호텔,민박,콘도",오전 9-10시,200-300만원,"이 사용자는 국내 지역을 선호하고, 더움 기후를 피하고 싶어해요. 여행 목적은 사람&관계이며, 4-5성급호텔에서 머무는 걸 좋아하고 오전 9-10시쯤 기상하는 편이에요.",
534,보통,수용적,매우 많다,자주 늦음,무조건 따름,1,매우 민감,보통,국내,산,즉흥 여행,적당히 봄,코골이 함,다른 곳 간다,"세계일주,동남아,중국&몽골","상관없음,습함,건조함","기록,휴식,액티비티","에어비엔비,게스트하우스,펜션",오전 8-9시,300-400만원,"이 사용자는 동남아 지역을 선호하고, 습함 기후를 피하고 싶어해요. 여행 목적은 휴식이며, 게스트하우스에서 머무는 걸 좋아하고 오전 8-9시쯤 기상하는 편이에요.",
535,둔감,매우 수용적,보통,자주 늦음,보통,2,보통,보통,국내,바다,계획 여행,적당히 봄,코골이 함,다른 곳 간다,"동남아,유럽,중국&몽골","습함,더움,상관없음","자연감상,공연&경기관람,기록","에어비엔비,펜션,4-5성급호텔",오전 8-9시,200-300만원,"이 사용자는 동남아 지역을 선호하고, 습함 기후를 피하고 싶어해요. 여행 목적은 기록이며, 4-5성급호텔에서 머무는 걸 좋아하고 오전 8-9시쯤 기상하는 편이에요.",
536,꽤 민감,매우 수용적,매우 적다,보통,무조건 따름,2,매우 민감,꽤 여유있게,해외,바다,계획 여행,적당히 봄,코골이 함,기다림,"세계일주,그 외,일본","건조함,습함,상관없음","기록,미식,휴식","에어비엔비,4-5성급호텔,펜션",오전 9-10시,100만원 이하,"이 사용자는 세계일주 지역을 선호하고, 건조함 기후를 피하고 싶어해요. 여행 목적은 기록이며, 에어비엔비에서 머무는 걸 좋아하고 오전 9-10시쯤 기상하는 편이에요.",
537,매우 둔감,다소 완고,많다,매우 정확,따르는 편,3,매우 민감,꽤 빡빡하게,해외,산,계획 여행,적당히 봄,코골이 안함,기다림,"세계일주,미국,동남아","더움,건조함,습함","공연&경기관람,액티비티,쇼핑","게스트하우스,펜션,민박",오전 8-9시,200-300만원,"이 사용자는 세계일주 지역을 선호하고, 습함 기후를 피하고 싶어해요. 여행 목적은 액티비티이며, 펜션에서 머무는 걸 좋아하고 오전 8-9시쯤 기상하는 편이에요.",
538,보통,수용적,적다,자주 늦음,리드하는편,1,꽤 민감,매우 빡빡하게,국내,바다,계획 여행,무조건 다 봄,코골이 함,다른 곳 간다,"동남아,일본,미국","쌀쌀함,상관없음,더움","도전과성장,기록,사람&관계","콘도,민박,상관없음",오전 10시 이후,400만원 이상,"이 사용자는 일본 지역을 선호하고, 쌀쌀함 기후를 피하고 싶어해요. 여행 목적은 기록이며, 콘도에서 머무는 걸 좋아하고 오전 10시 이후쯤 기상하는 편이에요.",
539,매우 둔감,매우 완고,적다,종종 늦음,따르는 편,1,보통,매우 빡빡하게,해외,바다,계획 여행,적당히 봄,코골이 함,기다림,"유럽,동남아,세계일주","상관없음,쌀쌀함,추움","미식,액티비티,쇼핑","펜션,4-5성급호텔,3성이하 호텔",오전 9-10시,100만원 이하,"이 사용자는 유럽 지역을 선호하고, 추움 기후를 피하고 싶어해요. 여행 목적은 쇼핑이며, 3성이하 호텔에서 머무는 걸 좋아하고 오전 9-10시쯤 기상하는 편이에요.",
540,매우 민감,수용적,적다,종종 늦음,리드하는편,1,보통,매우 여유있게,국내,산,즉흥 여행,무조건 다 봄,코골이 안함,기다림,"유럽,미국,동남아","추움,상관없음,습함","휴식,도전과성장,사람&관계","펜션,민박,에어비엔비",오전 8-9시,200-300만원,"이 사용자는 유럽 지역을 선호하고, 상관없음 기후를 피하고 싶어해요. 여행 목적은 휴식이며, 민박에서 머무는 걸 좋아하고 오전 8-9시쯤 기상하는 편이에요.",
541,둔감,보통,보통,매우 정확,리드하는편,1,매우 둔감,매우 여유있게,국내,바다,계획 여행,무조건 다 봄,코골이 안함,기다림,"중국&몽골,국내,동남아","습함,쌀쌀함,건조함","문화&역사체험,사람&관계,도전과성장","4-5성급호텔,3성이하 호텔,게스트하우스",오전 9-10시,400만원 이상,"이 사용자는 중국&몽골 지역을 선호하고, 쌀쌀함 기후를 피하고 싶어해요. 여행 목적은 사람&관계이며, 3성이하 호텔에서 머무는 걸 좋아하고 오전 9-10시쯤 기상하는 편이에요.",
542,매우 둔감,매우 완고,많다,매우 정확,리드하는편,4,꽤 민감,매우 여유있게,국내,바다,계획 여행,무조건 다 봄,코골이 함,기다림,"유럽,그 외,세계일주","상관없음,추움,습함","문화&역사체험,도전과성장,사람&관계","콘도,펜션,상관없음",오전 8-9시,200-300만원,"이 사용자는 그 외 지역을 선호하고, 습함 기후를 피하고 싶어해요. 여행 목적은 도전과성장이며, 상관없음에서 머무는 걸 좋아하고 오전 8-9시쯤 기상하는 편이에요.",
543,매우 둔감,매우 완고,매우 많다,꽤 정확,리드하는편,4,매우 둔감,매우 빡빡하게,국내,산,계획 여행,무조건 다 봄,코골이 함,기다림,"그 외,중국&몽골,동남아","추움,더움,건조함","자연감상,액티비티,쇼핑","민박,콘도,3성이하 호텔",오전 9-10시,200-300만원,"이 사용자는 중국&몽골 지역을 선호하고, 건조함 기후를 피하고 싶어해요. 여행 목적은 쇼핑이며, 3성이하 호텔에서 머무는 걸 좋아하고 오전 9-10시쯤 기상하는 편이에요.",
544,매우 민감,수용적,매우 많다,종종 늦음,무조건 따름,3,매우 둔감,꽤 빡빡하게,국내,바다,계획 여행,무조건 다 봄,코골이 안함,기다림,"유럽,미국,일본","추움,건조함,더움","휴식,문화&역사체험,공연&경기관람","게스트하우스,콘도,3성이하 호텔",오전 8-9시,400만원 이상,"이 사용자는 일본 지역을 선호하고, 더움 기후를 피하고 싶어해요. 여행 목적은 문화&역사체험이며, 게스트하우스에서 머무는 걸 좋아하고 오전 8-9시쯤 기상하는 편이에요.",
545,꽤 민감,매우 완고,매우 적다,종종 늦음,보통,4,보통,매우 여유있게,해외,바다,즉흥 여행,무조건 다 봄,코골이 함,다른 곳 간다,"국내,그 외,일본","쌀쌀함,추움,습함","액티비티,휴식,미식","펜션,상관없음,에어비엔비",오전 10시 이후,300-400만원,"이 사용자는 국내 지역을 선호하고, 습함 기후를 피하고 싶어해요. 여행 목적은 휴식이며, 펜션에서 머무는 걸 좋아하고 오전 10시 이후쯤 기상하는 편이에요.",
546,꽤 민감,수용적,매우 적다,매우 정확,보통,4,매우 둔감,매우 빡빡하게,국내,산,즉흥 여행,적당히 봄,코골이 안함,다른 곳 간다,"그 외,세계일주,일본","더움,상관없음,쌀쌀함","미식,공연&경기관람,쇼핑","펜션,게스트하우스,4-5성급호텔",오전 10시 이후,200-300만원,"이 사용자는 그 외 지역을 선호하고, 쌀쌀함 기후를 피하고 싶어해요. 여행 목적은 공연&경기관람이며, 4-5성급호텔에서 머무는 걸 좋아하고 오전 10시 이후쯤 기상하는 편이에요.",
547,둔감,수용적,매우 많다,자주 늦음,무조건 리드,2,둔감,꽤 여유있게,해외,산,즉흥 여행,적당히 봄,코골이 안함,기다림,"국내,세계일주,중국&몽골","건조함,쌀쌀함,상관없음","기록,휴식,사람&관계","상관없음,4-5성급호텔,게스트하우스",오전 9-10시,100만원 이하,"이 사용자는 국내 지역을 선호하고, 상관없음 기후를 피하고 싶어해요. 여행 목적은 기록이며, 4-5성급호텔에서 머무는 걸 좋아하고 오전 9-10시쯤 기상하는 편이에요.",
548,매우 민감,보통,많다,매우 정확,따르는 편,3,보통,보통,국내,산,즉흥 여행,무조건 다 봄,코골이 안함,다른 곳 간다,"국내,중국&몽골,일본","상관없음,추움,더움","휴식,미식,쇼핑","4-5성급호텔,펜션,3성이하 호텔",오전 8-9시,200-300만원,"이 사용자는 일본 지역을 선호하고, 더움 기후를 피하고 싶어해요. 여행 목적은 미식이며, 펜션에서 머무는 걸 좋아하고 오전 8-9시쯤 기상하는 편이에요.",
549,매우 민감,수용적,매우 많다,꽤 정확,무조건 리드,4,꽤 민감,꽤 여유있게,국내,산,즉흥 여행,적당히 봄,코골이 안함,기다림,"미국,동남아,유럽","추움,건조함,습함","휴식,자연감상,미식","민박,3성이하 호텔,콘도",오전 10시 이후,200-300만원,"이 사용자는 유럽 지역을 선호하고, 건조함 기후를 피하고 싶어해요. 여행 목적은 자연감상이며, 민박에서 머무는 걸 좋아하고 오전 10시 이후쯤 기상하는 편이에요.",
550,꽤 민감,보통,적다,보통,무조건 따름,3,매우 민감,꽤 여유있게,국내,바다,즉흥 여행,무조건 다 봄,코골이 안함,기다림,"유럽,그 외,일본","습함,추움,더움","사람&관계,쇼핑,자연감상","펜션,4-5성급호텔,게스트하우스",오전 8-9시,300-400만원,"이 사용자는 일본 지역을 선호하고, 더움 기후를 피하고 싶어해요. 여행 목적은 사람&관계이며, 4-5성급호텔에서 머무는 걸 좋아하고 오전 8-9시쯤 기상하는 편이에요.",
551,매우 둔감,매우 수용적,매우 적다,꽤 정확,따르는 편,5,매우 민감,매우 여유있게,해외,산,즉흥 여행,적당히 봄,코골이 안함,기다림,"동남아,유럽,미국","쌀쌀함,건조함,습함","공연&경기관람,사람&관계,쇼핑","펜션,3성이하 호텔,4-5성급호텔",오전 8-9시,400만원 이상,"이 사용자는 동남아 지역을 선호하고, 습함 기후를 피하고 싶어해요. 여행 목적은 공연&경기관람이며, 펜션에서 머무는 걸 좋아하고 오전 8-9시쯤 기상하는 편이에요.",
552,둔감,다소 완고,보통,자주 늦음,보통,3,매우 둔감,매우 여유있게,국내,산,계획 여행,무조건 다 봄,코골이 안함,기다림,"국내,세계일주,유럽","추움,더움,건조함","자연감상,기록,도전과성장","펜션,콘도,게스트하우스",오전 10시 이후,400만원 이상,"이 사용자는 세계일주 지역을 선호하고, 건조함 기후를 피하고 싶어해요. 여행 목적은 도전과성장이며, 콘도에서 머무는 걸 좋아하고 오전 10시 이후쯤 기상하는 편이에요.",
553,매우 둔감,매우 완고,매우 적다,꽤 정확,따르는 편,5,보통,꽤 빡빡하게,국내,산,즉흥 여행,적당히 봄,코골이 안함,기다림,"세계일주,동남아,그 외","쌀쌀함,상관없음,더움","사람&관계,미식,자연감상","펜션,4-5성급호텔,게스트하우스",오전 8-9시,200-300만원,"이 사용자는 그 외 지역을 선호하고, 상관없음 기후를 피하고 싶어해요. 여행 목적은 미식이며, 4-5성급호텔에서 머무는 걸 좋아하고 오전 8-9시쯤 기상하는 편이에요.",
554,보통,보통,적다,꽤 정확,리드하는편,1,매우 둔감,매우 여유있게,해외,바다,즉흥 여행,무조건 다 봄,코골이 안함,기다림,"국내,동남아,유럽","쌀쌀함,더움,상관없음","도전과성장,액티비티,기록","펜션,민박,4-5성급호텔",오전 10시 이후,400만원 이상,"이 사용자는 국내 지역을 선호하고, 더움 기후를 피하고 싶어해요. 여행 목적은 도전과성장이며, 펜션에서 머무는 걸 좋아하고 오전 10시 이후쯤 기상하는 편이에요.",
555,둔감,보통,매우 적다,매우 정확,보통,1,매우 둔감,보통,국내,바다,즉흥 여행,무조건 다 봄,코골이 함,기다림,"미국,그 외,국내","더움,건조함,상관없음","문화&역사체험,미식,휴식","상관없음,에어비엔비,게스트하우스",오전 10시 이후,100만원 이하,"이 사용자는 미국 지역을 선호하고, 더움 기후를 피하고 싶어해요. 여행 목적은 문화&역사체험이며, 에어비엔비에서 머무는 걸 좋아하고 오전 10시 이후쯤 기상하는 편이에요.",
556,매우 민감,매우 완고,많다,보통,리드하는편,3,둔감,매우 여유있게,해외,산,계획 여행,무조건 다 봄,코골이 안함,기다림,"중국&몽골,유럽,그 외","습함,쌀쌀함,건조함","쇼핑,기록,자연감상","3성이하 호텔,펜션,에어비엔비",오전 10시 이후,200-300만원,"이 사용자는 그 외 지역을 선호하고, 습함 기후를 피하고 싶어해요. 여행 목적은 기록이며, 3성이하 호텔에서 머무는 걸 좋아하고 오전 10시 이후쯤 기상하는 편이에요.",
557,매우 둔감,매우 수용적,적다,종종 늦음,무조건 리드,5,꽤 민감,꽤 빡빡하게,국내,바다,즉흥 여행,적당히 봄,코골이 함,다른 곳 간다,"중국&몽골,동남아,세계일주","추움,더움,습함","액티비티,도전과성장,미식","게스트하우스,민박,상관없음",오전 8-9시,300-400만원,"이 사용자는 중국&몽골 지역을 선호하고, 추움 기후를 피하고 싶어해요. 여행 목적은 도전과성장이며, 민박에서 머무는 걸 좋아하고 오전 8-9시쯤 기상하는 편이에요.",
558,매우 민감,다소 완고,많다,매우 정확,무조건 따름,3,꽤 민감,매우 빡빡하게,국내,산,즉흥 여행,적당히 봄,코골이 안함,다른 곳 간다,"미국,중국&몽골,그 외","더움,습함,상관없음","쇼핑,자연감상,기록","에어비엔비,펜션,민박",오전 8-9시,400만원 이상,"이 사용자는 중국&몽골 지역을 선호하고, 상관없음 기후를 피하고 싶어해요. 여행 목적은 자연감상이며, 에어비엔비에서 머무는 걸 좋아하고 오전 8-9시쯤 기상하는 편이에요.",
559,꽤 민감,다소 완고,매우 적다,매우 정확,리드하는편,2,매우 민감,꽤 여유있게,해외,산,계획 여행,적당히 봄,코골이 안함,다른 곳 간다,"미국,일본,동남아","더움,습함,쌀쌀함","도전과성장,액티비티,휴식","4-5성급호텔,민박,콘도",오전 10시 이후,100만원 이하,"이 사용자는 동남아 지역을 선호하고, 쌀쌀함 기후를 피하고 싶어해요. 여행 목적은 도전과성장이며, 4-5성급호텔에서 머무는 걸 좋아하고 오전 10시 이후쯤 기상하는 편이에요.",
560,매우 둔감,매우 완고,많다,꽤 정확,보통,3,매우 둔감,꽤 빡빡하게,국내,산,즉흥 여행,적당히 봄,코골이 함,기다림,"세계일주,동남아,국내","쌀쌀함,추움,상관없음","공연&경기관람,사람&관계,미식","3성이하 호텔,게스트하우스,콘도",오전 9-10시,400만원 이상,"이 사용자는 세계일주 지역을 선호하고, 추움 기후를 피하고 싶어해요. 여행 목적은 사람&관계이며, 3성이하 호텔에서 머무는 걸 좋아하고 오전 9-10시쯤 기상하는 편이에요.",
561,둔감,보통,적다,종종 늦음,리드하는편,2,매우 민감,매우 빡빡하게,국내,바다,계획 여행,무조건 다 봄,코골이 안함,다른 곳 간다,"동남아,일본,그 외","상관없음,더움,습함","미식,도전과성장,자연감상","게스트하우스,펜션,3성이하 호텔",오전 10시 이후,400만원 이상,"이 사용자는 동남아 지역을 선호하고, 더움 기후를 피하고 싶어해요. 여행 목적은 자연감상이며, 펜션에서 머무는 걸 좋아하고 오전 10시 이후쯤 기상하는 편이에요.",
562,매우 민감,보통,많다,꽤 정확,따르는 편,2,둔감,매우 빡빡하게,해외,산,계획 여행,적당히 봄,코골이 함,다른 곳 간다,"유럽,중국&몽골,세계일주","습함,추움,쌀쌀함","문화&역사체험,휴식,액티비티","펜션,민박,게스트하우스",오전 10시 이후,300-400만원,"이 사용자는 중국&몽골 지역을 선호하고, 습함 기후를 피하고 싶어해요. 여행 목적은 문화&역사체험이며, 민박에서 머무는 걸 좋아하고 오전 10시 이후쯤 기상하는 편이에요.",
563,보통,매우 수용적,보통,종종 늦음,무조건 리드,5,보통,매우 여유있게,해외,산,즉흥 여행,무조건 다 봄,코골이 안함,다른 곳 간다,"그 외,유럽,미국","상관없음,더움,추움","도전과성장,자연감상,사람&관계","에어비엔비,펜션,4-5성급호텔",오전 8-9시,200-300만원,"이 사용자는 미국 지역을 선호하고, 상관없음 기후를 피하고 싶어해요. 여행 목적은 자연감상이며, 에어비엔비에서 머무는 걸 좋아하고 오전 8-9시쯤 기상하는 편이에요.",
564,꽤 민감,수용적,매우 많다,종종 늦음,무조건 리드,1,둔감,보통,국내,산,계획 여행,무조건 다 봄,코골이 안함,기다림,"중국&몽골,그 외,국내","습함,추움,쌀쌀함","미식,자연감상,문화&역사체험","4-5성급호텔,3성이하 호텔,에어비엔비",오전 9-10시,100만원 이하,"이 사용자는 국내 지역을 선호하고, 습함 기후를 피하고 싶어해요. 여행 목적은 문화&역사체험이며, 3성이하 호텔에서 머무는 걸 좋아하고 오전 9-10시쯤 기상하는 편이에요.",
565,매우 둔감,보통,매우 많다,꽤 정확,따르는 편,3,꽤 민감,꽤 빡빡하게,국내,산,계획 여행,무조건 다 봄,코골이 함,기다림,"중국&몽골,동남아,유럽","쌀쌀함,추움,더움","문화&역사체험,기록,공연&경기관람","게스트하우스,상관없음,콘도",오전 10시 이후,400만원 이상,"이 사용자는 동남아 지역을 선호하고, 추움 기후를 피하고 싶어해요. 여행 목적은 기록이며, 게스트하우스에서 머무는 걸 좋아하고 오전 10시 이후쯤 기상하는 편이에요.",
566,둔감,매우 완고,매우 적다,보통,따르는 편,2,매우 민감,매우 여유있게,해외,산,즉흥 여행,적당히 봄,코골이 함,다른 곳 간다,"국내,일본,세계일주","쌀쌀함,추움,더움","쇼핑,기록,공연&경기관람","상관없음,게스트하우스,콘도",오전 9-10시,300-400만원,"이 사용자는 세계일주 지역을 선호하고, 쌀쌀함 기후를 피하고 싶어해요. 여행 목적은 공연&경기관람이며, 게스트하우스에서 머무는 걸 좋아하고 오전 9-10시쯤 기상하는 편이에요.",
567,꽤 민감,수용적,매우 적다,보통,무조건 따름,2,매우 민감,꽤 빡빡하게,해외,바다,즉흥 여행,무조건 다 봄,코골이 안함,다른 곳 간다,"세계일주,그 외,동남아","건조함,습함,상관없음","기록,휴식,자연감상","콘도,에어비엔비,민박",오전 8-9시,300-400만원,"이 사용자는 그 외 지역을 선호하고, 상관없음 기후를 피하고 싶어해요. 여행 목적은 기록이며, 민박에서 머무는 걸 좋아하고 오전 8-9시쯤 기상하는 편이에요.",
568,매우 민감,매우 완고,매우 많다,꽤 정확,보통,5,매우 둔감,꽤 여유있게,국내,바다,계획 여행,적당히 봄,코골이 함,다른 곳 간다,"그 외,세계일주,중국&몽골","상관없음,추움,쌀쌀함","사람&관계,미식,쇼핑","콘도,4-5성급호텔,펜션",오전 10시 이후,200-300만원,"이 사용자는 중국&몽골 지역을 선호하고, 상관없음 기후를 피하고 싶어해요. 여행 목적은 사람&관계이며, 4-5성급호텔에서 머무는 걸 좋아하고 오전 10시 이후쯤 기상하는 편이에요.",
569,매우 둔감,보통,매우 많다,종종 늦음,보통,4,보통,꽤 여유있게,해외,바다,계획 여행,무조건 다 봄,코골이 안함,기다림,"미국,국내,일본","습함,추움,더움","미식,문화&역사체험,도전과성장","3성이하 호텔,펜션,게스트하우스",오전 8-9시,400만원 이상,"이 사용자는 미국 지역을 선호하고, 추움 기후를 피하고 싶어해요. 여행 목적은 문화&역사체험이며, 3성이하 호텔에서 머무는 걸 좋아하고 오전 8-9시쯤 기상하는 편이에요.",
570,둔감,수용적,보통,보통,리드하는편,3,매우 둔감,꽤 빡빡하게,해외,산,계획 여행,적당히 봄,코골이 함,기다림,"국내,동남아,유럽","건조함,상관없음,추움","기록,쇼핑,사람&관계","콘도,3성이하 호텔,에어비엔비",오전 8-9시,400만원 이상,"이 사용자는 동남아 지역을 선호하고, 건조함 기후를 피하고 싶어해요. 여행 목적은 사람&관계이며, 에어비엔비에서 머무는 걸 좋아하고 오전 8-9시쯤 기상하는 편이에요.",
571,매우 둔감,다소 완고,매우 많다,보통,보통,3,보통,매우 여유있게,해외,바다,즉흥 여행,무조건 다 봄,코골이 함,기다림,"중국&몽골,국내,유럽","건조함,더움,쌀쌀함","사람&관계,자연감상,도전과성장","콘도,4-5성급호텔,민박",오전 8-9시,100만원 이하,"이 사용자는 중국&몽골 지역을 선호하고, 건조함 기후를 피하고 싶어해요. 여행 목적은 도전과성장이며, 4-5성급호텔에서 머무는 걸 좋아하고 오전 8-9시쯤 기상하는 편이에요.",
572,보통,수용적,매우 많다,꽤 정확,무조건 리드,3,둔감,꽤 빡빡하게,해외,바다,즉흥 여행,무조건 다 봄,코골이 안함,기다림,"그 외,국내,일본","쌀쌀함,건조함,습함","도전과성장,쇼핑,문화&역사체험","펜션,에어비엔비,게스트하우스",오전 10시 이후,200-300만원,"이 사용자는 그 외 지역을 선호하고, 습함 기후를 피하고 싶어해요. 여행 목적은 쇼핑이며, 펜션에서 머무는 걸 좋아하고 오전 10시 이후쯤 기상하는 편이에요.",
573,보통,매우 수용적,많다,종종 늦음,따르는 편,4,둔감,매우 빡빡하게,해외,바다,즉흥 여행,무조건 다 봄,코골이 함,다른 곳 간다,"세계일주,그 외,미국","건조함,더움,추움","기록,도전과성장,자연감상","4-5성급호텔,콘도,게스트하우스",오전 8-9시,100만원 이하,"이 사용자는 미국 지역을 선호하고, 추움 기후를 피하고 싶어해요. 여행 목적은 기록이며, 게스트하우스에서 머무는 걸 좋아하고 오전 8-9시쯤 기상하는 편이에요.",
574,보통,다소 완고,매우 많다,꽤 정확,따르는 편,4,매우 둔감,매우 여유있게,국내,산,계획 여행,무조건 다 봄,코골이 안함,기다림,"유럽,미국,동남아","상관없음,습함,건조함","도전과성장,자연감상,액티비티","게스트하우스,3성이하 호텔,에어비엔비",오전 8-9시,100만원 이하,"이 사용자는 미국 지역을 선호하고, 습함 기후를 피하고 싶어해요. 여행 목적은 액티비티이며, 3성이하 호텔에서 머무는 걸 좋아하고 오전 8-9시쯤 기상하는 편이에요.",
575,매우 민감,수용적,매우 많다,매우 정확,따르는 편,3,둔감,꽤 빡빡하게,해외,바다,즉흥 여행,적당히 봄,코골이 함,기다림,"그 외,유럽,미국","쌀쌀함,더움,추움","쇼핑,문화&역사체험,도전과성장","펜션,상관없음,게스트하우스",오전 9-10시,100만원 이하,"이 사용자는 유럽 지역을 선호하고, 더움 기후를 피하고 싶어해요. 여행 목적은 도전과성장이며, 게스트하우스에서 머무는 걸 좋아하고 오전 9-10시쯤 기상하는 편이에요.",
576,매우 둔감,다소 완고,많다,매우 정확,리드하는편,1,매우 민감,매우 여유있게,국내,바다,계획 여행,적당히 봄,코골이 함,다른 곳 간다,"일본,중국&몽골,미국","쌀쌀함,상관없음,더움","액티비티,사람&관계,기록","콘도,에어비엔비,3성이하 호텔",오전 9-10시,100만원 이하,"이 사용자는 미국 지역을 선호하고, 쌀쌀함 기후를 피하고 싶어해요. 여행 목적은 액티비티이며, 3성이하 호텔에서 머무는 걸 좋아하고 오전 9-10시쯤 기상하는 편이에요.",
577,꽤 민감,보통,매우 적다,꽤 정확,무조건 따름,3,보통,꽤 빡빡하게,국내,바다,즉흥 여행,무조건 다 봄,코골이 안함,다른 곳 간다,"세계일주,중국&몽골,동남아","더움,상관없음,습함","휴식,자연감상,도전과성장","펜션,게스트하우스,민박",오전 10시 이후,200-300만원,"이 사용자는 동남아 지역을 선호하고, 습함 기후를 피하고 싶어해요. 여행 목적은 자연감상이며, 펜션에서 머무는 걸 좋아하고 오전 10시 이후쯤 기상하는 편이에요.",
578,보통,다소 완고,적다,매우 정확,리드하는편,4,둔감,꽤 빡빡하게,국내,산,즉흥 여행,무조건 다 봄,코골이 안함,기다림,"중국&몽골,동남아,세계일주","쌀쌀함,추움,더움","자연감상,미식,기록","상관없음,3성이하 호텔,에어비엔비",오전 10시 이후,100만원 이하,"이 사용자는 세계일주 지역을 선호하고, 쌀쌀함 기후를 피하고 싶어해요. 여행 목적은 자연감상이며, 3성이하 호텔에서 머무는 걸 좋아하고 오전 10시 이후쯤 기상하는 편이에요.",
579,매우 민감,매우 수용적,적다,매우 정확,무조건 리드,4,꽤 민감,매우 빡빡하게,국내,산,즉흥 여행,적당히 봄,코골이 함,기다림,"국내,세계일주,미국","쌀쌀함,건조함,습함","쇼핑,자연감상,문화&역사체험","에어비엔비,3성이하 호텔,민박",오전 8-9시,200-300만원,"이 사용자는 국내 지역을 선호하고, 건조함 기후를 피하고 싶어해요. 여행 목적은 자연감상이며, 민박에서 머무는 걸 좋아하고 오전 8-9시쯤 기상하는 편이에요.",
580,매우 민감,수용적,보통,자주 늦음,리드하는편,2,둔감,매우 빡빡하게,국내,산,계획 여행,적당히 봄,코골이 안함,기다림,"그 외,동남아,일본","더움,쌀쌀함,습함","자연감상,기록,도전과성장","민박,에어비엔비,3성이하 호텔",오전 10시 이후,400만원 이상,"이 사용자는 일본 지역을 선호하고, 습함 기후를 피하고 싶어해요. 여행 목적은 기록이며, 에어비엔비에서 머무는 걸 좋아하고 오전 10시 이후쯤 기상하는 편이에요.",
581,보통,수용적,보통,종종 늦음,무조건 리드,2,꽤 민감,꽤 빡빡하게,해외,산,즉흥 여행,적당히 봄,코골이 함,다른 곳 간다,"그 외,미국,유럽","쌀쌀함,습함,건조함","문화&역사체험,공연&경기관람,쇼핑","4-5성급호텔,에어비엔비,민박",오전 8-9시,100만원 이하,"이 사용자는 그 외 지역을 선호하고, 쌀쌀함 기후를 피하고 싶어해요. 여행 목적은 공연&경기관람이며, 에어비엔비에서 머무는 걸 좋아하고 오전 8-9시쯤 기상하는 편이에요.",
582,매우 둔감,매우 수용적,많다,꽤 정확,보통,2,꽤 민감,보통,국내,산,계획 여행,무조건 다 봄,코골이 안함,기다림,"국내,동남아,그 외","건조함,더움,습함","휴식,기록,문화&역사체험","3성이하 호텔,민박,4-5성급호텔",오전 10시 이후,400만원 이상,"이 사용자는 그 외 지역을 선호하고, 습함 기후를 피하고 싶어해요. 여행 목적은 휴식이며, 3성이하 호텔에서 머무는 걸 좋아하고 오전 10시 이후쯤 기상하는 편이에요.",
583,둔감,수용적,많다,꽤 정확,따르는 편,4,꽤 민감,매우 여유있게,해외,산,즉흥 여행,적당히 봄,코골이 함,기다림,"그 외,동남아,유럽","상관없음,더움,추움","사람&관계,쇼핑,기록","게스트하우스,에어비엔비,민박",오전 8-9시,200-300만원,"이 사용자는 그 외 지역을 선호하고, 상관없음 기후를 피하고 싶어해요. 여행 목적은 쇼핑이며, 민박에서 머무는 걸 좋아하고 오전 8-9시쯤 기상하는 편이에요.",
584,보통,매우 완고,적다,자주 늦음,무조건 따름,5,매우 둔감,보통,해외,산,즉흥 여행,무조건 다 봄,코골이 안함,다른 곳 간다,"중국&몽골,그 외,국내","추움,쌀쌀함,상관없음","기록,자연감상,휴식","상관없음,3성이하 호텔,펜션",오전 8-9시,400만원 이상,"이 사용자는 국내 지역을 선호하고, 상관없음 기후를 피하고 싶어해요. 여행 목적은 자연감상이며, 상관없음에서 머무는 걸 좋아하고 오전 8-9시쯤 기상하는 편이에요.",
585,꽤 민감,다소 완고,보통,자주 늦음,보통,5,매우 둔감,매우 빡빡하게,해외,바다,계획 여행,무조건 다 봄,코골이 함,기다림,"유럽,세계일주,동남아","더움,습함,쌀쌀함","쇼핑,사람&관계,공연&경기관람","3성이하 호텔,펜션,상관없음",오전 10시 이후,300-400만원,"이 사용자는 유럽 지역을 선호하고, 더움 기후를 피하고 싶어해요. 여행 목적은 쇼핑이며, 펜션에서 머무는 걸 좋아하고 오전 10시 이후쯤 기상하는 편이에요.",
586,둔감,보통,매우 적다,보통,보통,3,둔감,보통,국내,산,계획 여행,적당히 봄,코골이 함,기다림,"미국,일본,동남아","더움,습함,추움","사람&관계,문화&역사체험,휴식","펜션,게스트하우스,상관없음",오전 9-10시,200-300만원,"이 사용자는 일본 지역을 선호하고, 추움 기후를 피하고 싶어해요. 여행 목적은 사람&관계이며, 펜션에서 머무는 걸 좋아하고 오전 9-10시쯤 기상하는 편이에요.",
587,매우 둔감,다소 완고,적다,보통,따르는 편,3,둔감,꽤 여유있게,해외,바다,계획 여행,적당히 봄,코골이 함,기다림,"중국&몽골,미국,그 외","건조함,쌀쌀함,더움","쇼핑,미식,기록","민박,4-5성급호텔,게스트하우스",오전 8-9시,400만원 이상,"이 사용자는 미국 지역을 선호하고, 건조함 기후를 피하고 싶어해요. 여행 목적은 기록이며, 민박에서 머무는 걸 좋아하고 오전 8-9시쯤 기상하는 편이에요.",
588,둔감,매우 완고,매우 적다,매우 정확,무조건 따름,5,매우 민감,매우 빡빡하게,해외,산,계획 여행,적당히 봄,코골이 함,다른 곳 간다,"일본,동남아,그 외","쌀쌀함,건조함,추움","기록,휴식,문화&역사체험","민박,펜션,상관없음",오전 10시 이후,200-300만원,"이 사용자는 동남아 지역을 선호하고, 쌀쌀함 기후를 피하고 싶어해요. 여행 목적은 기록이며, 민박에서 머무는 걸 좋아하고 오전 10시 이후쯤 기상하는 편이에요.",
589,매우 둔감,수용적,매우 많다,매우 정확,리드하는편,1,보통,꽤 여유있게,국내,산,즉흥 여행,적당히 봄,코골이 안함,기다림,"유럽,중국&몽골,동남아","건조함,습함,추움","미식,사람&관계,쇼핑","3성이하 호텔,4-5성급호텔,콘도",오전 8-9시,200-300만원,"이 사용자는 유럽 지역을 선호하고, 습함 기후를 피하고 싶어해요. 여행 목적은 쇼핑이며, 4-5성급호텔에서 머무는 걸 좋아하고 오전 8-9시쯤 기상하는 편이에요.",
590,꽤 민감,매우 수용적,매우 많다,종종 늦음,무조건 리드,5,보통,매우 빡빡하게,해외,산,계획 여행,무조건 다 봄,코골이 안함,기다림,"미국,유럽,세계일주","더움,건조함,습함","휴식,미식,공연&경기관람","게스트하우스,4-5성급호텔,콘도",오전 9-10시,400만원 이상,"이 사용자는 세계일주 지역을 선호하고, 습함 기후를 피하고 싶어해요. 여행 목적은 휴식이며, 콘도에서 머무는 걸 좋아하고 오전 9-10시쯤 기상하는 편이에요.",
591,꽤 민감,수용적,매우 많다,보통,따르는 편,4,둔감,꽤 여유있게,해외,산,계획 여행,무조건 다 봄,코골이 안함,다른 곳 간다,"동남아,세계일주,미국","쌀쌀함,상관없음,더움","자연감상,사람&관계,쇼핑","4-5성급호텔,상관없음,게스트하우스",오전 9-10시,300-400만원,"이 사용자는 미국 지역을 선호하고, 쌀쌀함 기후를 피하고 싶어해요. 여행 목적은 자연감상이며, 4-5성급호텔에서 머무는 걸 좋아하고 오전 9-10시쯤 기상하는 편이에요.",
592,꽤 민감,매우 수용적,매우 많다,자주 늦음,리드하는편,5,매우 둔감,매우 빡빡하게,국내,산,즉흥 여행,적당히 봄,코골이 함,다른 곳 간다,"그 외,일본,미국","건조함,추움,상관없음","도전과성장,기록,문화&역사체험","민박,3성이하 호텔,게스트하우스",오전 9-10시,200-300만원,"이 사용자는 미국 지역을 선호하고, 상관없음 기후를 피하고 싶어해요. 여행 목적은 문화&역사체험이며, 3성이하 호텔에서 머무는 걸 좋아하고 오전 9-10시쯤 기상하는 편이에요.",
593,매우 둔감,매우 완고,매우 많다,매우 정확,리드하는편,5,보통,매우 여유있게,해외,산,즉흥 여행,무조건 다 봄,코골이 안함,다른 곳 간다,"세계일주,동남아,미국","상관없음,쌀쌀함,습함","공연&경기관람,기록,도전과성장","상관없음,콘도,펜션",오전 8-9시,100만원 이하,"이 사용자는 미국 지역을 선호하고, 습함 기후를 피하고 싶어해요. 여행 목적은 공연&경기관람이며, 펜션에서 머무는 걸 좋아하고 오전 8-9시쯤 기상하는 편이에요.",
594,매우 둔감,보통,매우 많다,보통,따르는 편,1,매우 둔감,보통,국내,바다,즉흥 여행,적당히 봄,코골이 안함,다른 곳 간다,"국내,중국&몽골,유럽","쌀쌀함,습함,추움","문화&역사체험,도전과성장,액티비티","3성이하 호텔,펜션,상관없음",오전 8-9시,400만원 이상,"이 사용자는 국내 지역을 선호하고, 쌀쌀함 기후를 피하고 싶어해요. 여행 목적은 문화&역사체험이며, 펜션에서 머무는 걸 좋아하고 오전 8-9시쯤 기상하는 편이에요.",
595,꽤 민감,수용적,보통,보통,무조건 따름,1,매우 둔감,보통,해외,바다,계획 여행,무조건 다 봄,코골이 안함,다른 곳 간다,"세계일주,미국,유럽","쌀쌀함,건조함,추움","공연&경기관람,사람&관계,문화&역사체험","펜션,상관없음,콘도",오전 10시 이후,400만원 이상,"이 사용자는 세계일주 지역을 선호하고, 건조함 기후를 피하고 싶어해요. 여행 목적은 공연&경기관람이며, 펜션에서 머무는 걸 좋아하고 오전 10시 이후쯤 기상하는 편이에요.",
596,둔감,매우 수용적,매우 적다,보통,무조건 따름,3,꽤 민감,매우 빡빡하게,국내,바다,즉흥 여행,무조건 다 봄,코골이 안함,기다림,"세계일주,그 외,유럽","습함,더움,건조함","공연&경기관람,사람&관계,휴식","게스트하우스,상관없음,4-5성급호텔",오전 10시 이후,100만원 이하,"이 사용자는 세계일주 지역을 선호하고, 습함 기후를 피하고 싶어해요. 여행 목적은 공연&경기관람이며, 4-5성급호텔에서 머무는 걸 좋아하고 오전 10시 이후쯤 기상하는 편이에요.",
597,둔감,수용적,매우 적다,보통,보통,5,꽤 민감,매우 빡빡하게,해외,바다,즉흥 여행,무조건 다 봄,코골이 함,기다림,"세계일주,그 외,미국","건조함,습함,상관없음","자연감상,쇼핑,공연&경기관람","펜션,콘도,게스트하우스",오전 9-10시,200-300만원,"이 사용자는 그 외 지역을 선호하고, 습함 기후를 피하고 싶어해요. 여행 목적은 쇼핑이며, 게스트하우스에서 머무는 걸 좋아하고 오전 9-10시쯤 기상하는 편이에요.",
598,매우 민감,수용적,많다,매우 정확,보통,4,매우 둔감,꽤 여유있게,해외,산,계획 여행,적당히 봄,코골이 함,기다림,"세계일주,국내,그 외","추움,습함,건조함","미식,문화&역사체험,사람&관계","상관없음,펜션,게스트하우스",오전 8-9시,100만원 이하,"이 사용자는 그 외 지역을 선호하고, 추움 기후를 피하고 싶어해요. 여행 목적은 미식이며, 펜션에서 머무는 걸 좋아하고 오전 8-9시쯤 기상하는 편이에요.",
599,보통,보통,적다,종종 늦음,따르는 편,4,매우 둔감,보통,국내,바다,즉흥 여행,적당히 봄,코골이 함,기다림,"그 외,미국,세계일주","상관없음,쌀쌀함,추움","사람&관계,자연감상,공연&경기관람","민박,상관없음,에어비엔비",오전 10시 이후,400만원 이상,"이 사용자는 세계일주 지역을 선호하고, 쌀쌀함 기후를 피하고 싶어해요. 여행 목적은 자연감상이며, 에어비엔비에서 머무는 걸 좋아하고 오전 10시 이후쯤 기상하는 편이에요.",
600,보통,다소 완고,매우 많다,매우 정확,무조건 따름,4,매우 둔감,보통,국내,바다,즉흥 여행,무조건 다 봄,코골이 함,기다림,"동남아,유럽,국내","습함,건조함,쌀쌀함","쇼핑,미식,자연감상","게스트하우스,4-5성급호텔,3성이하 호텔",오전 8-9시,300-400만원,"이 사용자는 유럽 지역을 선호하고, 습함 기후를 피하고 싶어해요. 여행 목적은 쇼핑이며, 4-5성급호텔에서 머무는 걸 좋아하고 오전 8-9시쯤 기상하는 편이에요.",
601,매우 민감,다소 완고,매우 적다,자주 늦음,따르는 편,5,꽤 민감,매우 여유있게,해외,산,계획 여행,무조건 다 봄,코골이 안함,다른 곳 간다,"유럽,그 외,일본","쌀쌀함,추움,건조함","액티비티,기록,문화&역사체험","민박,3성이하 호텔,콘도",오전 8-9시,400만원 이상,"이 사용자는 그 외 지역을 선호하고, 쌀쌀함 기후를 피하고 싶어해요. 여행 목적은 문화&역사체험이며, 민박에서 머무는 걸 좋아하고 오전 8-9시쯤 기상하는 편이에요.",
602,매우 민감,보통,적다,종종 늦음,리드하는편,4,꽤 민감,매우 여유있게,국내,바다,즉흥 여행,무조건 다 봄,코골이 안함,기다림,"미국,동남아,세계일주","추움,상관없음,습함","미식,쇼핑,기록","에어비엔비,상관없음,민박",오전 10시 이후,200-300만원,"이 사용자는 동남아 지역을 선호하고, 추움 기후를 피하고 싶어해요. 여행 목적은 기록이며, 민박에서 머무는 걸 좋아하고 오전 10시 이후쯤 기상하는 편이에요.",
603,매우 둔감,수용적,많다,매우 정확,따르는 편,3,매우 둔감,꽤 빡빡하게,해외,바다,계획 여행,적당히 봄,코골이 안함,다른 곳 간다,"세계일주,국내,그 외","상관없음,습함,건조함","도전과성장,문화&역사체험,기록","콘도,에어비엔비,상관없음",오전 10시 이후,100만원 이하,"이 사용자는 그 외 지역을 선호하고, 습함 기후를 피하고 싶어해요. 여행 목적은 기록이며, 상관없음에서 머무는 걸 좋아하고 오전 10시 이후쯤 기상하는 편이에요.",
604,매우 민감,다소 완고,적다,꽤 정확,무조건 따름,3,보통,매우 빡빡하게,해외,산,계획 여행,무조건 다 봄,코골이 안함,다른 곳 간다,"미국,중국&몽골,국내","더움,상관없음,건조함","휴식,공연&경기관람,도전과성장","펜션,3성이하 호텔,4-5성급호텔",오전 8-9시,400만원 이상,"이 사용자는 중국&몽골 지역을 선호하고, 상관없음 기후를 피하고 싶어해요. 여행 목적은 공연&경기관람이며, 3성이하 호텔에서 머무는 걸 좋아하고 오전 8-9시쯤 기상하는 편이에요.",
605,보통,수용적,매우 적다,보통,보통,4,둔감,매우 빡빡하게,국내,산,계획 여행,무조건 다 봄,코골이 함,다른 곳 간다,"일본,유럽,동남아","더움,습함,쌀쌀함","미식,액티비티,문화&역사체험","펜션,4-5성급호텔,콘도",오전 9-10시,100만원 이하,"이 사용자는 동남아 지역을 선호하고, 쌀쌀함 기후를 피하고 싶어해요. 여행 목적은 미식이며, 4-5성급호텔에서 머무는 걸 좋아하고 오전 9-10시쯤 기상하는 편이에요.",
606,매우 둔감,매우 완고,적다,꽤 정확,따르는 편,1,보통,꽤 여유있게,국내,바다,즉흥 여행,적당히 봄,코골이 안함,다른 곳 간다,"그 외,세계일주,국내","습함,상관없음,건조함","사람&관계,도전과성장,공연&경기관람","4-5성급호텔,민박,콘도",오전 8-9시,300-400만원,"이 사용자는 세계일주 지역을 선호하고, 습함 기후를 피하고 싶어해요. 여행 목적은 도전과성장이며, 4-5성급호텔에서 머무는 걸 좋아하고 오전 8-9시쯤 기상하는 편이에요.",
607,매우 둔감,매우 완고,매우 적다,꽤 정확,보통,4,매우 민감,꽤 여유있게,국내,산,계획 여행,적당히 봄,코골이 안함,기다림,"유럽,중국&몽골,일본","추움,쌀쌀함,더움","자연감상,미식,사람&관계","펜션,에어비엔비,3성이하 호텔",오전 8-9시,400만원 이상,"이 사용자는 일본 지역을 선호하고, 추움 기후를 피하고 싶어해요. 여행 목적은 사람&관계이며, 에어비엔비에서 머무는 걸 좋아하고 오전 8-9시쯤 기상하는 편이에요.",
608,매우 둔감,보통,매우 적다,매우 정확,보통,3,보통,꽤 여유있게,해외,산,즉흥 여행,적당히 봄,코골이 함,기다림,"미국,중국&몽골,세계일주","상관없음,건조함,습함","사람&관계,휴식,미식","게스트하우스,3성이하 호텔,4-5성급호텔",오전 9-10시,300-400만원,"이 사용자는 중국&몽골 지역을 선호하고, 건조함 기후를 피하고 싶어해요. 여행 목적은 미식이며, 게스트하우스에서 머무는 걸 좋아하고 오전 9-10시쯤 기상하는 편이에요.",
609,둔감,수용적,많다,종종 늦음,따르는 편,4,보통,꽤 여유있게,해외,산,즉흥 여행,무조건 다 봄,코골이 안함,다른 곳 간다,"동남아,유럽,일본","습함,상관없음,추움","사람&관계,미식,공연&경기관람","3성이하 호텔,4-5성급호텔,펜션",오전 10시 이후,300-400만원,"이 사용자는 일본 지역을 선호하고, 추움 기후를 피하고 싶어해요. 여행 목적은 공연&경기관람이며, 3성이하 호텔에서 머무는 걸 좋아하고 오전 10시 이후쯤 기상하는 편이에요.",
610,둔감,다소 완고,많다,꽤 정확,따르는 편,4,매우 둔감,매우 빡빡하게,국내,산,즉흥 여행,적당히 봄,코골이 안함,기다림,"그 외,국내,동남아","상관없음,쌀쌀함,건조함","사람&관계,쇼핑,문화&역사체험","상관없음,콘도,에어비엔비",오전 9-10시,200-300만원,"이 사용자는 그 외 지역을 선호하고, 상관없음 기후를 피하고 싶어해요. 여행 목적은 쇼핑이며, 에어비엔비에서 머무는 걸 좋아하고 오전 9-10시쯤 기상하는 편이에요.",
611,매우 둔감,수용적,적다,보통,따르는 편,3,꽤 민감,매우 여유있게,국내,바다,즉흥 여행,무조건 다 봄,코골이 안함,다른 곳 간다,"세계일주,국내,중국&몽골","더움,추움,상관없음","미식,도전과성장,자연감상","4-5성급호텔,게스트하우스,민박",오전 10시 이후,300-400만원,"이 사용자는 중국&몽골 지역을 선호하고, 추움 기후를 피하고 싶어해요. 여행 목적은 도전과성장이며, 4-5성급호텔에서 머무는 걸 좋아하고 오전 10시 이후쯤 기상하는 편이에요.",
612,보통,매우 완고,매우 적다,꽤 정확,무조건 리드,1,매우 민감,매우 여유있게,국내,바다,계획 여행,적당히 봄,코골이 안함,다른 곳 간다,"유럽,중국&몽골,국내","쌀쌀함,추움,습함","도전과성장,공연&경기관람,자연감상","3성이하 호텔,4-5성급호텔,에어비엔비",오전 8-9시,200-300만원,"이 사용자는 국내 지역을 선호하고, 습함 기후를 피하고 싶어해요. 여행 목적은 자연감상이며, 에어비엔비에서 머무는 걸 좋아하고 오전 8-9시쯤 기상하는 편이에요.",
613,보통,보통,매우 많다,매우 정확,리드하는편,1,보통,매우 여유있게,국내,바다,계획 여행,무조건 다 봄,코골이 함,다른 곳 간다,"그 외,유럽,미국","건조함,더움,습함","자연감상,도전과성장,사람&관계","3성이하 호텔,게스트하우스,콘도",오전 9-10시,200-300만원,"이 사용자는 미국 지역을 선호하고, 습함 기후를 피하고 싶어해요. 여행 목적은 사람&관계이며, 콘도에서 머무는 걸 좋아하고 오전 9-10시쯤 기상하는 편이에요.",
614,꽤 민감,다소 완고,매우 많다,매우 정확,무조건 따름,5,매우 민감,보통,해외,바다,계획 여행,무조건 다 봄,코골이 함,다른 곳 간다,"미국,중국&몽골,세계일주","상관없음,건조함,추움","쇼핑,휴식,기록","민박,콘도,상관없음",오전 10시 이후,200-300만원,"이 사용자는 세계일주 지역을 선호하고, 상관없음 기후를 피하고 싶어해요. 여행 목적은 휴식이며, 민박에서 머무는 걸 좋아하고 오전 10시 이후쯤 기상하는 편이에요.",
615,꽤 민감,보통,매우 많다,종종 늦음,보통,4,보통,보통,국내,산,계획 여행,무조건 다 봄,코골이 안함,기다림,"유럽,일본,미국","더움,습함,건조함","미식,사람&관계,공연&경기관람","펜션,에어비엔비,콘도",오전 9-10시,400만원 이상,"이 사용자는 미국 지역을 선호하고, 건조함 기후를 피하고 싶어해요. 여행 목적은 공연&경기관람이며, 콘도에서 머무는 걸 좋아하고 오전 9-10시쯤 기상하는 편이에요.",
616,꽤 민감,다소 완고,많다,자주 늦음,무조건 따름,5,매우 둔감,매우 빡빡하게,해외,바다,즉흥 여행,무조건 다 봄,코골이 안함,다른 곳 간다,"미국,동남아,유럽","더움,쌀쌀함,상관없음","휴식,공연&경기관람,쇼핑","게스트하우스,3성이하 호텔,에어비엔비",오전 9-10시,400만원 이상,"이 사용자는 미국 지역을 선호하고, 더움 기후를 피하고 싶어해요. 여행 목적은 쇼핑이며, 3성이하 호텔에서 머무는 걸 좋아하고 오전 9-10시쯤 기상하는 편이에요.",
617,둔감,보통,많다,보통,무조건 따름,4,보통,보통,국내,산,즉흥 여행,무조건 다 봄,코골이 안함,기다림,"미국,세계일주,그 외","상관없음,추움,더움","액티비티,도전과성장,미식","콘도,4-5성급호텔,3성이하 호텔",오전 9-10시,300-400만원,"이 사용자는 세계일주 지역을 선호하고, 더움 기후를 피하고 싶어해요. 여행 목적은 미식이며, 3성이하 호텔에서 머무는 걸 좋아하고 오전 9-10시쯤 기상하는 편이에요.",
618,꽤 민감,다소 완고,매우 적다,보통,무조건 리드,3,매우 둔감,보통,해외,산,계획 여행,적당히 봄,코골이 함,기다림,"유럽,미국,동남아","상관없음,습함,쌀쌀함","도전과성장,자연감상,액티비티","펜션,에어비엔비,민박",오전 9-10시,200-300만원,"이 사용자는 유럽 지역을 선호하고, 상관없음 기후를 피하고 싶어해요. 여행 목적은 도전과성장이며, 에어비엔비에서 머무는 걸 좋아하고 오전 9-10시쯤 기상하는 편이에요.",
619,보통,다소 완고,적다,꽤 정확,보통,3,보통,꽤 빡빡하게,해외,바다,즉흥 여행,무조건 다 봄,코골이 안함,기다림,"일본,미국,유럽","더움,상관없음,쌀쌀함","액티비티,미식,기록","3성이하 호텔,콘도,4-5성급호텔",오전 9-10시,400만원 이상,"이 사용자는 미국 지역을 선호하고, 쌀쌀함 기후를 피하고 싶어해요. 여행 목적은 미식이며, 콘도에서 머무는 걸 좋아하고 오전 9-10시쯤 기상하는 편이에요.",
620,둔감,보통,매우 적다,종종 늦음,무조건 리드,1,둔감,보통,해외,바다,계획 여행,적당히 봄,코골이 안함,다른 곳 간다,"미국,중국&몽골,국내","더움,습함,추움","문화&역사체험,미식,쇼핑","콘도,4-5성급호텔,상관없음",오전 9-10시,200-300만원,"이 사용자는 미국 지역을 선호하고, 더움 기후를 피하고 싶어해요. 여행 목적은 미식이며, 콘도에서 머무는 걸 좋아하고 오전 9-10시쯤 기상하는 편이에요.",
621,매우 민감,다소 완고,적다,종종 늦음,보통,3,둔감,보통,국내,바다,계획 여행,무조건 다 봄,코골이 함,기다림,"국내,동남아,일본","더움,상관없음,습함","쇼핑,공연&경기관람,기록","펜션,3성이하 호텔,상관없음",오전 9-10시,200-300만원,"이 사용자는 국내 지역을 선호하고, 습함 기후를 피하고 싶어해요. 여행 목적은 쇼핑이며, 상관없음에서 머무는 걸 좋아하고 오전 9-10시쯤 기상하는 편이에요.",
622,매우 둔감,매우 수용적,적다,꽤 정확,무조건 리드,5,매우 둔감,매우 빡빡하게,해외,산,즉흥 여행,무조건 다 봄,코골이 함,기다림,"동남아,세계일주,일본","건조함,습함,추움","미식,도전과성장,휴식","상관없음,에어비엔비,게스트하우스",오전 10시 이후,400만원 이상,"이 사용자는 동남아 지역을 선호하고, 건조함 기후를 피하고 싶어해요. 여행 목적은 미식이며, 에어비엔비에서 머무는 걸 좋아하고 오전 10시 이후쯤 기상하는 편이에요.",
623,매우 민감,매우 수용적,많다,자주 늦음,따르는 편,3,보통,꽤 빡빡하게,해외,바다,계획 여행,무조건 다 봄,코골이 함,기다림,"중국&몽골,동남아,유럽","상관없음,건조함,더움","도전과성장,쇼핑,문화&역사체험","상관없음,펜션,콘도",오전 8-9시,400만원 이상,"이 사용자는 중국&몽골 지역을 선호하고, 더움 기후를 피하고 싶어해요. 여행 목적은 쇼핑이며, 펜션에서 머무는 걸 좋아하고 오전 8-9시쯤 기상하는 편이에요.",
624,보통,보통,많다,종종 늦음,보통,5,둔감,매우 빡빡하게,해외,바다,계획 여행,무조건 다 봄,코골이 함,다른 곳 간다,"동남아,일본,그 외","건조함,상관없음,추움","쇼핑,공연&경기관람,자연감상","상관없음,민박,3성이하 호텔",오전 9-10시,200-300만원,"이 사용자는 일본 지역을 선호하고, 추움 기후를 피하고 싶어해요. 여행 목적은 쇼핑이며, 민박에서 머무는 걸 좋아하고 오전 9-10시쯤 기상하는 편이에요.",
625,둔감,수용적,적다,종종 늦음,무조건 리드,2,꽤 민감,매우 빡빡하게,해외,산,즉흥 여행,적당히 봄,코골이 안함,다른 곳 간다,"국내,일본,유럽","습함,쌀쌀함,상관없음","공연&경기관람,기록,문화&역사체험","3성이하 호텔,펜션,콘도",오전 10시 이후,200-300만원,"이 사용자는 유럽 지역을 선호하고, 습함 기후를 피하고 싶어해요. 여행 목적은 공연&경기관람이며, 3성이하 호텔에서 머무는 걸 좋아하고 오전 10시 이후쯤 기상하는 편이에요.",
626,둔감,보통,적다,꽤 정확,리드하는편,2,보통,매우 빡빡하게,국내,바다,계획 여행,무조건 다 봄,코골이 함,다른 곳 간다,"세계일주,국내,동남아","습함,상관없음,추움","문화&역사체험,사람&관계,공연&경기관람","콘도,3성이하 호텔,상관없음",오전 9-10시,200-300만원,"이 사용자는 세계일주 지역을 선호하고, 습함 기후를 피하고 싶어해요. 여행 목적은 문화&역사체험이며, 콘도에서 머무는 걸 좋아하고 오전 9-10시쯤 기상하는 편이에요.",
627,매우 둔감,보통,매우 적다,매우 정확,무조건 리드,4,보통,매우 빡빡하게,해외,바다,계획 여행,무조건 다 봄,코골이 함,다른 곳 간다,"유럽,미국,일본","상관없음,습함,쌀쌀함","사람&관계,액티비티,자연감상","4-5성급호텔,게스트하우스,3성이하 호텔",오전 10시 이후,400만원 이상,"이 사용자는 미국 지역을 선호하고, 쌀쌀함 기후를 피하고 싶어해요. 여행 목적은 자연감상이며, 3성이하 호텔에서 머무는 걸 좋아하고 오전 10시 이후쯤 기상하는 편이에요.",
628,꽤 민감,다소 완고,매우 많다,꽤 정확,무조건 따름,2,둔감,매우 빡빡하게,해외,산,즉흥 여행,적당히 봄,코골이 함,기다림,"중국&몽골,동남아,유럽","건조함,습함,추움","공연&경기관람,기록,사람&관계","4-5성급호텔,상관없음,민박",오전 8-9시,400만원 이상,"이 사용자는 중국&몽골 지역을 선호하고, 습함 기후를 피하고 싶어해요. 여행 목적은 공연&경기관람이며, 민박에서 머무는 걸 좋아하고 오전 8-9시쯤 기상하는 편이에요.",
629,둔감,다소 완고,많다,매우 정확,리드하는편,5,매우 둔감,매우 여유있게,국내,산,즉흥 여행,적당히 봄,코골이 안함,기다림,"미국,유럽,중국&몽골","더움,상관없음,추움","액티비티,사람&관계,문화&역사체험","펜션,상관없음,3성이하 호텔",오전 8-9시,400만원 이상,"이 사용자는 중국&몽골 지역을 선호하고, 추움 기후를 피하고 싶어해요. 여행 목적은 액티비티이며, 펜션에서 머무는 걸 좋아하고 오전 8-9시쯤 기상하는 편이에요.",
630,꽤 민감,매우 완고,매우 많다,꽤 정확,보통,2,매우 민감,보통,해외,바다,즉흥 여행,무조건 다 봄,코골이 함,다른 곳 간다,"유럽,중국&몽골,국내","추움,쌀쌀함,상관없음","자연감상,공연&경기관람,사람&관계","민박,3성이하 호텔,콘도",오전 9-10시,200-300만원,"이 사용자는 중국&몽골 지역을 선호하고, 쌀쌀함 기후를 피하고 싶어해요. 여행 목적은 공연&경기관람이며, 민박에서 머무는 걸 좋아하고 오전 9-10시쯤 기상하는 편이에요.",
631,보통,매우 완고,많다,보통,무조건 따름,2,둔감,꽤 빡빡하게,해외,바다,즉흥 여행,적당히 봄,코골이 안함,다른 곳 간다,"유럽,국내,미국","추움,건조함,상관없음","기록,공연&경기관람,미식","펜션,게스트하우스,4-5성급호텔",오전 8-9시,200-300만원,"이 사용자는 유럽 지역을 선호하고, 추움 기후를 피하고 싶어해요. 여행 목적은 미식이며, 게스트하우스에서 머무는 걸 좋아하고 오전 8-9시쯤 기상하는 편이에요.",
632,보통,매우 수용적,많다,보통,무조건 리드,4,둔감,꽤 여유있게,국내,바다,즉흥 여행,적당히 봄,코골이 안함,다른 곳 간다,"동남아,그 외,국내","상관없음,더움,습함","휴식,문화&역사체험,사람&관계","에어비엔비,4-5성급호텔,3성이하 호텔",오전 8-9시,100만원 이하,"이 사용자는 동남아 지역을 선호하고, 더움 기후를 피하고 싶어해요. 여행 목적은 사람&관계이며, 3성이하 호텔에서 머무는 걸 좋아하고 오전 8-9시쯤 기상하는 편이에요.",
633,매우 둔감,보통,매우 적다,매우 정확,따르는 편,3,매우 민감,꽤 빡빡하게,해외,바다,즉흥 여행,적당히 봄,코골이 함,다른 곳 간다,"세계일주,그 외,미국","건조함,상관없음,추움","액티비티,휴식,도전과성장","펜션,상관없음,3성이하 호텔",오전 9-10시,200-300만원,"이 사용자는 미국 지역을 선호하고, 상관없음 기후를 피하고 싶어해요. 여행 목적은 휴식이며, 상관없음에서 머무는 걸 좋아하고 오전 9-10시쯤 기상하는 편이에요.",
634,둔감,매우 완고,매우 적다,자주 늦음,리드하는편,3,매우 민감,매우 여유있게,국내,바다,계획 여행,적당히 봄,코골이 함,다른 곳 간다,"동남아,그 외,미국","상관없음,건조함,쌀쌀함","쇼핑,사람&관계,도전과성장","콘도,4-5성급호텔,상관없음",오전 10시 이후,200-300만원,"이 사용자는 그 외 지역을 선호하고, 건조함 기후를 피하고 싶어해요. 여행 목적은 쇼핑이며, 콘도에서 머무는 걸 좋아하고 오전 10시 이후쯤 기상하는 편이에요.",
635,둔감,보통,적다,종종 늦음,보통,5,꽤 민감,매우 여유있게,국내,바다,계획 여행,무조건 다 봄,코골이 안함,다른 곳 간다,"중국&몽골,국내,일본","쌀쌀함,습함,건조함","액티비티,기록,사람&관계","민박,3성이하 호텔,에어비엔비",오전 8-9시,200-300만원,"이 사용자는 일본 지역을 선호하고, 건조함 기후를 피하고 싶어해요. 여행 목적은 기록이며, 에어비엔비에서 머무는 걸 좋아하고 오전 8-9시쯤 기상하는 편이에요.",
636,보통,수용적,매우 많다,매우 정확,리드하는편,5,둔감,꽤 여유있게,국내,산,계획 여행,무조건 다 봄,코골이 안함,다른 곳 간다,"세계일주,국내,중국&몽골","상관없음,습함,건조함","쇼핑,사람&관계,공연&경기관람","에어비엔비,콘도,3성이하 호텔",오전 9-10시,200-300만원,"이 사용자는 세계일주 지역을 선호하고, 습함 기후를 피하고 싶어해요. 여행 목적은 공연&경기관람이며, 에어비엔비에서 머무는 걸 좋아하고 오전 9-10시쯤 기상하는 편이에요.",
637,둔감,보통,많다,꽤 정확,따르는 편,5,꽤 민감,매우 빡빡하게,국내,산,즉흥 여행,적당히 봄,코골이 안함,기다림,"동남아,국내,세계일주","추움,더움,상관없음","기록,쇼핑,문화&역사체험","콘도,펜션,민박",오전 8-9시,100만원 이하,"이 사용자는 동남아 지역을 선호하고, 더움 기후를 피하고 싶어해요. 여행 목적은 쇼핑이며, 콘도에서 머무는 걸 좋아하고 오전 8-9시쯤 기상하는 편이에요.",
638,매우 둔감,매우 수용적,많다,꽤 정확,보통,5,보통,보통,해외,바다,계획 여행,적당히 봄,코골이 안함,다른 곳 간다,"미국,중국&몽골,세계일주","건조함,추움,더움","기록,미식,액티비티","상관없음,민박,에어비엔비",오전 10시 이후,300-400만원,"이 사용자는 세계일주 지역을 선호하고, 더움 기후를 피하고 싶어해요. 여행 목적은 미식이며, 민박에서 머무는 걸 좋아하고 오전 10시 이후쯤 기상하는 편이에요.",
639,매우 둔감,매우 수용적,적다,매우 정확,따르는 편,4,보통,보통,국내,산,즉흥 여행,적당히 봄,코골이 안함,기다림,"그 외,유럽,세계일주","추움,건조함,더움","공연&경기관람,기록,도전과성장","상관없음,4-5성급호텔,콘도",오전 9-10시,300-400만원,"이 사용자는 유럽 지역을 선호하고, 건조함 기후를 피하고 싶어해요. 여행 목적은 도전과성장이며, 4-5성급호텔에서 머무는 걸 좋아하고 오전 9-10시쯤 기상하는 편이에요.",
640,매우 민감,매우 완고,적다,매우 정확,무조건 따름,2,매우 민감,꽤 빡빡하게,해외,바다,즉흥 여행,적당히 봄,코골이 안함,기다림,"일본,동남아,미국","상관없음,더움,추움","액티비티,휴식,공연&경기관람","4-5성급호텔,펜션,민박",오전 10시 이후,300-400만원,"이 사용자는 미국 지역을 선호하고, 더움 기후를 피하고 싶어해요. 여행 목적은 휴식이며, 민박에서 머무는 걸 좋아하고 오전 10시 이후쯤 기상하는 편이에요.",
641,매우 민감,다소 완고,매우 많다,종종 늦음,따르는 편,4,매우 민감,꽤 빡빡하게,해외,산,계획 여행,적당히 봄,코골이 함,다른 곳 간다,"일본,유럽,동남아","추움,더움,습함","도전과성장,액티비티,쇼핑","콘도,에어비엔비,게스트하우스",오전 8-9시,400만원 이상,"이 사용자는 일본 지역을 선호하고, 습함 기후를 피하고 싶어해요. 여행 목적은 도전과성장이며, 콘도에서 머무는 걸 좋아하고 오전 8-9시쯤 기상하는 편이에요.",
642,둔감,매우 수용적,많다,보통,무조건 리드,3,보통,매우 여유있게,국내,바다,계획 여행,무조건 다 봄,코골이 안함,기다림,"일본,그 외,미국","쌀쌀함,상관없음,추움","사람&관계,휴식,자연감상","상관없음,콘도,게스트하우스",오전 10시 이후,300-400만원,"이 사용자는 그 외 지역을 선호하고, 추움 기후를 피하고 싶어해요. 여행 목적은 휴식이며, 상관없음에서 머무는 걸 좋아하고 오전 10시 이후쯤 기상하는 편이에요.",
643,보통,보통,적다,종종 늦음,무조건 리드,2,꽤 민감,꽤 여유있게,해외,산,계획 여행,적당히 봄,코골이 안함,다른 곳 간다,"유럽,중국&몽골,동남아","상관없음,추움,습함","문화&역사체험,쇼핑,기록","콘도,상관없음,4-5성급호텔",오전 9-10시,200-300만원,"이 사용자는 중국&몽골 지역을 선호하고, 추움 기후를 피하고 싶어해요. 여행 목적은 기록이며, 콘도에서 머무는 걸 좋아하고 오전 9-10시쯤 기상하는 편이에요.",
644,둔감,보통,매우 많다,종종 늦음,무조건 따름,3,꽤 민감,꽤 여유있게,해외,바다,즉흥 여행,무조건 다 봄,코골이 함,다른 곳 간다,"중국&몽골,유럽,미국","습함,더움,쌀쌀함","액티비티,쇼핑,문화&역사체험","3성이하 호텔,에어비엔비,4-5성급호텔",오전 8-9시,400만원 이상,"이 사용자는 미국 지역을 선호하고, 쌀쌀함 기후를 피하고 싶어해요. 여행 목적은 액티비티이며, 에어비엔비에서 머무는 걸 좋아하고 오전 8-9시쯤 기상하는 편이에요.",
645,매우 민감,매우 완고,많다,꽤 정확,보통,3,둔감,꽤 빡빡하게,국내,바다,즉흥 여행,적당히 봄,코골이 안함,다른 곳 간다,"국내,그 외,중국&몽골","더움,추움,습함","자연감상,도전과성장,문화&역사체험","상관없음,콘도,게스트하우스",오전 9-10시,100만원 이하,"이 사용자는 중국&몽골 지역을 선호하고, 습함 기후를 피하고 싶어해요. 여행 목적은 도전과성장이며, 상관없음에서 머무는 걸 좋아하고 오전 9-10시쯤 기상하는 편이에요.",
646,매우 민감,다소 완고,매우 적다,매우 정확,무조건 따름,1,매우 민감,꽤 빡빡하게,국내,바다,즉흥 여행,무조건 다 봄,코골이 함,다른 곳 간다,"국내,미국,중국&몽골","더움,추움,건조함","사람&관계,액티비티,자연감상","게스트하우스,4-5성급호텔,에어비엔비",오전 10시 이후,400만원 이상,"이 사용자는 미국 지역을 선호하고, 추움 기후를 피하고 싶어해요. 여행 목적은 자연감상이며, 에어비엔비에서 머무는 걸 좋아하고 오전 10시 이후쯤 기상하는 편이에요.",
647,둔감,보통,보통,보통,무조건 따름,5,둔감,보통,해외,산,즉흥 여행,무조건 다 봄,코골이 함,기다림,"동남아,세계일주,미국","쌀쌀함,습함,추움","액티비티,휴식,자연감상","3성이하 호텔,상관없음,게스트하우스",오전 9-10시,100만원 이하,"이 사용자는 미국 지역을 선호하고, 습함 기후를 피하고 싶어해요. 여행 목적은 자연감상이며, 상관없음에서 머무는 걸 좋아하고 오전 9-10시쯤 기상하는 편이에요.",
648,보통,보통,적다,보통,리드하는편,4,매우 민감,꽤 빡빡하게,해외,바다,계획 여행,적당히 봄,코골이 안함,다른 곳 간다,"중국&몽골,일본,국내","상관없음,더움,쌀쌀함","문화&역사체험,공연&경기관람,기록","민박,펜션,콘도",오전 9-10시,300-400만원,"이 사용자는 중국&몽골 지역을 선호하고, 더움 기후를 피하고 싶어해요. 여행 목적은 문화&역사체험이며, 콘도에서 머무는 걸 좋아하고 오전 9-10시쯤 기상하는 편이에요.",
649,둔감,수용적,적다,꽤 정확,따르는 편,4,매우 둔감,보통,해외,바다,즉흥 여행,적당히 봄,코골이 안함,기다림,"중국&몽골,국내,일본","더움,습함,쌀쌀함","문화&역사체험,액티비티,쇼핑","4-5성급호텔,게스트하우스,펜션",오전 10시 이후,300-400만원,"이 사용자는 국내 지역을 선호하고, 더움 기후를 피하고 싶어해요. 여행 목적은 문화&역사체험이며, 펜션에서 머무는 걸 좋아하고 오전 10시 이후쯤 기상하는 편이에요.",
650,매우 둔감,다소 완고,보통,보통,보통,5,둔감,보통,국내,바다,즉흥 여행,무조건 다 봄,코골이 안함,기다림,"일본,유럽,미국","건조함,추움,상관없음","도전과성장,사람&관계,자연감상","게스트하우스,3성이하 호텔,상관없음",오전 8-9시,100만원 이하,"이 사용자는 유럽 지역을 선호하고, 건조함 기후를 피하고 싶어해요. 여행 목적은 도전과성장이며, 3성이하 호텔에서 머무는 걸 좋아하고 오전 8-9시쯤 기상하는 편이에요.",
651,매우 민감,수용적,보통,자주 늦음,보통,1,보통,매우 빡빡하게,해외,바다,계획 여행,적당히 봄,코골이 안함,기다림,"그 외,일본,중국&몽골","습함,쌀쌀함,더움","쇼핑,자연감상,액티비티","에어비엔비,펜션,상관없음",오전 10시 이후,400만원 이상,"이 사용자는 그 외 지역을 선호하고, 쌀쌀함 기후를 피하고 싶어해요. 여행 목적은 쇼핑이며, 펜션에서 머무는 걸 좋아하고 오전 10시 이후쯤 기상하는 편이에요.",
652,매우 민감,매우 완고,많다,종종 늦음,리드하는편,1,둔감,꽤 여유있게,국내,산,계획 여행,적당히 봄,코골이 안함,다른 곳 간다,"국내,유럽,중국&몽골","상관없음,습함,더움","휴식,사람&관계,기록","에어비엔비,3성이하 호텔,상관없음",오전 8-9시,400만원 이상,"이 사용자는 유럽 지역을 선호하고, 더움 기후를 피하고 싶어해요. 여행 목적은 휴식이며, 에어비엔비에서 머무는 걸 좋아하고 오전 8-9시쯤 기상하는 편이에요.",
653,매우 둔감,보통,적다,매우 정확,따르는 편,1,보통,꽤 빡빡하게,해외,산,즉흥 여행,무조건 다 봄,코골이 함,다른 곳 간다,"유럽,일본,동남아","습함,더움,상관없음","자연감상,문화&역사체험,기록","펜션,4-5성급호텔,게스트하우스",오전 8-9시,400만원 이상,"이 사용자는 일본 지역을 선호하고, 상관없음 기후를 피하고 싶어해요. 여행 목적은 문화&역사체험이며, 4-5성급호텔에서 머무는 걸 좋아하고 오전 8-9시쯤 기상하는 편이에요.",
654,꽤 민감,매우 완고,매우 많다,보통,리드하는편,5,매우 민감,꽤 빡빡하게,국내,바다,즉흥 여행,무조건 다 봄,코골이 함,기다림,"일본,국내,세계일주","더움,상관없음,쌀쌀함","기록,자연감상,휴식","4-5성급호텔,민박,콘도",오전 8-9시,400만원 이상,"이 사용자는 국내 지역을 선호하고, 상관없음 기후를 피하고 싶어해요. 여행 목적은 기록이며, 콘도에서 머무는 걸 좋아하고 오전 8-9시쯤 기상하는 편이에요.",
655,보통,수용적,보통,자주 늦음,무조건 리드,2,매우 둔감,꽤 빡빡하게,해외,바다,계획 여행,적당히 봄,코골이 함,기다림,"유럽,미국,동남아","상관없음,습함,추움","공연&경기관람,기록,도전과성장","민박,상관없음,게스트하우스",오전 9-10시,300-400만원,"이 사용자는 미국 지역을 선호하고, 습함 기후를 피하고 싶어해요. 여행 목적은 공연&경기관람이며, 게스트하우스에서 머무는 걸 좋아하고 오전 9-10시쯤 기상하는 편이에요.",
656,보통,매우 수용적,적다,보통,보통,5,꽤 민감,매우 빡빡하게,국내,산,즉흥 여행,무조건 다 봄,코골이 함,기다림,"동남아,유럽,미국","건조함,습함,추움","휴식,사람&관계,액티비티","민박,4-5성급호텔,상관없음",오전 9-10시,400만원 이상,"이 사용자는 미국 지역을 선호하고, 추움 기후를 피하고 싶어해요. 여행 목적은 사람&관계이며, 민박에서 머무는 걸 좋아하고 오전 9-10시쯤 기상하는 편이에요.",
657,둔감,매우 완고,보통,보통,보통,4,보통,꽤 빡빡하게,국내,바다,즉흥 여행,적당히 봄,코골이 함,기다림,"유럽,세계일주,미국","더움,추움,상관없음","도전과성장,미식,휴식","게스트하우스,상관없음,콘도",오전 9-10시,200-300만원,"이 사용자는 세계일주 지역을 선호하고, 상관없음 기후를 피하고 싶어해요. 여행 목적은 미식이며, 상관없음에서 머무는 걸 좋아하고 오전 9-10시쯤 기상하는 편이에요.",
658,매우 둔감,다소 완고,많다,꽤 정확,리드하는편,4,꽤 민감,매우 여유있게,국내,산,즉흥 여행,무조건 다 봄,코골이 안함,다른 곳 간다,"세계일주,국내,동남아","추움,습함,상관없음","사람&관계,휴식,미식","4-5성급호텔,게스트하우스,3성이하 호텔",오전 9-10시,100만원 이하,"이 사용자는 국내 지역을 선호하고, 상관없음 기후를 피하고 싶어해요. 여행 목적은 휴식이며, 3성이하 호텔에서 머무는 걸 좋아하고 오전 9-10시쯤 기상하는 편이에요.",
659,꽤 민감,보통,매우 많다,자주 늦음,보통,3,꽤 민감,꽤 빡빡하게,국내,바다,계획 여행,무조건 다 봄,코골이 함,기다림,"미국,일본,동남아","추움,습함,건조함","자연감상,도전과성장,쇼핑","게스트하우스,상관없음,콘도",오전 9-10시,100만원 이하,"이 사용자는 동남아 지역을 선호하고, 추움 기후를 피하고 싶어해요. 여행 목적은 자연감상이며, 콘도에서 머무는 걸 좋아하고 오전 9-10시쯤 기상하는 편이에요.",
660,꽤 민감,매우 수용적,많다,매우 정확,보통,2,매우 민감,꽤 여유있게,해외,바다,즉흥 여행,적당히 봄,코골이 안함,기다림,"일본,그 외,국내","습함,추움,더움","도전과성장,미식,사람&관계","4-5성급호텔,에어비엔비,3성이하 호텔",오전 9-10시,300-400만원,"이 사용자는 그 외 지역을 선호하고, 더움 기후를 피하고 싶어해요. 여행 목적은 도전과성장이며, 3성이하 호텔에서 머무는 걸 좋아하고 오전 9-10시쯤 기상하는 편이에요.",
661,매우 민감,매우 수용적,매우 많다,매우 정확,리드하는편,1,매우 둔감,매우 여유있게,해외,바다,계획 여행,적당히 봄,코골이 함,다른 곳 간다,"그 외,미국,세계일주","더움,쌀쌀함,습함","사람&관계,쇼핑,미식","상관없음,펜션,콘도",오전 10시 이후,400만원 이상,"이 사용자는 미국 지역을 선호하고, 더움 기후를 피하고 싶어해요. 여행 목적은 사람&관계이며, 펜션에서 머무는 걸 좋아하고 오전 10시 이후쯤 기상하는 편이에요.",
662,보통,수용적,적다,종종 늦음,무조건 따름,3,매우 민감,보통,해외,바다,즉흥 여행,무조건 다 봄,코골이 함,기다림,"중국&몽골,국내,유럽","건조함,쌀쌀함,더움","미식,공연&경기관람,휴식","펜션,콘도,민박",오전 10시 이후,300-400만원,"이 사용자는 중국&몽골 지역을 선호하고, 쌀쌀함 기후를 피하고 싶어해요. 여행 목적은 공연&경기관람이며, 민박에서 머무는 걸 좋아하고 오전 10시 이후쯤 기상하는 편이에요.",
663,매우 민감,다소 완고,적다,꽤 정확,리드하는편,5,보통,보통,해외,바다,계획 여행,무조건 다 봄,코골이 함,기다림,"국내,중국&몽골,미국","추움,더움,상관없음","자연감상,도전과성장,문화&역사체험","에어비엔비,콘도,상관없음",오전 8-9시,200-300만원,"이 사용자는 국내 지역을 선호하고, 상관없음 기후를 피하고 싶어해요. 여행 목적은 문화&역사체험이며, 상관없음에서 머무는 걸 좋아하고 오전 8-9시쯤 기상하는 편이에요.",
664,매우 둔감,수용적,매우 많다,자주 늦음,따르는 편,1,매우 민감,매우 여유있게,해외,산,계획 여행,적당히 봄,코골이 함,다른 곳 간다,"동남아,유럽,그 외","건조함,더움,추움","휴식,쇼핑,문화&역사체험","3성이하 호텔,게스트하우스,민박",오전 9-10시,200-300만원,"이 사용자는 그 외 지역을 선호하고, 추움 기후를 피하고 싶어해요. 여행 목적은 쇼핑이며, 민박에서 머무는 걸 좋아하고 오전 9-10시쯤 기상하는 편이에요.",
665,꽤 민감,다소 완고,보통,종종 늦음,보통,3,매우 민감,꽤 빡빡하게,해외,산,계획 여행,무조건 다 봄,코골이 함,기다림,"중국&몽골,미국,유럽","상관없음,추움,습함","쇼핑,휴식,자연감상","에어비엔비,게스트하우스,4-5성급호텔",오전 9-10시,100만원 이하,"이 사용자는 미국 지역을 선호하고, 추움 기후를 피하고 싶어해요. 여행 목적은 휴식이며, 4-5성급호텔에서 머무는 걸 좋아하고 오전 9-10시쯤 기상하는 편이에요.",
666,매우 둔감,다소 완고,적다,종종 늦음,무조건 따름,1,꽤 민감,매우 여유있게,국내,바다,계획 여행,무조건 다 봄,코골이 함,기다림,"유럽,일본,동남아","상관없음,쌀쌀함,추움","문화&역사체험,액티비티,도전과성장","상관없음,게스트하우스,민박",오전 10시 이후,300-400만원,"이 사용자는 일본 지역을 선호하고, 쌀쌀함 기후를 피하고 싶어해요. 여행 목적은 액티비티이며, 게스트하우스에서 머무는 걸 좋아하고 오전 10시 이후쯤 기상하는 편이에요.",
667,둔감,매우 수용적,매우 많다,종종 늦음,리드하는편,5,둔감,보통,국내,바다,계획 여행,적당히 봄,코골이 함,기다림,"동남아,세계일주,일본","상관없음,쌀쌀함,더움","사람&관계,기록,도전과성장","3성이하 호텔,상관없음,펜션",오전 8-9시,300-400만원,"이 사용자는 세계일주 지역을 선호하고, 상관없음 기후를 피하고 싶어해요. 여행 목적은 사람&관계이며, 상관없음에서 머무는 걸 좋아하고 오전 8-9시쯤 기상하는 편이에요.",
668,매우 둔감,다소 완고,많다,자주 늦음,따르는 편,5,매우 민감,꽤 여유있게,해외,바다,계획 여행,무조건 다 봄,코골이 안함,다른 곳 간다,"중국&몽골,국내,미국","습함,추움,쌀쌀함","휴식,액티비티,문화&역사체험","4-5성급호텔,콘도,에어비엔비",오전 9-10시,300-400만원,"이 사용자는 미국 지역을 선호하고, 쌀쌀함 기후를 피하고 싶어해요. 여행 목적은 휴식이며, 4-5성급호텔에서 머무는 걸 좋아하고 오전 9-10시쯤 기상하는 편이에요.",
669,꽤 민감,수용적,매우 많다,자주 늦음,보통,1,꽤 민감,매우 여유있게,해외,바다,즉흥 여행,적당히 봄,코골이 안함,다른 곳 간다,"유럽,동남아,그 외","더움,건조함,추움","쇼핑,미식,기록","3성이하 호텔,상관없음,콘도",오전 8-9시,300-400만원,"이 사용자는 그 외 지역을 선호하고, 건조함 기후를 피하고 싶어해요. 여행 목적은 기록이며, 상관없음에서 머무는 걸 좋아하고 오전 8-9시쯤 기상하는 편이에요.",
670,꽤 민감,매우 수용적,많다,자주 늦음,리드하는편,2,매우 민감,보통,국내,바다,계획 여행,적당히 봄,코골이 함,기다림,"일본,세계일주,유럽","상관없음,건조함,추움","휴식,공연&경기관람,문화&역사체험","게스트하우스,에어비엔비,콘도",오전 8-9시,400만원 이상,"이 사용자는 유럽 지역을 선호하고, 추움 기후를 피하고 싶어해요. 여행 목적은 휴식이며, 에어비엔비에서 머무는 걸 좋아하고 오전 8-9시쯤 기상하는 편이에요.",
671,매우 민감,수용적,많다,꽤 정확,무조건 리드,2,매우 민감,꽤 빡빡하게,국내,산,계획 여행,적당히 봄,코골이 안함,다른 곳 간다,"세계일주,그 외,유럽","더움,상관없음,건조함","기록,미식,자연감상","콘도,3성이하 호텔,펜션",오전 10시 이후,400만원 이상,"이 사용자는 유럽 지역을 선호하고, 건조함 기후를 피하고 싶어해요. 여행 목적은 자연감상이며, 콘도에서 머무는 걸 좋아하고 오전 10시 이후쯤 기상하는 편이에요.",
672,꽤 민감,매우 수용적,매우 적다,보통,따르는 편,3,보통,매우 여유있게,국내,산,계획 여행,무조건 다 봄,코골이 함,기다림,"미국,동남아,유럽","추움,쌀쌀함,상관없음","사람&관계,휴식,문화&역사체험","3성이하 호텔,에어비엔비,콘도",오전 8-9시,100만원 이하,"이 사용자는 유럽 지역을 선호하고, 쌀쌀함 기후를 피하고 싶어해요. 여행 목적은 휴식이며, 콘도에서 머무는 걸 좋아하고 오전 8-9시쯤 기상하는 편이에요.",
673,보통,수용적,많다,매우 정확,리드하는편,1,매우 둔감,매우 빡빡하게,국내,산,즉흥 여행,무조건 다 봄,코골이 안함,기다림,"그 외,일본,중국&몽골","쌀쌀함,습함,더움","쇼핑,사람&관계,문화&역사체험","콘도,3성이하 호텔,상관없음",오전 9-10시,400만원 이상,"이 사용자는 그 외 지역을 선호하고, 더움 기후를 피하고 싶어해요. 여행 목적은 문화&역사체험이며, 콘도에서 머무는 걸 좋아하고 오전 9-10시쯤 기상하는 편이에요.",
674,둔감,매우 수용적,많다,자주 늦음,무조건 따름,2,매우 민감,매우 여유있게,국내,바다,즉흥 여행,무조건 다 봄,코골이 안함,다른 곳 간다,"중국&몽골,미국,세계일주","습함,쌀쌀함,추움","액티비티,미식,도전과성장","3성이하 호텔,게스트하우스,4-5성급호텔",오전 9-10시,100만원 이하,"이 사용자는 세계일주 지역을 선호하고, 습함 기후를 피하고 싶어해요. 여행 목적은 미식이며, 3성이하 호텔에서 머무는 걸 좋아하고 오전 9-10시쯤 기상하는 편이에요.",
675,매우 둔감,매우 수용적,보통,종종 늦음,보통,5,보통,매우 빡빡하게,해외,바다,즉흥 여행,적당히 봄,코골이 함,다른 곳 간다,"세계일주,유럽,중국&몽골","건조함,더움,습함","액티비티,문화&역사체험,휴식","민박,상관없음,4-5성급호텔",오전 8-9시,400만원 이상,"이 사용자는 유럽 지역을 선호하고, 더움 기후를 피하고 싶어해요. 여행 목적은 액티비티이며, 상관없음에서 머무는 걸 좋아하고 오전 8-9시쯤 기상하는 편이에요.",
676,매우 민감,다소 완고,많다,매우 정확,무조건 리드,3,둔감,꽤 여유있게,국내,바다,즉흥 여행,적당히 봄,코골이 안함,기다림,"중국&몽골,그 외,일본","상관없음,쌀쌀함,추움","자연감상,도전과성장,쇼핑","3성이하 호텔,에어비엔비,게스트하우스",오전 10시 이후,300-400만원,"이 사용자는 그 외 지역을 선호하고, 상관없음 기후를 피하고 싶어해요. 여행 목적은 쇼핑이며, 게스트하우스에서 머무는 걸 좋아하고 오전 10시 이후쯤 기상하는 편이에요.",
677,매우 민감,수용적,보통,꽤 정확,리드하는편,1,둔감,매우 여유있게,해외,바다,즉흥 여행,적당히 봄,코골이 함,기다림,"그 외,미국,동남아","쌀쌀함,습함,건조함","도전과성장,액티비티,미식","게스트하우스,펜션,콘도",오전 10시 이후,100만원 이하,"이 사용자는 동남아 지역을 선호하고, 습함 기후를 피하고 싶어해요. 여행 목적은 액티비티이며, 펜션에서 머무는 걸 좋아하고 오전 10시 이후쯤 기상하는 편이에요.",
678,둔감,보통,많다,매우 정확,무조건 따름,4,보통,꽤 빡빡하게,국내,산,계획 여행,적당히 봄,코골이 안함,다른 곳 간다,"중국&몽골,유럽,그 외","습함,추움,더움","액티비티,공연&경기관람,도전과성장","4-5성급호텔,게스트하우스,3성이하 호텔",오전 9-10시,300-400만원,"이 사용자는 그 외 지역을 선호하고, 더움 기후를 피하고 싶어해요. 여행 목적은 액티비티이며, 게스트하우스에서 머무는 걸 좋아하고 오전 9-10시쯤 기상하는 편이에요.",
679,매우 민감,보통,보통,자주 늦음,무조건 따름,2,꽤 민감,매우 여유있게,국내,산,계획 여행,무조건 다 봄,코골이 함,기다림,"국내,유럽,세계일주","쌀쌀함,건조함,상관없음","휴식,공연&경기관람,사람&관계","4-5성급호텔,3성이하 호텔,에어비엔비",오전 8-9시,400만원 이상,"이 사용자는 유럽 지역을 선호하고, 상관없음 기후를 피하고 싶어해요. 여행 목적은 사람&관계이며, 에어비엔비에서 머무는 걸 좋아하고 오전 8-9시쯤 기상하는 편이에요.",
680,꽤 민감,수용적,보통,종종 늦음,따르는 편,5,보통,꽤 빡빡하게,국내,바다,계획 여행,적당히 봄,코골이 함,다른 곳 간다,"동남아,유럽,그 외","상관없음,쌀쌀함,건조함","자연감상,휴식,쇼핑","상관없음,게스트하우스,3성이하 호텔",오전 8-9시,200-300만원,"이 사용자는 유럽 지역을 선호하고, 상관없음 기후를 피하고 싶어해요. 여행 목적은 자연감상이며, 게스트하우스에서 머무는 걸 좋아하고 오전 8-9시쯤 기상하는 편이에요.",
681,꽤 민감,매우 수용적,매우 적다,자주 늦음,보통,2,매우 둔감,매우 빡빡하게,해외,산,계획 여행,무조건 다 봄,코골이 함,기다림,"중국&몽골,유럽,그 외","더움,건조함,추움","자연감상,도전과성장,미식","4-5성급호텔,게스트하우스,콘도",오전 9-10시,400만원 이상,"이 사용자는 유럽 지역을 선호하고, 더움 기후를 피하고 싶어해요. 여행 목적은 도전과성장이며, 게스트하우스에서 머무는 걸 좋아하고 오전 9-10시쯤 기상하는 편이에요.",
682,둔감,매우 수용적,많다,꽤 정확,무조건 리드,1,둔감,매우 여유있게,국내,산,계획 여행,적당히 봄,코골이 안함,다른 곳 간다,"세계일주,일본,미국","더움,상관없음,건조함","액티비티,공연&경기관람,사람&관계","상관없음,게스트하우스,에어비엔비",오전 8-9시,300-400만원,"이 사용자는 일본 지역을 선호하고, 더움 기후를 피하고 싶어해요. 여행 목적은 사람&관계이며, 에어비엔비에서 머무는 걸 좋아하고 오전 8-9시쯤 기상하는 편이에요.",
683,꽤 민감,수용적,많다,매우 정확,무조건 리드,3,꽤 민감,꽤 빡빡하게,국내,산,즉흥 여행,무조건 다 봄,코골이 함,기다림,"일본,유럽,세계일주","쌀쌀함,더움,추움","문화&역사체험,기록,쇼핑","상관없음,펜션,3성이하 호텔",오전 8-9시,400만원 이상,"이 사용자는 일본 지역을 선호하고, 추움 기후를 피하고 싶어해요. 여행 목적은 쇼핑이며, 펜션에서 머무는 걸 좋아하고 오전 8-9시쯤 기상하는 편이에요.",
684,둔감,매우 완고,매우 적다,자주 늦음,무조건 따름,2,보통,보통,국내,산,즉흥 여행,적당히 봄,코골이 안함,다른 곳 간다,"유럽,세계일주,일본","추움,상관없음,더움","자연감상,액티비티,공연&경기관람","상관없음,에어비엔비,콘도",오전 8-9시,200-300만원,"이 사용자는 일본 지역을 선호하고, 더움 기후를 피하고 싶어해요. 여행 목적은 액티비티이며, 상관없음에서 머무는 걸 좋아하고 오전 8-9시쯤 기상하는 편이에요.",
685,꽤 민감,매우 완고,많다,매우 정확,리드하는편,2,매우 둔감,꽤 여유있게,해외,바다,계획 여행,무조건 다 봄,코골이 안함,다른 곳 간다,"세계일주,그 외,유럽","더움,추움,습함","휴식,사람&관계,도전과성장","게스트하우스,에어비엔비,펜션",오전 9-10시,100만원 이하,"이 사용자는 유럽 지역을 선호하고, 추움 기후를 피하고 싶어해요. 여행 목적은 휴식이며, 에어비엔비에서 머무는 걸 좋아하고 오전 9-10시쯤 기상하는 편이에요.",
686,매우 둔감,다소 완고,매우 적다,종종 늦음,무조건 따름,5,보통,매우 빡빡하게,국내,바다,즉흥 여행,적당히 봄,코골이 안함,기다림,"중국&몽골,미국,국내","습함,쌀쌀함,건조함","미식,공연&경기관람,자연감상","3성이하 호텔,4-5성급호텔,민박",오전 8-9시,100만원 이하,"이 사용자는 중국&몽골 지역을 선호하고, 습함 기후를 피하고 싶어해요. 여행 목적은 미식이며, 4-5성급호텔에서 머무는 걸 좋아하고 오전 8-9시쯤 기상하는 편이에요.",
687,둔감,매우 완고,많다,보통,무조건 리드,1,둔감,보통,국내,바다,계획 여행,적당히 봄,코골이 안함,다른 곳 간다,"유럽,그 외,미국","상관없음,추움,더움","미식,쇼핑,문화&역사체험","콘도,게스트하우스,에어비엔비",오전 10시 이후,300-400만원,"이 사용자는 그 외 지역을 선호하고, 더움 기후를 피하고 싶어해요. 여행 목적은 문화&역사체험이며, 에어비엔비에서 머무는 걸 좋아하고 오전 10시 이후쯤 기상하는 편이에요.",
688,보통,매우 수용적,매우 많다,자주 늦음,무조건 따름,4,둔감,매우 여유있게,해외,산,계획 여행,적당히 봄,코골이 함,기다림,"그 외,유럽,미국","쌀쌀함,더움,건조함","문화&역사체험,사람&관계,쇼핑","에어비엔비,콘도,상관없음",오전 9-10시,400만원 이상,"이 사용자는 그 외 지역을 선호하고, 쌀쌀함 기후를 피하고 싶어해요. 여행 목적은 사람&관계이며, 콘도에서 머무는 걸 좋아하고 오전 9-10시쯤 기상하는 편이에요.",
689,보통,보통,보통,자주 늦음,따르는 편,1,매우 민감,꽤 빡빡하게,국내,바다,즉흥 여행,무조건 다 봄,코골이 안함,다른 곳 간다,"국내,미국,세계일주","쌀쌀함,추움,더움","미식,휴식,기록","게스트하우스,3성이하 호텔,펜션",오전 8-9시,300-400만원,"이 사용자는 세계일주 지역을 선호하고, 쌀쌀함 기후를 피하고 싶어해요. 여행 목적은 휴식이며, 게스트하우스에서 머무는 걸 좋아하고 오전 8-9시쯤 기상하는 편이에요.",
690,매우 둔감,매우 완고,보통,자주 늦음,무조건 따름,2,꽤 민감,매우 여유있게,해외,산,즉흥 여행,무조건 다 봄,코골이 안함,다른 곳 간다,"미국,유럽,세계일주","추움,습함,건조함","사람&관계,휴식,도전과성장","4-5성급호텔,민박,콘도",오전 10시 이후,100만원 이하,"이 사용자는 유럽 지역을 선호하고, 습함 기후를 피하고 싶어해요. 여행 목적은 휴식이며, 4-5성급호텔에서 머무는 걸 좋아하고 오전 10시 이후쯤 기상하는 편이에요.",
691,둔감,수용적,많다,종종 늦음,보통,4,꽤 민감,꽤 빡빡하게,국내,산,계획 여행,적당히 봄,코골이 안함,다른 곳 간다,"일본,미국,세계일주","상관없음,쌀쌀함,추움","도전과성장,액티비티,휴식","에어비엔비,3성이하 호텔,4-5성급호텔",오전 8-9시,200-300만원,"이 사용자는 미국 지역을 선호하고, 추움 기후를 피하고 싶어해요. 여행 목적은 도전과성장이며, 3성이하 호텔에서 머무는 걸 좋아하고 오전 8-9시쯤 기상하는 편이에요.",
692,보통,다소 완고,매우 적다,보통,무조건 리드,2,매우 둔감,매우 여유있게,해외,산,즉흥 여행,적당히 봄,코골이 안함,다른 곳 간다,"국내,유럽,세계일주","상관없음,쌀쌀함,추움","휴식,액티비티,문화&역사체험","에어비엔비,4-5성급호텔,펜션",오전 10시 이후,400만원 이상,"이 사용자는 국내 지역을 선호하고, 추움 기후를 피하고 싶어해요. 여행 목적은 문화&역사체험이며, 에어비엔비에서 머무는 걸 좋아하고 오전 10시 이후쯤 기상하는 편이에요.",
693,꽤 민감,다소 완고,매우 적다,자주 늦음,리드하는편,1,꽤 민감,꽤 빡빡하게,국내,바다,계획 여행,무조건 다 봄,코골이 함,다른 곳 간다,"그 외,미국,유럽","쌀쌀함,추움,습함","액티비티,기록,휴식","3성이하 호텔,콘도,펜션",오전 10시 이후,300-400만원,"이 사용자는 그 외 지역을 선호하고, 쌀쌀함 기후를 피하고 싶어해요. 여행 목적은 액티비티이며, 콘도에서 머무는 걸 좋아하고 오전 10시 이후쯤 기상하는 편이에요.",
694,보통,매우 수용적,매우 적다,자주 늦음,무조건 따름,5,보통,매우 여유있게,해외,산,즉흥 여행,적당히 봄,코골이 안함,기다림,"중국&몽골,세계일주,일본","습함,쌀쌀함,건조함","문화&역사체험,사람&관계,쇼핑","4-5성급호텔,3성이하 호텔,민박",오전 8-9시,300-400만원,"이 사용자는 일본 지역을 선호하고, 건조함 기후를 피하고 싶어해요. 여행 목적은 문화&역사체험이며, 4-5성급호텔에서 머무는 걸 좋아하고 오전 8-9시쯤 기상하는 편이에요.",
695,꽤 민감,수용적,많다,매우 정확,보통,5,둔감,꽤 빡빡하게,국내,산,계획 여행,무조건 다 봄,코골이 안함,기다림,"국내,일본,그 외","쌀쌀함,건조함,추움","공연&경기관람,문화&역사체험,액티비티","콘도,4-5성급호텔,게스트하우스",오전 10시 이후,400만원 이상,"이 사용자는 그 외 지역을 선호하고, 쌀쌀함 기후를 피하고 싶어해요. 여행 목적은 공연&경기관람이며, 게스트하우스에서 머무는 걸 좋아하고 오전 10시 이후쯤 기상하는 편이에요.",
696,매우 민감,다소 완고,매우 많다,종종 늦음,무조건 따름,4,둔감,매우 빡빡하게,해외,산,즉흥 여행,적당히 봄,코골이 안함,기다림,"유럽,그 외,동남아","추움,습함,상관없음","쇼핑,공연&경기관람,기록","게스트하우스,4-5성급호텔,3성이하 호텔",오전 9-10시,100만원 이하,"이 사용자는 그 외 지역을 선호하고, 습함 기후를 피하고 싶어해요. 여행 목적은 공연&경기관람이며, 3성이하 호텔에서 머무는 걸 좋아하고 오전 9-10시쯤 기상하는 편이에요.",
697,매우 민감,보통,매우 많다,보통,보통,3,둔감,보통,해외,바다,즉흥 여행,적당히 봄,코골이 안함,다른 곳 간다,"유럽,일본,그 외","습함,더움,추움","휴식,문화&역사체험,사람&관계","콘도,에어비엔비,상관없음",오전 8-9시,100만원 이하,"이 사용자는 유럽 지역을 선호하고, 습함 기후를 피하고 싶어해요. 여행 목적은 사람&관계이며, 상관없음에서 머무는 걸 좋아하고 오전 8-9시쯤 기상하는 편이에요.",
698,매우 민감,보통,매우 적다,꽤 정확,리드하는편,3,둔감,매우 빡빡하게,국내,산,즉흥 여행,무조건 다 봄,코골이 함,기다림,"미국,세계일주,국내","추움,습함,상관없음","문화&역사체험,도전과성장,휴식","게스트하우스,콘도,펜션",오전 9-10시,200-300만원,"이 사용자는 국내 지역을 선호하고, 습함 기후를 피하고 싶어해요. 여행 목적은 도전과성장이며, 펜션에서 머무는 걸 좋아하고 오전 9-10시쯤 기상하는 편이에요.",
699,둔감,다소 완고,보통,매우 정확,리드하는편,2,매우 둔감,보통,해외,산,계획 여행,무조건 다 봄,코골이 안함,기다림,"동남아,세계일주,미국","상관없음,습함,더움","쇼핑,휴식,자연감상","상관없음,에어비엔비,4-5성급호텔",오전 8-9시,100만원 이하,"이 사용자는 세계일주 지역을 선호하고, 습함 기후를 피하고 싶어해요. 여행 목적은 휴식이며, 4-5성급호텔에서 머무는 걸 좋아하고 오전 8-9시쯤 기상하는 편이에요.",
700,둔감,다소 완고,보통,종종 늦음,리드하는편,2,꽤 민감,매우 여유있게,국내,산,즉흥 여행,무조건 다 봄,코골이 함,다른 곳 간다,"동남아,세계일주,유럽","쌀쌀함,건조함,추움","액티비티,공연&경기관람,휴식","민박,4-5성급호텔,콘도",오전 8-9시,100만원 이하,"이 사용자는 유럽 지역을 선호하고, 추움 기후를 피하고 싶어해요. 여행 목적은 휴식이며, 민박에서 머무는 걸 좋아하고 오전 8-9시쯤 기상하는 편이에요.",
701,매우 민감,다소 완고,보통,매우 정확,무조건 따름,5,꽤 민감,꽤 여유있게,국내,바다,즉흥 여행,무조건 다 봄,코골이 안함,기다림,"중국&몽골,세계일주,미국","더움,추움,건조함","도전과성장,자연감상,기록","펜션,에어비엔비,상관없음",오전 9-10시,200-300만원,"이 사용자는 세계일주 지역을 선호하고, 더움 기후를 피하고 싶어해요. 여행 목적은 자연감상이며, 에어비엔비에서 머무는 걸 좋아하고 오전 9-10시쯤 기상하는 편이에요.",
702,보통,수용적,매우 적다,종종 늦음,따르는 편,4,둔감,매우 여유있게,국내,바다,즉흥 여행,무조건 다 봄,코골이 함,기다림,"유럽,동남아,중국&몽골","쌀쌀함,건조함,추움","쇼핑,기록,자연감상","게스트하우스,콘도,에어비엔비",오전 8-9시,200-300만원,"이 사용자는 중국&몽골 지역을 선호하고, 추움 기후를 피하고 싶어해요. 여행 목적은 기록이며, 게스트하우스에서 머무는 걸 좋아하고 오전 8-9시쯤 기상하는 편이에요.",
703,꽤 민감,매우 완고,매우 많다,꽤 정확,리드하는편,3,보통,꽤 여유있게,해외,산,즉흥 여행,적당히 봄,코골이 함,기다림,"중국&몽골,유럽,세계일주","추움,쌀쌀함,상관없음","액티비티,도전과성장,공연&경기관람","3성이하 호텔,상관없음,4-5성급호텔",오전 8-9시,300-400만원,"이 사용자는 세계일주 지역을 선호하고, 쌀쌀함 기후를 피하고 싶어해요. 여행 목적은 공연&경기관람이며, 상관없음에서 머무는 걸 좋아하고 오전 8-9시쯤 기상하는 편이에요.",
704,매우 민감,다소 완고,매우 적다,꽤 정확,무조건 리드,1,꽤 민감,매우 빡빡하게,해외,산,즉흥 여행,무조건 다 봄,코골이 안함,다른 곳 간다,"미국,중국&몽골,동남아","추움,쌀쌀함,습함","휴식,미식,문화&역사체험","게스트하우스,에어비엔비,민박",오전 8-9시,100만원 이하,"이 사용자는 미국 지역을 선호하고, 추움 기후를 피하고 싶어해요. 여행 목적은 문화&역사체험이며, 게스트하우스에서 머무는 걸 좋아하고 오전 8-9시쯤 기상하는 편이에요.",
705,매우 둔감,보통,적다,종종 늦음,보통,4,매우 민감,매우 여유있게,국내,바다,계획 여행,무조건 다 봄,코골이 안함,다른 곳 간다,"미국,중국&몽골,그 외","쌀쌀함,건조함,더움","기록,문화&역사체험,액티비티","4-5성급호텔,상관없음,콘도",오전 9-10시,300-400만원,"이 사용자는 미국 지역을 선호하고, 건조함 기후를 피하고 싶어해요. 여행 목적은 기록이며, 상관없음에서 머무는 걸 좋아하고 오전 9-10시쯤 기상하는 편이에요.",
706,매우 둔감,매우 수용적,매우 많다,꽤 정확,리드하는편,1,매우 민감,매우 여유있게,해외,산,계획 여행,적당히 봄,코골이 안함,다른 곳 간다,"국내,일본,유럽","더움,건조함,쌀쌀함","휴식,쇼핑,도전과성장","상관없음,펜션,3성이하 호텔",오전 9-10시,300-400만원,"이 사용자는 유럽 지역을 선호하고, 쌀쌀함 기후를 피하고 싶어해요. 여행 목적은 도전과성장이며, 3성이하 호텔에서 머무는 걸 좋아하고 오전 9-10시쯤 기상하는 편이에요.",
707,매우 둔감,수용적,매우 많다,매우 정확,따르는 편,2,꽤 민감,꽤 빡빡하게,국내,바다,계획 여행,적당히 봄,코골이 안함,다른 곳 간다,"일본,국내,중국&몽골","상관없음,습함,추움","미식,쇼핑,도전과성장","게스트하우스,4-5성급호텔,펜션",오전 9-10시,200-300만원,"이 사용자는 국내 지역을 선호하고, 상관없음 기후를 피하고 싶어해요. 여행 목적은 도전과성장이며, 게스트하우스에서 머무는 걸 좋아하고 오전 9-10시쯤 기상하는 편이에요.",
708,꽤 민감,매우 완고,매우 많다,보통,무조건 리드,3,꽤 민감,매우 여유있게,해외,산,즉흥 여행,무조건 다 봄,코골이 안함,다른 곳 간다,"일본,세계일주,유럽","쌀쌀함,상관없음,더움","문화&역사체험,도전과성장,액티비티","콘도,펜션,에어비엔비",오전 10시 이후,400만원 이상,"이 사용자는 유럽 지역을 선호하고, 상관없음 기후를 피하고 싶어해요. 여행 목적은 문화&역사체험이며, 펜션에서 머무는 걸 좋아하고 오전 10시 이후쯤 기상하는 편이에요.",
709,매우 민감,매우 완고,매우 많다,꽤 정확,무조건 따름,1,보통,매우 여유있게,해외,산,계획 여행,무조건 다 봄,코골이 안함,다른 곳 간다,"유럽,일본,미국","상관없음,습함,더움","사람&관계,공연&경기관람,기록","콘도,펜션,에어비엔비",오전 8-9시,400만원 이상,"이 사용자는 일본 지역을 선호하고, 더움 기후를 피하고 싶어해요. 여행 목적은 사람&관계이며, 펜션에서 머무는 걸 좋아하고 오전 8-9시쯤 기상하는 편이에요.",
710,둔감,매우 완고,매우 많다,보통,무조건 리드,2,꽤 민감,꽤 빡빡하게,국내,산,즉흥 여행,적당히 봄,코골이 안함,다른 곳 간다,"미국,동남아,국내","상관없음,습함,건조함","액티비티,사람&관계,자연감상","3성이하 호텔,펜션,4-5성급호텔",오전 9-10시,400만원 이상,"이 사용자는 동남아 지역을 선호하고, 건조함 기후를 피하고 싶어해요. 여행 목적은 사람&관계이며, 펜션에서 머무는 걸 좋아하고 오전 9-10시쯤 기상하는 편이에요.",
711,꽤 민감,매우 완고,많다,꽤 정확,무조건 따름,2,보통,매우 빡빡하게,해외,산,계획 여행,무조건 다 봄,코골이 안함,기다림,"동남아,국내,미국","상관없음,쌀쌀함,더움","휴식,사람&관계,액티비티","에어비엔비,게스트하우스,콘도",오전 8-9시,100만원 이하,"이 사용자는 국내 지역을 선호하고, 상관없음 기후를 피하고 싶어해요. 여행 목적은 휴식이며, 에어비엔비에서 머무는 걸 좋아하고 오전 8-9시쯤 기상하는 편이에요.",
712,매우 둔감,매우 수용적,적다,매우 정확,보통,5,둔감,꽤 빡빡하게,국내,산,즉흥 여행,무조건 다 봄,코골이 안함,다른 곳 간다,"유럽,국내,중국&몽골","습함,더움,쌀쌀함","액티비티,기록,문화&역사체험","민박,3성이하 호텔,펜션",오전 9-10시,400만원 이상,"이 사용자는 유럽 지역을 선호하고, 더움 기후를 피하고 싶어해요. 여행 목적은 기록이며, 펜션에서 머무는 걸 좋아하고 오전 9-10시쯤 기상하는 편이에요.",
713,꽤 민감,다소 완고,적다,꽤 정확,보통,5,꽤 민감,매우 여유있게,국내,바다,계획 여행,무조건 다 봄,코골이 함,다른 곳 간다,"미국,동남아,국내","쌀쌀함,습함,추움","자연감상,기록,공연&경기관람","펜션,에어비엔비,3성이하 호텔",오전 9-10시,300-400만원,"이 사용자는 국내 지역을 선호하고, 습함 기후를 피하고 싶어해요. 여행 목적은 기록이며, 에어비엔비에서 머무는 걸 좋아하고 오전 9-10시쯤 기상하는 편이에요.",
714,매우 둔감,보통,매우 많다,자주 늦음,따르는 편,3,매우 둔감,보통,해외,산,즉흥 여행,무조건 다 봄,코골이 안함,기다림,"동남아,그 외,유럽","습함,더움,쌀쌀함","문화&역사체험,액티비티,도전과성장","에어비엔비,3성이하 호텔,상관없음",오전 10시 이후,300-400만원,"이 사용자는 동남아 지역을 선호하고, 쌀쌀함 기후를 피하고 싶어해요. 여행 목적은 액티비티이며, 상관없음에서 머무는 걸 좋아하고 오전 10시 이후쯤 기상하는 편이에요.",
715,꽤 민감,수용적,매우 적다,자주 늦음,무조건 리드,1,매우 둔감,보통,해외,산,계획 여행,적당히 봄,코골이 안함,다른 곳 간다,"그 외,세계일주,동남아","습함,쌀쌀함,더움","도전과성장,사람&관계,문화&역사체험","펜션,상관없음,4-5성급호텔",오전 10시 이후,200-300만원,"이 사용자는 동남아 지역을 선호하고, 더움 기후를 피하고 싶어해요. 여행 목적은 도전과성장이며, 상관없음에서 머무는 걸 좋아하고 오전 10시 이후쯤 기상하는 편이에요.",
716,보통,매우 완고,매우 많다,종종 늦음,무조건 따름,3,둔감,꽤 빡빡하게,해외,바다,계획 여행,적당히 봄,코골이 안함,다른 곳 간다,"국내,그 외,중국&몽골","더움,습함,건조함","미식,공연&경기관람,문화&역사체험","게스트하우스,에어비엔비,펜션",오전 8-9시,100만원 이하,"이 사용자는 중국&몽골 지역을 선호하고, 더움 기후를 피하고 싶어해요. 여행 목적은 미식이며, 에어비엔비에서 머무는 걸 좋아하고 오전 8-9시쯤 기상하는 편이에요.",
717,매우 민감,매우 완고,매우 많다,매우 정확,리드하는편,2,매우 둔감,매우 빡빡하게,국내,산,즉흥 여행,무조건 다 봄,코골이 안함,다른 곳 간다,"동남아,그 외,중국&몽골","쌀쌀함,추움,건조함","기록,액티비티,휴식","3성이하 호텔,게스트하우스,민박",오전 9-10시,400만원 이상,"이 사용자는 그 외 지역을 선호하고, 건조함 기후를 피하고 싶어해요. 여행 목적은 액티비티이며, 3성이하 호텔에서 머무는 걸 좋아하고 오전 9-10시쯤 기상하는 편이에요.",
718,보통,다소 완고,보통,매우 정확,무조건 따름,4,둔감,꽤 빡빡하게,국내,산,즉흥 여행,적당히 봄,코골이 안함,다른 곳 간다,"세계일주,중국&몽골,그 외","상관없음,건조함,쌀쌀함","기록,도전과성장,미식","게스트하우스,콘도,4-5성급호텔",오전 9-10시,300-400만원,"이 사용자는 그 외 지역을 선호하고, 상관없음 기후를 피하고 싶어해요. 여행 목적은 미식이며, 4-5성급호텔에서 머무는 걸 좋아하고 오전 9-10시쯤 기상하는 편이에요.",
719,매우 둔감,매우 완고,매우 많다,종종 늦음,보통,1,매우 민감,매우 빡빡하게,해외,바다,계획 여행,적당히 봄,코골이 안함,기다림,"세계일주,유럽,동남아","건조함,습함,더움","쇼핑,사람&관계,문화&역사체험","콘도,펜션,상관없음",오전 9-10시,200-300만원,"이 사용자는 세계일주 지역을 선호하고, 습함 기후를 피하고 싶어해요. 여행 목적은 사람&관계이며, 펜션에서 머무는 걸 좋아하고 오전 9-10시쯤 기상하는 편이에요.",
720,둔감,매우 완고,적다,종종 늦음,무조건 따름,5,꽤 민감,매우 빡빡하게,국내,바다,계획 여행,무조건 다 봄,코골이 안함,기다림,"그 외,국내,일본","습함,쌀쌀함,추움","공연&경기관람,휴식,기록","에어비엔비,3성이하 호텔,콘도",오전 9-10시,300-400만원,"이 사용자는 국내 지역을 선호하고, 습함 기후를 피하고 싶어해요. 여행 목적은 휴식이며, 3성이하 호텔에서 머무는 걸 좋아하고 오전 9-10시쯤 기상하는 편이에요.",
721,둔감,보통,매우 적다,꽤 정확,보통,4,매우 민감,매우 빡빡하게,국내,바다,즉흥 여행,무조건 다 봄,코골이 안함,기다림,"국내,세계일주,중국&몽골","상관없음,쌀쌀함,습함","액티비티,미식,휴식","게스트하우스,민박,에어비엔비",오전 9-10시,200-300만원,"이 사용자는 중국&몽골 지역을 선호하고, 습함 기후를 피하고 싶어해요. 여행 목적은 휴식이며, 민박에서 머무는 걸 좋아하고 오전 9-10시쯤 기상하는 편이에요.",
722,매우 둔감,수용적,적다,자주 늦음,따르는 편,5,매우 둔감,매우 여유있게,해외,산,계획 여행,적당히 봄,코골이 안함,다른 곳 간다,"동남아,그 외,미국","추움,더움,건조함","미식,사람&관계,쇼핑","펜션,게스트하우스,상관없음",오전 9-10시,100만원 이하,"이 사용자는 미국 지역을 선호하고, 추움 기후를 피하고 싶어해요. 여행 목적은 사람&관계이며, 상관없음에서 머무는 걸 좋아하고 오전 9-10시쯤 기상하는 편이에요.",
723,매우 둔감,수용적,매우 적다,꽤 정확,리드하는편,3,보통,보통,국내,바다,계획 여행,적당히 봄,코골이 함,다른 곳 간다,"미국,일본,세계일주","습함,상관없음,건조함","도전과성장,액티비티,휴식","게스트하우스,에어비엔비,4-5성급호텔",오전 8-9시,200-300만원,"이 사용자는 세계일주 지역을 선호하고, 상관없음 기후를 피하고 싶어해요. 여행 목적은 휴식이며, 게스트하우스에서 머무는 걸 좋아하고 오전 8-9시쯤 기상하는 편이에요.",
724,매우 민감,매우 수용적,적다,종종 늦음,보통,4,매우 민감,매우 여유있게,해외,바다,계획 여행,무조건 다 봄,코골이 안함,기다림,"국내,중국&몽골,유럽","상관없음,습함,건조함","자연감상,미식,도전과성장","게스트하우스,상관없음,민박",오전 9-10시,200-300만원,"이 사용자는 국내 지역을 선호하고, 건조함 기후를 피하고 싶어해요. 여행 목적은 도전과성장이며, 게스트하우스에서 머무는 걸 좋아하고 오전 9-10시쯤 기상하는 편이에요.",
725,둔감,매우 수용적,보통,매우 정확,리드하는편,1,매우 민감,매우 빡빡하게,해외,산,즉흥 여행,무조건 다 봄,코골이 함,다른 곳 간다,"유럽,세계일주,그 외","습함,추움,상관없음","미식,사람&관계,액티비티","에어비엔비,민박,3성이하 호텔",오전 8-9시,200-300만원,"이 사용자는 유럽 지역을 선호하고, 상관없음 기후를 피하고 싶어해요. 여행 목적은 액티비티이며, 민박에서 머무는 걸 좋아하고 오전 8-9시쯤 기상하는 편이에요.",
726,보통,다소 완고,매우 많다,종종 늦음,따르는 편,1,매우 민감,매우 여유있게,국내,바다,계획 여행,적당히 봄,코골이 안함,기다림,"일본,중국&몽골,국내","쌀쌀함,추움,더움","자연감상,문화&역사체험,미식","펜션,콘도,민박",오전 10시 이후,300-400만원,"이 사용자는 국내 지역을 선호하고, 쌀쌀함 기후를 피하고 싶어해요. 여행 목적은 문화&역사체험이며, 민박에서 머무는 걸 좋아하고 오전 10시 이후쯤 기상하는 편이에요.",
727,둔감,보통,적다,종종 늦음,무조건 리드,4,매우 둔감,보통,국내,바다,계획 여행,무조건 다 봄,코골이 함,기다림,"동남아,세계일주,유럽","상관없음,추움,더움","사람&관계,도전과성장,휴식","상관없음,3성이하 호텔,펜션",오전 8-9시,200-300만원,"이 사용자는 유럽 지역을 선호하고, 추움 기후를 피하고 싶어해요. 여행 목적은 사람&관계이며, 상관없음에서 머무는 걸 좋아하고 오전 8-9시쯤 기상하는 편이에요.",
728,매우 민감,보통,많다,매우 정확,리드하는편,1,매우 둔감,꽤 여유있게,해외,산,계획 여행,적당히 봄,코골이 함,기다림,"세계일주,일본,국내","더움,쌀쌀함,추움","기록,액티비티,공연&경기관람","3성이하 호텔,에어비엔비,상관없음",오전 9-10시,300-400만원,"이 사용자는 국내 지역을 선호하고, 더움 기후를 피하고 싶어해요. 여행 목적은 공연&경기관람이며, 3성이하 호텔에서 머무는 걸 좋아하고 오전 9-10시쯤 기상하는 편이에요.",
729,매우 민감,매우 수용적,적다,종종 늦음,리드하는편,3,둔감,꽤 여유있게,해외,산,계획 여행,적당히 봄,코골이 함,다른 곳 간다,"일본,세계일주,국내","습함,더움,쌀쌀함","기록,액티비티,쇼핑","4-5성급호텔,3성이하 호텔,상관없음",오전 8-9시,100만원 이하,"이 사용자는 세계일주 지역을 선호하고, 쌀쌀함 기후를 피하고 싶어해요. 여행 목적은 액티비티이며, 상관없음에서 머무는 걸 좋아하고 오전 8-9시쯤 기상하는 편이에요.",
730,꽤 민감,보통,많다,자주 늦음,따르는 편,1,둔감,보통,국내,산,즉흥 여행,적당히 봄,코골이 함,기다림,"일본,동남아,세계일주","더움,추움,상관없음","자연감상,쇼핑,공연&경기관람","에어비엔비,3성이하 호텔,콘도",오전 10시 이후,300-400만원,"이 사용자는 세계일주 지역을 선호하고, 추움 기후를 피하고 싶어해요. 여행 목적은 쇼핑이며, 에어비엔비에서 머무는 걸 좋아하고 오전 10시 이후쯤 기상하는 편이에요.",
731,매우 민감,매우 수용적,매우 많다,자주 늦음,보통,1,둔감,매우 여유있게,해외,바다,즉흥 여행,무조건 다 봄,코골이 안함,기다림,"그 외,유럽,국내","상관없음,건조함,추움","미식,사람&관계,액티비티","펜션,4-5성급호텔,게스트하우스",오전 10시 이후,300-400만원,"이 사용자는 국내 지역을 선호하고, 건조함 기후를 피하고 싶어해요. 여행 목적은 액티비티이며, 4-5성급호텔에서 머무는 걸 좋아하고 오전 10시 이후쯤 기상하는 편이에요.",
732,매우 둔감,다소 완고,적다,매우 정확,보통,5,보통,매우 여유있게,국내,산,즉흥 여행,무조건 다 봄,코골이 안함,다른 곳 간다,"일본,미국,동남아","습함,건조함,쌀쌀함","사람&관계,기록,액티비티","민박,콘도,펜션",오전 10시 이후,100만원 이하,"이 사용자는 동남아 지역을 선호하고, 건조함 기후를 피하고 싶어해요. 여행 목적은 기록이며, 펜션에서 머무는 걸 좋아하고 오전 10시 이후쯤 기상하는 편이에요.",
733,매우 민감,다소 완고,매우 많다,매우 정확,무조건 리드,5,매우 민감,꽤 빡빡하게,국내,산,계획 여행,무조건 다 봄,코골이 안함,다른 곳 간다,"미국,중국&몽골,그 외","쌀쌀함,습함,추움","기록,휴식,사람&관계","콘도,에어비엔비,3성이하 호텔",오전 8-9시,300-400만원,"이 사용자는 미국 지역을 선호하고, 습함 기후를 피하고 싶어해요. 여행 목적은 휴식이며, 에어비엔비에서 머무는 걸 좋아하고 오전 8-9시쯤 기상하는 편이에요.",
734,매우 민감,매우 수용적,보통,자주 늦음,보통,4,매우 민감,매우 빡빡하게,국내,산,즉흥 여행,적당히 봄,코골이 함,다른 곳 간다,"일본,동남아,세계일주","쌀쌀함,추움,건조함","미식,휴식,공연&경기관람","3성이하 호텔,게스트하우스,에어비엔비",오전 9-10시,200-300만원,"이 사용자는 세계일주 지역을 선호하고, 추움 기후를 피하고 싶어해요. 여행 목적은 미식이며, 에어비엔비에서 머무는 걸 좋아하고 오전 9-10시쯤 기상하는 편이에요.",
735,매우 둔감,매우 수용적,적다,종종 늦음,무조건 리드,3,꽤 민감,매우 빡빡하게,해외,바다,계획 여행,적당히 봄,코골이 안함,다른 곳 간다,"일본,동남아,유럽","더움,습함,건조함","자연감상,도전과성장,액티비티","게스트하우스,3성이하 호텔,민박",오전 8-9시,200-300만원,"이 사용자는 일본 지역을 선호하고, 더움 기후를 피하고 싶어해요. 여행 목적은 도전과성장이며, 3성이하 호텔에서 머무는 걸 좋아하고 오전 8-9시쯤 기상하는 편이에요.",
736,매우 둔감,다소 완고,매우 적다,종종 늦음,무조건 리드,5,꽤 민감,매우 여유있게,국내,바다,즉흥 여행,적당히 봄,코골이 안함,다른 곳 간다,"중국&몽골,국내,일본","건조함,추움,더움","공연&경기관람,기록,액티비티","게스트하우스,펜션,4-5성급호텔",오전 8-9시,400만원 이상,"이 사용자는 국내 지역을 선호하고, 추움 기후를 피하고 싶어해요. 여행 목적은 액티비티이며, 4-5성급호텔에서 머무는 걸 좋아하고 오전 8-9시쯤 기상하는 편이에요.",
737,둔감,다소 완고,많다,꽤 정확,리드하는편,3,꽤 민감,매우 여유있게,국내,산,계획 여행,적당히 봄,코골이 안함,다른 곳 간다,"유럽,세계일주,중국&몽골","더움,건조함,쌀쌀함","사람&관계,쇼핑,기록","에어비엔비,게스트하우스,콘도",오전 8-9시,100만원 이하,"이 사용자는 중국&몽골 지역을 선호하고, 쌀쌀함 기후를 피하고 싶어해요. 여행 목적은 사람&관계이며, 게스트하우스에서 머무는 걸 좋아하고 오전 8-9시쯤 기상하는 편이에요.",
738,둔감,매우 수용적,많다,보통,무조건 리드,1,매우 둔감,꽤 여유있게,국내,바다,계획 여행,적당히 봄,코골이 함,기다림,"일본,미국,동남아","쌀쌀함,더움,습함","기록,액티비티,쇼핑","3성이하 호텔,펜션,민박",오전 8-9시,400만원 이상,"이 사용자는 동남아 지역을 선호하고, 쌀쌀함 기후를 피하고 싶어해요. 여행 목적은 액티비티이며, 3성이하 호텔에서 머무는 걸 좋아하고 오전 8-9시쯤 기상하는 편이에요.",
739,꽤 민감,매우 완고,많다,자주 늦음,무조건 리드,3,매우 둔감,매우 빡빡하게,해외,바다,즉흥 여행,적당히 봄,코골이 함,기다림,"세계일주,유럽,동남아","습함,더움,추움","문화&역사체험,액티비티,공연&경기관람","게스트하우스,상관없음,에어비엔비",오전 8-9시,400만원 이상,"이 사용자는 세계일주 지역을 선호하고, 추움 기후를 피하고 싶어해요. 여행 목적은 액티비티이며, 상관없음에서 머무는 걸 좋아하고 오전 8-9시쯤 기상하는 편이에요.",
740,매우 민감,다소 완고,매우 적다,꽤 정확,무조건 따름,2,둔감,보통,국내,바다,계획 여행,적당히 봄,코골이 안함,다른 곳 간다,"일본,미국,국내","쌀쌀함,건조함,더움","공연&경기관람,쇼핑,자연감상","3성이하 호텔,민박,상관없음",오전 9-10시,300-400만원,"이 사용자는 국내 지역을 선호하고, 더움 기후를 피하고 싶어해요. 여행 목적은 자연감상이며, 상관없음에서 머무는 걸 좋아하고 오전 9-10시쯤 기상하는 편이에요.",
741,매우 둔감,매우 수용적,매우 적다,꽤 정확,무조건 따름,4,매우 민감,매우 빡빡하게,국내,바다,계획 여행,적당히 봄,코골이 함,기다림,"국내,동남아,미국","쌀쌀함,더움,추움","사람&관계,공연&경기관람,도전과성장","에어비엔비,펜션,민박",오전 9-10시,200-300만원,"이 사용자는 동남아 지역을 선호하고, 더움 기후를 피하고 싶어해요. 여행 목적은 사람&관계이며, 민박에서 머무는 걸 좋아하고 오전 9-10시쯤 기상하는 편이에요.",
742,꽤 민감,다소 완고,매우 많다,종종 늦음,따르는 편,2,둔감,꽤 여유있게,해외,산,계획 여행,무조건 다 봄,코골이 함,다른 곳 간다,"세계일주,미국,유럽","더움,상관없음,습함","문화&역사체험,사람&관계,공연&경기관람","에어비엔비,게스트하우스,상관없음",오전 8-9시,300-400만원,"이 사용자는 세계일주 지역을 선호하고, 더움 기후를 피하고 싶어해요. 여행 목적은 사람&관계이며, 상관없음에서 머무는 걸 좋아하고 오전 8-9시쯤 기상하는 편이에요.",
743,매우 둔감,보통,보통,종종 늦음,보통,3,매우 둔감,매우 여유있게,해외,산,계획 여행,적당히 봄,코골이 함,다른 곳 간다,"중국&몽골,국내,세계일주","쌀쌀함,추움,건조함","쇼핑,문화&역사체험,공연&경기관람","에어비엔비,게스트하우스,펜션",오전 9-10시,100만원 이하,"이 사용자는 세계일주 지역을 선호하고, 쌀쌀함 기후를 피하고 싶어해요. 여행 목적은 문화&역사체험이며, 게스트하우스에서 머무는 걸 좋아하고 오전 9-10시쯤 기상하는 편이에요.",
744,보통,수용적,매우 적다,자주 늦음,따르는 편,1,보통,꽤 여유있게,국내,바다,계획 여행,적당히 봄,코골이 함,다른 곳 간다,"국내,세계일주,미국","추움,더움,건조함","사람&관계,도전과성장,휴식","3성이하 호텔,에어비엔비,콘도",오전 8-9시,300-400만원,"이 사용자는 세계일주 지역을 선호하고, 더움 기후를 피하고 싶어해요. 여행 목적은 사람&관계이며, 에어비엔비에서 머무는 걸 좋아하고 오전 8-9시쯤 기상하는 편이에요.",
745,꽤 민감,다소 완고,매우 적다,종종 늦음,보통,4,보통,매우 빡빡하게,해외,바다,즉흥 여행,적당히 봄,코골이 함,기다림,"일본,중국&몽골,미국","습함,더움,건조함","미식,쇼핑,휴식","민박,3성이하 호텔,4-5성급호텔",오전 9-10시,200-300만원,"이 사용자는 중국&몽골 지역을 선호하고, 건조함 기후를 피하고 싶어해요. 여행 목적은 휴식이며, 4-5성급호텔에서 머무는 걸 좋아하고 오전 9-10시쯤 기상하는 편이에요.",
746,꽤 민감,매우 수용적,매우 적다,매우 정확,따르는 편,4,둔감,매우 빡빡하게,국내,바다,계획 여행,무조건 다 봄,코골이 함,기다림,"그 외,유럽,세계일주","쌀쌀함,더움,건조함","기록,사람&관계,쇼핑","펜션,민박,에어비엔비",오전 9-10시,400만원 이상,"이 사용자는 그 외 지역을 선호하고, 쌀쌀함 기후를 피하고 싶어해요. 여행 목적은 기록이며, 펜션에서 머무는 걸 좋아하고 오전 9-10시쯤 기상하는 편이에요.",
747,매우 둔감,매우 수용적,매우 적다,자주 늦음,무조건 리드,3,둔감,꽤 여유있게,해외,산,계획 여행,적당히 봄,코골이 안함,다른 곳 간다,"미국,일본,동남아","습함,더움,쌀쌀함","기록,자연감상,문화&역사체험","콘도,민박,게스트하우스",오전 9-10시,100만원 이하,"이 사용자는 일본 지역을 선호하고, 습함 기후를 피하고 싶어해요. 여행 목적은 문화&역사체험이며, 민박에서 머무는 걸 좋아하고 오전 9-10시쯤 기상하는 편이에요.",
748,둔감,수용적,보통,보통,무조건 따름,2,매우 둔감,보통,국내,바다,계획 여행,적당히 봄,코골이 함,다른 곳 간다,"중국&몽골,동남아,유럽","건조함,더움,습함","쇼핑,휴식,기록","민박,상관없음,에어비엔비",오전 9-10시,300-400만원,"이 사용자는 동남아 지역을 선호하고, 더움 기후를 피하고 싶어해요. 여행 목적은 기록이며, 민박에서 머무는 걸 좋아하고 오전 9-10시쯤 기상하는 편이에요.",
749,매우 민감,수용적,적다,보통,무조건 따름,1,둔감,꽤 빡빡하게,국내,바다,계획 여행,적당히 봄,코골이 안함,다른 곳 간다,"세계일주,미국,일본","더움,상관없음,쌀쌀함","쇼핑,액티비티,사람&관계","펜션,게스트하우스,민박",오전 8-9시,100만원 이하,"이 사용자는 미국 지역을 선호하고, 쌀쌀함 기후를 피하고 싶어해요. 여행 목적은 액티비티이며, 펜션에서 머무는 걸 좋아하고 오전 8-9시쯤 기상하는 편이에요.",
750,매우 민감,매우 수용적,매우 적다,꽤 정확,무조건 따름,2,꽤 민감,보통,국내,산,계획 여행,적당히 봄,코골이 안함,기다림,"동남아,그 외,중국&몽골","쌀쌀함,건조함,더움","액티비티,쇼핑,도전과성장","민박,펜션,게스트하우스",오전 8-9시,400만원 이상,"이 사용자는 중국&몽골 지역을 선호하고, 쌀쌀함 기후를 피하고 싶어해요. 여행 목적은 액티비티이며, 민박에서 머무는 걸 좋아하고 오전 8-9시쯤 기상하는 편이에요.",
751,보통,매우 완고,매우 많다,꽤 정확,무조건 리드,1,매우 민감,매우 여유있게,해외,바다,즉흥 여행,적당히 봄,코골이 안함,기다림,"일본,미국,유럽","상관없음,건조함,더움","도전과성장,기록,문화&역사체험","3성이하 호텔,에어비엔비,게스트하우스",오전 10시 이후,100만원 이하,"이 사용자는 미국 지역을 선호하고, 건조함 기후를 피하고 싶어해요. 여행 목적은 문화&역사체험이며, 에어비엔비에서 머무는 걸 좋아하고 오전 10시 이후쯤 기상하는 편이에요.",
752,둔감,매우 수용적,매우 많다,보통,따르는 편,5,매우 둔감,꽤 여유있게,해외,산,계획 여행,무조건 다 봄,코골이 함,다른 곳 간다,"세계일주,미국,중국&몽골","더움,상관없음,쌀쌀함","미식,문화&역사체험,쇼핑","게스트하우스,에어비엔비,민박",오전 10시 이후,300-400만원,"이 사용자는 중국&몽골 지역을 선호하고, 쌀쌀함 기후를 피하고 싶어해요. 여행 목적은 쇼핑이며, 민박에서 머무는 걸 좋아하고 오전 10시 이후쯤 기상하는 편이에요.",
753,보통,매우 완고,매우 많다,꽤 정확,무조건 리드,3,매우 둔감,꽤 여유있게,국내,산,계획 여행,무조건 다 봄,코골이 함,다른 곳 간다,"그 외,세계일주,국내","쌀쌀함,더움,상관없음","도전과성장,미식,액티비티","펜션,3성이하 호텔,4-5성급호텔",오전 9-10시,200-300만원,"이 사용자는 세계일주 지역을 선호하고, 상관없음 기후를 피하고 싶어해요. 여행 목적은 도전과성장이며, 4-5성급호텔에서 머무는 걸 좋아하고 오전 9-10시쯤 기상하는 편이에요.",
754,매우 민감,수용적,보통,매우 정확,무조건 따름,5,매우 둔감,매우 빡빡하게,해외,바다,즉흥 여행,적당히 봄,코골이 함,기다림,"일본,중국&몽골,세계일주","더움,추움,쌀쌀함","자연감상,도전과성장,쇼핑","4-5성급호텔,콘도,3성이하 호텔",오전 8-9시,400만원 이상,"이 사용자는 중국&몽골 지역을 선호하고, 쌀쌀함 기후를 피하고 싶어해요. 여행 목적은 도전과성장이며, 콘도에서 머무는 걸 좋아하고 오전 8-9시쯤 기상하는 편이에요.",
755,보통,수용적,매우 적다,보통,리드하는편,3,보통,매우 여유있게,해외,바다,즉흥 여행,무조건 다 봄,코골이 안함,기다림,"일본,그 외,미국","추움,더움,습함","쇼핑,액티비티,휴식","상관없음,펜션,4-5성급호텔",오전 9-10시,200-300만원,"이 사용자는 일본 지역을 선호하고, 추움 기후를 피하고 싶어해요. 여행 목적은 휴식이며, 상관없음에서 머무는 걸 좋아하고 오전 9-10시쯤 기상하는 편이에요.",
756,둔감,보통,매우 적다,종종 늦음,리드하는편,2,매우 민감,꽤 빡빡하게,국내,산,계획 여행,무조건 다 봄,코골이 안함,기다림,"미국,중국&몽골,유럽","더움,상관없음,건조함","미식,쇼핑,도전과성장","게스트하우스,콘도,상관없음",오전 9-10시,200-300만원,"이 사용자는 중국&몽골 지역을 선호하고, 상관없음 기후를 피하고 싶어해요. 여행 목적은 도전과성장이며, 게스트하우스에서 머무는 걸 좋아하고 오전 9-10시쯤 기상하는 편이에요.",
757,매우 둔감,보통,보통,자주 늦음,무조건 따름,2,매우 둔감,매우 여유있게,국내,산,즉흥 여행,적당히 봄,코골이 함,다른 곳 간다,"그 외,세계일주,일본","건조함,더움,쌀쌀함","액티비티,자연감상,기록","게스트하우스,민박,3성이하 호텔",오전 9-10시,200-300만원,"이 사용자는 그 외 지역을 선호하고, 쌀쌀함 기후를 피하고 싶어해요. 여행 목적은 액티비티이며, 게스트하우스에서 머무는 걸 좋아하고 오전 9-10시쯤 기상하는 편이에요.",
758,매우 민감,매우 완고,매우 많다,자주 늦음,리드하는편,2,매우 둔감,꽤 빡빡하게,국내,바다,계획 여행,무조건 다 봄,코골이 안함,다른 곳 간다,"그 외,동남아,중국&몽골","더움,쌀쌀함,추움","액티비티,도전과성장,자연감상","콘도,4-5성급호텔,3성이하 호텔",오전 10시 이후,100만원 이하,"이 사용자는 동남아 지역을 선호하고, 더움 기후를 피하고 싶어해요. 여행 목적은 도전과성장이며, 콘도에서 머무는 걸 좋아하고 오전 10시 이후쯤 기상하는 편이에요.",
759,매우 민감,보통,매우 적다,꽤 정확,보통,2,둔감,꽤 빡빡하게,국내,바다,즉흥 여행,적당히 봄,코골이 함,다른 곳 간다,"동남아,중국&몽골,세계일주","쌀쌀함,추움,상관없음","공연&경기관람,미식,쇼핑","펜션,민박,상관없음",오전 8-9시,200-300만원,"이 사용자는 중국&몽골 지역을 선호하고, 상관없음 기후를 피하고 싶어해요. 여행 목적은 공연&경기관람이며, 상관없음에서 머무는 걸 좋아하고 오전 8-9시쯤 기상하는 편이에요.",
760,꽤 민감,수용적,많다,보통,무조건 리드,5,매우 둔감,매우 여유있게,국내,바다,계획 여행,무조건 다 봄,코골이 함,다른 곳 간다,"세계일주,동남아,일본","추움,건조함,쌀쌀함","문화&역사체험,공연&경기관람,미식","민박,상관없음,3성이하 호텔",오전 9-10시,300-400만원,"이 사용자는 세계일주 지역을 선호하고, 쌀쌀함 기후를 피하고 싶어해요. 여행 목적은 문화&역사체험이며, 3성이하 호텔에서 머무는 걸 좋아하고 오전 9-10시쯤 기상하는 편이에요.",
761,둔감,다소 완고,적다,보통,리드하는편,2,보통,꽤 여유있게,해외,바다,계획 여행,적당히 봄,코골이 안함,다른 곳 간다,"중국&몽골,미국,세계일주","쌀쌀함,상관없음,건조함","공연&경기관람,쇼핑,도전과성장","3성이하 호텔,민박,게스트하우스",오전 10시 이후,100만원 이하,"이 사용자는 미국 지역을 선호하고, 쌀쌀함 기후를 피하고 싶어해요. 여행 목적은 공연&경기관람이며, 3성이하 호텔에서 머무는 걸 좋아하고 오전 10시 이후쯤 기상하는 편이에요.",
762,꽤 민감,매우 수용적,매우 많다,꽤 정확,따르는 편,2,매우 민감,꽤 빡빡하게,해외,바다,즉흥 여행,무조건 다 봄,코골이 함,다른 곳 간다,"일본,그 외,유럽","건조함,상관없음,쌀쌀함","사람&관계,도전과성장,공연&경기관람","민박,3성이하 호텔,에어비엔비",오전 8-9시,200-300만원,"이 사용자는 유럽 지역을 선호하고, 상관없음 기후를 피하고 싶어해요. 여행 목적은 사람&관계이며, 에어비엔비에서 머무는 걸 좋아하고 오전 8-9시쯤 기상하는 편이에요.",
763,매우 민감,매우 완고,매우 적다,보통,무조건 리드,2,보통,꽤 여유있게,국내,바다,계획 여행,적당히 봄,코골이 함,기다림,"국내,미국,일본","습함,건조함,쌀쌀함","사람&관계,휴식,자연감상","게스트하우스,상관없음,펜션",오전 9-10시,400만원 이상,"이 사용자는 미국 지역을 선호하고, 건조함 기후를 피하고 싶어해요. 여행 목적은 휴식이며, 상관없음에서 머무는 걸 좋아하고 오전 9-10시쯤 기상하는 편이에요.",
764,둔감,수용적,많다,자주 늦음,리드하는편,5,꽤 민감,꽤 빡빡하게,국내,바다,계획 여행,무조건 다 봄,코골이 안함,다른 곳 간다,"미국,일본,세계일주","더움,상관없음,습함","자연감상,도전과성장,사람&관계","펜션,상관없음,에어비엔비",오전 10시 이후,300-400만원,"이 사용자는 미국 지역을 선호하고, 상관없음 기후를 피하고 싶어해요. 여행 목적은 사람&관계이며, 상관없음에서 머무는 걸 좋아하고 오전 10시 이후쯤 기상하는 편이에요.",
765,둔감,매우 수용적,보통,꽤 정확,무조건 따름,4,매우 둔감,보통,해외,바다,계획 여행,무조건 다 봄,코골이 안함,다른 곳 간다,"그 외,미국,국내","추움,더움,상관없음","공연&경기관람,휴식,쇼핑","4-5성급호텔,3성이하 호텔,민박",오전 10시 이후,400만원 이상,"이 사용자는 그 외 지역을 선호하고, 더움 기후를 피하고 싶어해요. 여행 목적은 쇼핑이며, 민박에서 머무는 걸 좋아하고 오전 10시 이후쯤 기상하는 편이에요.",
766,매우 민감,매우 수용적,적다,매우 정확,무조건 리드,5,매우 둔감,꽤 빡빡하게,해외,산,계획 여행,무조건 다 봄,코골이 함,기다림,"일본,동남아,국내","건조함,추움,상관없음","쇼핑,공연&경기관람,기록","3성이하 호텔,4-5성급호텔,에어비엔비",오전 10시 이후,100만원 이하,"이 사용자는 동남아 지역을 선호하고, 건조함 기후를 피하고 싶어해요. 여행 목적은 공연&경기관람이며, 3성이하 호텔에서 머무는 걸 좋아하고 오전 10시 이후쯤 기상하는 편이에요.",
767,보통,다소 완고,적다,종종 늦음,무조건 리드,1,꽤 민감,꽤 여유있게,해외,산,계획 여행,무조건 다 봄,코골이 안함,다른 곳 간다,"동남아,미국,유럽","추움,건조함,습함","사람&관계,자연감상,공연&경기관람","펜션,게스트하우스,민박",오전 8-9시,200-300만원,"이 사용자는 유럽 지역을 선호하고, 건조함 기후를 피하고 싶어해요. 여행 목적은 사람&관계이며, 민박에서 머무는 걸 좋아하고 오전 8-9시쯤 기상하는 편이에요.",
768,매우 둔감,다소 완고,매우 많다,종종 늦음,무조건 따름,1,둔감,꽤 여유있게,해외,바다,즉흥 여행,적당히 봄,코골이 함,기다림,"중국&몽골,세계일주,일본","상관없음,건조함,추움","도전과성장,미식,사람&관계","콘도,펜션,게스트하우스",오전 8-9시,300-400만원,"이 사용자는 세계일주 지역을 선호하고, 추움 기후를 피하고 싶어해요. 여행 목적은 사람&관계이며, 펜션에서 머무는 걸 좋아하고 오전 8-9시쯤 기상하는 편이에요.",
769,둔감,매우 수용적,매우 많다,종종 늦음,보통,4,매우 민감,꽤 빡빡하게,국내,바다,계획 여행,무조건 다 봄,코골이 함,기다림,"유럽,중국&몽골,그 외","건조함,더움,추움","공연&경기관람,쇼핑,자연감상","에어비엔비,상관없음,콘도",오전 9-10시,300-400만원,"이 사용자는 그 외 지역을 선호하고, 건조함 기후를 피하고 싶어해요. 여행 목적은 공연&경기관람이며, 콘도에서 머무는 걸 좋아하고 오전 9-10시쯤 기상하는 편이에요.",
770,꽤 민감,매우 완고,적다,자주 늦음,무조건 리드,4,매우 둔감,매우 빡빡하게,해외,산,즉흥 여행,무조건 다 봄,코골이 안함,다른 곳 간다,"동남아,유럽,일본","상관없음,쌀쌀함,습함","기록,도전과성장,미식","3성이하 호텔,4-5성급호텔,펜션",오전 8-9시,100만원 이하,"이 사용자는 동남아 지역을 선호하고, 상관없음 기후를 피하고 싶어해요. 여행 목적은 미식이며, 펜션에서 머무는 걸 좋아하고 오전 8-9시쯤 기상하는 편이에요.",
771,둔감,보통,보통,매우 정확,보통,4,매우 둔감,매우 빡빡하게,국내,산,즉흥 여행,무조건 다 봄,코골이 안함,기다림,"유럽,미국,중국&몽골","건조함,쌀쌀함,상관없음","공연&경기관람,액티비티,쇼핑","콘도,민박,에어비엔비",오전 8-9시,300-400만원,"이 사용자는 미국 지역을 선호하고, 상관없음 기후를 피하고 싶어해요. 여행 목적은 액티비티이며, 에어비엔비에서 머무는 걸 좋아하고 오전 8-9시쯤 기상하는 편이에요.",
772,꽤 민감,다소 완고,매우 많다,꽤 정확,무조건 리드,2,매우 민감,보통,해외,바다,계획 여행,무조건 다 봄,코골이 안함,기다림,"그 외,세계일주,국내","상관없음,더움,습함","기록,문화&역사체험,쇼핑","민박,3성이하 호텔,4-5성급호텔",오전 8-9시,300-400만원,"이 사용자는 국내 지역을 선호하고, 상관없음 기후를 피하고 싶어해요. 여행 목적은 기록이며, 3성이하 호텔에서 머무는 걸 좋아하고 오전 8-9시쯤 기상하는 편이에요.",
773,매우 민감,다소 완고,많다,보통,무조건 리드,1,둔감,보통,해외,산,즉흥 여행,무조건 다 봄,코골이 함,기다림,"미국,동남아,중국&몽골","상관없음,추움,건조함","휴식,액티비티,사람&관계","에어비엔비,콘도,게스트하우스",오전 9-10시,400만원 이상,"이 사용자는 동남아 지역을 선호하고, 추움 기후를 피하고 싶어해요. 여행 목적은 사람&관계이며, 콘도에서 머무는 걸 좋아하고 오전 9-10시쯤 기상하는 편이에요.",
774,매우 민감,매우 완고,매우 적다,종종 늦음,보통,2,매우 민감,꽤 여유있게,국내,바다,계획 여행,무조건 다 봄,코골이 안함,기다림,"동남아,유럽,중국&몽골","습함,더움,쌀쌀함","미식,액티비티,사람&관계","4-5성급호텔,3성이하 호텔,게스트하우스",오전 10시 이후,200-300만원,"이 사용자는 중국&몽골 지역을 선호하고, 쌀쌀함 기후를 피하고 싶어해요. 여행 목적은 미식이며, 4-5성급호텔에서 머무는 걸 좋아하고 오전 10시 이후쯤 기상하는 편이에요.",
775,매우 민감,매우 완고,보통,보통,따르는 편,1,매우 둔감,매우 여유있게,국내,바다,계획 여행,적당히 봄,코골이 함,기다림,"일본,미국,유럽","상관없음,습함,추움","기록,도전과성장,사람&관계","에어비엔비,펜션,상관없음",오전 10시 이후,200-300만원,"이 사용자는 일본 지역을 선호하고, 상관없음 기후를 피하고 싶어해요. 여행 목적은 사람&관계이며, 상관없음에서 머무는 걸 좋아하고 오전 10시 이후쯤 기상하는 편이에요.",
776,보통,다소 완고,많다,종종 늦음,무조건 리드,3,매우 둔감,꽤 여유있게,해외,산,계획 여행,적당히 봄,코골이 안함,다른 곳 간다,"유럽,동남아,그 외","쌀쌀함,건조함,상관없음","도전과성장,자연감상,공연&경기관람","3성이하 호텔,에어비엔비,펜션",오전 9-10시,300-400만원,"이 사용자는 동남아 지역을 선호하고, 상관없음 기후를 피하고 싶어해요. 여행 목적은 자연감상이며, 에어비엔비에서 머무는 걸 좋아하고 오전 9-10시쯤 기상하는 편이에요.",
777,매우 둔감,보통,매우 적다,매우 정확,따르는 편,1,매우 민감,꽤 빡빡하게,국내,바다,즉흥 여행,적당히 봄,코골이 안함,기다림,"유럽,중국&몽골,세계일주","상관없음,쌀쌀함,더움","공연&경기관람,미식,사람&관계","에어비엔비,민박,게스트하우스",오전 9-10시,100만원 이하,"이 사용자는 중국&몽골 지역을 선호하고, 쌀쌀함 기후를 피하고 싶어해요. 여행 목적은 사람&관계이며, 게스트하우스에서 머무는 걸 좋아하고 오전 9-10시쯤 기상하는 편이에요.",
778,둔감,매우 완고,적다,매우 정확,리드하는편,3,둔감,보통,국내,산,계획 여행,무조건 다 봄,코골이 함,기다림,"일본,그 외,세계일주","습함,쌀쌀함,추움","문화&역사체험,휴식,액티비티","민박,게스트하우스,펜션",오전 8-9시,300-400만원,"이 사용자는 일본 지역을 선호하고, 쌀쌀함 기후를 피하고 싶어해요. 여행 목적은 문화&역사체험이며, 민박에서 머무는 걸 좋아하고 오전 8-9시쯤 기상하는 편이에요.",
779,보통,다소 완고,매우 적다,보통,무조건 따름,3,보통,꽤 여유있게,해외,바다,계획 여행,무조건 다 봄,코골이 함,다른 곳 간다,"유럽,세계일주,중국&몽골","상관없음,더움,건조함","도전과성장,공연&경기관람,쇼핑","게스트하우스,3성이하 호텔,4-5성급호텔",오전 10시 이후,300-400만원,"이 사용자는 중국&몽골 지역을 선호하고, 건조함 기후를 피하고 싶어해요. 여행 목적은 도전과성장이며, 3성이하 호텔에서 머무는 걸 좋아하고 오전 10시 이후쯤 기상하는 편이에요.",
780,매우 민감,다소 완고,적다,보통,무조건 따름,3,둔감,매우 여유있게,해외,산,즉흥 여행,적당히 봄,코골이 안함,기다림,"동남아,그 외,일본","상관없음,습함,건조함","사람&관계,쇼핑,액티비티","펜션,상관없음,콘도",오전 10시 이후,200-300만원,"이 사용자는 일본 지역을 선호하고, 습함 기후를 피하고 싶어해요. 여행 목적은 쇼핑이며, 펜션에서 머무는 걸 좋아하고 오전 10시 이후쯤 기상하는 편이에요.",
781,보통,수용적,보통,자주 늦음,보통,3,매우 민감,매우 빡빡하게,해외,바다,즉흥 여행,무조건 다 봄,코골이 안함,기다림,"유럽,세계일주,그 외","쌀쌀함,더움,습함","사람&관계,문화&역사체험,휴식","펜션,게스트하우스,4-5성급호텔",오전 9-10시,300-400만원,"이 사용자는 유럽 지역을 선호하고, 더움 기후를 피하고 싶어해요. 여행 목적은 사람&관계이며, 펜션에서 머무는 걸 좋아하고 오전 9-10시쯤 기상하는 편이에요.",
782,보통,매우 수용적,많다,자주 늦음,리드하는편,3,꽤 민감,매우 빡빡하게,국내,바다,즉흥 여행,적당히 봄,코골이 안함,다른 곳 간다,"국내,미국,유럽","습함,상관없음,건조함","액티비티,자연감상,도전과성장","민박,상관없음,콘도",오전 10시 이후,300-400만원,"이 사용자는 유럽 지역을 선호하고, 습함 기후를 피하고 싶어해요. 여행 목적은 액티비티이며, 상관없음에서 머무는 걸 좋아하고 오전 10시 이후쯤 기상하는 편이에요.",
783,보통,매우 완고,매우 많다,보통,따르는 편,2,둔감,보통,국내,산,즉흥 여행,무조건 다 봄,코골이 안함,다른 곳 간다,"중국&몽골,일본,동남아","더움,쌀쌀함,상관없음","기록,공연&경기관람,도전과성장","민박,에어비엔비,콘도",오전 10시 이후,400만원 이상,"이 사용자는 동남아 지역을 선호하고, 쌀쌀함 기후를 피하고 싶어해요. 여행 목적은 기록이며, 콘도에서 머무는 걸 좋아하고 오전 10시 이후쯤 기상하는 편이에요.",
784,꽤 민감,매우 완고,보통,종종 늦음,보통,2,꽤 민감,보통,해외,산,즉흥 여행,무조건 다 봄,코골이 함,기다림,"유럽,중국&몽골,미국","추움,상관없음,습함","쇼핑,휴식,미식","펜션,민박,콘도",오전 9-10시,400만원 이상,"이 사용자는 중국&몽골 지역을 선호하고, 습함 기후를 피하고 싶어해요. 여행 목적은 미식이며, 펜션에서 머무는 걸 좋아하고 오전 9-10시쯤 기상하는 편이에요.",
785,둔감,매우 완고,적다,보통,무조건 리드,5,꽤 민감,꽤 빡빡하게,국내,산,즉흥 여행,적당히 봄,코골이 함,다른 곳 간다,"동남아,국내,그 외","건조함,상관없음,쌀쌀함","문화&역사체험,액티비티,휴식","4-5성급호텔,3성이하 호텔,상관없음",오전 10시 이후,100만원 이하,"이 사용자는 그 외 지역을 선호하고, 쌀쌀함 기후를 피하고 싶어해요. 여행 목적은 휴식이며, 4-5성급호텔에서 머무는 걸 좋아하고 오전 10시 이후쯤 기상하는 편이에요.",
786,보통,매우 완고,보통,꽤 정확,무조건 리드,3,꽤 민감,매우 빡빡하게,해외,바다,계획 여행,무조건 다 봄,코골이 안함,기다림,"동남아,국내,유럽","습함,건조함,상관없음","기록,미식,사람&관계","민박,게스트하우스,3성이하 호텔",오전 10시 이후,300-400만원,"이 사용자는 유럽 지역을 선호하고, 건조함 기후를 피하고 싶어해요. 여행 목적은 기록이며, 게스트하우스에서 머무는 걸 좋아하고 오전 10시 이후쯤 기상하는 편이에요.",
787,매우 둔감,보통,매우 적다,종종 늦음,무조건 따름,4,매우 민감,꽤 빡빡하게,해외,산,즉흥 여행,적당히 봄,코골이 함,기다림,"동남아,세계일주,그 외","추움,건조함,상관없음","문화&역사체험,휴식,기록","콘도,민박,게스트하우스",오전 10시 이후,200-300만원,"이 사용자는 동남아 지역을 선호하고, 추움 기후를 피하고 싶어해요. 여행 목적은 기록이며, 민박에서 머무는 걸 좋아하고 오전 10시 이후쯤 기상하는 편이에요.",
788,매우 둔감,보통,많다,매우 정확,리드하는편,2,매우 둔감,꽤 여유있게,국내,바다,즉흥 여행,무조건 다 봄,코골이 안함,다른 곳 간다,"세계일주,국내,동남아","더움,습함,건조함","기록,사람&관계,자연감상","게스트하우스,콘도,민박",오전 8-9시,200-300만원,"이 사용자는 동남아 지역을 선호하고, 건조함 기후를 피하고 싶어해요. 여행 목적은 자연감상이며, 민박에서 머무는 걸 좋아하고 오전 8-9시쯤 기상하는 편이에요.",
789,둔감,매우 수용적,매우 많다,보통,무조건 따름,5,꽤 민감,매우 빡빡하게,국내,바다,즉흥 여행,무조건 다 봄,코골이 함,다른 곳 간다,"중국&몽골,동남아,미국","더움,상관없음,추움","공연&경기관람,쇼핑,도전과성장","3성이하 호텔,에어비엔비,펜션",오전 9-10시,100만원 이하,"이 사용자는 동남아 지역을 선호하고, 추움 기후를 피하고 싶어해요. 여행 목적은 공연&경기관람이며, 에어비엔비에서 머무는 걸 좋아하고 오전 9-10시쯤 기상하는 편이에요.",
790,매우 민감,수용적,적다,종종 늦음,무조건 리드,1,매우 민감,보통,국내,산,계획 여행,적당히 봄,코골이 안함,다른 곳 간다,"일본,유럽,세계일주","건조함,추움,습함","공연&경기관람,사람&관계,문화&역사체험","펜션,3성이하 호텔,에어비엔비",오전 10시 이후,200-300만원,"이 사용자는 유럽 지역을 선호하고, 습함 기후를 피하고 싶어해요. 여행 목적은 사람&관계이며, 에어비엔비에서 머무는 걸 좋아하고 오전 10시 이후쯤 기상하는 편이에요.",
791,꽤 민감,매우 완고,적다,꽤 정확,무조건 리드,1,둔감,보통,국내,바다,즉흥 여행,무조건 다 봄,코골이 안함,기다림,"국내,중국&몽골,미국","쌀쌀함,더움,건조함","액티비티,휴식,도전과성장","에어비엔비,게스트하우스,펜션",오전 10시 이후,100만원 이하,"이 사용자는 중국&몽골 지역을 선호하고, 건조함 기후를 피하고 싶어해요. 여행 목적은 휴식이며, 펜션에서 머무는 걸 좋아하고 오전 10시 이후쯤 기상하는 편이에요.",
792,보통,매우 수용적,매우 많다,꽤 정확,무조건 리드,2,매우 민감,매우 빡빡하게,해외,산,즉흥 여행,적당히 봄,코골이 안함,기다림,"유럽,미국,국내","습함,추움,상관없음","쇼핑,미식,기록","콘도,민박,3성이하 호텔",오전 9-10시,400만원 이상,"이 사용자는 국내 지역을 선호하고, 습함 기후를 피하고 싶어해요. 여행 목적은 쇼핑이며, 3성이하 호텔에서 머무는 걸 좋아하고 오전 9-10시쯤 기상하는 편이에요.",
793,둔감,매우 수용적,매우 많다,보통,무조건 리드,2,매우 둔감,꽤 빡빡하게,해외,바다,계획 여행,적당히 봄,코골이 함,기다림,"국내,중국&몽골,그 외","상관없음,추움,쌀쌀함","액티비티,문화&역사체험,미식","게스트하우스,3성이하 호텔,콘도",오전 10시 이후,300-400만원,"이 사용자는 국내 지역을 선호하고, 추움 기후를 피하고 싶어해요. 여행 목적은 액티비티이며, 게스트하우스에서 머무는 걸 좋아하고 오전 10시 이후쯤 기상하는 편이에요.",
794,둔감,매우 수용적,많다,보통,무조건 따름,5,보통,꽤 여유있게,국내,산,즉흥 여행,무조건 다 봄,코골이 함,기다림,"유럽,국내,세계일주","쌀쌀함,추움,상관없음","공연&경기관람,사람&관계,액티비티","에어비엔비,4-5성급호텔,민박",오전 8-9시,300-400만원,"이 사용자는 국내 지역을 선호하고, 쌀쌀함 기후를 피하고 싶어해요. 여행 목적은 사람&관계이며, 에어비엔비에서 머무는 걸 좋아하고 오전 8-9시쯤 기상하는 편이에요.",
795,둔감,보통,매우 적다,자주 늦음,무조건 따름,2,둔감,매우 여유있게,국내,바다,계획 여행,적당히 봄,코골이 함,기다림,"미국,유럽,중국&몽골","상관없음,건조함,쌀쌀함","휴식,사람&관계,미식","콘도,에어비엔비,상관없음",오전 10시 이후,400만원 이상,"이 사용자는 유럽 지역을 선호하고, 건조함 기후를 피하고 싶어해요. 여행 목적은 사람&관계이며, 콘도에서 머무는 걸 좋아하고 오전 10시 이후쯤 기상하는 편이에요.",
796,보통,매우 완고,많다,꽤 정확,보통,3,둔감,꽤 빡빡하게,국내,산,계획 여행,무조건 다 봄,코골이 안함,기다림,"세계일주,중국&몽골,유럽","습함,상관없음,건조함","사람&관계,액티비티,자연감상","4-5성급호텔,민박,에어비엔비",오전 10시 이후,300-400만원,"이 사용자는 세계일주 지역을 선호하고, 건조함 기후를 피하고 싶어해요. 여행 목적은 액티비티이며, 에어비엔비에서 머무는 걸 좋아하고 오전 10시 이후쯤 기상하는 편이에요.",
797,보통,수용적,보통,종종 늦음,따르는 편,2,보통,꽤 빡빡하게,국내,바다,즉흥 여행,무조건 다 봄,코골이 함,다른 곳 간다,"국내,미국,중국&몽골","더움,추움,상관없음","공연&경기관람,휴식,도전과성장","민박,3성이하 호텔,게스트하우스",오전 9-10시,100만원 이하,"이 사용자는 미국 지역을 선호하고, 상관없음 기후를 피하고 싶어해요. 여행 목적은 휴식이며, 게스트하우스에서 머무는 걸 좋아하고 오전 9-10시쯤 기상하는 편이에요.",
798,둔감,매우 완고,많다,자주 늦음,리드하는편,5,꽤 민감,매우 여유있게,해외,바다,즉흥 여행,적당히 봄,코골이 안함,다른 곳 간다,"그 외,중국&몽골,일본","상관없음,습함,더움","자연감상,휴식,쇼핑","민박,펜션,콘도",오전 10시 이후,300-400만원,"이 사용자는 일본 지역을 선호하고, 상관없음 기후를 피하고 싶어해요. 여행 목적은 휴식이며, 콘도에서 머무는 걸 좋아하고 오전 10시 이후쯤 기상하는 편이에요.",
799,매우 민감,매우 완고,적다,꽤 정확,따르는 편,4,꽤 민감,꽤 빡빡하게,국내,산,즉흥 여행,무조건 다 봄,코골이 함,다른 곳 간다,"그 외,미국,유럽","추움,건조함,상관없음","사람&관계,도전과성장,공연&경기관람","3성이하 호텔,펜션,게스트하우스",오전 9-10시,400만원 이상,"이 사용자는 그 외 지역을 선호하고, 건조함 기후를 피하고 싶어해요. 여행 목적은 도전과성장이며, 펜션에서 머무는 걸 좋아하고 오전 9-10시쯤 기상하는 편이에요.",
800,매우 민감,매우 수용적,매우 많다,매우 정확,보통,3,꽤 민감,보통,국내,바다,즉흥 여행,무조건 다 봄,코골이 함,기다림,"동남아,국내,일본","건조함,상관없음,습함","사람&관계,휴식,쇼핑","4-5성급호텔,게스트하우스,상관없음",오전 10시 이후,200-300만원,"이 사용자는 동남아 지역을 선호하고, 상관없음 기후를 피하고 싶어해요. 여행 목적은 휴식이며, 상관없음에서 머무는 걸 좋아하고 오전 10시 이후쯤 기상하는 편이에요.",
801,매우 둔감,매우 수용적,매우 많다,매우 정확,리드하는편,5,매우 민감,매우 여유있게,국내,산,계획 여행,무조건 다 봄,코골이 함,기다림,"일본,세계일주,그 외","상관없음,건조함,더움","액티비티,휴식,기록","게스트하우스,3성이하 호텔,콘도",오전 10시 이후,400만원 이상,"이 사용자는 세계일주 지역을 선호하고, 더움 기후를 피하고 싶어해요. 여행 목적은 액티비티이며, 게스트하우스에서 머무는 걸 좋아하고 오전 10시 이후쯤 기상하는 편이에요.",
802,둔감,보통,매우 많다,보통,따르는 편,1,둔감,꽤 여유있게,국내,산,즉흥 여행,적당히 봄,코골이 함,다른 곳 간다,"동남아,중국&몽골,일본","쌀쌀함,더움,건조함","쇼핑,공연&경기관람,휴식","상관없음,3성이하 호텔,민박",오전 9-10시,300-400만원,"이 사용자는 동남아 지역을 선호하고, 쌀쌀함 기후를 피하고 싶어해요. 여행 목적은 휴식이며, 민박에서 머무는 걸 좋아하고 오전 9-10시쯤 기상하는 편이에요.",
803,보통,보통,매우 적다,자주 늦음,리드하는편,5,보통,매우 빡빡하게,해외,산,계획 여행,적당히 봄,코골이 안함,다른 곳 간다,"그 외,유럽,미국","습함,쌀쌀함,추움","액티비티,쇼핑,기록","민박,펜션,4-5성급호텔",오전 9-10시,300-400만원,"이 사용자는 유럽 지역을 선호하고, 습함 기후를 피하고 싶어해요. 여행 목적은 쇼핑이며, 4-5성급호텔에서 머무는 걸 좋아하고 오전 9-10시쯤 기상하는 편이에요.",
804,매우 민감,매우 수용적,매우 적다,보통,리드하는편,2,둔감,꽤 여유있게,해외,산,즉흥 여행,적당히 봄,코골이 함,다른 곳 간다,"세계일주,유럽,미국","상관없음,추움,쌀쌀함","도전과성장,사람&관계,자연감상","민박,펜션,상관없음",오전 9-10시,200-300만원,"이 사용자는 유럽 지역을 선호하고, 추움 기후를 피하고 싶어해요. 여행 목적은 사람&관계이며, 민박에서 머무는 걸 좋아하고 오전 9-10시쯤 기상하는 편이에요.",
805,매우 둔감,다소 완고,보통,꽤 정확,리드하는편,3,둔감,꽤 여유있게,해외,바다,즉흥 여행,적당히 봄,코골이 함,다른 곳 간다,"동남아,세계일주,국내","상관없음,습함,쌀쌀함","사람&관계,기록,쇼핑","에어비엔비,게스트하우스,상관없음",오전 10시 이후,200-300만원,"이 사용자는 국내 지역을 선호하고, 습함 기후를 피하고 싶어해요. 여행 목적은 쇼핑이며, 에어비엔비에서 머무는 걸 좋아하고 오전 10시 이후쯤 기상하는 편이에요.",
806,둔감,매우 수용적,많다,종종 늦음,무조건 따름,5,꽤 민감,꽤 여유있게,국내,바다,즉흥 여행,무조건 다 봄,코골이 함,다른 곳 간다,"동남아,그 외,중국&몽골","상관없음,추움,더움","자연감상,쇼핑,사람&관계","상관없음,3성이하 호텔,게스트하우스",오전 10시 이후,300-400만원,"이 사용자는 중국&몽골 지역을 선호하고, 더움 기후를 피하고 싶어해요. 여행 목적은 사람&관계이며, 게스트하우스에서 머무는 걸 좋아하고 오전 10시 이후쯤 기상하는 편이에요.",
807,둔감,매우 완고,적다,종종 늦음,보통,4,꽤 민감,매우 여유있게,국내,산,계획 여행,무조건 다 봄,코골이 안함,기다림,"세계일주,중국&몽골,동남아","더움,추움,습함","사람&관계,휴식,도전과성장","3성이하 호텔,콘도,펜션",오전 9-10시,200-300만원,"이 사용자는 세계일주 지역을 선호하고, 더움 기후를 피하고 싶어해요. 여행 목적은 도전과성장이며, 콘도에서 머무는 걸 좋아하고 오전 9-10시쯤 기상하는 편이에요.",
808,꽤 민감,다소 완고,보통,매우 정확,무조건 따름,1,보통,매우 빡빡하게,해외,바다,계획 여행,무조건 다 봄,코골이 안함,기다림,"일본,미국,중국&몽골","쌀쌀함,추움,상관없음","문화&역사체험,액티비티,자연감상","게스트하우스,에어비엔비,민박",오전 8-9시,200-300만원,"이 사용자는 일본 지역을 선호하고, 쌀쌀함 기후를 피하고 싶어해요. 여행 목적은 액티비티이며, 민박에서 머무는 걸 좋아하고 오전 8-9시쯤 기상하는 편이에요.",
809,둔감,보통,매우 적다,매우 정확,무조건 따름,5,보통,매우 여유있게,해외,산,즉흥 여행,무조건 다 봄,코골이 안함,기다림,"미국,세계일주,동남아","상관없음,더움,건조함","문화&역사체험,사람&관계,쇼핑","3성이하 호텔,콘도,펜션",오전 10시 이후,400만원 이상,"이 사용자는 미국 지역을 선호하고, 상관없음 기후를 피하고 싶어해요. 여행 목적은 문화&역사체험이며, 펜션에서 머무는 걸 좋아하고 오전 10시 이후쯤 기상하는 편이에요.",
810,매우 민감,매우 완고,매우 많다,꽤 정확,리드하는편,4,매우 민감,매우 여유있게,해외,산,계획 여행,적당히 봄,코골이 안함,기다림,"유럽,동남아,미국","건조함,습함,상관없음","도전과성장,액티비티,휴식","3성이하 호텔,게스트하우스,펜션",오전 10시 이후,300-400만원,"이 사용자는 동남아 지역을 선호하고, 상관없음 기후를 피하고 싶어해요. 여행 목적은 액티비티이며, 게스트하우스에서 머무는 걸 좋아하고 오전 10시 이후쯤 기상하는 편이에요.",
811,보통,매우 완고,적다,자주 늦음,보통,1,꽤 민감,꽤 빡빡하게,해외,산,계획 여행,적당히 봄,코골이 함,다른 곳 간다,"중국&몽골,동남아,유럽","건조함,습함,상관없음","자연감상,도전과성장,문화&역사체험","상관없음,펜션,에어비엔비",오전 9-10시,400만원 이상,"이 사용자는 중국&몽골 지역을 선호하고, 상관없음 기후를 피하고 싶어해요. 여행 목적은 문화&역사체험이며, 펜션에서 머무는 걸 좋아하고 오전 9-10시쯤 기상하는 편이에요.",
812,매우 민감,매우 완고,많다,자주 늦음,리드하는편,4,매우 둔감,꽤 빡빡하게,국내,바다,즉흥 여행,무조건 다 봄,코골이 안함,기다림,"동남아,일본,국내","건조함,더움,상관없음","문화&역사체험,도전과성장,공연&경기관람","민박,게스트하우스,펜션",오전 10시 이후,400만원 이상,"이 사용자는 동남아 지역을 선호하고, 상관없음 기후를 피하고 싶어해요. 여행 목적은 공연&경기관람이며, 민박에서 머무는 걸 좋아하고 오전 10시 이후쯤 기상하는 편이에요.",
813,매우 둔감,보통,적다,보통,무조건 따름,1,꽤 민감,보통,국내,산,계획 여행,적당히 봄,코골이 함,다른 곳 간다,"국내,중국&몽골,미국","더움,쌀쌀함,상관없음","기록,도전과성장,쇼핑","펜션,민박,4-5성급호텔",오전 8-9시,300-400만원,"이 사용자는 국내 지역을 선호하고, 더움 기후를 피하고 싶어해요. 여행 목적은 도전과성장이며, 민박에서 머무는 걸 좋아하고 오전 8-9시쯤 기상하는 편이에요.",
814,둔감,매우 수용적,많다,꽤 정확,리드하는편,1,매우 둔감,매우 빡빡하게,국내,바다,즉흥 여행,무조건 다 봄,코골이 함,다른 곳 간다,"국내,동남아,유럽","추움,습함,상관없음","미식,액티비티,자연감상","콘도,게스트하우스,에어비엔비",오전 10시 이후,300-400만원,"이 사용자는 유럽 지역을 선호하고, 상관없음 기후를 피하고 싶어해요. 여행 목적은 액티비티이며, 콘도에서 머무는 걸 좋아하고 오전 10시 이후쯤 기상하는 편이에요.",
815,꽤 민감,매우 수용적,매우 많다,자주 늦음,무조건 따름,4,보통,보통,해외,산,계획 여행,적당히 봄,코골이 함,기다림,"국내,유럽,중국&몽골","쌀쌀함,추움,습함","미식,기록,휴식","민박,콘도,상관없음",오전 8-9시,300-400만원,"이 사용자는 중국&몽골 지역을 선호하고, 쌀쌀함 기후를 피하고 싶어해요. 여행 목적은 휴식이며, 콘도에서 머무는 걸 좋아하고 오전 8-9시쯤 기상하는 편이에요.",
816,매우 둔감,매우 수용적,매우 많다,보통,무조건 리드,2,둔감,꽤 빡빡하게,국내,산,즉흥 여행,적당히 봄,코골이 함,기다림,"일본,그 외,국내","건조함,추움,상관없음","자연감상,공연&경기관람,쇼핑","에어비엔비,민박,콘도",오전 10시 이후,200-300만원,"이 사용자는 국내 지역을 선호하고, 추움 기후를 피하고 싶어해요. 여행 목적은 공연&경기관람이며, 콘도에서 머무는 걸 좋아하고 오전 10시 이후쯤 기상하는 편이에요.",
817,꽤 민감,다소 완고,적다,꽤 정확,무조건 리드,4,꽤 민감,매우 빡빡하게,해외,산,계획 여행,적당히 봄,코골이 안함,다른 곳 간다,"그 외,세계일주,일본","쌀쌀함,추움,더움","공연&경기관람,기록,미식","민박,펜션,4-5성급호텔",오전 10시 이후,200-300만원,"이 사용자는 일본 지역을 선호하고, 추움 기후를 피하고 싶어해요. 여행 목적은 미식이며, 민박에서 머무는 걸 좋아하고 오전 10시 이후쯤 기상하는 편이에요.",
818,보통,매우 완고,매우 적다,자주 늦음,무조건 리드,5,매우 둔감,매우 빡빡하게,국내,바다,즉흥 여행,무조건 다 봄,코골이 함,다른 곳 간다,"중국&몽골,국내,유럽","더움,쌀쌀함,습함","사람&관계,공연&경기관람,도전과성장","게스트하우스,에어비엔비,펜션",오전 8-9시,100만원 이하,"이 사용자는 유럽 지역을 선호하고, 쌀쌀함 기후를 피하고 싶어해요. 여행 목적은 공연&경기관람이며, 펜션에서 머무는 걸 좋아하고 오전 8-9시쯤 기상하는 편이에요.",
819,꽤 민감,수용적,많다,매우 정확,리드하는편,5,둔감,꽤 여유있게,해외,산,즉흥 여행,적당히 봄,코골이 안함,다른 곳 간다,"그 외,일본,중국&몽골","습함,건조함,쌀쌀함","미식,액티비티,기록","펜션,에어비엔비,4-5성급호텔",오전 10시 이후,100만원 이하,"이 사용자는 그 외 지역을 선호하고, 건조함 기후를 피하고 싶어해요. 여행 목적은 기록이며, 에어비엔비에서 머무는 걸 좋아하고 오전 10시 이후쯤 기상하는 편이에요.",
820,보통,다소 완고,보통,종종 늦음,따르는 편,5,둔감,꽤 빡빡하게,해외,산,계획 여행,적당히 봄,코골이 안함,다른 곳 간다,"미국,세계일주,일본","추움,건조함,쌀쌀함","쇼핑,사람&관계,액티비티","상관없음,에어비엔비,3성이하 호텔",오전 8-9시,300-400만원,"이 사용자는 세계일주 지역을 선호하고, 추움 기후를 피하고 싶어해요. 여행 목적은 사람&관계이며, 3성이하 호텔에서 머무는 걸 좋아하고 오전 8-9시쯤 기상하는 편이에요.",
821,매우 민감,수용적,보통,종종 늦음,따르는 편,3,매우 민감,꽤 여유있게,해외,산,계획 여행,무조건 다 봄,코골이 함,기다림,"미국,일본,동남아","습함,상관없음,추움","도전과성장,액티비티,문화&역사체험","콘도,펜션,민박",오전 8-9시,100만원 이하,"이 사용자는 동남아 지역을 선호하고, 상관없음 기후를 피하고 싶어해요. 여행 목적은 액티비티이며, 민박에서 머무는 걸 좋아하고 오전 8-9시쯤 기상하는 편이에요.",
822,매우 둔감,보통,적다,종종 늦음,무조건 따름,2,꽤 민감,꽤 빡빡하게,국내,산,계획 여행,적당히 봄,코골이 안함,다른 곳 간다,"일본,중국&몽골,국내","추움,습함,상관없음","미식,자연감상,사람&관계","상관없음,콘도,펜션",오전 10시 이후,400만원 이상,"이 사용자는 일본 지역을 선호하고, 습함 기후를 피하고 싶어해요. 여행 목적은 미식이며, 펜션에서 머무는 걸 좋아하고 오전 10시 이후쯤 기상하는 편이에요.",
823,꽤 민감,매우 완고,적다,종종 늦음,무조건 리드,2,보통,보통,해외,산,계획 여행,적당히 봄,코골이 안함,다른 곳 간다,"유럽,국내,중국&몽골","추움,더움,습함","문화&역사체험,사람&관계,휴식","4-5성급호텔,민박,펜션",오전 8-9시,200-300만원,"이 사용자는 유럽 지역을 선호하고, 습함 기후를 피하고 싶어해요. 여행 목적은 사람&관계이며, 민박에서 머무는 걸 좋아하고 오전 8-9시쯤 기상하는 편이에요.",
824,보통,다소 완고,많다,보통,보통,4,매우 둔감,매우 여유있게,해외,바다,즉흥 여행,무조건 다 봄,코골이 함,기다림,"중국&몽골,국내,유럽","더움,쌀쌀함,상관없음","휴식,액티비티,기록","펜션,콘도,게스트하우스",오전 8-9시,100만원 이하,"이 사용자는 중국&몽골 지역을 선호하고, 상관없음 기후를 피하고 싶어해요. 여행 목적은 휴식이며, 펜션에서 머무는 걸 좋아하고 오전 8-9시쯤 기상하는 편이에요.",
825,둔감,수용적,적다,자주 늦음,무조건 따름,3,매우 민감,꽤 여유있게,해외,바다,계획 여행,적당히 봄,코골이 함,기다림,"중국&몽골,국내,동남아","상관없음,습함,더움","기록,휴식,문화&역사체험","3성이하 호텔,민박,펜션",오전 10시 이후,400만원 이상,"이 사용자는 동남아 지역을 선호하고, 상관없음 기후를 피하고 싶어해요. 여행 목적은 휴식이며, 3성이하 호텔에서 머무는 걸 좋아하고 오전 10시 이후쯤 기상하는 편이에요.",
826,꽤 민감,다소 완고,보통,종종 늦음,무조건 따름,2,보통,매우 여유있게,국내,바다,계획 여행,무조건 다 봄,코골이 안함,다른 곳 간다,"유럽,중국&몽골,미국","쌀쌀함,상관없음,추움","휴식,공연&경기관람,자연감상","에어비엔비,민박,콘도",오전 8-9시,200-300만원,"이 사용자는 중국&몽골 지역을 선호하고, 상관없음 기후를 피하고 싶어해요. 여행 목적은 자연감상이며, 콘도에서 머무는 걸 좋아하고 오전 8-9시쯤 기상하는 편이에요.",
827,매우 둔감,보통,적다,꽤 정확,무조건 따름,1,꽤 민감,매우 여유있게,해외,산,계획 여행,적당히 봄,코골이 함,다른 곳 간다,"세계일주,국내,동남아","상관없음,쌀쌀함,추움","액티비티,기록,도전과성장","게스트하우스,4-5성급호텔,민박",오전 10시 이후,400만원 이상,"이 사용자는 국내 지역을 선호하고, 추움 기후를 피하고 싶어해요. 여행 목적은 기록이며, 게스트하우스에서 머무는 걸 좋아하고 오전 10시 이후쯤 기상하는 편이에요.",
828,보통,매우 완고,적다,자주 늦음,무조건 따름,2,둔감,매우 빡빡하게,국내,산,계획 여행,적당히 봄,코골이 안함,기다림,"유럽,국내,동남아","습함,쌀쌀함,건조함","액티비티,문화&역사체험,기록","에어비엔비,게스트하우스,3성이하 호텔",오전 8-9시,300-400만원,"이 사용자는 유럽 지역을 선호하고, 쌀쌀함 기후를 피하고 싶어해요. 여행 목적은 액티비티이며, 에어비엔비에서 머무는 걸 좋아하고 오전 8-9시쯤 기상하는 편이에요.",
829,둔감,매우 완고,많다,매우 정확,무조건 리드,5,둔감,꽤 여유있게,해외,산,계획 여행,무조건 다 봄,코골이 안함,다른 곳 간다,"국내,세계일주,중국&몽골","더움,습함,건조함","도전과성장,액티비티,기록","콘도,게스트하우스,상관없음",오전 8-9시,400만원 이상,"이 사용자는 중국&몽골 지역을 선호하고, 건조함 기후를 피하고 싶어해요. 여행 목적은 액티비티이며, 게스트하우스에서 머무는 걸 좋아하고 오전 8-9시쯤 기상하는 편이에요.",
830,매우 민감,수용적,많다,매우 정확,보통,1,둔감,매우 여유있게,국내,산,계획 여행,적당히 봄,코골이 함,기다림,"유럽,일본,동남아","더움,쌀쌀함,상관없음","기록,쇼핑,도전과성장","상관없음,콘도,민박",오전 10시 이후,100만원 이하,"이 사용자는 유럽 지역을 선호하고, 더움 기후를 피하고 싶어해요. 여행 목적은 쇼핑이며, 콘도에서 머무는 걸 좋아하고 오전 10시 이후쯤 기상하는 편이에요.",
831,꽤 민감,보통,많다,보통,무조건 따름,4,둔감,꽤 여유있게,국내,바다,계획 여행,무조건 다 봄,코골이 함,다른 곳 간다,"중국&몽골,유럽,동남아","상관없음,습함,추움","자연감상,휴식,기록","게스트하우스,에어비엔비,민박",오전 8-9시,100만원 이하,"이 사용자는 유럽 지역을 선호하고, 습함 기후를 피하고 싶어해요. 여행 목적은 자연감상이며, 에어비엔비에서 머무는 걸 좋아하고 오전 8-9시쯤 기상하는 편이에요.",
832,둔감,매우 완고,매우 많다,꽤 정확,무조건 리드,3,둔감,매우 여유있게,국내,산,계획 여행,무조건 다 봄,코골이 함,기다림,"중국&몽골,미국,그 외","추움,건조함,더움","문화&역사체험,액티비티,도전과성장","3성이하 호텔,콘도,4-5성급호텔",오전 10시 이후,100만원 이하,"이 사용자는 그 외 지역을 선호하고, 더움 기후를 피하고 싶어해요. 여행 목적은 문화&역사체험이며, 3성이하 호텔에서 머무는 걸 좋아하고 오전 10시 이후쯤 기상하는 편이에요.",
833,매우 둔감,다소 완고,많다,매우 정확,보통,5,보통,매우 빡빡하게,국내,바다,즉흥 여행,무조건 다 봄,코골이 안함,기다림,"미국,유럽,세계일주","상관없음,더움,건조함","액티비티,사람&관계,미식","펜션,3성이하 호텔,상관없음",오전 8-9시,200-300만원,"이 사용자는 미국 지역을 선호하고, 더움 기후를 피하고 싶어해요. 여행 목적은 사람&관계이며, 펜션에서 머무는 걸 좋아하고 오전 8-9시쯤 기상하는 편이에요.",
834,매우 둔감,매우 완고,보통,꽤 정확,무조건 리드,5,둔감,보통,국내,산,즉흥 여행,적당히 봄,코골이 함,기다림,"국내,중국&몽골,세계일주","더움,습함,건조함","공연&경기관람,휴식,사람&관계","4-5성급호텔,펜션,게스트하우스",오전 10시 이후,400만원 이상,"이 사용자는 세계일주 지역을 선호하고, 더움 기후를 피하고 싶어해요. 여행 목적은 휴식이며, 펜션에서 머무는 걸 좋아하고 오전 10시 이후쯤 기상하는 편이에요.",
835,꽤 민감,수용적,매우 많다,종종 늦음,무조건 리드,4,매우 민감,매우 여유있게,국내,산,계획 여행,적당히 봄,코골이 함,기다림,"유럽,그 외,동남아","습함,쌀쌀함,건조함","미식,도전과성장,문화&역사체험","에어비엔비,민박,상관없음",오전 9-10시,300-400만원,"이 사용자는 그 외 지역을 선호하고, 습함 기후를 피하고 싶어해요. 여행 목적은 미식이며, 민박에서 머무는 걸 좋아하고 오전 9-10시쯤 기상하는 편이에요.",
836,매우 민감,수용적,매우 적다,보통,따르는 편,4,매우 민감,꽤 여유있게,해외,산,계획 여행,적당히 봄,코골이 함,기다림,"중국&몽골,세계일주,유럽","건조함,상관없음,더움","기록,도전과성장,자연감상","콘도,민박,3성이하 호텔",오전 8-9시,300-400만원,"이 사용자는 세계일주 지역을 선호하고, 상관없음 기후를 피하고 싶어해요. 여행 목적은 도전과성장이며, 민박에서 머무는 걸 좋아하고 오전 8-9시쯤 기상하는 편이에요.",
837,보통,보통,많다,종종 늦음,무조건 따름,1,매우 둔감,매우 빡빡하게,국내,바다,계획 여행,무조건 다 봄,코골이 안함,다른 곳 간다,"유럽,그 외,미국","쌀쌀함,습함,상관없음","쇼핑,액티비티,미식","4-5성급호텔,펜션,민박",오전 9-10시,400만원 이상,"이 사용자는 그 외 지역을 선호하고, 상관없음 기후를 피하고 싶어해요. 여행 목적은 쇼핑이며, 민박에서 머무는 걸 좋아하고 오전 9-10시쯤 기상하는 편이에요.",
838,매우 둔감,수용적,많다,자주 늦음,리드하는편,2,매우 민감,꽤 여유있게,국내,바다,계획 여행,무조건 다 봄,코골이 함,기다림,"동남아,그 외,일본","건조함,상관없음,추움","공연&경기관람,쇼핑,액티비티","민박,에어비엔비,상관없음",오전 10시 이후,100만원 이하,"이 사용자는 그 외 지역을 선호하고, 건조함 기후를 피하고 싶어해요. 여행 목적은 쇼핑이며, 민박에서 머무는 걸 좋아하고 오전 10시 이후쯤 기상하는 편이에요.",
839,매우 둔감,매우 수용적,적다,종종 늦음,리드하는편,2,둔감,매우 빡빡하게,해외,바다,즉흥 여행,무조건 다 봄,코골이 함,기다림,"유럽,그 외,국내","건조함,습함,추움","기록,쇼핑,도전과성장","콘도,펜션,에어비엔비",오전 9-10시,400만원 이상,"이 사용자는 그 외 지역을 선호하고, 추움 기후를 피하고 싶어해요. 여행 목적은 쇼핑이며, 펜션에서 머무는 걸 좋아하고 오전 9-10시쯤 기상하는 편이에요.",
840,매우 민감,매우 수용적,많다,자주 늦음,무조건 따름,3,보통,꽤 빡빡하게,국내,바다,계획 여행,적당히 봄,코골이 함,다른 곳 간다,"국내,유럽,중국&몽골","추움,건조함,상관없음","휴식,문화&역사체험,미식","4-5성급호텔,게스트하우스,상관없음",오전 9-10시,200-300만원,"이 사용자는 국내 지역을 선호하고, 상관없음 기후를 피하고 싶어해요. 여행 목적은 미식이며, 4-5성급호텔에서 머무는 걸 좋아하고 오전 9-10시쯤 기상하는 편이에요.",
841,둔감,보통,많다,꽤 정확,무조건 리드,3,매우 둔감,매우 빡빡하게,국내,바다,즉흥 여행,적당히 봄,코골이 안함,기다림,"유럽,일본,그 외","더움,건조함,쌀쌀함","쇼핑,미식,휴식","상관없음,에어비엔비,민박",오전 10시 이후,400만원 이상,"이 사용자는 유럽 지역을 선호하고, 건조함 기후를 피하고 싶어해요. 여행 목적은 미식이며, 민박에서 머무는 걸 좋아하고 오전 10시 이후쯤 기상하는 편이에요.",
842,둔감,수용적,적다,보통,따르는 편,3,매우 민감,꽤 빡빡하게,해외,산,계획 여행,무조건 다 봄,코골이 안함,다른 곳 간다,"일본,미국,세계일주","추움,습함,상관없음","기록,사람&관계,자연감상","3성이하 호텔,에어비엔비,펜션",오전 10시 이후,200-300만원,"이 사용자는 일본 지역을 선호하고, 추움 기후를 피하고 싶어해요. 여행 목적은 사람&관계이며, 에어비엔비에서 머무는 걸 좋아하고 오전 10시 이후쯤 기상하는 편이에요.",
843,둔감,매우 완고,매우 적다,매우 정확,리드하는편,3,매우 민감,꽤 여유있게,해외,바다,즉흥 여행,무조건 다 봄,코골이 안함,다른 곳 간다,"그 외,일본,세계일주","건조함,습함,더움","기록,자연감상,휴식","4-5성급호텔,콘도,상관없음",오전 9-10시,400만원 이상,"이 사용자는 일본 지역을 선호하고, 더움 기후를 피하고 싶어해요. 여행 목적은 자연감상이며, 상관없음에서 머무는 걸 좋아하고 오전 9-10시쯤 기상하는 편이에요.",
844,매우 둔감,보통,적다,매우 정확,따르는 편,3,꽤 민감,매우 여유있게,국내,바다,즉흥 여행,적당히 봄,코골이 함,기다림,"국내,그 외,일본","상관없음,습함,건조함","사람&관계,문화&역사체험,도전과성장","게스트하우스,민박,상관없음",오전 9-10시,100만원 이하,"이 사용자는 그 외 지역을 선호하고, 건조함 기후를 피하고 싶어해요. 여행 목적은 도전과성장이며, 상관없음에서 머무는 걸 좋아하고 오전 9-10시쯤 기상하는 편이에요.",
845,매우 민감,다소 완고,매우 적다,매우 정확,보통,2,매우 민감,매우 여유있게,해외,바다,즉흥 여행,적당히 봄,코골이 함,기다림,"일본,동남아,그 외","쌀쌀함,더움,추움","미식,쇼핑,문화&역사체험","민박,3성이하 호텔,상관없음",오전 10시 이후,200-300만원,"이 사용자는 그 외 지역을 선호하고, 더움 기후를 피하고 싶어해요. 여행 목적은 쇼핑이며, 상관없음에서 머무는 걸 좋아하고 오전 10시 이후쯤 기상하는 편이에요.",
846,매우 둔감,다소 완고,매우 많다,꽤 정확,리드하는편,4,둔감,보통,해외,산,즉흥 여행,무조건 다 봄,코골이 함,다른 곳 간다,"유럽,세계일주,중국&몽골","쌀쌀함,건조함,습함","미식,액티비티,쇼핑","에어비엔비,상관없음,펜션",오전 10시 이후,100만원 이하,"이 사용자는 유럽 지역을 선호하고, 쌀쌀함 기후를 피하고 싶어해요. 여행 목적은 쇼핑이며, 에어비엔비에서 머무는 걸 좋아하고 오전 10시 이후쯤 기상하는 편이에요.",
847,매우 민감,보통,많다,종종 늦음,무조건 따름,3,매우 민감,매우 여유있게,해외,산,계획 여행,적당히 봄,코골이 안함,다른 곳 간다,"세계일주,국내,중국&몽골","더움,건조함,상관없음","쇼핑,자연감상,문화&역사체험","콘도,펜션,3성이하 호텔",오전 9-10시,400만원 이상,"이 사용자는 세계일주 지역을 선호하고, 상관없음 기후를 피하고 싶어해요. 여행 목적은 쇼핑이며, 펜션에서 머무는 걸 좋아하고 오전 9-10시쯤 기상하는 편이에요.",
848,보통,보통,적다,보통,보통,4,꽤 민감,매우 빡빡하게,해외,산,즉흥 여행,무조건 다 봄,코골이 함,기다림,"중국&몽골,동남아,일본","습함,더움,추움","문화&역사체험,미식,사람&관계","3성이하 호텔,에어비엔비,펜션",오전 10시 이후,300-400만원,"이 사용자는 중국&몽골 지역을 선호하고, 추움 기후를 피하고 싶어해요. 여행 목적은 사람&관계이며, 에어비엔비에서 머무는 걸 좋아하고 오전 10시 이후쯤 기상하는 편이에요.",
849,보통,보통,보통,보통,보통,2,꽤 민감,꽤 여유있게,국내,바다,즉흥 여행,적당히 봄,코골이 함,다른 곳 간다,"세계일주,미국,일본","더움,건조함,쌀쌀함","액티비티,기록,도전과성장","게스트하우스,에어비엔비,3성이하 호텔",오전 8-9시,100만원 이하,"이 사용자는 일본 지역을 선호하고, 더움 기후를 피하고 싶어해요. 여행 목적은 기록이며, 에어비엔비에서 머무는 걸 좋아하고 오전 8-9시쯤 기상하는 편이에요.",
850,매우 둔감,매우 수용적,보통,종종 늦음,리드하는편,5,보통,보통,국내,바다,즉흥 여행,적당히 봄,코골이 안함,다른 곳 간다,"유럽,중국&몽골,국내","상관없음,습함,건조함","공연&경기관람,쇼핑,문화&역사체험","상관없음,에어비엔비,콘도",오전 9-10시,300-400만원,"이 사용자는 유럽 지역을 선호하고, 습함 기후를 피하고 싶어해요. 여행 목적은 문화&역사체험이며, 콘도에서 머무는 걸 좋아하고 오전 9-10시쯤 기상하는 편이에요.",
851,보통,매우 수용적,적다,꽤 정확,따르는 편,4,보통,꽤 여유있게,해외,바다,즉흥 여행,적당히 봄,코골이 함,기다림,"미국,국내,세계일주","더움,추움,쌀쌀함","문화&역사체험,자연감상,액티비티","상관없음,에어비엔비,민박",오전 8-9시,300-400만원,"이 사용자는 미국 지역을 선호하고, 더움 기후를 피하고 싶어해요. 여행 목적은 액티비티이며, 민박에서 머무는 걸 좋아하고 오전 8-9시쯤 기상하는 편이에요.",
852,보통,매우 수용적,보통,자주 늦음,무조건 따름,2,매우 둔감,꽤 빡빡하게,국내,산,계획 여행,무조건 다 봄,코골이 안함,다른 곳 간다,"세계일주,유럽,일본","상관없음,더움,건조함","미식,사람&관계,도전과성장","에어비엔비,민박,게스트하우스",오전 9-10시,400만원 이상,"이 사용자는 세계일주 지역을 선호하고, 건조함 기후를 피하고 싶어해요. 여행 목적은 도전과성장이며, 에어비엔비에서 머무는 걸 좋아하고 오전 9-10시쯤 기상하는 편이에요.",
853,꽤 민감,보통,매우 많다,종종 늦음,무조건 따름,3,매우 둔감,꽤 여유있게,국내,바다,계획 여행,적당히 봄,코골이 안함,기다림,"세계일주,유럽,그 외","상관없음,쌀쌀함,더움","휴식,도전과성장,기록","상관없음,에어비엔비,민박",오전 10시 이후,200-300만원,"이 사용자는 유럽 지역을 선호하고, 상관없음 기후를 피하고 싶어해요. 여행 목적은 기록이며, 민박에서 머무는 걸 좋아하고 오전 10시 이후쯤 기상하는 편이에요.",
854,매우 민감,보통,적다,종종 늦음,보통,5,매우 둔감,매우 빡빡하게,해외,바다,즉흥 여행,무조건 다 봄,코골이 안함,기다림,"동남아,일본,유럽","추움,건조함,습함","공연&경기관람,사람&관계,액티비티","펜션,4-5성급호텔,에어비엔비",오전 9-10시,100만원 이하,"이 사용자는 일본 지역을 선호하고, 추움 기후를 피하고 싶어해요. 여행 목적은 액티비티이며, 펜션에서 머무는 걸 좋아하고 오전 9-10시쯤 기상하는 편이에요.",
855,둔감,매우 수용적,매우 적다,보통,보통,4,매우 둔감,꽤 빡빡하게,국내,산,즉흥 여행,무조건 다 봄,코골이 함,다른 곳 간다,"중국&몽골,일본,국내","건조함,습함,추움","문화&역사체험,휴식,자연감상","민박,4-5성급호텔,에어비엔비",오전 8-9시,400만원 이상,"이 사용자는 국내 지역을 선호하고, 건조함 기후를 피하고 싶어해요. 여행 목적은 문화&역사체험이며, 에어비엔비에서 머무는 걸 좋아하고 오전 8-9시쯤 기상하는 편이에요.",
856,매우 둔감,보통,매우 많다,종종 늦음,보통,4,매우 둔감,꽤 빡빡하게,국내,바다,계획 여행,적당히 봄,코골이 안함,기다림,"동남아,미국,일본","습함,건조함,추움","휴식,기록,도전과성장","게스트하우스,에어비엔비,상관없음",오전 8-9시,400만원 이상,"이 사용자는 미국 지역을 선호하고, 추움 기후를 피하고 싶어해요. 여행 목적은 도전과성장이며, 게스트하우스에서 머무는 걸 좋아하고 오전 8-9시쯤 기상하는 편이에요.",
857,매우 둔감,보통,많다,꽤 정확,무조건 리드,1,보통,꽤 빡빡하게,국내,바다,계획 여행,무조건 다 봄,코골이 함,기다림,"미국,국내,그 외","쌀쌀함,건조함,습함","휴식,기록,액티비티","상관없음,4-5성급호텔,에어비엔비",오전 8-9시,100만원 이하,"이 사용자는 미국 지역을 선호하고, 건조함 기후를 피하고 싶어해요. 여행 목적은 기록이며, 에어비엔비에서 머무는 걸 좋아하고 오전 8-9시쯤 기상하는 편이에요.",
858,매우 둔감,수용적,매우 많다,보통,무조건 따름,1,꽤 민감,꽤 여유있게,해외,바다,계획 여행,적당히 봄,코골이 함,다른 곳 간다,"국내,동남아,미국","쌀쌀함,습함,건조함","사람&관계,휴식,쇼핑","4-5성급호텔,펜션,민박",오전 8-9시,400만원 이상,"이 사용자는 국내 지역을 선호하고, 쌀쌀함 기후를 피하고 싶어해요. 여행 목적은 사람&관계이며, 펜션에서 머무는 걸 좋아하고 오전 8-9시쯤 기상하는 편이에요.",
859,보통,매우 수용적,매우 적다,꽤 정확,무조건 리드,5,둔감,보통,국내,바다,계획 여행,적당히 봄,코골이 함,기다림,"일본,유럽,중국&몽골","더움,습함,추움","미식,휴식,도전과성장","상관없음,3성이하 호텔,게스트하우스",오전 10시 이후,400만원 이상,"이 사용자는 일본 지역을 선호하고, 습함 기후를 피하고 싶어해요. 여행 목적은 휴식이며, 상관없음에서 머무는 걸 좋아하고 오전 10시 이후쯤 기상하는 편이에요.",
860,매우 둔감,매우 수용적,매우 적다,꽤 정확,보통,5,보통,매우 빡빡하게,국내,산,계획 여행,무조건 다 봄,코골이 안함,다른 곳 간다,"동남아,미국,그 외","상관없음,건조함,습함","도전과성장,액티비티,사람&관계","민박,4-5성급호텔,에어비엔비",오전 10시 이후,400만원 이상,"이 사용자는 동남아 지역을 선호하고, 건조함 기후를 피하고 싶어해요. 여행 목적은 액티비티이며, 민박에서 머무는 걸 좋아하고 오전 10시 이후쯤 기상하는 편이에요.",
861,매우 둔감,매우 완고,보통,꽤 정확,보통,1,둔감,보통,국내,산,계획 여행,무조건 다 봄,코골이 함,다른 곳 간다,"동남아,유럽,중국&몽골","쌀쌀함,습함,상관없음","공연&경기관람,도전과성장,휴식","펜션,에어비엔비,민박",오전 9-10시,100만원 이하,"이 사용자는 중국&몽골 지역을 선호하고, 쌀쌀함 기후를 피하고 싶어해요. 여행 목적은 휴식이며, 에어비엔비에서 머무는 걸 좋아하고 오전 9-10시쯤 기상하는 편이에요.",
862,꽤 민감,매우 수용적,매우 많다,보통,리드하는편,3,매우 둔감,꽤 여유있게,해외,산,계획 여행,무조건 다 봄,코골이 함,기다림,"중국&몽골,미국,국내","상관없음,건조함,쌀쌀함","도전과성장,쇼핑,공연&경기관람","3성이하 호텔,4-5성급호텔,에어비엔비",오전 10시 이후,100만원 이하,"이 사용자는 미국 지역을 선호하고, 건조함 기후를 피하고 싶어해요. 여행 목적은 공연&경기관람이며, 4-5성급호텔에서 머무는 걸 좋아하고 오전 10시 이후쯤 기상하는 편이에요.",
863,매우 민감,보통,매우 많다,보통,무조건 따름,3,둔감,매우 여유있게,해외,바다,계획 여행,무조건 다 봄,코골이 함,다른 곳 간다,"국내,미국,일본","습함,상관없음,쌀쌀함","문화&역사체험,사람&관계,기록","게스트하우스,에어비엔비,콘도",오전 9-10시,400만원 이상,"이 사용자는 일본 지역을 선호하고, 습함 기후를 피하고 싶어해요. 여행 목적은 사람&관계이며, 에어비엔비에서 머무는 걸 좋아하고 오전 9-10시쯤 기상하는 편이에요.",
864,둔감,수용적,적다,자주 늦음,무조건 따름,2,보통,보통,해외,바다,계획 여행,무조건 다 봄,코골이 안함,기다림,"중국&몽골,그 외,유럽","상관없음,쌀쌀함,건조함","자연감상,액티비티,미식","에어비엔비,펜션,3성이하 호텔",오전 10시 이후,200-300만원,"이 사용자는 유럽 지역을 선호하고, 건조함 기후를 피하고 싶어해요. 여행 목적은 액티비티이며, 에어비엔비에서 머무는 걸 좋아하고 오전 10시 이후쯤 기상하는 편이에요.",
865,보통,매우 수용적,보통,보통,보통,5,꽤 민감,매우 빡빡하게,국내,산,즉흥 여행,무조건 다 봄,코골이 함,다른 곳 간다,"세계일주,국내,중국&몽골","건조함,더움,습함","공연&경기관람,도전과성장,문화&역사체험","민박,3성이하 호텔,콘도",오전 9-10시,200-300만원,"이 사용자는 중국&몽골 지역을 선호하고, 더움 기후를 피하고 싶어해요. 여행 목적은 도전과성장이며, 콘도에서 머무는 걸 좋아하고 오전 9-10시쯤 기상하는 편이에요.",
866,매우 민감,보통,매우 많다,종종 늦음,보통,2,보통,매우 여유있게,해외,산,계획 여행,무조건 다 봄,코골이 안함,다른 곳 간다,"세계일주,일본,미국","더움,습함,상관없음","자연감상,공연&경기관람,사람&관계","펜션,에어비엔비,상관없음",오전 8-9시,300-400만원,"이 사용자는 일본 지역을 선호하고, 습함 기후를 피하고 싶어해요. 여행 목적은 공연&경기관람이며, 펜션에서 머무는 걸 좋아하고 오전 8-9시쯤 기상하는 편이에요.",
867,둔감,수용적,매우 많다,보통,리드하는편,1,보통,꽤 빡빡하게,국내,산,계획 여행,적당히 봄,코골이 안함,다른 곳 간다,"미국,중국&몽골,세계일주","쌀쌀함,추움,습함","액티비티,쇼핑,공연&경기관람","에어비엔비,민박,4-5성급호텔",오전 10시 이후,300-400만원,"이 사용자는 중국&몽골 지역을 선호하고, 습함 기후를 피하고 싶어해요. 여행 목적은 쇼핑이며, 민박에서 머무는 걸 좋아하고 오전 10시 이후쯤 기상하는 편이에요.",
868,꽤 민감,다소 완고,보통,자주 늦음,따르는 편,4,보통,매우 여유있게,국내,바다,즉흥 여행,적당히 봄,코골이 안함,다른 곳 간다,"일본,미국,동남아","추움,쌀쌀함,건조함","도전과성장,액티비티,공연&경기관람","3성이하 호텔,에어비엔비,상관없음",오전 9-10시,300-400만원,"이 사용자는 동남아 지역을 선호하고, 추움 기후를 피하고 싶어해요. 여행 목적은 액티비티이며, 상관없음에서 머무는 걸 좋아하고 오전 9-10시쯤 기상하는 편이에요.",
869,매우 민감,다소 완고,보통,매우 정확,리드하는편,5,매우 둔감,보통,해외,산,계획 여행,적당히 봄,코골이 함,다른 곳 간다,"유럽,일본,중국&몽골","더움,쌀쌀함,건조함","미식,쇼핑,공연&경기관람","4-5성급호텔,상관없음,펜션",오전 9-10시,300-400만원,"이 사용자는 유럽 지역을 선호하고, 더움 기후를 피하고 싶어해요. 여행 목적은 공연&경기관람이며, 상관없음에서 머무는 걸 좋아하고 오전 9-10시쯤 기상하는 편이에요.",
870,꽤 민감,매우 수용적,매우 적다,종종 늦음,리드하는편,2,둔감,매우 여유있게,국내,산,즉흥 여행,무조건 다 봄,코골이 안함,기다림,"세계일주,유럽,동남아","습함,추움,더움","미식,기록,문화&역사체험","3성이하 호텔,펜션,민박",오전 10시 이후,400만원 이상,"이 사용자는 유럽 지역을 선호하고, 습함 기후를 피하고 싶어해요. 여행 목적은 미식이며, 3성이하 호텔에서 머무는 걸 좋아하고 오전 10시 이후쯤 기상하는 편이에요.",
871,보통,매우 수용적,적다,꽤 정확,따르는 편,5,둔감,보통,국내,바다,즉흥 여행,무조건 다 봄,코골이 안함,기다림,"동남아,그 외,일본","습함,상관없음,더움","사람&관계,액티비티,공연&경기관람","3성이하 호텔,민박,상관없음",오전 9-10시,300-400만원,"이 사용자는 그 외 지역을 선호하고, 습함 기후를 피하고 싶어해요. 여행 목적은 사람&관계이며, 상관없음에서 머무는 걸 좋아하고 오전 9-10시쯤 기상하는 편이에요.",
872,둔감,보통,매우 적다,자주 늦음,무조건 리드,5,둔감,꽤 빡빡하게,국내,산,계획 여행,무조건 다 봄,코골이 안함,다른 곳 간다,"중국&몽골,국내,동남아","건조함,쌀쌀함,습함","쇼핑,문화&역사체험,액티비티","상관없음,펜션,에어비엔비",오전 8-9시,100만원 이하,"이 사용자는 국내 지역을 선호하고, 습함 기후를 피하고 싶어해요. 여행 목적은 쇼핑이며, 에어비엔비에서 머무는 걸 좋아하고 오전 8-9시쯤 기상하는 편이에요.",
873,둔감,보통,매우 적다,꽤 정확,리드하는편,2,둔감,매우 빡빡하게,국내,바다,계획 여행,무조건 다 봄,코골이 함,다른 곳 간다,"국내,동남아,유럽","상관없음,쌀쌀함,추움","문화&역사체험,미식,사람&관계","펜션,게스트하우스,상관없음",오전 8-9시,100만원 이하,"이 사용자는 유럽 지역을 선호하고, 쌀쌀함 기후를 피하고 싶어해요. 여행 목적은 사람&관계이며, 게스트하우스에서 머무는 걸 좋아하고 오전 8-9시쯤 기상하는 편이에요.",
874,매우 둔감,수용적,많다,매우 정확,무조건 리드,2,꽤 민감,매우 빡빡하게,국내,산,계획 여행,적당히 봄,코골이 함,기다림,"동남아,일본,유럽","습함,더움,건조함","휴식,도전과성장,자연감상","펜션,3성이하 호텔,상관없음",오전 9-10시,100만원 이하,"이 사용자는 유럽 지역을 선호하고, 건조함 기후를 피하고 싶어해요. 여행 목적은 도전과성장이며, 펜션에서 머무는 걸 좋아하고 오전 9-10시쯤 기상하는 편이에요.",
875,매우 민감,보통,많다,종종 늦음,무조건 리드,2,보통,매우 빡빡하게,국내,산,계획 여행,무조건 다 봄,코골이 함,다른 곳 간다,"중국&몽골,동남아,국내","쌀쌀함,상관없음,건조함","미식,쇼핑,액티비티","게스트하우스,4-5성급호텔,3성이하 호텔",오전 9-10시,100만원 이하,"이 사용자는 동남아 지역을 선호하고, 쌀쌀함 기후를 피하고 싶어해요. 여행 목적은 미식이며, 4-5성급호텔에서 머무는 걸 좋아하고 오전 9-10시쯤 기상하는 편이에요.",
876,꽤 민감,다소 완고,매우 많다,자주 늦음,무조건 따름,2,매우 둔감,보통,해외,바다,즉흥 여행,적당히 봄,코골이 안함,기다림,"동남아,미국,중국&몽골","추움,상관없음,더움","사람&관계,액티비티,미식","4-5성급호텔,에어비엔비,3성이하 호텔",오전 9-10시,100만원 이하,"이 사용자는 중국&몽골 지역을 선호하고, 추움 기후를 피하고 싶어해요. 여행 목적은 미식이며, 4-5성급호텔에서 머무는 걸 좋아하고 오전 9-10시쯤 기상하는 편이에요.",
877,매우 둔감,수용적,보통,자주 늦음,무조건 리드,5,매우 민감,매우 빡빡하게,해외,바다,즉흥 여행,무조건 다 봄,코골이 안함,다른 곳 간다,"일본,그 외,유럽","쌀쌀함,건조함,더움","미식,기록,공연&경기관람","콘도,에어비엔비,4-5성급호텔",오전 10시 이후,300-400만원,"이 사용자는 그 외 지역을 선호하고, 건조함 기후를 피하고 싶어해요. 여행 목적은 공연&경기관람이며, 콘도에서 머무는 걸 좋아하고 오전 10시 이후쯤 기상하는 편이에요.",
878,둔감,보통,많다,보통,무조건 리드,4,보통,꽤 빡빡하게,국내,바다,계획 여행,무조건 다 봄,코골이 함,기다림,"국내,유럽,미국","습함,쌀쌀함,더움","액티비티,휴식,자연감상","4-5성급호텔,콘도,3성이하 호텔",오전 8-9시,200-300만원,"이 사용자는 유럽 지역을 선호하고, 습함 기후를 피하고 싶어해요. 여행 목적은 액티비티이며, 4-5성급호텔에서 머무는 걸 좋아하고 오전 8-9시쯤 기상하는 편이에요.",
879,꽤 민감,수용적,매우 많다,종종 늦음,따르는 편,5,매우 민감,보통,국내,바다,계획 여행,무조건 다 봄,코골이 안함,다른 곳 간다,"미국,그 외,세계일주","쌀쌀함,상관없음,건조함","액티비티,사람&관계,미식","콘도,상관없음,에어비엔비",오전 10시 이후,400만원 이상,"이 사용자는 미국 지역을 선호하고, 건조함 기후를 피하고 싶어해요. 여행 목적은 사람&관계이며, 상관없음에서 머무는 걸 좋아하고 오전 10시 이후쯤 기상하는 편이에요.",
880,보통,매우 수용적,적다,매우 정확,무조건 리드,3,꽤 민감,꽤 여유있게,해외,바다,즉흥 여행,무조건 다 봄,코골이 함,기다림,"중국&몽골,유럽,그 외","추움,상관없음,건조함","문화&역사체험,도전과성장,기록","콘도,민박,상관없음",오전 10시 이후,100만원 이하,"이 사용자는 중국&몽골 지역을 선호하고, 건조함 기후를 피하고 싶어해요. 여행 목적은 기록이며, 상관없음에서 머무는 걸 좋아하고 오전 10시 이후쯤 기상하는 편이에요.",
881,매우 둔감,매우 완고,매우 적다,꽤 정확,리드하는편,1,둔감,꽤 여유있게,해외,산,계획 여행,무조건 다 봄,코골이 안함,기다림,"세계일주,중국&몽골,동남아","건조함,추움,습함","미식,액티비티,문화&역사체험","상관없음,펜션,게스트하우스",오전 9-10시,400만원 이상,"이 사용자는 동남아 지역을 선호하고, 습함 기후를 피하고 싶어해요. 여행 목적은 액티비티이며, 펜션에서 머무는 걸 좋아하고 오전 9-10시쯤 기상하는 편이에요.",
882,꽤 민감,매우 수용적,매우 적다,매우 정확,무조건 리드,1,꽤 민감,매우 빡빡하게,해외,바다,계획 여행,무조건 다 봄,코골이 함,다른 곳 간다,"동남아,유럽,미국","건조함,쌀쌀함,상관없음","기록,사람&관계,문화&역사체험","상관없음,콘도,에어비엔비",오전 10시 이후,400만원 이상,"이 사용자는 유럽 지역을 선호하고, 상관없음 기후를 피하고 싶어해요. 여행 목적은 사람&관계이며, 콘도에서 머무는 걸 좋아하고 오전 10시 이후쯤 기상하는 편이에요.",
883,둔감,다소 완고,매우 많다,매우 정확,따르는 편,3,매우 둔감,매우 여유있게,해외,바다,즉흥 여행,무조건 다 봄,코골이 안함,다른 곳 간다,"국내,세계일주,중국&몽골","상관없음,추움,건조함","사람&관계,기록,문화&역사체험","민박,3성이하 호텔,4-5성급호텔",오전 8-9시,400만원 이상,"이 사용자는 세계일주 지역을 선호하고, 상관없음 기후를 피하고 싶어해요. 여행 목적은 사람&관계이며, 3성이하 호텔에서 머무는 걸 좋아하고 오전 8-9시쯤 기상하는 편이에요.",
884,매우 둔감,수용적,매우 많다,종종 늦음,리드하는편,3,둔감,꽤 여유있게,국내,산,즉흥 여행,무조건 다 봄,코골이 안함,다른 곳 간다,"일본,유럽,중국&몽골","습함,건조함,더움","공연&경기관람,문화&역사체험,액티비티","펜션,상관없음,콘도",오전 9-10시,400만원 이상,"이 사용자는 중국&몽골 지역을 선호하고, 습함 기후를 피하고 싶어해요. 여행 목적은 공연&경기관람이며, 콘도에서 머무는 걸 좋아하고 오전 9-10시쯤 기상하는 편이에요.",
885,보통,보통,많다,보통,보통,3,둔감,꽤 여유있게,국내,바다,즉흥 여행,적당히 봄,코골이 안함,다른 곳 간다,"동남아,중국&몽골,일본","더움,상관없음,쌀쌀함","사람&관계,액티비티,공연&경기관람","상관없음,4-5성급호텔,콘도",오전 8-9시,100만원 이하,"이 사용자는 동남아 지역을 선호하고, 더움 기후를 피하고 싶어해요. 여행 목적은 공연&경기관람이며, 상관없음에서 머무는 걸 좋아하고 오전 8-9시쯤 기상하는 편이에요.",
886,매우 둔감,수용적,많다,자주 늦음,무조건 따름,4,매우 둔감,보통,해외,바다,즉흥 여행,적당히 봄,코골이 안함,다른 곳 간다,"세계일주,일본,국내","더움,쌀쌀함,추움","기록,자연감상,쇼핑","3성이하 호텔,펜션,민박",오전 10시 이후,200-300만원,"이 사용자는 일본 지역을 선호하고, 더움 기후를 피하고 싶어해요. 여행 목적은 기록이며, 민박에서 머무는 걸 좋아하고 오전 10시 이후쯤 기상하는 편이에요.",
887,둔감,보통,매우 적다,매우 정확,무조건 리드,5,꽤 민감,매우 여유있게,해외,산,계획 여행,무조건 다 봄,코골이 안함,기다림,"중국&몽골,세계일주,미국","건조함,습함,상관없음","자연감상,문화&역사체험,미식","상관없음,민박,4-5성급호텔",오전 9-10시,300-400만원,"이 사용자는 미국 지역을 선호하고, 건조함 기후를 피하고 싶어해요. 여행 목적은 문화&역사체험이며, 4-5성급호텔에서 머무는 걸 좋아하고 오전 9-10시쯤 기상하는 편이에요.",
888,매우 민감,매우 수용적,매우 많다,매우 정확,리드하는편,1,매우 둔감,꽤 빡빡하게,국내,산,즉흥 여행,적당히 봄,코골이 함,기다림,"동남아,미국,그 외","습함,쌀쌀함,더움","액티비티,사람&관계,미식","게스트하우스,상관없음,콘도",오전 9-10시,300-400만원,"이 사용자는 그 외 지역을 선호하고, 습함 기후를 피하고 싶어해요. 여행 목적은 액티비티이며, 게스트하우스에서 머무는 걸 좋아하고 오전 9-10시쯤 기상하는 편이에요.",
889,꽤 민감,보통,매우 적다,자주 늦음,리드하는편,1,보통,매우 빡빡하게,해외,바다,계획 여행,무조건 다 봄,코골이 안함,다른 곳 간다,"미국,그 외,동남아","상관없음,추움,건조함","쇼핑,공연&경기관람,미식","민박,에어비엔비,4-5성급호텔",오전 9-10시,100만원 이하,"이 사용자는 미국 지역을 선호하고, 추움 기후를 피하고 싶어해요. 여행 목적은 공연&경기관람이며, 민박에서 머무는 걸 좋아하고 오전 9-10시쯤 기상하는 편이에요.",
890,매우 둔감,다소 완고,매우 적다,보통,따르는 편,1,둔감,매우 빡빡하게,국내,바다,즉흥 여행,무조건 다 봄,코골이 안함,다른 곳 간다,"국내,동남아,그 외","상관없음,쌀쌀함,더움","공연&경기관람,기록,미식","상관없음,펜션,게스트하우스",오전 10시 이후,100만원 이하,"이 사용자는 그 외 지역을 선호하고, 상관없음 기후를 피하고 싶어해요. 여행 목적은 미식이며, 게스트하우스에서 머무는 걸 좋아하고 오전 10시 이후쯤 기상하는 편이에요.",
891,꽤 민감,매우 수용적,매우 많다,매우 정확,보통,3,매우 민감,꽤 여유있게,해외,산,계획 여행,적당히 봄,코골이 함,다른 곳 간다,"일본,중국&몽골,그 외","상관없음,더움,습함","휴식,자연감상,미식","3성이하 호텔,4-5성급호텔,민박",오전 9-10시,100만원 이하,"이 사용자는 그 외 지역을 선호하고, 더움 기후를 피하고 싶어해요. 여행 목적은 휴식이며, 4-5성급호텔에서 머무는 걸 좋아하고 오전 9-10시쯤 기상하는 편이에요.",
892,둔감,다소 완고,보통,종종 늦음,무조건 리드,5,매우 둔감,매우 여유있게,해외,바다,즉흥 여행,무조건 다 봄,코골이 안함,기다림,"중국&몽골,미국,그 외","추움,상관없음,습함","문화&역사체험,공연&경기관람,사람&관계","3성이하 호텔,게스트하우스,에어비엔비",오전 8-9시,300-400만원,"이 사용자는 중국&몽골 지역을 선호하고, 상관없음 기후를 피하고 싶어해요. 여행 목적은 공연&경기관람이며, 에어비엔비에서 머무는 걸 좋아하고 오전 8-9시쯤 기상하는 편이에요.",
893,꽤 민감,다소 완고,매우 많다,종종 늦음,무조건 따름,1,매우 둔감,매우 여유있게,국내,바다,즉흥 여행,무조건 다 봄,코골이 함,기다림,"그 외,동남아,중국&몽골","습함,상관없음,쌀쌀함","공연&경기관람,자연감상,도전과성장","3성이하 호텔,펜션,민박",오전 9-10시,100만원 이하,"이 사용자는 동남아 지역을 선호하고, 습함 기후를 피하고 싶어해요. 여행 목적은 자연감상이며, 펜션에서 머무는 걸 좋아하고 오전 9-10시쯤 기상하는 편이에요.",
894,꽤 민감,수용적,보통,자주 늦음,무조건 리드,2,매우 둔감,매우 여유있게,해외,산,계획 여행,무조건 다 봄,코골이 안함,기다림,"그 외,중국&몽골,세계일주","습함,건조함,더움","자연감상,액티비티,도전과성장","상관없음,3성이하 호텔,콘도",오전 8-9시,300-400만원,"이 사용자는 세계일주 지역을 선호하고, 건조함 기후를 피하고 싶어해요. 여행 목적은 도전과성장이며, 콘도에서 머무는 걸 좋아하고 오전 8-9시쯤 기상하는 편이에요.",
895,둔감,매우 완고,매우 적다,보통,보통,3,보통,매우 여유있게,국내,바다,즉흥 여행,무조건 다 봄,코골이 안함,기다림,"일본,중국&몽골,세계일주","추움,습함,더움","액티비티,자연감상,휴식","민박,상관없음,4-5성급호텔",오전 10시 이후,200-300만원,"이 사용자는 일본 지역을 선호하고, 더움 기후를 피하고 싶어해요. 여행 목적은 휴식이며, 상관없음에서 머무는 걸 좋아하고 오전 10시 이후쯤 기상하는 편이에요.",
896,보통,보통,많다,꽤 정확,리드하는편,3,꽤 민감,매우 빡빡하게,해외,바다,계획 여행,무조건 다 봄,코골이 함,기다림,"그 외,유럽,중국&몽골","상관없음,습함,건조함","액티비티,쇼핑,사람&관계","게스트하우스,3성이하 호텔,에어비엔비",오전 10시 이후,200-300만원,"이 사용자는 유럽 지역을 선호하고, 건조함 기후를 피하고 싶어해요. 여행 목적은 액티비티이며, 에어비엔비에서 머무는 걸 좋아하고 오전 10시 이후쯤 기상하는 편이에요.",
897,매우 둔감,다소 완고,적다,보통,보통,3,둔감,매우 여유있게,국내,바다,즉흥 여행,적당히 봄,코골이 안함,기다림,"일본,유럽,세계일주","더움,습함,건조함","액티비티,기록,휴식","3성이하 호텔,에어비엔비,펜션",오전 8-9시,100만원 이하,"이 사용자는 일본 지역을 선호하고, 습함 기후를 피하고 싶어해요. 여행 목적은 휴식이며, 에어비엔비에서 머무는 걸 좋아하고 오전 8-9시쯤 기상하는 편이에요.",
898,둔감,매우 수용적,매우 적다,종종 늦음,따르는 편,5,보통,꽤 빡빡하게,해외,산,즉흥 여행,무조건 다 봄,코골이 함,기다림,"그 외,동남아,유럽","더움,상관없음,건조함","미식,사람&관계,도전과성장","4-5성급호텔,콘도,게스트하우스",오전 10시 이후,300-400만원,"이 사용자는 유럽 지역을 선호하고, 더움 기후를 피하고 싶어해요. 여행 목적은 사람&관계이며, 4-5성급호텔에서 머무는 걸 좋아하고 오전 10시 이후쯤 기상하는 편이에요.",
899,매우 민감,보통,보통,꽤 정확,무조건 따름,3,매우 민감,꽤 여유있게,해외,산,즉흥 여행,무조건 다 봄,코골이 함,다른 곳 간다,"미국,세계일주,국내","더움,추움,습함","사람&관계,기록,미식","에어비엔비,4-5성급호텔,게스트하우스",오전 8-9시,200-300만원,"이 사용자는 국내 지역을 선호하고, 더움 기후를 피하고 싶어해요. 여행 목적은 사람&관계이며, 게스트하우스에서 머무는 걸 좋아하고 오전 8-9시쯤 기상하는 편이에요.",
900,매우 민감,매우 완고,매우 많다,꽤 정확,따르는 편,4,매우 둔감,꽤 여유있게,국내,바다,즉흥 여행,무조건 다 봄,코골이 안함,다른 곳 간다,"일본,유럽,그 외","쌀쌀함,습함,추움","미식,액티비티,쇼핑","민박,4-5성급호텔,콘도",오전 10시 이후,100만원 이하,"이 사용자는 일본 지역을 선호하고, 쌀쌀함 기후를 피하고 싶어해요. 여행 목적은 액티비티이며, 4-5성급호텔에서 머무는 걸 좋아하고 오전 10시 이후쯤 기상하는 편이에요.",
901,매우 민감,수용적,보통,자주 늦음,보통,4,둔감,꽤 여유있게,국내,바다,즉흥 여행,무조건 다 봄,코골이 안함,기다림,"동남아,국내,세계일주","상관없음,쌀쌀함,더움","사람&관계,문화&역사체험,쇼핑","펜션,에어비엔비,3성이하 호텔",오전 8-9시,100만원 이하,"이 사용자는 세계일주 지역을 선호하고, 더움 기후를 피하고 싶어해요. 여행 목적은 쇼핑이며, 에어비엔비에서 머무는 걸 좋아하고 오전 8-9시쯤 기상하는 편이에요.",
902,매우 민감,다소 완고,보통,매우 정확,무조건 리드,2,보통,꽤 빡빡하게,해외,산,계획 여행,무조건 다 봄,코골이 함,다른 곳 간다,"일본,중국&몽골,유럽","쌀쌀함,추움,상관없음","공연&경기관람,도전과성장,기록","펜션,게스트하우스,3성이하 호텔",오전 9-10시,100만원 이하,"이 사용자는 일본 지역을 선호하고, 추움 기후를 피하고 싶어해요. 여행 목적은 기록이며, 게스트하우스에서 머무는 걸 좋아하고 오전 9-10시쯤 기상하는 편이에요.",
903,보통,보통,적다,보통,무조건 리드,5,꽤 민감,매우 여유있게,해외,바다,계획 여행,무조건 다 봄,코골이 안함,기다림,"일본,중국&몽골,미국","습함,더움,건조함","문화&역사체험,자연감상,기록","게스트하우스,4-5성급호텔,펜션",오전 9-10시,400만원 이상,"이 사용자는 일본 지역을 선호하고, 더움 기후를 피하고 싶어해요. 여행 목적은 자연감상이며, 게스트하우스에서 머무는 걸 좋아하고 오전 9-10시쯤 기상하는 편이에요.",
904,둔감,매우 완고,적다,자주 늦음,무조건 따름,1,매우 둔감,꽤 빡빡하게,국내,산,즉흥 여행,적당히 봄,코골이 안함,기다림,"일본,그 외,미국","쌀쌀함,건조함,상관없음","문화&역사체험,공연&경기관람,휴식","3성이하 호텔,펜션,상관없음",오전 8-9시,100만원 이하,"이 사용자는 미국 지역을 선호하고, 건조함 기후를 피하고 싶어해요. 여행 목적은 공연&경기관람이며, 상관없음에서 머무는 걸 좋아하고 오전 8-9시쯤 기상하는 편이에요.",
905,매우 민감,보통,매우 많다,꽤 정확,보통,5,보통,보통,해외,바다,즉흥 여행,적당히 봄,코골이 함,기다림,"일본,미국,국내","건조함,습함,추움","기록,공연&경기관람,문화&역사체험","에어비엔비,게스트하우스,상관없음",오전 10시 이후,400만원 이상,"이 사용자는 일본 지역을 선호하고, 습함 기후를 피하고 싶어해요. 여행 목적은 기록이며, 상관없음에서 머무는 걸 좋아하고 오전 10시 이후쯤 기상하는 편이에요.",
906,매우 둔감,다소 완고,보통,종종 늦음,따르는 편,4,둔감,매우 빡빡하게,해외,산,즉흥 여행,적당히 봄,코골이 안함,기다림,"그 외,미국,일본","더움,습함,건조함","기록,사람&관계,쇼핑","민박,에어비엔비,상관없음",오전 8-9시,300-400만원,"이 사용자는 그 외 지역을 선호하고, 건조함 기후를 피하고 싶어해요. 여행 목적은 사람&관계이며, 에어비엔비에서 머무는 걸 좋아하고 오전 8-9시쯤 기상하는 편이에요.",
907,매우 민감,매우 완고,보통,꽤 정확,따르는 편,1,매우 민감,매우 여유있게,국내,바다,계획 여행,적당히 봄,코골이 함,다른 곳 간다,"유럽,국내,동남아","상관없음,쌀쌀함,습함","미식,휴식,공연&경기관람","콘도,민박,4-5성급호텔",오전 10시 이후,100만원 이하,"이 사용자는 국내 지역을 선호하고, 쌀쌀함 기후를 피하고 싶어해요. 여행 목적은 미식이며, 4-5성급호텔에서 머무는 걸 좋아하고 오전 10시 이후쯤 기상하는 편이에요.",
908,보통,수용적,적다,매우 정확,무조건 리드,4,둔감,매우 여유있게,해외,바다,즉흥 여행,적당히 봄,코골이 안함,다른 곳 간다,"일본,유럽,국내","상관없음,쌀쌀함,건조함","사람&관계,휴식,미식","상관없음,민박,3성이하 호텔",오전 9-10시,200-300만원,"이 사용자는 국내 지역을 선호하고, 건조함 기후를 피하고 싶어해요. 여행 목적은 휴식이며, 3성이하 호텔에서 머무는 걸 좋아하고 오전 9-10시쯤 기상하는 편이에요.",
909,매우 둔감,수용적,많다,보통,무조건 따름,3,매우 둔감,보통,국내,바다,계획 여행,적당히 봄,코골이 함,다른 곳 간다,"세계일주,그 외,국내","습함,상관없음,쌀쌀함","휴식,쇼핑,액티비티","콘도,4-5성급호텔,3성이하 호텔",오전 9-10시,300-400만원,"이 사용자는 세계일주 지역을 선호하고, 쌀쌀함 기후를 피하고 싶어해요. 여행 목적은 휴식이며, 콘도에서 머무는 걸 좋아하고 오전 9-10시쯤 기상하는 편이에요.",
910,보통,다소 완고,많다,종종 늦음,리드하는편,5,보통,매우 빡빡하게,국내,산,즉흥 여행,무조건 다 봄,코골이 안함,다른 곳 간다,"유럽,국내,동남아","추움,건조함,쌀쌀함","액티비티,휴식,공연&경기관람","민박,콘도,펜션",오전 9-10시,400만원 이상,"이 사용자는 유럽 지역을 선호하고, 쌀쌀함 기후를 피하고 싶어해요. 여행 목적은 휴식이며, 민박에서 머무는 걸 좋아하고 오전 9-10시쯤 기상하는 편이에요.",
911,매우 둔감,다소 완고,매우 많다,종종 늦음,리드하는편,3,매우 둔감,매우 여유있게,국내,바다,즉흥 여행,무조건 다 봄,코골이 안함,다른 곳 간다,"일본,그 외,세계일주","건조함,추움,습함","액티비티,문화&역사체험,휴식","3성이하 호텔,콘도,게스트하우스",오전 8-9시,400만원 이상,"이 사용자는 그 외 지역을 선호하고, 추움 기후를 피하고 싶어해요. 여행 목적은 휴식이며, 콘도에서 머무는 걸 좋아하고 오전 8-9시쯤 기상하는 편이에요.",
912,매우 민감,매우 수용적,많다,종종 늦음,무조건 리드,5,꽤 민감,꽤 여유있게,해외,바다,즉흥 여행,무조건 다 봄,코골이 안함,기다림,"미국,국내,일본","더움,상관없음,쌀쌀함","미식,문화&역사체험,휴식","펜션,4-5성급호텔,민박",오전 9-10시,200-300만원,"이 사용자는 미국 지역을 선호하고, 상관없음 기후를 피하고 싶어해요. 여행 목적은 휴식이며, 민박에서 머무는 걸 좋아하고 오전 9-10시쯤 기상하는 편이에요.",
913,매우 민감,다소 완고,적다,보통,무조건 리드,4,매우 둔감,꽤 빡빡하게,국내,바다,계획 여행,무조건 다 봄,코골이 함,기다림,"유럽,미국,중국&몽골","추움,습함,쌀쌀함","문화&역사체험,자연감상,쇼핑","민박,상관없음,콘도",오전 10시 이후,100만원 이하,"이 사용자는 미국 지역을 선호하고, 쌀쌀함 기후를 피하고 싶어해요. 여행 목적은 쇼핑이며, 콘도에서 머무는 걸 좋아하고 오전 10시 이후쯤 기상하는 편이에요.",
914,둔감,보통,매우 많다,매우 정확,리드하는편,1,보통,매우 여유있게,해외,산,계획 여행,적당히 봄,코골이 안함,기다림,"국내,유럽,세계일주","상관없음,건조함,쌀쌀함","문화&역사체험,사람&관계,도전과성장","콘도,에어비엔비,4-5성급호텔",오전 8-9시,100만원 이하,"이 사용자는 국내 지역을 선호하고, 상관없음 기후를 피하고 싶어해요. 여행 목적은 사람&관계이며, 콘도에서 머무는 걸 좋아하고 오전 8-9시쯤 기상하는 편이에요.",
915,매우 둔감,보통,매우 적다,보통,따르는 편,1,매우 둔감,꽤 빡빡하게,국내,바다,계획 여행,무조건 다 봄,코골이 함,다른 곳 간다,"국내,세계일주,일본","습함,건조함,추움","문화&역사체험,액티비티,기록","상관없음,4-5성급호텔,콘도",오전 8-9시,300-400만원,"이 사용자는 국내 지역을 선호하고, 습함 기후를 피하고 싶어해요. 여행 목적은 액티비티이며, 4-5성급호텔에서 머무는 걸 좋아하고 오전 8-9시쯤 기상하는 편이에요.",
916,매우 둔감,매우 수용적,매우 많다,종종 늦음,무조건 리드,4,둔감,매우 여유있게,해외,산,즉흥 여행,무조건 다 봄,코골이 함,다른 곳 간다,"미국,일본,세계일주","상관없음,더움,추움","쇼핑,사람&관계,공연&경기관람","게스트하우스,민박,콘도",오전 10시 이후,300-400만원,"이 사용자는 일본 지역을 선호하고, 추움 기후를 피하고 싶어해요. 여행 목적은 공연&경기관람이며, 민박에서 머무는 걸 좋아하고 오전 10시 이후쯤 기상하는 편이에요.",
917,둔감,수용적,매우 적다,자주 늦음,리드하는편,5,매우 민감,꽤 빡빡하게,해외,산,즉흥 여행,적당히 봄,코골이 안함,다른 곳 간다,"세계일주,국내,그 외","상관없음,습함,더움","쇼핑,문화&역사체험,미식","상관없음,4-5성급호텔,에어비엔비",오전 8-9시,100만원 이하,"이 사용자는 세계일주 지역을 선호하고, 습함 기후를 피하고 싶어해요. 여행 목적은 문화&역사체험이며, 상관없음에서 머무는 걸 좋아하고 오전 8-9시쯤 기상하는 편이에요.",
918,매우 민감,수용적,매우 적다,보통,무조건 따름,1,꽤 민감,꽤 여유있게,국내,산,즉흥 여행,적당히 봄,코골이 안함,기다림,"중국&몽골,유럽,일본","상관없음,쌀쌀함,습함","도전과성장,기록,문화&역사체험","4-5성급호텔,민박,게스트하우스",오전 8-9시,300-400만원,"이 사용자는 중국&몽골 지역을 선호하고, 습함 기후를 피하고 싶어해요. 여행 목적은 도전과성장이며, 4-5성급호텔에서 머무는 걸 좋아하고 오전 8-9시쯤 기상하는 편이에요.",
919,꽤 민감,매우 완고,매우 적다,종종 늦음,무조건 따름,5,매우 둔감,보통,국내,바다,계획 여행,적당히 봄,코골이 함,기다림,"그 외,국내,유럽","건조함,습함,더움","휴식,문화&역사체험,액티비티","콘도,펜션,상관없음",오전 10시 이후,400만원 이상,"이 사용자는 유럽 지역을 선호하고, 건조함 기후를 피하고 싶어해요. 여행 목적은 액티비티이며, 상관없음에서 머무는 걸 좋아하고 오전 10시 이후쯤 기상하는 편이에요.",
920,둔감,매우 완고,매우 많다,보통,무조건 리드,5,꽤 민감,보통,국내,바다,즉흥 여행,무조건 다 봄,코골이 안함,다른 곳 간다,"미국,유럽,일본","더움,쌀쌀함,상관없음","사람&관계,미식,쇼핑","민박,게스트하우스,4-5성급호텔",오전 9-10시,400만원 이상,"이 사용자는 유럽 지역을 선호하고, 더움 기후를 피하고 싶어해요. 여행 목적은 사람&관계이며, 게스트하우스에서 머무는 걸 좋아하고 오전 9-10시쯤 기상하는 편이에요.",
921,매우 민감,다소 완고,매우 많다,종종 늦음,보통,5,꽤 민감,매우 여유있게,해외,산,계획 여행,적당히 봄,코골이 안함,기다림,"동남아,국내,그 외","추움,건조함,습함","휴식,문화&역사체험,도전과성장","민박,에어비엔비,상관없음",오전 8-9시,100만원 이하,"이 사용자는 국내 지역을 선호하고, 추움 기후를 피하고 싶어해요. 여행 목적은 휴식이며, 상관없음에서 머무는 걸 좋아하고 오전 8-9시쯤 기상하는 편이에요.",
922,둔감,다소 완고,적다,매우 정확,따르는 편,4,매우 민감,보통,해외,바다,계획 여행,적당히 봄,코골이 안함,기다림,"일본,미국,국내","쌀쌀함,습함,건조함","기록,문화&역사체험,액티비티","민박,4-5성급호텔,3성이하 호텔",오전 8-9시,400만원 이상,"이 사용자는 국내 지역을 선호하고, 건조함 기후를 피하고 싶어해요. 여행 목적은 기록이며, 3성이하 호텔에서 머무는 걸 좋아하고 오전 8-9시쯤 기상하는 편이에요.",
923,매우 민감,매우 완고,매우 적다,종종 늦음,무조건 따름,4,둔감,매우 여유있게,해외,산,계획 여행,적당히 봄,코골이 안함,다른 곳 간다,"국내,세계일주,미국","상관없음,더움,쌀쌀함","도전과성장,휴식,미식","펜션,에어비엔비,상관없음",오전 9-10시,200-300만원,"이 사용자는 세계일주 지역을 선호하고, 쌀쌀함 기후를 피하고 싶어해요. 여행 목적은 미식이며, 펜션에서 머무는 걸 좋아하고 오전 9-10시쯤 기상하는 편이에요.",
924,매우 민감,매우 수용적,보통,자주 늦음,무조건 따름,4,꽤 민감,보통,국내,산,계획 여행,무조건 다 봄,코골이 함,다른 곳 간다,"유럽,세계일주,미국","추움,더움,쌀쌀함","사람&관계,공연&경기관람,도전과성장","에어비엔비,4-5성급호텔,3성이하 호텔",오전 10시 이후,400만원 이상,"이 사용자는 세계일주 지역을 선호하고, 쌀쌀함 기후를 피하고 싶어해요. 여행 목적은 사람&관계이며, 4-5성급호텔에서 머무는 걸 좋아하고 오전 10시 이후쯤 기상하는 편이에요.",
925,매우 둔감,다소 완고,많다,매우 정확,따르는 편,2,보통,매우 여유있게,해외,바다,즉흥 여행,적당히 봄,코골이 함,기다림,"유럽,세계일주,일본","상관없음,쌀쌀함,추움","미식,쇼핑,도전과성장","게스트하우스,4-5성급호텔,상관없음",오전 10시 이후,300-400만원,"이 사용자는 유럽 지역을 선호하고, 쌀쌀함 기후를 피하고 싶어해요. 여행 목적은 미식이며, 게스트하우스에서 머무는 걸 좋아하고 오전 10시 이후쯤 기상하는 편이에요.",
926,매우 민감,다소 완고,보통,종종 늦음,따르는 편,3,꽤 민감,꽤 빡빡하게,국내,바다,계획 여행,적당히 봄,코골이 안함,기다림,"국내,일본,중국&몽골","더움,쌀쌀함,건조함","액티비티,휴식,사람&관계","게스트하우스,3성이하 호텔,상관없음",오전 9-10시,100만원 이하,"이 사용자는 국내 지역을 선호하고, 쌀쌀함 기후를 피하고 싶어해요. 여행 목적은 액티비티이며, 3성이하 호텔에서 머무는 걸 좋아하고 오전 9-10시쯤 기상하는 편이에요.",
927,매우 둔감,다소 완고,적다,꽤 정확,따르는 편,4,매우 민감,보통,국내,산,계획 여행,적당히 봄,코골이 함,다른 곳 간다,"동남아,국내,미국","건조함,추움,습함","공연&경기관람,사람&관계,기록","게스트하우스,상관없음,3성이하 호텔",오전 9-10시,400만원 이상,"이 사용자는 동남아 지역을 선호하고, 습함 기후를 피하고 싶어해요. 여행 목적은 공연&경기관람이며, 게스트하우스에서 머무는 걸 좋아하고 오전 9-10시쯤 기상하는 편이에요.",
928,매우 민감,다소 완고,매우 적다,매우 정확,무조건 따름,2,매우 민감,꽤 빡빡하게,국내,산,계획 여행,무조건 다 봄,코골이 안함,기다림,"일본,국내,미국","더움,추움,상관없음","액티비티,공연&경기관람,휴식","민박,콘도,4-5성급호텔",오전 10시 이후,200-300만원,"이 사용자는 미국 지역을 선호하고, 상관없음 기후를 피하고 싶어해요. 여행 목적은 휴식이며, 콘도에서 머무는 걸 좋아하고 오전 10시 이후쯤 기상하는 편이에요.",
929,보통,보통,매우 많다,보통,보통,5,보통,보통,국내,산,계획 여행,적당히 봄,코골이 함,기다림,"동남아,중국&몽골,국내","습함,건조함,더움","쇼핑,기록,휴식","에어비엔비,3성이하 호텔,게스트하우스",오전 8-9시,100만원 이하,"이 사용자는 동남아 지역을 선호하고, 습함 기후를 피하고 싶어해요. 여행 목적은 휴식이며, 3성이하 호텔에서 머무는 걸 좋아하고 오전 8-9시쯤 기상하는 편이에요.",
930,꽤 민감,매우 완고,매우 적다,보통,리드하는편,3,매우 민감,꽤 여유있게,해외,바다,계획 여행,무조건 다 봄,코골이 함,다른 곳 간다,"유럽,일본,국내","습함,상관없음,추움","문화&역사체험,공연&경기관람,사람&관계","게스트하우스,4-5성급호텔,펜션",오전 9-10시,300-400만원,"이 사용자는 일본 지역을 선호하고, 추움 기후를 피하고 싶어해요. 여행 목적은 사람&관계이며, 4-5성급호텔에서 머무는 걸 좋아하고 오전 9-10시쯤 기상하는 편이에요.",
931,매우 민감,매우 수용적,매우 적다,꽤 정확,무조건 리드,4,매우 둔감,보통,국내,산,계획 여행,무조건 다 봄,코골이 함,다른 곳 간다,"일본,미국,유럽","건조함,상관없음,더움","도전과성장,휴식,미식","게스트하우스,상관없음,콘도",오전 9-10시,300-400만원,"이 사용자는 일본 지역을 선호하고, 건조함 기후를 피하고 싶어해요. 여행 목적은 도전과성장이며, 상관없음에서 머무는 걸 좋아하고 오전 9-10시쯤 기상하는 편이에요.",
932,매우 둔감,수용적,매우 적다,꽤 정확,무조건 리드,5,둔감,매우 빡빡하게,해외,산,즉흥 여행,적당히 봄,코골이 안함,다른 곳 간다,"중국&몽골,세계일주,미국","건조함,추움,더움","쇼핑,기록,공연&경기관람","펜션,3성이하 호텔,4-5성급호텔",오전 8-9시,400만원 이상,"이 사용자는 미국 지역을 선호하고, 건조함 기후를 피하고 싶어해요. 여행 목적은 기록이며, 3성이하 호텔에서 머무는 걸 좋아하고 오전 8-9시쯤 기상하는 편이에요.",
933,둔감,수용적,매우 적다,종종 늦음,무조건 따름,1,꽤 민감,매우 빡빡하게,국내,바다,즉흥 여행,무조건 다 봄,코골이 함,기다림,"미국,중국&몽골,세계일주","습함,건조함,상관없음","도전과성장,사람&관계,문화&역사체험","펜션,3성이하 호텔,에어비엔비",오전 8-9시,400만원 이상,"이 사용자는 중국&몽골 지역을 선호하고, 상관없음 기후를 피하고 싶어해요. 여행 목적은 문화&역사체험이며, 펜션에서 머무는 걸 좋아하고 오전 8-9시쯤 기상하는 편이에요.",
934,둔감,보통,보통,보통,무조건 리드,2,둔감,꽤 여유있게,해외,바다,즉흥 여행,무조건 다 봄,코골이 함,기다림,"세계일주,그 외,동남아","건조함,상관없음,습함","미식,기록,쇼핑","민박,펜션,3성이하 호텔",오전 9-10시,100만원 이하,"이 사용자는 세계일주 지역을 선호하고, 상관없음 기후를 피하고 싶어해요. 여행 목적은 미식이며, 민박에서 머무는 걸 좋아하고 오전 9-10시쯤 기상하는 편이에요.",
935,보통,보통,매우 적다,종종 늦음,리드하는편,3,매우 민감,꽤 여유있게,해외,바다,즉흥 여행,적당히 봄,코골이 함,다른 곳 간다,"미국,국내,세계일주","쌀쌀함,상관없음,더움","쇼핑,도전과성장,자연감상","4-5성급호텔,에어비엔비,민박",오전 8-9시,200-300만원,"이 사용자는 미국 지역을 선호하고, 쌀쌀함 기후를 피하고 싶어해요. 여행 목적은 도전과성장이며, 4-5성급호텔에서 머무는 걸 좋아하고 오전 8-9시쯤 기상하는 편이에요.",
936,보통,다소 완고,매우 적다,종종 늦음,보통,5,꽤 민감,꽤 여유있게,국내,산,계획 여행,적당히 봄,코골이 안함,기다림,"그 외,유럽,국내","쌀쌀함,추움,건조함","휴식,사람&관계,문화&역사체험","상관없음,민박,게스트하우스",오전 9-10시,300-400만원,"이 사용자는 국내 지역을 선호하고, 쌀쌀함 기후를 피하고 싶어해요. 여행 목적은 문화&역사체험이며, 민박에서 머무는 걸 좋아하고 오전 9-10시쯤 기상하는 편이에요.",
937,꽤 민감,매우 완고,많다,꽤 정확,리드하는편,3,매우 민감,꽤 여유있게,국내,산,즉흥 여행,적당히 봄,코골이 안함,다른 곳 간다,"유럽,세계일주,중국&몽골","추움,건조함,상관없음","자연감상,쇼핑,사람&관계","민박,4-5성급호텔,에어비엔비",오전 10시 이후,400만원 이상,"이 사용자는 유럽 지역을 선호하고, 건조함 기후를 피하고 싶어해요. 여행 목적은 쇼핑이며, 4-5성급호텔에서 머무는 걸 좋아하고 오전 10시 이후쯤 기상하는 편이에요.",
938,보통,수용적,매우 많다,보통,무조건 따름,1,꽤 민감,매우 빡빡하게,국내,바다,즉흥 여행,무조건 다 봄,코골이 안함,다른 곳 간다,"그 외,국내,미국","건조함,추움,습함","문화&역사체험,기록,액티비티","펜션,에어비엔비,게스트하우스",오전 8-9시,200-300만원,"이 사용자는 그 외 지역을 선호하고, 습함 기후를 피하고 싶어해요. 여행 목적은 액티비티이며, 펜션에서 머무는 걸 좋아하고 오전 8-9시쯤 기상하는 편이에요.",
939,매우 둔감,보통,보통,매우 정확,무조건 리드,3,꽤 민감,매우 빡빡하게,국내,바다,즉흥 여행,무조건 다 봄,코골이 함,기다림,"일본,중국&몽골,미국","습함,추움,쌀쌀함","미식,쇼핑,사람&관계","펜션,게스트하우스,에어비엔비",오전 10시 이후,300-400만원,"이 사용자는 중국&몽골 지역을 선호하고, 습함 기후를 피하고 싶어해요. 여행 목적은 미식이며, 게스트하우스에서 머무는 걸 좋아하고 오전 10시 이후쯤 기상하는 편이에요.",
940,둔감,수용적,매우 적다,자주 늦음,리드하는편,3,둔감,꽤 빡빡하게,해외,산,즉흥 여행,무조건 다 봄,코골이 함,다른 곳 간다,"미국,중국&몽골,그 외","습함,쌀쌀함,더움","쇼핑,기록,도전과성장","민박,펜션,4-5성급호텔",오전 9-10시,100만원 이하,"이 사용자는 그 외 지역을 선호하고, 더움 기후를 피하고 싶어해요. 여행 목적은 도전과성장이며, 펜션에서 머무는 걸 좋아하고 오전 9-10시쯤 기상하는 편이에요.",
941,둔감,보통,보통,종종 늦음,무조건 따름,5,매우 둔감,꽤 여유있게,해외,산,즉흥 여행,무조건 다 봄,코골이 안함,다른 곳 간다,"유럽,미국,동남아","건조함,상관없음,습함","휴식,쇼핑,도전과성장","게스트하우스,에어비엔비,4-5성급호텔",오전 8-9시,400만원 이상,"이 사용자는 동남아 지역을 선호하고, 건조함 기후를 피하고 싶어해요. 여행 목적은 도전과성장이며, 게스트하우스에서 머무는 걸 좋아하고 오전 8-9시쯤 기상하는 편이에요.",
942,보통,수용적,많다,자주 늦음,리드하는편,5,매우 둔감,꽤 빡빡하게,국내,산,즉흥 여행,적당히 봄,코골이 함,기다림,"그 외,유럽,국내","건조함,추움,더움","미식,문화&역사체험,액티비티","게스트하우스,4-5성급호텔,3성이하 호텔",오전 10시 이후,200-300만원,"이 사용자는 국내 지역을 선호하고, 건조함 기후를 피하고 싶어해요. 여행 목적은 액티비티이며, 게스트하우스에서 머무는 걸 좋아하고 오전 10시 이후쯤 기상하는 편이에요.",
943,꽤 민감,다소 완고,많다,종종 늦음,따르는 편,3,꽤 민감,꽤 빡빡하게,국내,산,계획 여행,적당히 봄,코골이 안함,기다림,"유럽,미국,국내","습함,건조함,쌀쌀함","액티비티,사람&관계,공연&경기관람","게스트하우스,4-5성급호텔,에어비엔비",오전 9-10시,200-300만원,"이 사용자는 국내 지역을 선호하고, 쌀쌀함 기후를 피하고 싶어해요. 여행 목적은 공연&경기관람이며, 게스트하우스에서 머무는 걸 좋아하고 오전 9-10시쯤 기상하는 편이에요.",
944,둔감,다소 완고,보통,보통,무조건 따름,1,꽤 민감,꽤 빡빡하게,국내,바다,계획 여행,무조건 다 봄,코골이 안함,기다림,"중국&몽골,미국,국내","쌀쌀함,추움,습함","휴식,자연감상,미식","상관없음,콘도,민박",오전 8-9시,200-300만원,"이 사용자는 국내 지역을 선호하고, 추움 기후를 피하고 싶어해요. 여행 목적은 미식이며, 민박에서 머무는 걸 좋아하고 오전 8-9시쯤 기상하는 편이에요.",
945,꽤 민감,매우 완고,적다,자주 늦음,리드하는편,4,매우 민감,꽤 여유있게,국내,바다,즉흥 여행,무조건 다 봄,코골이 함,기다림,"중국&몽골,그 외,미국","상관없음,건조함,추움","사람&관계,도전과성장,액티비티","3성이하 호텔,민박,4-5성급호텔",오전 10시 이후,400만원 이상,"이 사용자는 미국 지역을 선호하고, 건조함 기후를 피하고 싶어해요. 여행 목적은 사람&관계이며, 4-5성급호텔에서 머무는 걸 좋아하고 오전 10시 이후쯤 기상하는 편이에요.",
946,보통,수용적,많다,보통,리드하는편,3,둔감,꽤 여유있게,국내,바다,계획 여행,적당히 봄,코골이 함,기다림,"일본,국내,동남아","습함,더움,상관없음","자연감상,기록,쇼핑","게스트하우스,4-5성급호텔,펜션",오전 10시 이후,400만원 이상,"이 사용자는 국내 지역을 선호하고, 습함 기후를 피하고 싶어해요. 여행 목적은 자연감상이며, 펜션에서 머무는 걸 좋아하고 오전 10시 이후쯤 기상하는 편이에요.",
947,보통,다소 완고,적다,자주 늦음,보통,1,꽤 민감,꽤 여유있게,해외,바다,즉흥 여행,적당히 봄,코골이 함,기다림,"국내,유럽,일본","상관없음,쌀쌀함,습함","도전과성장,미식,기록","콘도,게스트하우스,민박",오전 9-10시,300-400만원,"이 사용자는 국내 지역을 선호하고, 습함 기후를 피하고 싶어해요. 여행 목적은 미식이며, 게스트하우스에서 머무는 걸 좋아하고 오전 9-10시쯤 기상하는 편이에요.",
948,매우 민감,수용적,보통,매우 정확,무조건 리드,5,꽤 민감,꽤 여유있게,해외,산,계획 여행,적당히 봄,코골이 안함,다른 곳 간다,"미국,그 외,동남아","상관없음,건조함,습함","도전과성장,액티비티,사람&관계","민박,3성이하 호텔,펜션",오전 10시 이후,400만원 이상,"이 사용자는 동남아 지역을 선호하고, 상관없음 기후를 피하고 싶어해요. 여행 목적은 액티비티이며, 펜션에서 머무는 걸 좋아하고 오전 10시 이후쯤 기상하는 편이에요.",
949,꽤 민감,다소 완고,매우 적다,꽤 정확,리드하는편,4,보통,꽤 빡빡하게,국내,산,즉흥 여행,적당히 봄,코골이 안함,다른 곳 간다,"중국&몽골,일본,그 외","더움,건조함,쌀쌀함","도전과성장,액티비티,미식","4-5성급호텔,민박,3성이하 호텔",오전 8-9시,200-300만원,"이 사용자는 일본 지역을 선호하고, 쌀쌀함 기후를 피하고 싶어해요. 여행 목적은 액티비티이며, 민박에서 머무는 걸 좋아하고 오전 8-9시쯤 기상하는 편이에요.",
950,둔감,수용적,보통,매우 정확,무조건 리드,3,매우 둔감,보통,국내,바다,즉흥 여행,적당히 봄,코골이 안함,기다림,"동남아,그 외,국내","더움,상관없음,쌀쌀함","기록,휴식,공연&경기관람","펜션,4-5성급호텔,콘도",오전 8-9시,400만원 이상,"이 사용자는 그 외 지역을 선호하고, 쌀쌀함 기후를 피하고 싶어해요. 여행 목적은 휴식이며, 4-5성급호텔에서 머무는 걸 좋아하고 오전 8-9시쯤 기상하는 편이에요.",
951,보통,다소 완고,매우 적다,종종 늦음,보통,2,보통,매우 빡빡하게,국내,산,즉흥 여행,무조건 다 봄,코골이 안함,기다림,"미국,유럽,일본","더움,추움,상관없음","쇼핑,미식,액티비티","3성이하 호텔,콘도,4-5성급호텔",오전 10시 이후,400만원 이상,"이 사용자는 일본 지역을 선호하고, 상관없음 기후를 피하고 싶어해요. 여행 목적은 미식이며, 4-5성급호텔에서 머무는 걸 좋아하고 오전 10시 이후쯤 기상하는 편이에요.",
952,매우 민감,수용적,매우 적다,보통,무조건 따름,5,매우 둔감,꽤 빡빡하게,해외,산,계획 여행,무조건 다 봄,코골이 함,기다림,"국내,중국&몽골,유럽","추움,습함,상관없음","도전과성장,공연&경기관람,액티비티","민박,에어비엔비,펜션",오전 8-9시,300-400만원,"이 사용자는 국내 지역을 선호하고, 상관없음 기후를 피하고 싶어해요. 여행 목적은 공연&경기관람이며, 민박에서 머무는 걸 좋아하고 오전 8-9시쯤 기상하는 편이에요.",
953,보통,수용적,매우 적다,매우 정확,리드하는편,4,둔감,꽤 빡빡하게,해외,산,계획 여행,무조건 다 봄,코골이 함,다른 곳 간다,"동남아,그 외,일본","상관없음,쌀쌀함,추움","자연감상,도전과성장,미식","민박,게스트하우스,콘도",오전 9-10시,300-400만원,"이 사용자는 일본 지역을 선호하고, 상관없음 기후를 피하고 싶어해요. 여행 목적은 도전과성장이며, 게스트하우스에서 머무는 걸 좋아하고 오전 9-10시쯤 기상하는 편이에요.",
954,보통,수용적,보통,종종 늦음,무조건 따름,3,보통,꽤 빡빡하게,해외,바다,즉흥 여행,무조건 다 봄,코골이 함,다른 곳 간다,"미국,세계일주,중국&몽골","상관없음,쌀쌀함,추움","도전과성장,자연감상,액티비티","콘도,게스트하우스,펜션",오전 9-10시,400만원 이상,"이 사용자는 중국&몽골 지역을 선호하고, 쌀쌀함 기후를 피하고 싶어해요. 여행 목적은 자연감상이며, 콘도에서 머무는 걸 좋아하고 오전 9-10시쯤 기상하는 편이에요.",
955,둔감,매우 수용적,매우 많다,꽤 정확,무조건 따름,5,매우 둔감,매우 빡빡하게,국내,바다,계획 여행,무조건 다 봄,코골이 안함,다른 곳 간다,"중국&몽골,국내,세계일주","건조함,더움,쌀쌀함","문화&역사체험,기록,공연&경기관람","민박,4-5성급호텔,상관없음",오전 9-10시,100만원 이하,"이 사용자는 중국&몽골 지역을 선호하고, 건조함 기후를 피하고 싶어해요. 여행 목적은 문화&역사체험이며, 민박에서 머무는 걸 좋아하고 오전 9-10시쯤 기상하는 편이에요.",
956,꽤 민감,다소 완고,많다,종종 늦음,따르는 편,4,꽤 민감,매우 빡빡하게,해외,바다,즉흥 여행,적당히 봄,코골이 함,다른 곳 간다,"중국&몽골,일본,그 외","상관없음,더움,쌀쌀함","기록,휴식,미식","4-5성급호텔,펜션,상관없음",오전 8-9시,100만원 이하,"이 사용자는 일본 지역을 선호하고, 더움 기후를 피하고 싶어해요. 여행 목적은 기록이며, 4-5성급호텔에서 머무는 걸 좋아하고 오전 8-9시쯤 기상하는 편이에요.",
957,매우 민감,매우 완고,매우 많다,자주 늦음,무조건 따름,4,매우 민감,매우 여유있게,국내,바다,즉흥 여행,적당히 봄,코골이 안함,기다림,"동남아,그 외,국내","건조함,쌀쌀함,더움","휴식,기록,사람&관계","게스트하우스,상관없음,민박",오전 10시 이후,400만원 이상,"이 사용자는 동남아 지역을 선호하고, 더움 기후를 피하고 싶어해요. 여행 목적은 휴식이며, 상관없음에서 머무는 걸 좋아하고 오전 10시 이후쯤 기상하는 편이에요.",
958,매우 민감,매우 수용적,매우 적다,종종 늦음,따르는 편,1,보통,매우 빡빡하게,해외,산,계획 여행,적당히 봄,코골이 안함,다른 곳 간다,"동남아,일본,세계일주","건조함,상관없음,쌀쌀함","액티비티,휴식,공연&경기관람","민박,게스트하우스,4-5성급호텔",오전 8-9시,100만원 이하,"이 사용자는 일본 지역을 선호하고, 상관없음 기후를 피하고 싶어해요. 여행 목적은 휴식이며, 민박에서 머무는 걸 좋아하고 오전 8-9시쯤 기상하는 편이에요.",
959,보통,보통,보통,종종 늦음,리드하는편,4,매우 둔감,꽤 여유있게,해외,바다,즉흥 여행,무조건 다 봄,코골이 안함,기다림,"일본,유럽,동남아","건조함,쌀쌀함,추움","도전과성장,휴식,미식","상관없음,게스트하우스,민박",오전 10시 이후,300-400만원,"이 사용자는 유럽 지역을 선호하고, 쌀쌀함 기후를 피하고 싶어해요. 여행 목적은 휴식이며, 상관없음에서 머무는 걸 좋아하고 오전 10시 이후쯤 기상하는 편이에요.",
960,보통,다소 완고,많다,꽤 정확,리드하는편,5,매우 둔감,꽤 빡빡하게,해외,산,계획 여행,적당히 봄,코골이 함,기다림,"국내,동남아,세계일주","습함,더움,쌀쌀함","기록,자연감상,도전과성장","민박,4-5성급호텔,콘도",오전 9-10시,400만원 이상,"이 사용자는 국내 지역을 선호하고, 쌀쌀함 기후를 피하고 싶어해요. 여행 목적은 자연감상이며, 민박에서 머무는 걸 좋아하고 오전 9-10시쯤 기상하는 편이에요.",
961,보통,다소 완고,매우 적다,매우 정확,리드하는편,2,둔감,매우 여유있게,국내,산,즉흥 여행,무조건 다 봄,코골이 함,다른 곳 간다,"세계일주,유럽,중국&몽골","상관없음,추움,습함","도전과성장,기록,사람&관계","상관없음,3성이하 호텔,4-5성급호텔",오전 9-10시,100만원 이하,"이 사용자는 중국&몽골 지역을 선호하고, 추움 기후를 피하고 싶어해요. 여행 목적은 도전과성장이며, 4-5성급호텔에서 머무는 걸 좋아하고 오전 9-10시쯤 기상하는 편이에요.",
962,꽤 민감,수용적,적다,자주 늦음,무조건 리드,2,둔감,보통,국내,바다,계획 여행,무조건 다 봄,코골이 함,기다림,"일본,그 외,미국","습함,상관없음,더움","문화&역사체험,도전과성장,액티비티","에어비엔비,3성이하 호텔,콘도",오전 9-10시,400만원 이상,"이 사용자는 그 외 지역을 선호하고, 더움 기후를 피하고 싶어해요. 여행 목적은 문화&역사체험이며, 에어비엔비에서 머무는 걸 좋아하고 오전 9-10시쯤 기상하는 편이에요.",
963,꽤 민감,매우 수용적,많다,자주 늦음,무조건 리드,3,매우 둔감,매우 빡빡하게,국내,바다,즉흥 여행,적당히 봄,코골이 안함,다른 곳 간다,"국내,미국,일본","습함,추움,건조함","기록,도전과성장,공연&경기관람","4-5성급호텔,게스트하우스,3성이하 호텔",오전 8-9시,400만원 이상,"이 사용자는 일본 지역을 선호하고, 습함 기후를 피하고 싶어해요. 여행 목적은 공연&경기관람이며, 게스트하우스에서 머무는 걸 좋아하고 오전 8-9시쯤 기상하는 편이에요.",
964,매우 민감,매우 수용적,매우 적다,매우 정확,보통,3,매우 둔감,매우 빡빡하게,해외,바다,계획 여행,적당히 봄,코골이 안함,기다림,"국내,동남아,미국","추움,습함,쌀쌀함","액티비티,도전과성장,미식","게스트하우스,콘도,에어비엔비",오전 10시 이후,200-300만원,"이 사용자는 미국 지역을 선호하고, 쌀쌀함 기후를 피하고 싶어해요. 여행 목적은 도전과성장이며, 에어비엔비에서 머무는 걸 좋아하고 오전 10시 이후쯤 기상하는 편이에요.",
965,보통,보통,매우 많다,꽤 정확,따르는 편,3,보통,매우 여유있게,국내,산,즉흥 여행,적당히 봄,코골이 함,기다림,"미국,국내,일본","더움,쌀쌀함,상관없음","사람&관계,문화&역사체험,휴식","3성이하 호텔,4-5성급호텔,콘도",오전 9-10시,300-400만원,"이 사용자는 국내 지역을 선호하고, 쌀쌀함 기후를 피하고 싶어해요. 여행 목적은 휴식이며, 3성이하 호텔에서 머무는 걸 좋아하고 오전 9-10시쯤 기상하는 편이에요.",
966,꽤 민감,수용적,보통,종종 늦음,리드하는편,5,매우 둔감,매우 빡빡하게,해외,산,계획 여행,무조건 다 봄,코골이 함,기다림,"일본,그 외,국내","건조함,더움,습함","기록,공연&경기관람,미식","민박,콘도,4-5성급호텔",오전 9-10시,400만원 이상,"이 사용자는 국내 지역을 선호하고, 더움 기후를 피하고 싶어해요. 여행 목적은 공연&경기관람이며, 콘도에서 머무는 걸 좋아하고 오전 9-10시쯤 기상하는 편이에요.",
967,매우 둔감,다소 완고,보통,자주 늦음,무조건 따름,3,꽤 민감,꽤 여유있게,해외,산,계획 여행,적당히 봄,코골이 함,다른 곳 간다,"유럽,동남아,중국&몽골","더움,습함,상관없음","공연&경기관람,미식,문화&역사체험","민박,게스트하우스,3성이하 호텔",오전 9-10시,300-400만원,"이 사용자는 중국&몽골 지역을 선호하고, 더움 기후를 피하고 싶어해요. 여행 목적은 공연&경기관람이며, 민박에서 머무는 걸 좋아하고 오전 9-10시쯤 기상하는 편이에요.",
968,매우 둔감,수용적,적다,종종 늦음,무조건 리드,3,보통,매우 여유있게,해외,바다,즉흥 여행,적당히 봄,코골이 안함,다른 곳 간다,"국내,일본,동남아","추움,쌀쌀함,건조함","자연감상,도전과성장,기록","3성이하 호텔,콘도,민박",오전 9-10시,300-400만원,"이 사용자는 동남아 지역을 선호하고, 건조함 기후를 피하고 싶어해요. 여행 목적은 기록이며, 3성이하 호텔에서 머무는 걸 좋아하고 오전 9-10시쯤 기상하는 편이에요.",
969,둔감,매우 수용적,많다,보통,따르는 편,2,매우 민감,꽤 여유있게,국내,바다,계획 여행,적당히 봄,코골이 안함,기다림,"국내,일본,중국&몽골","습함,건조함,추움","도전과성장,휴식,기록","콘도,게스트하우스,민박",오전 10시 이후,100만원 이하,"이 사용자는 일본 지역을 선호하고, 건조함 기후를 피하고 싶어해요. 여행 목적은 기록이며, 게스트하우스에서 머무는 걸 좋아하고 오전 10시 이후쯤 기상하는 편이에요.",
970,매우 둔감,다소 완고,매우 많다,꽤 정확,따르는 편,4,꽤 민감,매우 빡빡하게,국내,산,계획 여행,적당히 봄,코골이 안함,다른 곳 간다,"동남아,미국,국내","습함,상관없음,더움","공연&경기관람,미식,액티비티","4-5성급호텔,3성이하 호텔,에어비엔비",오전 10시 이후,400만원 이상,"이 사용자는 미국 지역을 선호하고, 더움 기후를 피하고 싶어해요. 여행 목적은 공연&경기관람이며, 4-5성급호텔에서 머무는 걸 좋아하고 오전 10시 이후쯤 기상하는 편이에요.",
971,꽤 민감,매우 수용적,보통,종종 늦음,보통,3,꽤 민감,매우 여유있게,해외,산,계획 여행,무조건 다 봄,코골이 함,다른 곳 간다,"그 외,국내,중국&몽골","쌀쌀함,습함,더움","쇼핑,미식,사람&관계","콘도,게스트하우스,펜션",오전 10시 이후,300-400만원,"이 사용자는 국내 지역을 선호하고, 쌀쌀함 기후를 피하고 싶어해요. 여행 목적은 미식이며, 펜션에서 머무는 걸 좋아하고 오전 10시 이후쯤 기상하는 편이에요.",
972,매우 민감,보통,매우 적다,보통,무조건 리드,4,보통,꽤 여유있게,국내,산,계획 여행,무조건 다 봄,코골이 안함,다른 곳 간다,"동남아,유럽,미국","상관없음,추움,습함","액티비티,휴식,자연감상","펜션,4-5성급호텔,상관없음",오전 10시 이후,100만원 이하,"이 사용자는 미국 지역을 선호하고, 추움 기후를 피하고 싶어해요. 여행 목적은 휴식이며, 펜션에서 머무는 걸 좋아하고 오전 10시 이후쯤 기상하는 편이에요.",
973,보통,매우 완고,보통,자주 늦음,무조건 리드,5,둔감,매우 빡빡하게,해외,산,계획 여행,무조건 다 봄,코골이 함,다른 곳 간다,"동남아,중국&몽골,유럽","건조함,상관없음,쌀쌀함","휴식,문화&역사체험,공연&경기관람","민박,게스트하우스,상관없음",오전 10시 이후,100만원 이하,"이 사용자는 동남아 지역을 선호하고, 상관없음 기후를 피하고 싶어해요. 여행 목적은 문화&역사체험이며, 민박에서 머무는 걸 좋아하고 오전 10시 이후쯤 기상하는 편이에요.",
974,매우 민감,수용적,적다,보통,보통,3,매우 민감,꽤 빡빡하게,국내,바다,즉흥 여행,적당히 봄,코골이 안함,다른 곳 간다,"세계일주,유럽,미국","건조함,추움,상관없음","자연감상,미식,도전과성장","4-5성급호텔,콘도,에어비엔비",오전 10시 이후,100만원 이하,"이 사용자는 세계일주 지역을 선호하고, 상관없음 기후를 피하고 싶어해요. 여행 목적은 미식이며, 콘도에서 머무는 걸 좋아하고 오전 10시 이후쯤 기상하는 편이에요.",
975,매우 민감,매우 완고,많다,자주 늦음,무조건 리드,5,매우 민감,매우 여유있게,해외,바다,계획 여행,무조건 다 봄,코골이 안함,기다림,"그 외,국내,미국","더움,습함,건조함","기록,자연감상,도전과성장","에어비엔비,3성이하 호텔,게스트하우스",오전 10시 이후,100만원 이하,"이 사용자는 그 외 지역을 선호하고, 더움 기후를 피하고 싶어해요. 여행 목적은 자연감상이며, 에어비엔비에서 머무는 걸 좋아하고 오전 10시 이후쯤 기상하는 편이에요.",
976,보통,다소 완고,많다,매우 정확,무조건 따름,5,매우 둔감,꽤 여유있게,국내,산,계획 여행,무조건 다 봄,코골이 안함,기다림,"일본,유럽,동남아","습함,쌀쌀함,추움","자연감상,휴식,기록","게스트하우스,4-5성급호텔,콘도",오전 8-9시,200-300만원,"이 사용자는 유럽 지역을 선호하고, 습함 기후를 피하고 싶어해요. 여행 목적은 기록이며, 4-5성급호텔에서 머무는 걸 좋아하고 오전 8-9시쯤 기상하는 편이에요.",
977,매우 둔감,매우 완고,많다,종종 늦음,따르는 편,4,보통,꽤 여유있게,해외,산,계획 여행,무조건 다 봄,코골이 안함,다른 곳 간다,"일본,국내,미국","추움,습함,상관없음","사람&관계,자연감상,휴식","4-5성급호텔,상관없음,에어비엔비",오전 8-9시,100만원 이하,"이 사용자는 미국 지역을 선호하고, 습함 기후를 피하고 싶어해요. 여행 목적은 자연감상이며, 상관없음에서 머무는 걸 좋아하고 오전 8-9시쯤 기상하는 편이에요.",
978,꽤 민감,매우 완고,적다,종종 늦음,보통,4,보통,꽤 빡빡하게,해외,산,즉흥 여행,적당히 봄,코골이 함,기다림,"미국,국내,그 외","건조함,추움,상관없음","휴식,액티비티,기록","민박,펜션,상관없음",오전 8-9시,300-400만원,"이 사용자는 국내 지역을 선호하고, 추움 기후를 피하고 싶어해요. 여행 목적은 액티비티이며, 민박에서 머무는 걸 좋아하고 오전 8-9시쯤 기상하는 편이에요.",
979,매우 민감,다소 완고,매우 많다,꽤 정확,보통,4,둔감,꽤 여유있게,국내,바다,즉흥 여행,무조건 다 봄,코골이 함,다른 곳 간다,"중국&몽골,유럽,동남아","습함,쌀쌀함,상관없음","문화&역사체험,자연감상,공연&경기관람","콘도,4-5성급호텔,펜션",오전 9-10시,300-400만원,"이 사용자는 유럽 지역을 선호하고, 습함 기후를 피하고 싶어해요. 여행 목적은 문화&역사체험이며, 펜션에서 머무는 걸 좋아하고 오전 9-10시쯤 기상하는 편이에요.",
980,매우 둔감,수용적,매우 적다,매우 정확,무조건 리드,3,매우 민감,매우 여유있게,해외,산,계획 여행,적당히 봄,코골이 안함,다른 곳 간다,"중국&몽골,그 외,세계일주","건조함,추움,쌀쌀함","공연&경기관람,자연감상,미식","상관없음,3성이하 호텔,4-5성급호텔",오전 8-9시,100만원 이하,"이 사용자는 세계일주 지역을 선호하고, 건조함 기후를 피하고 싶어해요. 여행 목적은 공연&경기관람이며, 4-5성급호텔에서 머무는 걸 좋아하고 오전 8-9시쯤 기상하는 편이에요.",
981,꽤 민감,보통,보통,매우 정확,따르는 편,2,보통,꽤 빡빡하게,해외,바다,즉흥 여행,무조건 다 봄,코골이 함,기다림,"미국,유럽,국내","쌀쌀함,습함,추움","기록,자연감상,도전과성장","펜션,에어비엔비,3성이하 호텔",오전 9-10시,200-300만원,"이 사용자는 국내 지역을 선호하고, 습함 기후를 피하고 싶어해요. 여행 목적은 도전과성장이며, 펜션에서 머무는 걸 좋아하고 오전 9-10시쯤 기상하는 편이에요.",
982,둔감,다소 완고,적다,꽤 정확,무조건 리드,5,매우 둔감,매우 빡빡하게,국내,바다,계획 여행,무조건 다 봄,코골이 함,다른 곳 간다,"유럽,세계일주,동남아","추움,습함,쌀쌀함","도전과성장,기록,쇼핑","상관없음,게스트하우스,민박",오전 10시 이후,400만원 이상,"이 사용자는 세계일주 지역을 선호하고, 쌀쌀함 기후를 피하고 싶어해요. 여행 목적은 도전과성장이며, 민박에서 머무는 걸 좋아하고 오전 10시 이후쯤 기상하는 편이에요.",
983,보통,보통,적다,매우 정확,보통,2,매우 민감,꽤 빡빡하게,국내,바다,즉흥 여행,적당히 봄,코골이 안함,다른 곳 간다,"중국&몽골,미국,일본","더움,건조함,상관없음","사람&관계,기록,공연&경기관람","상관없음,3성이하 호텔,4-5성급호텔",오전 10시 이후,200-300만원,"이 사용자는 중국&몽골 지역을 선호하고, 상관없음 기후를 피하고 싶어해요. 여행 목적은 사람&관계이며, 상관없음에서 머무는 걸 좋아하고 오전 10시 이후쯤 기상하는 편이에요.",
984,꽤 민감,매우 완고,매우 많다,종종 늦음,리드하는편,3,매우 둔감,꽤 여유있게,해외,산,즉흥 여행,무조건 다 봄,코골이 함,기다림,"미국,국내,중국&몽골","더움,건조함,추움","쇼핑,휴식,도전과성장","콘도,민박,상관없음",오전 8-9시,100만원 이하,"이 사용자는 미국 지역을 선호하고, 추움 기후를 피하고 싶어해요. 여행 목적은 쇼핑이며, 상관없음에서 머무는 걸 좋아하고 오전 8-9시쯤 기상하는 편이에요.",
985,매우 둔감,매우 수용적,매우 많다,자주 늦음,무조건 따름,5,보통,보통,국내,산,계획 여행,적당히 봄,코골이 함,다른 곳 간다,"그 외,미국,국내","습함,건조함,추움","쇼핑,휴식,자연감상","콘도,4-5성급호텔,민박",오전 10시 이후,200-300만원,"이 사용자는 미국 지역을 선호하고, 건조함 기후를 피하고 싶어해요. 여행 목적은 쇼핑이며, 콘도에서 머무는 걸 좋아하고 오전 10시 이후쯤 기상하는 편이에요.",
986,꽤 민감,다소 완고,적다,보통,리드하는편,4,보통,꽤 여유있게,해외,바다,계획 여행,적당히 봄,코골이 안함,다른 곳 간다,"그 외,세계일주,미국","쌀쌀함,건조함,추움","휴식,사람&관계,자연감상","민박,상관없음,4-5성급호텔",오전 10시 이후,400만원 이상,"이 사용자는 그 외 지역을 선호하고, 건조함 기후를 피하고 싶어해요. 여행 목적은 자연감상이며, 상관없음에서 머무는 걸 좋아하고 오전 10시 이후쯤 기상하는 편이에요.",
987,매우 둔감,보통,많다,보통,무조건 리드,4,매우 민감,꽤 빡빡하게,해외,산,계획 여행,적당히 봄,코골이 함,기다림,"세계일주,일본,그 외","쌀쌀함,습함,건조함","자연감상,미식,도전과성장","민박,펜션,3성이하 호텔",오전 10시 이후,200-300만원,"이 사용자는 세계일주 지역을 선호하고, 건조함 기후를 피하고 싶어해요. 여행 목적은 미식이며, 민박에서 머무는 걸 좋아하고 오전 10시 이후쯤 기상하는 편이에요.",
988,보통,수용적,적다,자주 늦음,리드하는편,5,꽤 민감,보통,해외,산,즉흥 여행,무조건 다 봄,코골이 함,다른 곳 간다,"국내,세계일주,유럽","더움,습함,상관없음","기록,미식,쇼핑","콘도,상관없음,4-5성급호텔",오전 9-10시,200-300만원,"이 사용자는 유럽 지역을 선호하고, 상관없음 기후를 피하고 싶어해요. 여행 목적은 기록이며, 상관없음에서 머무는 걸 좋아하고 오전 9-10시쯤 기상하는 편이에요.",
989,꽤 민감,매우 완고,많다,매우 정확,보통,5,매우 민감,매우 빡빡하게,국내,바다,계획 여행,적당히 봄,코골이 함,다른 곳 간다,"유럽,미국,세계일주","추움,더움,쌀쌀함","도전과성장,자연감상,미식","게스트하우스,펜션,민박",오전 8-9시,300-400만원,"이 사용자는 유럽 지역을 선호하고, 쌀쌀함 기후를 피하고 싶어해요. 여행 목적은 도전과성장이며, 펜션에서 머무는 걸 좋아하고 오전 8-9시쯤 기상하는 편이에요.",
990,매우 민감,보통,보통,자주 늦음,리드하는편,1,보통,꽤 빡빡하게,해외,산,즉흥 여행,적당히 봄,코골이 안함,다른 곳 간다,"그 외,유럽,국내","더움,건조함,습함","휴식,도전과성장,문화&역사체험","에어비엔비,4-5성급호텔,상관없음",오전 8-9시,400만원 이상,"이 사용자는 국내 지역을 선호하고, 습함 기후를 피하고 싶어해요. 여행 목적은 휴식이며, 에어비엔비에서 머무는 걸 좋아하고 오전 8-9시쯤 기상하는 편이에요.",
991,매우 둔감,다소 완고,매우 많다,자주 늦음,보통,2,보통,매우 여유있게,국내,바다,계획 여행,적당히 봄,코골이 함,기다림,"일본,중국&몽골,미국","추움,습함,쌀쌀함","미식,쇼핑,액티비티","상관없음,게스트하우스,펜션",오전 8-9시,400만원 이상,"이 사용자는 미국 지역을 선호하고, 쌀쌀함 기후를 피하고 싶어해요. 여행 목적은 미식이며, 게스트하우스에서 머무는 걸 좋아하고 오전 8-9시쯤 기상하는 편이에요.",
992,꽤 민감,매우 완고,매우 많다,자주 늦음,무조건 리드,3,매우 둔감,꽤 빡빡하게,해외,산,즉흥 여행,적당히 봄,코골이 안함,다른 곳 간다,"유럽,중국&몽골,미국","상관없음,건조함,더움","공연&경기관람,도전과성장,휴식","민박,콘도,4-5성급호텔",오전 10시 이후,100만원 이하,"이 사용자는 유럽 지역을 선호하고, 더움 기후를 피하고 싶어해요. 여행 목적은 도전과성장이며, 민박에서 머무는 걸 좋아하고 오전 10시 이후쯤 기상하는 편이에요.",
993,매우 민감,매우 수용적,많다,종종 늦음,보통,4,매우 민감,꽤 여유있게,국내,바다,계획 여행,적당히 봄,코골이 함,기다림,"중국&몽골,동남아,국내","상관없음,습함,쌀쌀함","공연&경기관람,쇼핑,휴식","게스트하우스,펜션,콘도",오전 10시 이후,100만원 이하,"이 사용자는 국내 지역을 선호하고, 쌀쌀함 기후를 피하고 싶어해요. 여행 목적은 공연&경기관람이며, 콘도에서 머무는 걸 좋아하고 오전 10시 이후쯤 기상하는 편이에요.",
994,꽤 민감,매우 수용적,많다,종종 늦음,따르는 편,1,꽤 민감,매우 빡빡하게,해외,산,즉흥 여행,적당히 봄,코골이 안함,다른 곳 간다,"일본,그 외,중국&몽골","건조함,습함,더움","도전과성장,기록,액티비티","4-5성급호텔,민박,에어비엔비",오전 8-9시,100만원 이하,"이 사용자는 중국&몽골 지역을 선호하고, 습함 기후를 피하고 싶어해요. 여행 목적은 기록이며, 4-5성급호텔에서 머무는 걸 좋아하고 오전 8-9시쯤 기상하는 편이에요.",
995,꽤 민감,매우 수용적,많다,매우 정확,무조건 리드,4,둔감,매우 빡빡하게,국내,바다,즉흥 여행,무조건 다 봄,코골이 안함,기다림,"세계일주,그 외,중국&몽골","상관없음,건조함,추움","사람&관계,기록,자연감상","4-5성급호텔,게스트하우스,민박",오전 8-9시,400만원 이상,"이 사용자는 세계일주 지역을 선호하고, 추움 기후를 피하고 싶어해요. 여행 목적은 사람&관계이며, 민박에서 머무는 걸 좋아하고 오전 8-9시쯤 기상하는 편이에요.",
996,매우 둔감,매우 완고,많다,보통,따르는 편,2,둔감,매우 여유있게,해외,바다,즉흥 여행,무조건 다 봄,코골이 안함,다른 곳 간다,"동남아,중국&몽골,세계일주","쌀쌀함,상관없음,추움","쇼핑,문화&역사체험,휴식","민박,게스트하우스,에어비엔비",오전 8-9시,100만원 이하,"이 사용자는 동남아 지역을 선호하고, 추움 기후를 피하고 싶어해요. 여행 목적은 휴식이며, 민박에서 머무는 걸 좋아하고 오전 8-9시쯤 기상하는 편이에요.",
997,꽤 민감,매우 완고,매우 적다,꽤 정확,따르는 편,4,매우 둔감,매우 빡빡하게,해외,바다,즉흥 여행,적당히 봄,코골이 안함,다른 곳 간다,"세계일주,동남아,중국&몽골","습함,쌀쌀함,더움","도전과성장,쇼핑,미식","콘도,3성이하 호텔,에어비엔비",오전 8-9시,300-400만원,"이 사용자는 동남아 지역을 선호하고, 습함 기후를 피하고 싶어해요. 여행 목적은 쇼핑이며, 콘도에서 머무는 걸 좋아하고 오전 8-9시쯤 기상하는 편이에요.",
998,매우 민감,매우 수용적,보통,자주 늦음,따르는 편,1,매우 둔감,보통,해외,산,계획 여행,적당히 봄,코골이 함,다른 곳 간다,"국내,미국,동남아","더움,추움,건조함","자연감상,미식,휴식","콘도,3성이하 호텔,4-5성급호텔",오전 8-9시,400만원 이상,"이 사용자는 국내 지역을 선호하고, 추움 기후를 피하고 싶어해요. 여행 목적은 자연감상이며, 3성이하 호텔에서 머무는 걸 좋아하고 오전 8-9시쯤 기상하는 편이에요.",
999,꽤 민감,다소 완고,많다,자주 늦음,무조건 리드,5,매우 둔감,보통,해외,바다,즉흥 여행,무조건 다 봄,코골이 안함,다른 곳 간다,"국내,세계일주,중국&몽골","습함,추움,상관없음","문화&역사체험,공연&경기관람,쇼핑","4-5성급호텔,게스트하우스,3성이하 호텔",오전 10시 이후,400만원 이상,"이 사용자는 세계일주 지역을 선호하고, 추움 기후를 피하고 싶어해요. 여행 목적은 문화&역사체험이며, 3성이하 호텔에서 머무는 걸 좋아하고 오전 10시 이후쯤 기상하는 편이에요.",
1000,매우 민감,다소 완고,적다,보통,리드하는편,4,매우 둔감,보통,해외,산,계획 여행,적당히 봄,코골이 안함,다른 곳 간다,"세계일주,유럽,일본","쌀쌀함,상관없음,추움","공연&경기관람,휴식,액티비티","4-5성급호텔,게스트하우스,펜션",오전 8-9시,200-300만원,"이 사용자는 세계일주 지역을 선호하고, 상관없음 기후를 피하고 싶어해요. 여행 목적은 액티비티이며, 4-5성급호텔에서 머무는 걸 좋아하고 오전 8-9시쯤 기상하는 편이에요.",
