ID,예민함정도,의견수용,말수,시간약속,리더십,체력,청결민감도,여행일정강도,국내or해외,산or바다,계획or즉흥,랜드마크,코골이,웨이팅,여행희망지역,싫어하는기후,여행목적,숙소유형,기상시간,여행예산,Summary,Profile,Rec_People,Rec_Travel
1,보통,매우 수용적,많다,자주 늦음,따르는 편,4,꽤 민감,매우 여유있게,해외,산,즉흥 여행,무조건 다 봄,코골이 함,기다림,"세계일주,유럽,국내","더움,추움,건조함","액티비티,기록,미식","게스트하우스,펜션,4-5성급호텔",오전 9-10시,200-300만원,"저는 여행 중에 너무 더운 날씨나 추운 날씨로 인해 불편함을 겪었던 경험이 최악으로 남아 있습니다. 그래서 이번 여행에서는 편안한 신발을 꼭 준비하고 싶습니다. 함께 여행을 가고 싶은 동반자는 의견이 잘 맞고, 계속해서 다양한 이야기들을 나눌 수 있는 사람입니다. 이번 여행에서 가장 기대하는 것은 새로운 음식 문화를 경험하고, 이를 통해 미식의 즐거움을 기록으로 남기는 것입니다. 마지막으로, 이번 여행이 제 삶에 더욱 다양한 경험을 선사하는 의미 있는 시간이 되길 바랍니다.","이 사용자는 세계일주 지역을 선호하고, 건조함 기후를 피하고 싶어해요. 여행 목적은 미식이며, 펜션에서 머무는 걸 좋아하고 오전 9-10시쯤 기상하는 편이에요.",,
2,둔감,다소 완고,매우 적다,매우 정확,따르는 편,5,둔감,꽤 여유있게,해외,바다,계획 여행,적당히 봄,코골이 안함,기다림,"미국,그 외,일본","더움,추움,상관없음","공연&경기관람,문화&역사체험,기록","3성이하 호텔,4-5성급호텔,민박",오전 9-10시,200-300만원,"저는 정해진 계획에 따라 여유롭게 미국과 일본을 여행하며 공연과 경기를 관람하고 다양한 문화와 역사를 체험하는 것을 기대하고 있습니다. 동행인은 저와 같이 의견이 맞고 계획적인 여행을 즐기는 사람이면 좋겠습니다. 여행 중 가장 싫었던 경험은 시간이 정확하게 맞지 않아 일정이 틀어졌던 일이었기에, 이번에는 시간을 철저히 지키며 알차게 여행을 즐기고 싶습니다. 이 여행을 통해 새로운 경험을 기록하고, 일상에서 벗어난 특별한 기억을 쌓아 제 삶에 활력을 불어넣기를 희망합니다. 호텔 숙박은 크게 신경 쓰지 않지만, 기본적인 편안함을 제공한다면 그것만으로도 충분하다고 생각합니다.","이 사용자는 미국 지역을 선호하고, 추움 기후를 피하고 싶어해요. 여행 목적은 문화&역사체험이며, 3성이하 호텔에서 머무는 걸 좋아하고 오전 9-10시쯤 기상하는 편이에요.",,
3,보통,매우 수용적,많다,자주 늦음,무조건 리드,5,꽤 민감,보통,국내,바다,즉흥 여행,무조건 다 봄,코골이 안함,기다림,"그 외,미국,국내","상관없음,습함,건조함","도전과성장,미식,자연감상","4-5성급호텔,콘도,3성이하 호텔",오전 10시 이후,400만원 이상,"저는 여행 중 계획이 틀어지는 것보다 청결하지 못한 환경에서의 경험이 최악이었고, 이번 여행에서는 깨끗하고 쾌적한 숙소가 꼭 필요해요. 함께 여행을 가고 싶은 사람은 다양한 의견을 수용할 수 있는 유연한 성격을 가지고 있는 사람입니다. 이번 여행에서 가장 기대하는 것은 자연을 감상하고 새로운 경험을 통해 도전과 성장을 이루는 것이며, 이러한 경험이 저의 삶에 긍정적인 변화를 가져다주기를 바랍니다. 아침 일찍 활동하는 것보다 저의 페이스대로 즉흥적으로 여행하며 휴식을 즐기고 싶습니다.","이 사용자는 미국 지역을 선호하고, 상관없음 기후를 피하고 싶어해요. 여행 목적은 자연감상이며, 콘도에서 머무는 걸 좋아하고 오전 10시 이후쯤 기상하는 편이에요.",,
4,매우 둔감,다소 완고,적다,매우 정확,보통,3,꽤 민감,매우 빡빡하게,해외,산,즉흥 여행,적당히 봄,코골이 안함,다른 곳 간다,"미국,세계일주,국내","추움,상관없음,건조함","사람&관계,기록,도전과성장","상관없음,4-5성급호텔,콘도",오전 8-9시,100만원 이하,"저는 여행 중 예기치 않게 추운 날씨를 만나는 것을 최악의 경험으로 꼽습니다. 그래서 이번 여행에는 따뜻한 옷이나 준비물을 꼭 챙기고 싶습니다. 함께 여행하고 싶은 사람은 저처럼 일정을 변화 없이 소화할 수 있는 사람입니다. 이번 여행에서는 사람들과의 관계를 발전시키고 새로운 기록을 남기기를 기대하고 있습니다. 또, 이 여행이 저에게는 도전과 성장의 의미를 가진 중요한 시간이 되기를 바랍니다.","이 사용자는 세계일주 지역을 선호하고, 추움 기후를 피하고 싶어해요. 여행 목적은 사람&관계이며, 상관없음에서 머무는 걸 좋아하고 오전 8-9시쯤 기상하는 편이에요.",,
5,보통,매우 수용적,적다,종종 늦음,무조건 따름,2,꽤 민감,꽤 여유있게,해외,바다,즉흥 여행,적당히 봄,코골이 함,기다림,"동남아,유럽,중국&몽골","건조함,추움,쌀쌀함","자연감상,문화&역사체험,도전과성장","에어비엔비,상관없음,콘도",오전 8-9시,100만원 이하,"저는 여행 중 체력이 다소 부족해서 무리한 일정이 최악의 경험으로 남은 적이 있습니다. 그래서 이번 여행에서는 여유로운 일정과 깨끗한 숙소가 꼭 필요합니다. 같이 여행하고 싶은 사람은 서로 의견을 잘 수용하고, 리더십을 발휘하여 계획을 세워 주는 사람입니다. 이번 여행에서 가장 기대하는 것은 동남아나 유럽의 아름다운 자연과 풍부한 문화, 역사를 체험하는 것입니다. 이 여행이 저에게 도전과 성장의 기회를 제공하고, 삶에 새로운 영감을 주었으면 합니다.","이 사용자는 유럽 지역을 선호하고, 추움 기후를 피하고 싶어해요. 여행 목적은 도전과성장이며, 콘도에서 머무는 걸 좋아하고 오전 8-9시쯤 기상하는 편이에요.",,
6,꽤 민감,다소 완고,보통,종종 늦음,리드하는편,2,매우 민감,꽤 빡빡하게,국내,바다,계획 여행,적당히 봄,코골이 함,다른 곳 간다,"중국&몽골,국내,일본","상관없음,습함,쌀쌀함","자연감상,문화&역사체험,휴식","상관없음,4-5성급호텔,게스트하우스",오전 10시 이후,400만원 이상,"저는 예전에 여행 중 코골이가 심해서 잠을 못 잔 적이 있는데, 그런 경험이 최악이었어요. 그래서 이번 여행에서는 좋은 숙소를 확보하고 싶어요. 같이 가는 사람은 시간 약속을 잘 지키고 청결을 중요하게 생각하는 사람이면 좋겠어요. 특히 이번 여행에서 자연감상을 통해 스트레스를 풀고, 중국이나 몽골의 문화와 역사를 체험하는 것을 매우 기대하고 있습니다. 이 여행은 저에게 일상의 휴식을 제공하고 삶에 새로운 영감을 줄 수 있는 기회라 생각해요. 400만원 이상의 예산으로 계획한 만큼, 만족스러운 여행을 기대하고 있습니다.","이 사용자는 중국&몽골 지역을 선호하고, 습함 기후를 피하고 싶어해요. 여행 목적은 자연감상이며, 4-5성급호텔에서 머무는 걸 좋아하고 오전 10시 이후쯤 기상하는 편이에요.",,
7,보통,매우 수용적,많다,자주 늦음,무조건 리드,5,매우 둔감,꽤 빡빡하게,국내,바다,즉흥 여행,무조건 다 봄,코골이 함,다른 곳 간다,"동남아,국내,세계일주","쌀쌀함,건조함,상관없음","공연&경기관람,미식,기록","민박,펜션,4-5성급호텔",오전 10시 이후,200-300만원,"저는 공연과 경기를 즐기기 위해 국내 여행을 특히 선호하고, 아침에 일찍 일어나지 않는 편입니다. 여행에서 최악의 경험은 낯선 환경에서의 불편함이나 예상치 못한 쌀쌀한 기후뿐인데, 크게 신경 쓰지 않으려고 합니다. 이번 여행에서 가장 중요하게 여기는 것은 기록을 남기는 것이고, 저의 즉흥적인 여행 스타일에 맞춰주는 수용적인 사람과 동행하고 싶습니다. 동남아나 국내의 다양한 시각과 맛을 즐기고 싶고, 이번 여행을 통해 삶에 새로운 영감을 얻거나 소중한 기억을 쌓고 싶습니다. 조금 늦더라도 그 과정에서 즐거움을 잃지 않는 것이 목표입니다.","이 사용자는 국내 지역을 선호하고, 상관없음 기후를 피하고 싶어해요. 여행 목적은 공연&경기관람이며, 민박에서 머무는 걸 좋아하고 오전 10시 이후쯤 기상하는 편이에요.",,
8,꽤 민감,보통,매우 적다,꽤 정확,무조건 따름,4,꽤 민감,매우 여유있게,해외,산,계획 여행,적당히 봄,코골이 함,기다림,"미국,세계일주,동남아","습함,더움,건조함","사람&관계,미식,공연&경기관람","상관없음,4-5성급호텔,에어비엔비",오전 10시 이후,200-300만원,"여행 중 가장 최악의 경험은 덥고 습한 기후로 인해 불쾌한 기억이 남는 경우입니다. 그래서 이번 여행에서는 쾌적한 기후가 가장 중요하며, 인상 깊은 미식 경험이 특히 기대됩니다. 함께 여행하고 싶은 사람은 주어진 계획을 잘 따르며 조용한 시간을 공유할 수 있는 사람이 좋습니다. 또한, 여행을 통해 현지인들과의 다양한 교류와 관계를 쌓고 싶고, 이것이 삶에 신선한 자극과 새로운 시야를 제공했으면 합니다. 이번 여행은 긴장감 없이 여유롭게 즐기면서도 미국의 다양한 공연이나 경기를 관람하며 충만한 시간을 보내고 싶습니다.","이 사용자는 미국 지역을 선호하고, 더움 기후를 피하고 싶어해요. 여행 목적은 미식이며, 에어비엔비에서 머무는 걸 좋아하고 오전 10시 이후쯤 기상하는 편이에요.",,
9,매우 둔감,보통,많다,종종 늦음,무조건 리드,5,매우 둔감,매우 여유있게,국내,바다,계획 여행,적당히 봄,코골이 함,다른 곳 간다,"국내,동남아,일본","건조함,습함,더움","액티비티,도전과성장,쇼핑","펜션,상관없음,에어비엔비",오전 9-10시,200-300만원,"저는 여행 중 최악의 경험으로 더운 기후에서의 불쾌함을 꼽을 수 있습니다. 그래서 이번 여행에서는 기온이 쾌적한 곳을 찾는 것을 중요시하며, 일본을 여행지로 선택했습니다. 함께 여행하고 싶은 사람은 대화를 많이 나눌 수 있고, 계획된 일정에 유동적으로 적응할 수 있는 이들이면 좋겠어요. 이번 여행에서는 쇼핑을 가장 기대하며, 이를 통해 새로운 경험을 쌓고 개인적인 성장을 이루고 싶습니다. 또한, 여행이 일상에서 벗어나 도전과 창의력을 증대시키는 소중한 경험이 되길 바랍니다.","이 사용자는 일본 지역을 선호하고, 더움 기후를 피하고 싶어해요. 여행 목적은 쇼핑이며, 펜션에서 머무는 걸 좋아하고 오전 9-10시쯤 기상하는 편이에요.",,
10,보통,다소 완고,매우 많다,꽤 정확,무조건 리드,5,보통,매우 빡빡하게,국내,바다,계획 여행,무조건 다 봄,코골이 함,기다림,"중국&몽골,유럽,국내","건조함,더움,추움","기록,문화&역사체험,도전과성장","게스트하우스,콘도,상관없음",오전 9-10시,200-300만원,"여행 중 최악의 경험으로는 기후가 극단적으로 추웠던 상황을 떠올릴 수 있을 것 같아요; 저는 추운 날씨를 싫어하거든요. 이번 여행에서는 정확한 일정 관리가 빡빡하게 짜여 있는 것이 필요해요. 함께 여행하기 좋은 사람이라면 계획에 철저히 맞춰주고 대화가 많은 저와 끝없이 의견을 주고받을 수 있는 사람이면 좋겠어요. 이번 여행에서 가장 기대하는 것은 다양한 문화와 역사적인 체험을 통해 도전과 성장을 경험하는 것이에요. 여행이 저의 삶에 기록으로 남고, 새로운 문화적 통찰을 얻으며, 개인적인 발전의 기회가 되길 기대합니다.","이 사용자는 국내 지역을 선호하고, 추움 기후를 피하고 싶어해요. 여행 목적은 문화&역사체험이며, 콘도에서 머무는 걸 좋아하고 오전 9-10시쯤 기상하는 편이에요.",,
11,매우 둔감,보통,많다,매우 정확,무조건 따름,4,매우 둔감,매우 빡빡하게,해외,바다,계획 여행,무조건 다 봄,코골이 안함,기다림,"일본,세계일주,중국&몽골","습함,더움,건조함","미식,액티비티,도전과성장","민박,게스트하우스,펜션",오전 8-9시,200-300만원,"저는 해외여행을 즐기며 특히 일본을 선호하고, 여행을 통해 미식과 액티비티를 경험하며 도전과 성장을 추구합니다. 시간 약속을 철저히 지키고 일정을 빡빡하게 계획하는 편이어서, 불필요한 대기 시간이 길거나 예기치 못한 변화가 생기는 것이 최악의 경험일 수 있습니다. 이번 여행에서 가장 기대하는 것은 새로운 음식과 경험을 통해 성장하는 것이며, 여행 기점에서 삶에 긍정적인 변화를 이루고 싶습니다. 함께 여행하는 사람은 저처럼 계획을 따르고 대화가 많은 사람이라면 좋겠습니다. 여행 중에는 민박이나 게스트하우스에서 머물며 현지의 문화를 더욱 깊이 체험하고 싶습니다.","이 사용자는 일본 지역을 선호하고, 더움 기후를 피하고 싶어해요. 여행 목적은 미식이며, 민박에서 머무는 걸 좋아하고 오전 8-9시쯤 기상하는 편이에요.",,
12,둔감,보통,매우 적다,매우 정확,무조건 따름,3,매우 둔감,보통,해외,바다,계획 여행,적당히 봄,코골이 안함,기다림,"세계일주,그 외,유럽","더움,쌀쌀함,건조함","도전과성장,기록,사람&관계","에어비엔비,4-5성급호텔,콘도",오전 9-10시,400만원 이상,저는 여행 중에 더운 기후나 쌀쌀하고 건조한 환경이 있는 곳에서는 최악의 경험을 할 수 있을 것 같아요. 그래서 여행 시 쾌적한 기후를 유지할 수 있는 준비물을 꼭 챙기고 싶습니다. 함께 여행하고 싶은 사람은 의사소통이 필요할 때 적절하게 의견을 주고받고 예정된 시간에 맞추어 행동할 수 있는 사람이면 좋겠어요. 이번 여행에서 가장 기대하는 것은 새로운 지역에서 경험을 쌓고 성장을 이루는 것입니다. 이를 통해 제 삶에 새로운 관점과 도전 정신이 더해지기를 바랍니다.,"이 사용자는 그 외 지역을 선호하고, 더움 기후를 피하고 싶어해요. 여행 목적은 기록이며, 콘도에서 머무는 걸 좋아하고 오전 9-10시쯤 기상하는 편이에요.",,
13,매우 민감,다소 완고,매우 적다,종종 늦음,리드하는편,5,매우 둔감,꽤 빡빡하게,해외,산,즉흥 여행,적당히 봄,코골이 함,기다림,"그 외,일본,유럽","습함,더움,추움","문화&역사체험,사람&관계,액티비티","게스트하우스,펜션,민박",오전 10시 이후,300-400만원,"저는 유럽으로의 여행을 계획 중이며, 이번 여행에서 꼭 액티비티를 즐기고 싶습니다. 과거에 날씨 때문에 여행이 망친 경험이 있어, 습하거나 추운 기후는 피하고 싶고, 천천히 기상해 여유롭게 시작하는 것이 중요합니다. 함께 여행할 사람은 의사소통이 많이 필요하지 않고, 즉흥적인 계획을 수용할 수 있는 사람이면 좋겠습니다. 문화와 역사 체험에서 많은 것을 얻고, 새로운 사람들과의 관계 형성을 기대하고 있으며, 이번 여행이 삶에 작은 변화를 가져다줄 의미 있는 시간이 되기를 바라고 있습니다. 무엇보다 너무 빡빡한 일정에서도 코고는 저와 편하게 잘 지낼 수 있는 분위기를 원합니다.","이 사용자는 유럽 지역을 선호하고, 추움 기후를 피하고 싶어해요. 여행 목적은 액티비티이며, 게스트하우스에서 머무는 걸 좋아하고 오전 10시 이후쯤 기상하는 편이에요.",,
14,보통,매우 완고,적다,보통,무조건 리드,2,매우 민감,매우 여유있게,해외,산,계획 여행,무조건 다 봄,코골이 안함,다른 곳 간다,"그 외,중국&몽골,동남아","더움,상관없음,쌀쌀함","액티비티,공연&경기관람,휴식","콘도,펜션,4-5성급호텔",오전 8-9시,100만원 이하,"제가 여행 중 최악의 경험은 더운 기후에 장시간 웨이팅이 필요했던 순간들이었습니다. 이번 여행에서는 일정 계획이 잘 잡혀 있어, 랜드마크도 무리 없이 둘러볼 수 있는 게 중요합니다. 함께 여행할 사람으로는 청결함에 민감하고, 조금은 리드하는 제가 믿고 따라와 줄 수 있는 사람이 좋습니다. 가장 기대하는 것은 공연 및 경기 관람, 그리고 산을 배경으로 한 휴식입니다. 이번 여행이 제게 많은 활력을 주고, 일상에서 벗어나 새로운 경험의 기회를 제공하길 바랍니다.","이 사용자는 중국&몽골 지역을 선호하고, 더움 기후를 피하고 싶어해요. 여행 목적은 공연&경기관람이며, 4-5성급호텔에서 머무는 걸 좋아하고 오전 8-9시쯤 기상하는 편이에요.",,
15,보통,다소 완고,많다,꽤 정확,보통,4,매우 둔감,꽤 여유있게,국내,산,계획 여행,무조건 다 봄,코골이 안함,다른 곳 간다,"국내,동남아,중국&몽골","습함,더움,상관없음","도전과성장,자연감상,문화&역사체험","펜션,상관없음,콘도",오전 9-10시,100만원 이하,"저는 보통 계획한 대로 여행하는 것을 좋아하는 편이라, 최악의 경험은 예기치 않게 일정이 틀어져 웨이팅에 많은 시간을 낭비할 때였어요. 그래서 이번 여행에서는 체계적인 일정 관리가 꼭 필요합니다. 같이 여행을 가고 싶은 사람은 즉흥적보다 계획적인 스타일을 선호하며, 서로 의견이 맞아야 할 것 같아요. 이번 여행에서 가장 기대하는 것은 국내 지역의 다양한 역사와 문화를 체험하고 자연의 경치를 감상하는 일입니다. 여행을 통해 도전과 성장을 경험하며, 특히 일상에서 벗어나 새로운 시각을 얻고 삶에 있어 의미 있는 변화를 가져오는 것이 제 목적입니다.","이 사용자는 국내 지역을 선호하고, 습함 기후를 피하고 싶어해요. 여행 목적은 문화&역사체험이며, 콘도에서 머무는 걸 좋아하고 오전 9-10시쯤 기상하는 편이에요.",,
16,꽤 민감,수용적,적다,보통,보통,5,매우 둔감,매우 빡빡하게,해외,바다,계획 여행,무조건 다 봄,코골이 안함,기다림,"세계일주,유럽,그 외","추움,쌀쌀함,상관없음","사람&관계,쇼핑,자연감상","에어비엔비,게스트하우스,3성이하 호텔",오전 9-10시,300-400만원,"저는 여행에서 계획한 일정을 소화하려고 꽉 찬 일정으로 여행을 즐깁니다. 예전에 여행 중 날씨가 쌀쌀해서 불편했던 기억이 최악의 경험으로 남아 있기에, 따뜻한 기후에서 바다를 보며 자연을 감상하는 것이 가장 기대됩니다. 이번 여행에서는 새 사람들과의 상호작용을 통해 관계를 쌓을 수 있기를 바라며, 이런 경험이 앞으로의 삶에 긍정적인 자양분이 되기를 바랍니다. 함께 여행 가는 이들은 유연하게 의견을 조율할 수 있고, 서두르지 않고 기다릴 줄 아는 사람이면 좋겠습니다. 숙소에서는 에어비앤비나 3성 이하의 편안한 공간을 선호하고 있는데, 간단한 청결 유지면 충분하다고 생각합니다. 중요한 것은 여행에서의 경험 하나하나가 삶의 소중한 추억이 되는 것입니다.","이 사용자는 세계일주 지역을 선호하고, 쌀쌀함 기후를 피하고 싶어해요. 여행 목적은 자연감상이며, 3성이하 호텔에서 머무는 걸 좋아하고 오전 9-10시쯤 기상하는 편이에요.",,
17,둔감,수용적,적다,매우 정확,따르는 편,2,둔감,꽤 여유있게,해외,산,즉흥 여행,적당히 봄,코골이 함,다른 곳 간다,"동남아,미국,유럽","추움,건조함,쌀쌀함","미식,도전과성장,문화&역사체험","에어비엔비,3성이하 호텔,콘도",오전 8-9시,100만원 이하,"저는 여행 중 최악의 경험은 추운 기후에서 일어났던 일입니다. 이번 여행에서는 따뜻한 날씨를 즐기기 위해 동남아나 미국을 선택했고, 좋은 음식을 꼭 맛보고 싶습니다. 함께하는 사람은 의견을 존중하고, 여유로운 일정을 좋아하는 사람이면 좋겠습니다. 여행 중 가장 기대하는 것은 현지의 음식문화를 체험하고, 새로운 도전과 성장을 이루는 것입니다. 이 여행을 통해 저는 문화와 역사적 이해가 깊어지고, 삶의 새로운 관점을 찾고자 합니다.","이 사용자는 미국 지역을 선호하고, 쌀쌀함 기후를 피하고 싶어해요. 여행 목적은 미식이며, 콘도에서 머무는 걸 좋아하고 오전 8-9시쯤 기상하는 편이에요.",,
18,꽤 민감,매우 완고,매우 많다,매우 정확,따르는 편,4,보통,매우 빡빡하게,해외,바다,계획 여행,적당히 봄,코골이 안함,다른 곳 간다,"미국,유럽,세계일주","추움,상관없음,더움","사람&관계,휴식,도전과성장","3성이하 호텔,상관없음,게스트하우스",오전 10시 이후,200-300만원,"저는 꽤 민감하고 완고한 성향이라 여행 중 일행과 의견 충돌이 최악의 경험이 될 수 있습니다. 이번 여행에서는 계획적인 일정과 정확한 시간 약속이 필수적이며, 무엇보다 편안한 대화를 나눌 수 있는 사람과 함께하길 바랍니다. 휴식을 목표로 해도 도전과 성장의 기회를 놓치고 싶지 않기 때문에 새로운 인연을 만들어가는 것에 집중하고자 합니다. 세계 일주를 통해 다양한 문화를 경험하며 제 삶에 활력을 불어넣고 싶습니다. 이런 여행이 저에게 새로운 관계를 맺고 개인적으로 성숙할 수 있는 기회가 되었으면 합니다.","이 사용자는 세계일주 지역을 선호하고, 상관없음 기후를 피하고 싶어해요. 여행 목적은 휴식이며, 게스트하우스에서 머무는 걸 좋아하고 오전 10시 이후쯤 기상하는 편이에요.",,
19,매우 민감,매우 수용적,매우 적다,꽤 정확,따르는 편,5,보통,꽤 빡빡하게,해외,바다,즉흥 여행,적당히 봄,코골이 안함,기다림,"미국,유럽,그 외","습함,추움,쌀쌀함","휴식,도전과성장,미식","콘도,게스트하우스,펜션",오전 9-10시,200-300만원,저는 여행 중에 쌀쌀한 기후를 만났을 때가 최악의 경험이었어요. 이번 여행에서는 즉흥적으로 일정이 바뀌어도 유연하게 대응할 수 있는 자유로운 환경이 꼭 있었으면 좋겠어요. 조용하고 자신의 의견을 잘 수용하는 사람과 같이 여행하는 것을 선호합니다. 이번 여행에서 가장 기대하는 것은 새로운 도전과 성장을 통한 삶의 변화입니다. 여행을 통해 일상에서 벗어나 새로운 경험을 통해 제 삶에 긍정적인 의미를 더하고 싶어요.,"이 사용자는 그 외 지역을 선호하고, 쌀쌀함 기후를 피하고 싶어해요. 여행 목적은 도전과성장이며, 펜션에서 머무는 걸 좋아하고 오전 9-10시쯤 기상하는 편이에요.",,
20,매우 둔감,매우 완고,적다,매우 정확,따르는 편,4,보통,매우 빡빡하게,국내,산,즉흥 여행,무조건 다 봄,코골이 함,다른 곳 간다,"동남아,유럽,국내","추움,습함,상관없음","공연&경기관람,자연감상,사람&관계","민박,게스트하우스,상관없음",오전 10시 이후,200-300만원,"저는 여행 중 예기치 못한 코골이로 다른 여행객들과 숙소에서 불편함을 겪었던 것이 최악의 경험입니다. 이번 여행에서는 시간 약속을 잘 지키고 적극적으로 모든 계획을 소화해낼 수 있는 일정과 공연 관람 기회를 중시하고 싶습니다. 따라서, 저와 비슷하게 즉흥적인 여행을 즐기고 다정한 성격을 가진 사람과 함께 가고 싶습니다. 이번 여행에서는 특히나 다양한 자연 풍경과 공연을 만날 수 있다는 점을 가장 기대하고 있습니다. 이런 경험들이 제 삶에 새로운 활력과 추억을 더해줄 것이라 믿고 있습니다.","이 사용자는 동남아 지역을 선호하고, 추움 기후를 피하고 싶어해요. 여행 목적은 공연&경기관람이며, 상관없음에서 머무는 걸 좋아하고 오전 10시 이후쯤 기상하는 편이에요.",,
21,보통,매우 수용적,보통,종종 늦음,무조건 리드,3,매우 둔감,꽤 빡빡하게,국내,바다,계획 여행,무조건 다 봄,코골이 안함,기다림,"중국&몽골,세계일주,일본","상관없음,습함,쌀쌀함","쇼핑,액티비티,문화&역사체험","4-5성급호텔,상관없음,콘도",오전 10시 이후,100만원 이하,"제가 여행 중 최악의 경험으로 꼽는 것은 일부 일정에 늦어 계획대로 진행되지 않은 경우였던 것 같습니다. 이번 여행에서는 여유로운 숙소와 충분한 경비가 꼭 필요하다고 생각합니다. 여행을 함께 하고 싶은 사람은 서로 일정을 맞추는데 유연하고 서로 리드할 수 있는 사람입니다. 이번 여행에서 가장 기대하는 것은 새로운 문화와 역사 체험을 통한 성장과, 여행 후에도 오랫동안 즐겁게 기억할 액티비티입니다. 이번 여행이 제 삶에 새로운 활력을 불어넣고, 다양한 시야를 넓힐 수 있는 계기가 됐으면 합니다.","이 사용자는 중국&몽골 지역을 선호하고, 상관없음 기후를 피하고 싶어해요. 여행 목적은 액티비티이며, 상관없음에서 머무는 걸 좋아하고 오전 10시 이후쯤 기상하는 편이에요.",,
22,매우 민감,다소 완고,매우 많다,종종 늦음,따르는 편,5,매우 민감,보통,해외,산,즉흥 여행,적당히 봄,코골이 함,기다림,"일본,그 외,유럽","습함,더움,쌀쌀함","자연감상,도전과성장,공연&경기관람","상관없음,3성이하 호텔,에어비엔비",오전 8-9시,200-300만원,"여행 중 최악의 경험은 기후가 습하고 더운 곳에서 시간을 보내는 것입니다, 그래서 이번 여행에서는 쾌적한 자연환경을 꼭 기대합니다. 이번 여행에서 도전과 성장을 위한 새로운 경험을 찾고 싶습니다. 그래서 함께 여행하고 싶은 사람은 유연한 사고를 가진, 새로운 상황에서도 적응할 수 있는 사람입니다. 즉흥적으로 여행하면서도 여러 자연환경을 즐기고, 공연이나 경기를 관람하며 일상의 틀을 벗어나고 싶습니다. 이번 여행은 나에게 도전과 변화를 가져다 주는, 삶에 특별한 의미가 있는 시간이 될 것입니다.","이 사용자는 그 외 지역을 선호하고, 쌀쌀함 기후를 피하고 싶어해요. 여행 목적은 도전과성장이며, 에어비엔비에서 머무는 걸 좋아하고 오전 8-9시쯤 기상하는 편이에요.",,
23,둔감,수용적,매우 많다,매우 정확,무조건 따름,5,꽤 민감,꽤 빡빡하게,국내,바다,계획 여행,적당히 봄,코골이 안함,다른 곳 간다,"일본,세계일주,국내","추움,습함,건조함","액티비티,사람&관계,미식","콘도,상관없음,에어비엔비",오전 9-10시,100만원 이하,"저는 여행 중 춥고 습한 날씨가 가장 최악이라고 느끼며, 예전 경험에서도 날씨 때문에 어려움을 겪었던 기억이 있습니다. 이번 여행에서는 미식 체험이 꼭 포함되어야 하는데, 그 지역의 맛있는 음식들을 즐기는 것이 중요합니다. 여행을 함께할 사람으로는 이야기를 많이 나눌 수 있고 계획을 잘 따를 수 있는 수용적인 사람이 좋습니다. 이번 여행에서 가장 기대하는 것은 새로운 사람들과의 만남과 관계 형성, 그리고 활기찬 액티비티입니다. 이러한 여행이 삶에 활력을 주고 새로운 경험을 통해 개인적으로 성장할 수 있는 계기가 되기를 바라고 있습니다.","이 사용자는 국내 지역을 선호하고, 추움 기후를 피하고 싶어해요. 여행 목적은 미식이며, 콘도에서 머무는 걸 좋아하고 오전 9-10시쯤 기상하는 편이에요.",,
24,꽤 민감,다소 완고,매우 적다,꽤 정확,리드하는편,5,매우 둔감,매우 빡빡하게,국내,산,즉흥 여행,적당히 봄,코골이 안함,다른 곳 간다,"일본,중국&몽골,미국","건조함,습함,쌀쌀함","문화&역사체험,사람&관계,자연감상","3성이하 호텔,콘도,민박",오전 10시 이후,300-400만원,"저는 여행 중 일정이 너무 빡빡할 때 체력이 낮아 힘들었던 기억이 있어서 그런 점을 피하고 싶습니다. 이번 여행에서는 문화와 역사 체험이 가능한 장소를 꼭 방문하고 싶고, 즉흥적인 계획이 가능해 자유롭게 자연을 감상할 수 있기를 바랍니다. 함께 여행할 사람은 말수가 적고 웨이팅을 싫어해서 저와 비슷한 성향이면 좋겠죠. 가장 기대하는 것은 중국과 몽골의 독특한 문화와 역사를 직접 체험하는 것이며, 쌀쌀한 기후를 피하면서 자연 속에서 힐링할 수 있기를 바랍니다. 이번 여행이 제 삶에 자연과 사람들 사이의 관계를 더 깊이 이해하는 깨달음을 주었으면 합니다.","이 사용자는 중국&몽골 지역을 선호하고, 쌀쌀함 기후를 피하고 싶어해요. 여행 목적은 자연감상이며, 3성이하 호텔에서 머무는 걸 좋아하고 오전 10시 이후쯤 기상하는 편이에요.",,
25,보통,다소 완고,많다,종종 늦음,보통,5,꽤 민감,매우 빡빡하게,국내,산,즉흥 여행,무조건 다 봄,코골이 함,다른 곳 간다,"유럽,그 외,국내","건조함,더움,습함","미식,문화&역사체험,기록","콘도,상관없음,펜션",오전 9-10시,200-300만원,"이번 여행에서는 미식과 문화, 역사 체험을 목표로 하고 있으며, 가장 기대되는 것은 다양한 유럽의 랜드마크와 문화 유적지를 방문하는 것입니다. 여행 중에는 즉흥적인 계획을 선호하지만, 일정이 빡빡해서 많이 돌아다닐 것 같으며 오전 9-10시에 기상하여 코골이에 불편함이 없는 숙소를 중요하게 생각합니다. 전에 여행에서는 숙소가 더럽거나 코골이로 인해 잠을 잘 못 잔 것이 최악의 경험이었기 때문에 청결한 숙소를 꼭 체크하고 싶습니다. 함께 여행할 사람은 의견이 맞고 대화가 잘 통하는 사람이 좋습니다. 이번 여행을 통해 새로운 문화와 역사를 체험하면서 삶에 신선한 자극과 영감을 얻고 싶습니다.","이 사용자는 유럽 지역을 선호하고, 습함 기후를 피하고 싶어해요. 여행 목적은 문화&역사체험이며, 콘도에서 머무는 걸 좋아하고 오전 9-10시쯤 기상하는 편이에요.",,
26,매우 민감,수용적,보통,꽤 정확,무조건 리드,4,매우 둔감,매우 빡빡하게,국내,바다,즉흥 여행,적당히 봄,코골이 함,기다림,"그 외,미국,세계일주","건조함,더움,상관없음","휴식,문화&역사체험,공연&경기관람","3성이하 호텔,상관없음,콘도",오전 10시 이후,300-400만원,"여행 중 최악의 경험은 더운 기후에서 오는 불쾌함이나 건조한 날씨일 수 있으며, 이로 인해 휴식과 문화 체험의 방해를 받을 수 있어요. 이번 여행에서는 피곤함을 덜어줄 적절한 숙소와 유연한 일정을 확보하는 것이 우선입니다. 저는 여행 중에 수용적이고 긍정적인 태도를 가진 사람들과 함께하면 좋다고 생각합니다. 무엇보다 이번 여행에서 문화와 역사를 체험하고 공연을 관람하는 것에 큰 기대를 가지고 있으며, 이러한 경험들이 제 삶에 새로운 영감을 주고, 스트레스를 줄여주는 의미를 가져다주었으면 해요.","이 사용자는 세계일주 지역을 선호하고, 상관없음 기후를 피하고 싶어해요. 여행 목적은 문화&역사체험이며, 3성이하 호텔에서 머무는 걸 좋아하고 오전 10시 이후쯤 기상하는 편이에요.",,
27,꽤 민감,수용적,많다,보통,따르는 편,2,매우 둔감,꽤 여유있게,국내,바다,계획 여행,무조건 다 봄,코골이 안함,기다림,"동남아,유럽,국내","습함,더움,추움","사람&관계,휴식,문화&역사체험","4-5성급호텔,게스트하우스,3성이하 호텔",오전 8-9시,400만원 이상,"여행 중 최악의 경험은 높은 습도와 더위로 인해 몸이 지쳐버린 상황이었습니다. 그래서 이번 여행에서는 날씨가 쾌적하게 유지될 수 있도록 신경 쓰고 싶습니다. 저는 수용적이고 말 많은 편이기 때문에 함께 가는 여행자는 대화가 잘 통하고 이해심이 있는 사람이라면 좋겠습니다. 이번 여행에서 가장 기대하는 것은 문화와 역사를 체험하는 것으로, 이러한 활동이 저에게 깊은 만족감을 줄 것이라고 생각합니다. 여행은 새로운 사람들과의 관계와 휴식을 통해 제 삶에 풍부한 의미를 더해줄 기회로 여깁니다.","이 사용자는 유럽 지역을 선호하고, 습함 기후를 피하고 싶어해요. 여행 목적은 문화&역사체험이며, 4-5성급호텔에서 머무는 걸 좋아하고 오전 8-9시쯤 기상하는 편이에요.",,
28,매우 민감,다소 완고,매우 적다,꽤 정확,보통,2,매우 둔감,꽤 여유있게,해외,산,즉흥 여행,적당히 봄,코골이 함,기다림,"중국&몽골,세계일주,동남아","추움,쌀쌀함,더움","자연감상,사람&관계,액티비티","4-5성급호텔,게스트하우스,콘도",오전 10시 이후,200-300만원,"저는 여행 중에 추운 기후 때문에 불편했던 경험이 가장 최악이었습니다. 그래서 이번 여행에서는 따뜻한 기후와 편안한 숙소가 꼭 필요하다고 생각합니다. 함께 여행을 가고 싶은 사람은 성격이 둔감하고 여유 있는 일정에도 편안해할 수 있는 사람들이며, 말수가 적은 저와도 잘 맞을 수 있으면 좋겠습니다. 이번 여행에서는 자연 감상과 사람들과의 관계 형성을 가장 기대하고 있으며, 이런 경험이 제 삶에 활기를 불어넣기를 바랍니다. 저에게 이번 여행은 자연을 감상하며 새로운 관점들을 얻고, 내면의 풍요로움을 찾는 시간이 되었으면 합니다.","이 사용자는 중국&몽골 지역을 선호하고, 추움 기후를 피하고 싶어해요. 여행 목적은 자연감상이며, 4-5성급호텔에서 머무는 걸 좋아하고 오전 10시 이후쯤 기상하는 편이에요.",,
29,매우 민감,매우 수용적,매우 적다,매우 정확,따르는 편,5,꽤 민감,꽤 빡빡하게,국내,바다,계획 여행,무조건 다 봄,코골이 함,기다림,"일본,세계일주,동남아","건조함,쌀쌀함,습함","액티비티,휴식,기록","콘도,3성이하 호텔,민박",오전 8-9시,400만원 이상,"저는 여행 중에 습하고 쌀쌀한 날씨가 가장 싫고, 이번 여행에서는 꼭 활동적인 액티비티를 계획대로 수행하고 싶어요. 함께 여행하고 싶은 사람은 의견을 잘 수용하고 시간 약속에 철저한 사람이면 좋겠고, 무엇보다도 조용히 즐길 수 있는 사람이면 좋겠어요. 바다를 보며 휴식을 취하는 것이 이번 여행에서 가장 기대되는 부분이며, 이를 기록으로 남겨 나중에 다시 볼 수 있었으면 해요. 이번 여행은 저에게 감정적 기록을 남기고 일상의 스트레스를 해소하는 의미가 있기를 바라요.","이 사용자는 일본 지역을 선호하고, 습함 기후를 피하고 싶어해요. 여행 목적은 기록이며, 3성이하 호텔에서 머무는 걸 좋아하고 오전 8-9시쯤 기상하는 편이에요.",,
30,꽤 민감,매우 완고,적다,자주 늦음,무조건 따름,3,둔감,꽤 빡빡하게,해외,산,계획 여행,적당히 봄,코골이 함,기다림,"일본,미국,그 외","추움,건조함,더움","액티비티,사람&관계,도전과성장","4-5성급호텔,펜션,게스트하우스",오전 9-10시,300-400만원,"저는 여행 중 건조하고 추운 기후를 싫어해서 이런 환경을 자주 경험하는 것이 최악의 경험이었어요. 이번 여행에서는 잘 계획된 일정과 함께 쉴 수 있는 4-5성급 호텔에 꼭 머물고 싶어요. 같이 여행을 가고 싶은 사람은 제가 예민한 편이니, 배려심이 많고 계획을 잘 따르는 사람일 거예요. 여행에서 액티비티와 도전적인 경험을 통해 새로운 사람들과의 관계 구축을 가장 기대합니다. 결국 이 여행이 저에게 도전과 성장을 통해 의미 있는 변화와 성찰의 시간을 가져다주길 바랍니다.","이 사용자는 일본 지역을 선호하고, 건조함 기후를 피하고 싶어해요. 여행 목적은 도전과성장이며, 4-5성급호텔에서 머무는 걸 좋아하고 오전 9-10시쯤 기상하는 편이에요.",,
31,둔감,매우 완고,많다,자주 늦음,따르는 편,4,보통,매우 여유있게,국내,바다,즉흥 여행,적당히 봄,코골이 안함,기다림,"국내,세계일주,미국","건조함,추움,습함","문화&역사체험,사람&관계,기록","펜션,게스트하우스,상관없음",오전 10시 이후,400만원 이상,"저는 국내 여행을 즐기며 여유로운 일정을 선호하고, 아침 늦게 일어나는 편이라 여유로운 게스트하우스가 좋습니다. 여행 중 최악의 경험은 기후가 습하거나 추운 곳에 있을 때이며, 이번 여행에서는 이를 피하려고 합니다. 여행에서 기록을 남기는 것이 중요하고, 문화와 역사 체험을 기대하며, 이는 공감할 수 있고 큰 목소리를 잘 맞출 수 있는 사람과 함께 하고 싶습니다. 삶에서 여행이 의미 있게 남으려면 사람들과의 관계를 풍부하게 하는 것이 중요하고, 궂은 날씨 등 예상치 못한 것에 덜 예민하게 대응하며 사람들을 잘 기다리려고 합니다. 이번 여행은 저에게 다양한 관계와 추억을 만들어 주기를 바랍니다.","이 사용자는 국내 지역을 선호하고, 습함 기후를 피하고 싶어해요. 여행 목적은 기록이며, 게스트하우스에서 머무는 걸 좋아하고 오전 10시 이후쯤 기상하는 편이에요.",,
32,둔감,매우 수용적,매우 많다,자주 늦음,리드하는편,5,매우 민감,보통,국내,산,계획 여행,무조건 다 봄,코골이 안함,기다림,"유럽,일본,동남아","쌀쌀함,습함,건조함","액티비티,문화&역사체험,사람&관계","펜션,콘도,민박",오전 10시 이후,100만원 이하,"여행 중 최악의 경험은 아마도 쌀쌀하고 습한 기후를 만났을 때일 것입니다. 이번 여행에서 꼭 필요한 것은 모든 랜드마크를 놓치지 않기 위한 세심한 계획이며, 함께 여행하고 싶은 사람은 활발하고 대화가 많은 사람일 것입니다. 이번 여행에서 가장 기대하는 것은 새로운 지역에서의 문화와 역사 체험, 그리고 다양한 사람들과의 교류입니다. 이번 여행이 저의 삶에 가져다주길 바라는 의미는 일상의 풍경을 넘어서서 새로운 영감을 얻고, 사람들과의 관계를 통해 폭넓은 시각을 갖는 것입니다.","이 사용자는 유럽 지역을 선호하고, 쌀쌀함 기후를 피하고 싶어해요. 여행 목적은 액티비티이며, 펜션에서 머무는 걸 좋아하고 오전 10시 이후쯤 기상하는 편이에요.",,
33,매우 민감,매우 완고,보통,매우 정확,보통,4,둔감,매우 여유있게,해외,산,계획 여행,적당히 봄,코골이 함,기다림,"그 외,동남아,미국","쌀쌀함,습함,추움","공연&경기관람,미식,쇼핑","4-5성급호텔,3성이하 호텔,게스트하우스",오전 9-10시,100만원 이하,저는 여행 중에 여유롭지 못한 일정과 쌀쌀하거나 습한 기후가 최악의 경험이었어요. 그래서 이번 여행에서는 시간 약속을 엄격히 지키면서도 여유로운 일정을 통해 스트레스를 줄이고 싶습니다. 함께 여행을 가고 싶은 사람의 특징은 저처럼 의견에 확고하고 계획을 잘 따르는 사람입니다. 이번 여행에서 가장 기대하는 것은 쇼핑과 다양한 공연 및 경기 관람을 통한 새로운 경험입니다. 이번 여행을 통해 일상에서 벗어나 스트레스를 해소하고 저에게 즐거움과 만족을 주는 의미 있는 시간을 갖고 싶습니다.,"이 사용자는 동남아 지역을 선호하고, 추움 기후를 피하고 싶어해요. 여행 목적은 쇼핑이며, 4-5성급호텔에서 머무는 걸 좋아하고 오전 9-10시쯤 기상하는 편이에요.",,
34,보통,매우 수용적,매우 적다,종종 늦음,리드하는편,2,꽤 민감,매우 빡빡하게,해외,바다,계획 여행,적당히 봄,코골이 함,다른 곳 간다,"그 외,세계일주,미국","추움,쌀쌀함,건조함","휴식,도전과성장,자연감상","에어비엔비,민박,상관없음",오전 10시 이후,200-300만원,"여행 중 최악의 경험은 추운 날씨에서 오래 머무르는 것이고, 이를 피하기 위해 따뜻한 기후의 지역을 계획적으로 여행하려고 노력합니다. 이번 여행에서는 자연 감상을 위한 시간이 꼭 필요하며, 이러한 목적을 충분히 즐기기 위해 체력과 시간 계획이 중요합니다. 함께 여행하고 싶은 사람은 예민하지 않고 수용적인 성향을 가진 사람이면 좋겠습니다. 특히 이번 여행에서는 세계 곳곳의 자연을 탐험하고 다양한 문화를 체험하는 것이 기대됩니다. 이 여행이 저에게 휴식뿐만 아니라 도전과 성장을 통해 삶에 긍정적인 변화를 가져오길 바랍니다.","이 사용자는 세계일주 지역을 선호하고, 건조함 기후를 피하고 싶어해요. 여행 목적은 자연감상이며, 상관없음에서 머무는 걸 좋아하고 오전 10시 이후쯤 기상하는 편이에요.",,
35,매우 둔감,수용적,적다,자주 늦음,리드하는편,4,꽤 민감,꽤 빡빡하게,국내,산,즉흥 여행,적당히 봄,코골이 함,다른 곳 간다,"일본,중국&몽골,그 외","더움,건조함,상관없음","도전과성장,문화&역사체험,사람&관계","상관없음,게스트하우스,에어비엔비",오전 8-9시,400만원 이상,"여행 중 최악의 경험은 아마도 계획된 시간에 맞추지 못해 생긴 혼란일 것입니다. 이번 여행에서 꼭 필요한 것은 다양한 문화와 역사 체험을 할 수 있는 기회이고, 도전과 성장을 원하기 때문입니다. 같이 여행을 가고 싶은 사람은 의견을 잘 수용하고, 여행 일정을 꽉 채우기보다는 즉흥적으로 즐길 수 있는 사람이면 좋겠습니다. 이번 여행에서 가장 기대하는 것은 일본의 문화와 역사를 깊이 있게 체험하는 것입니다. 이번 여행이 삶에 가져다줬으면 하는 의미는 새로운 문화에서 도전을 통해 개인적인 성장과 관계의 확장을 이루는 것입니다.","이 사용자는 일본 지역을 선호하고, 더움 기후를 피하고 싶어해요. 여행 목적은 문화&역사체험이며, 에어비엔비에서 머무는 걸 좋아하고 오전 8-9시쯤 기상하는 편이에요.",,
36,매우 둔감,수용적,많다,꽤 정확,리드하는편,4,둔감,보통,국내,산,계획 여행,무조건 다 봄,코골이 안함,다른 곳 간다,"세계일주,그 외,일본","더움,습함,추움","미식,쇼핑,액티비티","상관없음,에어비엔비,게스트하우스",오전 9-10시,200-300만원,"저는 여행 중에 기후가 너무 덥거나 습하거나 추운 상황을 가장 피하고 싶어하며, 그런 날씨로 인해 불편함을 경험하는 것이 가장 최악의 경험이라고 할 수 있습니다. 이번 여행에서는 맛있는 음식과 충분한 쇼핑 기회를 꼭 얻고 싶고, 여행 동반자는 의견을 잘 수용하는 사람이면 좋겠습니다. 저는 여행을 계획적으로 하는 편이기 때문에 여행 일정에 대한 확실한 계획을 갖고 여행을 즐기는 것이 기대됩니다. 또한, 이번 여행이 저에게는 새로운 경험과 리프레시를 위한 의미 있는 시간이 되었으면 합니다. 마음 맞는 사람들과 좋은 추억을 만들면서 내가 원하는 세계일주와 같은 특별한 시간으로 기억되길 바랍니다.","이 사용자는 세계일주 지역을 선호하고, 추움 기후를 피하고 싶어해요. 여행 목적은 쇼핑이며, 에어비엔비에서 머무는 걸 좋아하고 오전 9-10시쯤 기상하는 편이에요.",,
37,보통,매우 수용적,매우 많다,보통,따르는 편,2,보통,꽤 빡빡하게,해외,바다,즉흥 여행,적당히 봄,코골이 함,다른 곳 간다,"동남아,국내,일본","건조함,더움,추움","액티비티,미식,사람&관계","게스트하우스,상관없음,4-5성급호텔",오전 9-10시,400만원 이상,"일본 여행을 계획하면서 저는 액티비티가 주된 목적이긴 하지만, 뜻밖의 재미를 얻기 위해 즉흥적인 요소를 더하는 것을 좋아합니다. 함께 여행하는 사람으로는 열린 마음으로 다양한 의견을 수용할 수 있는 사람이면 좋겠으며, 과도한 더위나 추위 없는 날씨에서 즐거운 시간을 보내고 싶습니다. 이번 여행에서는 맛있는 음식을 많이 즐기고 사람들과 새로운 관계를 형성하는 것을 기대하고 있습니다. 과거에는 예상치 못한 불쾌한 기상이변이 최악의 경험이었기 때문에 이를 피하려고 노력하며, 그런 경험이 여행에서 저에게 새로운 활력을 주기를 바랍니다. 게스트하우스에서 묵거나 4-5성급 호텔에서 숙박하는 것도 중요하며, 오전 9-10시쯤 일어나 자연스럽게 여행 일정을 소화할 계획입니다.","이 사용자는 일본 지역을 선호하고, 추움 기후를 피하고 싶어해요. 여행 목적은 액티비티이며, 게스트하우스에서 머무는 걸 좋아하고 오전 9-10시쯤 기상하는 편이에요.",,
38,매우 민감,보통,보통,보통,따르는 편,1,꽤 민감,꽤 여유있게,해외,바다,즉흥 여행,적당히 봄,코골이 함,기다림,"일본,세계일주,중국&몽골","상관없음,추움,쌀쌀함","액티비티,문화&역사체험,사람&관계","콘도,4-5성급호텔,상관없음",오전 10시 이후,100만원 이하,"저는 해외 여행을 할 때 추운 기후를 피하고 싶은데, 과거 여행 중 추운 날씨 때문에 고생한 경험이 있습니다. 그래서 이번 여행에서는 숙소의 온기와 같은 편안한 환경이 필수입니다. 같이 여행을 가고 싶은 사람은 활발하고 다양한 문화 체험을 즐기며, 무엇보다도 여유 있게 여행을 함께 즐길 수 있는 사람입니다. 이번 여행에서는 특히 액티비티와 문화, 역사 체험이 기대되고, 이를 통해 새로운 사람들과의 관계 형성을 바라봅니다. 이 여행이 제 삶에 새로운 관점과 다채로운 경험을 선사하기를 바랍니다.","이 사용자는 일본 지역을 선호하고, 상관없음 기후를 피하고 싶어해요. 여행 목적은 액티비티이며, 콘도에서 머무는 걸 좋아하고 오전 10시 이후쯤 기상하는 편이에요.",,
39,매우 민감,다소 완고,적다,매우 정확,무조건 따름,1,매우 둔감,매우 여유있게,해외,바다,즉흥 여행,무조건 다 봄,코골이 안함,기다림,"국내,중국&몽골,동남아","쌀쌀함,더움,상관없음","문화&역사체험,미식,사람&관계","상관없음,3성이하 호텔,4-5성급호텔",오전 9-10시,200-300만원,"저는 중국과 몽골 지역을 여행하며 문화와 역사를 체험하는 것을 좋아합니다. 여행 중 최악의 경험은 제가 매우 민감한 성격이라 불편한 상황이 될 수 있는 예측하지 못한 계획의 변경입니다. 따라서, 이번 여행에서 가장 중요한 것은 느긋한 일정과 즉흥적인 계획이 가능한 자유로운 시간이 주어지는 것입니다. 함께 여행을 하고 싶은 사람으로는 확고한 의견을 존중하며 저와 함께 모든 랜드마크를 즐길 수 있는 성격의 소유자가 좋습니다. 이번 여행에서는 특히 다양한 음식을 맛보고 사람들과의 관계를 형성하는 것을 기대하고 있습니다. 이 여행이 제 삶에 의미 있는 휴식과 동시에 다채로운 경험을 선사하여 새로운 시각을 얻는 기회가 되었으면 합니다.","이 사용자는 중국&몽골 지역을 선호하고, 상관없음 기후를 피하고 싶어해요. 여행 목적은 문화&역사체험이며, 상관없음에서 머무는 걸 좋아하고 오전 9-10시쯤 기상하는 편이에요.",,
40,꽤 민감,다소 완고,적다,매우 정확,무조건 따름,3,보통,매우 빡빡하게,국내,산,즉흥 여행,적당히 봄,코골이 안함,다른 곳 간다,"국내,중국&몽골,동남아","추움,상관없음,쌀쌀함","액티비티,미식,기록","펜션,민박,4-5성급호텔",오전 9-10시,200-300만원,"저는 여행 중 추운 기후를 피하고 싶어하기 때문에 쌀쌀한 날씨가 최악의 경험 중 하나로 기억됩니다. 이번 여행에서는 기록을 남기기 위해 꼭 잘 사용될 카메라 장비가 필요하고, 같이 여행을 가고 싶은 사람은 시간을 잘 지키고 계획을 따를 수 있는 사람입니다. 특히 이번 여행에서는 중국 및 몽골에서 다양한 액티비티와 미식을 경험하는 것을 가장 기대하고 있습니다. 이 여행이 제게 많은 기록과 추억을 남기는 의미 있는 시간이 되었으면 합니다.","이 사용자는 중국&몽골 지역을 선호하고, 쌀쌀함 기후를 피하고 싶어해요. 여행 목적은 기록이며, 펜션에서 머무는 걸 좋아하고 오전 9-10시쯤 기상하는 편이에요.",,
41,매우 둔감,다소 완고,매우 적다,꽤 정확,따르는 편,2,꽤 민감,매우 여유있게,해외,바다,즉흥 여행,적당히 봄,코골이 안함,다른 곳 간다,"유럽,세계일주,중국&몽골","더움,습함,건조함","공연&경기관람,기록,미식","콘도,펜션,3성이하 호텔",오전 9-10시,100만원 이하,"저는 여행 중 더운 기후를 피하는 것이 가장 중요하며, 더운 날씨로 인한 불편한 경험이 가장 악몽 같았습니다. 그래서 이번 여행에서는 시원한 지역을 중심으로 콘도에 머무르며 현지 음식을 맛보는 것이 가장 기대됩니다. 말수가 적고, 저와 비슷하게 계획된 일정을 굳이 고집하지 않는 사람과 함께 여행하는 것을 선호합니다. 여행의 또 다른 목적은 공연과 경기를 관람하고, 그것들을 기록하며 새로운 문화를 체험하면서 제 삶에 새로운 활력을 얻는 것입니다. 이러한 점에서 이번 여행은 단순한 휴식 이상의 의미로, 지금까지의 경험을 바탕으로 내면적인 성장을 이루고 싶습니다.","이 사용자는 유럽 지역을 선호하고, 더움 기후를 피하고 싶어해요. 여행 목적은 미식이며, 콘도에서 머무는 걸 좋아하고 오전 9-10시쯤 기상하는 편이에요.",,
42,매우 민감,다소 완고,보통,종종 늦음,보통,1,꽤 민감,꽤 빡빡하게,국내,산,즉흥 여행,적당히 봄,코골이 안함,기다림,"미국,세계일주,중국&몽골","건조함,쌀쌀함,추움","공연&경기관람,미식,휴식","상관없음,펜션,콘도",오전 9-10시,300-400만원,"저는 여행 중 추운 날씨 속에서 긴 대기를 하는 것을 최악의 경험으로 여깁니다. 이번 여행에서 꼭 필요한 것은 공연과 경기를 관람할 기회입니다. 함께 여행할 사람은 청결에 신경 쓰면서도 계획을 세세하게 잡지 않는 점에서 저와 잘 맞아야 하며, 여행 중 시간 약속을 잘 지켰으면 합니다. 이번 여행에서 가장 기대하는 것은 미국에서의 풍부한 문화 체험과 새로운 미식을 즐기는 것입니다. 이번 여행이 제 삶에 여유와 활력을 주는 의미를 가졌으면 합니다.","이 사용자는 미국 지역을 선호하고, 쌀쌀함 기후를 피하고 싶어해요. 여행 목적은 공연&경기관람이며, 콘도에서 머무는 걸 좋아하고 오전 9-10시쯤 기상하는 편이에요.",,
43,보통,다소 완고,보통,꽤 정확,무조건 따름,4,매우 둔감,매우 여유있게,해외,바다,즉흥 여행,적당히 봄,코골이 함,기다림,"세계일주,그 외,동남아","추움,건조함,상관없음","휴식,쇼핑,문화&역사체험","게스트하우스,3성이하 호텔,에어비엔비",오전 8-9시,400만원 이상,"저는 여행 중 날씨가 추운 곳에서의 경험을 최악으로 꼽습니다, 그래서 이번 여행에서는 따뜻한 동남아 지역을 선호합니다. 여행 중 코골이가 심한 편이라 수면에 도움이 되는 귀마개는 꼭 챙기고 싶습니다. 함께 여행을 떠나고 싶은 사람은 시간 약속을 잘 지키고, 여행 일정에 많은 제약을 두지 않는 여유로운 성향을 가진 사람이면 좋겠습니다. 이번 여행에서는 쇼핑과 문화 체험을 통해 새로운 경험을 쌓는 것을 가장 기대합니다. 이런 여행이 제 삶에서 단순한 휴식 이상의, 세계를 더 넓게 볼 수 있는 의미 있는 기회가 되었으면 합니다.","이 사용자는 동남아 지역을 선호하고, 추움 기후를 피하고 싶어해요. 여행 목적은 쇼핑이며, 3성이하 호텔에서 머무는 걸 좋아하고 오전 8-9시쯤 기상하는 편이에요.",,
44,꽤 민감,수용적,많다,종종 늦음,보통,5,매우 민감,매우 빡빡하게,해외,산,즉흥 여행,무조건 다 봄,코골이 안함,기다림,"그 외,미국,국내","더움,쌀쌀함,추움","액티비티,공연&경기관람,문화&역사체험","게스트하우스,에어비엔비,콘도",오전 8-9시,400만원 이상,"여행을 하면서 제일 안 좋았던 경험은 여행 일정이 너무 빡빡해서 체력이 떨어졌을 때였어요. 그래서 이번 여행에는 여유를 가지고 느긋하게 관광하기 위해 공연이나 경기를 꼭 관람하고 싶습니다. 함께 여행하고 싶은 사람은 수용적이고 예민한 저의 성향을 이해해줄 수 있는 사람이면 좋겠어요. 이번 여행에서 가장 기대하는 것은 문화와 역사에 대한 새로운 경험을 얻는 것이고, 이를 통해 제 삶에 긍정적인 변화를 주는 기회가 되었으면 해요. 에어비엔비에서 머물며 예정된 일정이 아니더라도 즉흥적으로 다양한 액티비티에 참여하고 싶습니다.","이 사용자는 국내 지역을 선호하고, 쌀쌀함 기후를 피하고 싶어해요. 여행 목적은 공연&경기관람이며, 에어비엔비에서 머무는 걸 좋아하고 오전 8-9시쯤 기상하는 편이에요.",,
45,매우 둔감,보통,적다,종종 늦음,무조건 리드,5,매우 민감,꽤 빡빡하게,국내,산,즉흥 여행,적당히 봄,코골이 안함,다른 곳 간다,"동남아,국내,유럽","건조함,쌀쌀함,추움","문화&역사체험,자연감상,도전과성장","펜션,게스트하우스,3성이하 호텔",오전 10시 이후,200-300만원,"여행 중 가장 싫었던 경험은 건조하고 쌀쌀한 날씨로 인해 불편했던 적이었으며, 그런 기후는 피하고 싶습니다. 이번 여행에서는 아늑한 게스트하우스에서의 숙박이 중요한 요소입니다. 저는 말수가 적고 리드하는 성향이기 때문에 둔감한 성격의 동행자와 잘 어울릴 것 같습니다. 주어진 여정에서 기대하는 것은 문화와 역사 체험을 통해 도전하며 성장하는 경험입니다. 이번 여행은 자연을 감상하고 새로운 것을 배우는 기회가 되어, 삶에 풍요로운 의미를 더했으면 합니다.","이 사용자는 동남아 지역을 선호하고, 건조함 기후를 피하고 싶어해요. 여행 목적은 문화&역사체험이며, 게스트하우스에서 머무는 걸 좋아하고 오전 10시 이후쯤 기상하는 편이에요.",,
46,꽤 민감,매우 완고,매우 적다,종종 늦음,따르는 편,4,매우 둔감,꽤 빡빡하게,국내,바다,계획 여행,무조건 다 봄,코골이 함,다른 곳 간다,"일본,세계일주,동남아","상관없음,건조함,더움","문화&역사체험,액티비티,공연&경기관람","3성이하 호텔,4-5성급호텔,게스트하우스",오전 9-10시,200-300만원,"저는 여행 중 더운 기후와 빡빡한 일정 때문에 힘들었던 경험이 있었습니다. 그래서 이번 여행에서는 편안한 숙소와 휴식 시간을 꼭 포함하고 싶습니다. 다른 사람들과 함께 여행할 때는 너무 말이 많거나 성격이 급한 사람보다는 차분한 분위기를 즐길 수 있는 동행자가 좋습니다. 특히 이번 여행에서는 문화와 역사 체험을 가장 기대하고 있으며, 이를 통해 제 삶에 새로운 시각을 더하고 싶습니다. 이러한 경험들이 앞으로의 여정에 의미 있는 추억이 되었으면 합니다.","이 사용자는 동남아 지역을 선호하고, 더움 기후를 피하고 싶어해요. 여행 목적은 문화&역사체험이며, 게스트하우스에서 머무는 걸 좋아하고 오전 9-10시쯤 기상하는 편이에요.",,
47,둔감,매우 완고,매우 많다,매우 정확,따르는 편,4,매우 민감,꽤 여유있게,해외,산,즉흥 여행,적당히 봄,코골이 함,기다림,"일본,유럽,동남아","습함,더움,상관없음","자연감상,문화&역사체험,액티비티","펜션,4-5성급호텔,3성이하 호텔",오전 9-10시,200-300만원,"저는 여행 중 습하고 더운 날씨를 겪는 것이 가장 최악의 경험이었으며, 그래서 이번 여행에서는 쾌적한 기후를 꼭 기대합니다. 특히 동남아나 일본과 유럽처럼 상대적으로 습하지 않은 지역에서 자연감상과 문화 및 역사 체험을 계획하고 있습니다. 함께 여행을 가기 위해서는 상대방이 저처럼 일정을 여유롭게 즐기면서 제 말을 잘 들어주는 사람이면 좋겠습니다. 이번 여행에서는 액티비티와 새로운 문화 탐방을 통해 일상에서의 여유를 찾고, 삶의 활력을 되찾는 의미가 있기를 바랍니다. 또한, 깔끔한 숙소에서 오전에 쉽게 일어나 느긋하게 하루를 시작하는 것도 빠트릴 수 없는 즐거움 중 하나입니다.","이 사용자는 동남아 지역을 선호하고, 습함 기후를 피하고 싶어해요. 여행 목적은 자연감상이며, 3성이하 호텔에서 머무는 걸 좋아하고 오전 9-10시쯤 기상하는 편이에요.",,
48,꽤 민감,수용적,매우 많다,보통,보통,1,매우 둔감,꽤 여유있게,국내,바다,즉흥 여행,적당히 봄,코골이 안함,다른 곳 간다,"중국&몽골,일본,국내","습함,더움,건조함","문화&역사체험,도전과성장,미식","콘도,3성이하 호텔,게스트하우스",오전 10시 이후,300-400만원,"여행 중 최악의 경험은 더운 기후로 인해 불쾌했던 경험일 것 같습니다. 그래서 이번 여행에서 가장 필요한 것은 쾌적한 날씨 조건입니다. 함께 여행을 가고 싶은 사람은 수용적이고 대화가 많은 사람들이 좋습니다. 이번 여행에서 가장 기대하는 것은 중국과 몽골의 문화와 역사를 깊게 체험하는 것이고, 이를 통해 도전과 성장을 이루고 싶습니다. 이번 여행이 저에게는 새로운 문화적 인사이트를 제공하고, 삶에 긍정적인 변화를 주는 의미 있는 경험이 되었으면 합니다.","이 사용자는 중국&몽골 지역을 선호하고, 습함 기후를 피하고 싶어해요. 여행 목적은 문화&역사체험이며, 게스트하우스에서 머무는 걸 좋아하고 오전 10시 이후쯤 기상하는 편이에요.",,
49,꽤 민감,수용적,많다,자주 늦음,무조건 리드,4,둔감,매우 빡빡하게,해외,바다,즉흥 여행,적당히 봄,코골이 함,기다림,"유럽,동남아,중국&몽골","상관없음,건조함,습함","기록,문화&역사체험,액티비티","상관없음,4-5성급호텔,민박",오전 9-10시,200-300만원,"저는 여행 중 가장 최악의 경험은 약속 시간에 늦는 경우인데, 계획이 엉키거나 일정에 차질이 생기기 때문입니다. 그래서 이번 여행에서는 체력과 활동을 충분히 즐기기 위해 충분한 예산 안에서 질 좋은 숙소를 꼭 갖추고 싶어요. 함께 여행하고 싶은 사람은 수용적이고 의견을 잘 조율할 수 있는 사람이면 좋겠으며, 대화를 많이 나누며 즉흥적인 계획을 함께 잘 즐길 수 있으면 좋겠습니다. 이번 여행에서는 유럽의 문화와 역사 체험, 그리고 다양한 액티비티를 통해 새로운 경험을 기대하고 있어요. 이러한 경험들을 잘 기록하여 제 삶의 또 다른 추억으로 간직하고 싶습니다.","이 사용자는 유럽 지역을 선호하고, 습함 기후를 피하고 싶어해요. 여행 목적은 액티비티이며, 4-5성급호텔에서 머무는 걸 좋아하고 오전 9-10시쯤 기상하는 편이에요.",,
50,꽤 민감,수용적,매우 적다,자주 늦음,무조건 따름,4,꽤 민감,꽤 빡빡하게,국내,바다,즉흥 여행,무조건 다 봄,코골이 함,기다림,"일본,미국,국내","건조함,습함,추움","공연&경기관람,쇼핑,사람&관계","콘도,펜션,게스트하우스",오전 9-10시,300-400만원,"저는 여행 중 약속 시간을 잘 맞추지 못해 한참을 기다리게 하거나, 건조한 기후 때문에 불편함을 겪는 상황을 최악의 경험으로 꼽을 수 있을 것 같아요. 따라서 충분한 수분 공급이 가능하도록 물을 꼭 준비해 두는 것이 중요합니다. 여행을 함께 하고 싶은 사람은 제가 무슨 이야기를 하지 않아도 이해하고 자연스럽게 저의 리듬에 맞춰주며, 부지런히 움직이는 것도 즐기는 사람이라면 좋겠어요. 이번 여행에서는 공연이나 경기를 직접 관람하는 것에 가장 큰 기대를 가지고 있습니다. 여행을 통해 일상에서 벗어나 새로운 사람들과의 관계를 맺음으로써 저에게 색다른 경험과 의미 있는 시간을 주었으면 합니다.","이 사용자는 미국 지역을 선호하고, 건조함 기후를 피하고 싶어해요. 여행 목적은 쇼핑이며, 게스트하우스에서 머무는 걸 좋아하고 오전 9-10시쯤 기상하는 편이에요.",,
51,꽤 민감,매우 완고,보통,보통,리드하는편,4,둔감,보통,국내,산,계획 여행,적당히 봄,코골이 안함,다른 곳 간다,"중국&몽골,그 외,동남아","상관없음,건조함,쌀쌀함","기록,쇼핑,미식","게스트하우스,민박,3성이하 호텔",오전 10시 이후,300-400만원,"저는 여행 중 예기치 않은 상황처럼 계획에서 어긋나는 것이 최악이라고 느껴요. 이번 여행에서는 미식 경험이 꼭 있어야 하며, 이것이야말로 큰 기대를 하고 있는 부분입니다. 함께 여행을 가고 싶은 사람은 계획에 충실하며 고집이 강하지 않은 사람이었으면 좋겠어요. 여행은 기록으로 남기고, 일상에서 벗어나 새로운 곳에서의 경험을 통해 제 삶에 신선한 자극을 주었으면 합니다. 10시 이후에 천천히 시작하는 아침과 함께, 주어진 예산을 활용해 국내 산 중심의 여행을 계획하고 있어요.","이 사용자는 그 외 지역을 선호하고, 상관없음 기후를 피하고 싶어해요. 여행 목적은 미식이며, 3성이하 호텔에서 머무는 걸 좋아하고 오전 10시 이후쯤 기상하는 편이에요.",,
52,매우 둔감,매우 수용적,적다,매우 정확,따르는 편,3,꽤 민감,꽤 여유있게,해외,산,계획 여행,무조건 다 봄,코골이 안함,기다림,"세계일주,중국&몽골,미국","습함,상관없음,건조함","기록,사람&관계,휴식","4-5성급호텔,상관없음,민박",오전 8-9시,400만원 이상,"저는 세계 일주를 하면서 여행 중 서로 다른 사람들과 관계를 형성하고 기록으로 남기는 것을 중요하게 생각해요. 여행 중 가장 싫었던 경험은 건조한 기후를 마주쳤을 때인데, 사람이 적절한 환경에서 충분히 휴식을 취하는 게 중요하다고 믿어요. 그래서 이번 여행에서 꼭 필요한 것은 고급스러운 4-5성급 호텔에서의 편안한 숙박입니다. 조용하고 배려심 있는 사람과 동행하여 차분하고 계획적인 일정을 따르고자 하며, 매일 아침 8-9시에 일어나는 규칙적인 습관을 유지할 겁니다. 이 여행은 단순한 휴식을 넘어서 제 삶에 새로운 관계를 더하고 기록을 통해 기억에 남는 의미 있는 시간을 보내고 싶습니다.","이 사용자는 세계일주 지역을 선호하고, 건조함 기후를 피하고 싶어해요. 여행 목적은 사람&관계이며, 4-5성급호텔에서 머무는 걸 좋아하고 오전 8-9시쯤 기상하는 편이에요.",,
53,둔감,매우 완고,매우 많다,자주 늦음,무조건 리드,4,매우 민감,꽤 빡빡하게,국내,바다,즉흥 여행,적당히 봄,코골이 안함,다른 곳 간다,"일본,미국,세계일주","더움,건조함,추움","도전과성장,휴식,기록","상관없음,민박,4-5성급호텔",오전 9-10시,300-400만원,"저는 국내 여행을 선호하며 즉흥적인 스타일로 이동하지만, 계획된 일정이 꽤 빡빡하게 진행되는 편입니다. 여행 중 최악의 경험은 아무래도 더운 기후나 건조함이 예상치 못하게 찾아올 때입니다. 이번 여행에서는 쾌적한 숙박 환경이 중요하며, 아침 9시에서 10시 사이에 일어나 도전과 성장을 위한 새로운 경험을 기대하고 있습니다. 말수가 많고 리더십을 발휘하는 성향이라, 같이 여행할 사람도 저와 의견 충돌 없이 함께 이야기하고 즐길 수 있는 사람이길 바랍니다. 이번 여행이 이전과는 다른 도전이 되어 저의 삶에 긍정적인 성장을 가져다주길 기대합니다.","이 사용자는 미국 지역을 선호하고, 더움 기후를 피하고 싶어해요. 여행 목적은 도전과성장이며, 4-5성급호텔에서 머무는 걸 좋아하고 오전 9-10시쯤 기상하는 편이에요.",,
54,둔감,다소 완고,매우 적다,자주 늦음,리드하는편,5,매우 민감,꽤 빡빡하게,국내,산,즉흥 여행,무조건 다 봄,코골이 안함,다른 곳 간다,"그 외,세계일주,동남아","더움,추움,상관없음","기록,도전과성장,쇼핑","민박,3성이하 호텔,4-5성급호텔",오전 8-9시,300-400만원,"여행 중 최악의 경험은 아마 일정한 계획 없이 즉흥적으로 움직이는 것을 좋아하는 저에게는 빡빡한 일정 속에서 시간을 맞추지 못했을 때일 것입니다. 그리고 이번 여행에서 절대 빠져서는 안 되는 것은 편안한 숙소, 특히 청결한 4-5성급 호텔입니다. 함께 여행하고 싶은 사람은 제 의견을 존중해주고 적당한 리더십을 발휘할 수 있는 사람이면 좋겠어요. 이번 여행에서 가장 기대하는 것은 기록을 통해 도전과 성장을 이루는 것이고, 여행이 제 삶에 주는 의미는 새로운 경험과 쇼핑을 통해 더 나은 자신으로 발전하는 것입니다.","이 사용자는 동남아 지역을 선호하고, 추움 기후를 피하고 싶어해요. 여행 목적은 기록이며, 4-5성급호텔에서 머무는 걸 좋아하고 오전 8-9시쯤 기상하는 편이에요.",,
55,매우 민감,보통,매우 많다,꽤 정확,따르는 편,2,보통,꽤 여유있게,해외,바다,즉흥 여행,무조건 다 봄,코골이 안함,기다림,"국내,동남아,세계일주","건조함,습함,쌀쌀함","기록,자연감상,액티비티","에어비엔비,상관없음,4-5성급호텔",오전 8-9시,400만원 이상,"여행 중 최악의 경험은 아마도 계획 없이 훌쩍 여행을 떠났다가 예상치 못한 기후나 체력적인 문제로 힘든 순간을 맞이했을 때일 것 같습니다. 이번 여행에서는 여유로운 일정과 자연 경관을 감상하는 시간을 꼭 포함하고 싶어요. 많은 이야기를 나눌 수 있는 사람, 정확한 시간 약속을 지키며 제 이야기를 잘 들어주는 사람이 함께 했으면 좋겠습니다. 이번 여행에서 가장 기대하는 것은 새로운 액티비티 체험이며, 이를 통해 삶의 기록을 남기고 싶어요. 이번 여행이 저에게 새로운 에너지를 충전하는 기회가 되었으면 합니다.","이 사용자는 동남아 지역을 선호하고, 쌀쌀함 기후를 피하고 싶어해요. 여행 목적은 액티비티이며, 상관없음에서 머무는 걸 좋아하고 오전 8-9시쯤 기상하는 편이에요.",,
56,매우 둔감,매우 수용적,적다,종종 늦음,따르는 편,5,꽤 민감,보통,해외,바다,계획 여행,적당히 봄,코골이 함,기다림,"유럽,동남아,중국&몽골","건조함,습함,쌀쌀함","휴식,사람&관계,자연감상","상관없음,에어비엔비,4-5성급호텔",오전 10시 이후,400만원 이상,"저는 여행 중에 가장 싫었던 것은 날씨가 습하거나 쌀쌀할 때와 같이 기후가 불편할 때이지만, 이번 여행에서는 이런 기후를 피할 계획입니다. 꼭 필요한 것은 4-5성급 호텔이나 에어비앤비와 같은 편안한 숙소에서의 충분한 휴식입니다. 함께 여행하고 싶은 사람은 많이 말할 필요 없고 제 의견을 잘 수용해주는 사람입니다. 이번 여행에서 가장 기대하는 것은 자연을 감상하고 사람들과 좋은 관계를 쌓는 것입니다. 이러한 여행이 제 삶에 있어 더 많은 휴식을 제공하고 새로운 인간관계를 형성하는 계기가 되었으면 합니다.","이 사용자는 유럽 지역을 선호하고, 습함 기후를 피하고 싶어해요. 여행 목적은 휴식이며, 4-5성급호텔에서 머무는 걸 좋아하고 오전 10시 이후쯤 기상하는 편이에요.",,
57,매우 둔감,보통,매우 적다,종종 늦음,리드하는편,2,보통,꽤 빡빡하게,국내,바다,계획 여행,적당히 봄,코골이 함,기다림,"유럽,국내,동남아","추움,건조함,더움","자연감상,사람&관계,공연&경기관람","민박,게스트하우스,3성이하 호텔",오전 9-10시,100만원 이하,"저는 여행 중 날씨가 너무 덥거나 추운 경우가 최악의 경험으로 기억에 남습니다. 그래서 이번 여행에서는 적절한 날씨가 꼭 있었으면 좋겠어요. 함께 여행을 가고 싶은 사람은 말이 많지 않으면서도 상황에 잘 적응하고, 서로 리드할 수 있는 유연한 사람입니다. 이번 여행에서 가장 기대되는 것은 자연을 감상하며 공연이나 경기를 보는 것이고, 이는 제 삶에 새로운 사람들과의 관계 형성과 문화적 풍요로움을 더할 수 있기를 바랍니다.","이 사용자는 유럽 지역을 선호하고, 더움 기후를 피하고 싶어해요. 여행 목적은 공연&경기관람이며, 게스트하우스에서 머무는 걸 좋아하고 오전 9-10시쯤 기상하는 편이에요.",,
58,꽤 민감,매우 완고,많다,종종 늦음,보통,2,보통,꽤 빡빡하게,국내,산,즉흥 여행,적당히 봄,코골이 안함,다른 곳 간다,"일본,국내,유럽","습함,더움,쌀쌀함","공연&경기관람,액티비티,자연감상","펜션,민박,콘도",오전 10시 이후,100만원 이하,"여행 중 최악의 경험은 습하고 더운 날씨와 긴 대기 시간이었는데, 이는 제가 매우 싫어하는 기후 조건과 웨이팅에 대한 불편함 때문입니다. 그래서 이번 여행에서는 공연이나 경기를 관람할 기회가 꼭 있었으면 좋겠고, 계획에 맞춰 유럽이나 국내 자연을 감상하고 싶습니다. 함께 여행하고 싶은 사람은 긍정적이고 개방적인 사고를 가진 사람으로, 제 고집을 이해해 주고 즉흥적인 일정을 즐겨줄 수 있는 이면 좋겠습니다. 이번 여행에서는 산을 오르며 자연을 만끽하는 순간들이 가장 기대되며, 이는 제게 일상의 스트레스를 벗어던지고 새로움을 발견하는 경험이 될 것입니다. 이러한 여행을 통해 제 삶에 활력과 새로운 인사이트를 얻길 기대합니다.","이 사용자는 유럽 지역을 선호하고, 쌀쌀함 기후를 피하고 싶어해요. 여행 목적은 자연감상이며, 콘도에서 머무는 걸 좋아하고 오전 10시 이후쯤 기상하는 편이에요.",,
59,매우 민감,매우 완고,매우 적다,매우 정확,따르는 편,1,매우 둔감,보통,국내,산,계획 여행,적당히 봄,코골이 안함,기다림,"미국,일본,중국&몽골","쌀쌀함,습함,더움","공연&경기관람,기록,도전과성장","에어비엔비,콘도,3성이하 호텔",오전 8-9시,100만원 이하,"저는 여행 중 계획대로 진행되지 않는 상황이나 기후 문제로 인해 체력이 소모되는 경험을 최악으로 꼽습니다. 이번 여행에서는 기록을 남기기 위한 충분한 자료와 도구가 필요하며, 의견을 많이 요구하지 않고 저와 비슷한 계획성향을 가진 사람과 함께 여행하고 싶습니다. 공연이나 경기를 관람하는 것을 가장 기대하며, 이 여행이 저에게 새로운 도전과 성장이 되었으면 합니다. 여행이 끝난 후에도 계획했던 것들을 완수했다는 뿌듯함을 느끼고 싶어요.","이 사용자는 미국 지역을 선호하고, 쌀쌀함 기후를 피하고 싶어해요. 여행 목적은 도전과성장이며, 3성이하 호텔에서 머무는 걸 좋아하고 오전 8-9시쯤 기상하는 편이에요.",,
60,보통,다소 완고,매우 많다,매우 정확,리드하는편,1,둔감,보통,해외,산,즉흥 여행,적당히 봄,코골이 안함,기다림,"일본,미국,유럽","습함,쌀쌀함,상관없음","공연&경기관람,휴식,문화&역사체험","상관없음,3성이하 호텔,민박",오전 10시 이후,200-300만원,"저는 여행 중 습하고 쌀쌀한 날씨를 별로 좋아하지 않기에 그런 기후를 피하고자 합니다. 최악의 여행 경험으로는 계획이 없었는데도 불구하고 일정이 비좁게 짜여져 여유 없이 다녔던 기억이 있습니다. 따라서 이번 여행에서는 공연이나 경기를 관람하며 문화와 역사 체험에 집중하고, 충분한 휴식을 위해 3성 이하의 호텔에 묵으며 여유로운 시간을 보내고 싶습니다. 리더십이 강한 편이기에 저와 대화를 많이 나눌 수 있는 사람과 자연스러운 리드와 의견 교환을 통해 여행을 즐길 수 있을 것 같습니다. 이번 여행에서는 특히 제가 바쁘고 번잡했던 일상에서 벗어나 즐거움과 새로운 영감을 얻어 내 삶에 긍정적인 전환점이 되었으면 합니다.","이 사용자는 일본 지역을 선호하고, 상관없음 기후를 피하고 싶어해요. 여행 목적은 문화&역사체험이며, 3성이하 호텔에서 머무는 걸 좋아하고 오전 10시 이후쯤 기상하는 편이에요.",,
61,매우 둔감,보통,매우 적다,매우 정확,무조건 따름,2,매우 민감,매우 빡빡하게,국내,산,계획 여행,무조건 다 봄,코골이 함,기다림,"미국,그 외,동남아","건조함,더움,추움","휴식,액티비티,도전과성장","콘도,민박,게스트하우스",오전 10시 이후,300-400만원,"저는 여행 중 일정이 빡빡하고 체력이 약해서 피곤해졌을 때 최악의 경험을 했던 적이 있습니다. 그래서 이번 여행에서는 꼭 휴식을 위한 공간과 도전적인 액티비티가 균형 있게 포함되길 바랍니다. 함께 여행할 사람은 시간을 잘 지키며 청결을 중요시하는 사람이었으면 좋겠어요. 이번 여행에서 가장 기대하는 것은 새로운 도전과 성장을 경험하는 것이며, 이를 통해 제 삶에 긍정적인 영향을 주고 싶습니다. 계획적으로 여행을 준비하겠지만, 따뜻한 국내 여행을 통해 새로운 에너지를 얻고자 합니다.","이 사용자는 그 외 지역을 선호하고, 추움 기후를 피하고 싶어해요. 여행 목적은 도전과성장이며, 민박에서 머무는 걸 좋아하고 오전 10시 이후쯤 기상하는 편이에요.",,
62,꽤 민감,보통,매우 많다,종종 늦음,따르는 편,3,꽤 민감,매우 빡빡하게,국내,바다,즉흥 여행,적당히 봄,코골이 안함,기다림,"그 외,국내,일본","상관없음,쌀쌀함,더움","자연감상,공연&경기관람,사람&관계","콘도,게스트하우스,4-5성급호텔",오전 9-10시,400만원 이상,"여행 중 최악의 경험은 종종 늦거나 빡빡한 일정 때문에 생긴 스트레스가 컸던 때입니다. 이번 여행에서 꼭 필요한 것은 친구들과의 즐거운 대화와 자연 속에서의 여유로움입니다. 같이 여행을 가고 싶은 사람은 사교적이고 말이 많아 자신과 잘 맞으며, 즉흥적이고 느긋한 계획을 선호하는 사람입니다. 이번 여행에서 가장 기대하는 것은 바다를 보며 자연을 느끼는 것이며, 이번 여행이 삶에 주는 의미는 일상의 스트레스를 풀고 새로운 인간관계를 쌓는 것입니다. 이를 통해 삶에 활력을 주고 싶습니다.","이 사용자는 그 외 지역을 선호하고, 더움 기후를 피하고 싶어해요. 여행 목적은 자연감상이며, 게스트하우스에서 머무는 걸 좋아하고 오전 9-10시쯤 기상하는 편이에요.",,
63,매우 민감,다소 완고,매우 많다,종종 늦음,보통,1,둔감,매우 여유있게,해외,산,즉흥 여행,무조건 다 봄,코골이 안함,기다림,"중국&몽골,그 외,동남아","더움,건조함,상관없음","액티비티,기록,사람&관계","민박,펜션,콘도",오전 10시 이후,300-400만원,"저는 여행 중 가장 싫은 경험이 덥고 건조한 날씨에서 체력을 소진하며 불편함을 느낄 때입니다. 이번 여행에서는 여유로운 일정으로 사람들과의 관계를 쌓을 수 있는 기회와 기록을 남길 수 있는 순간이 꼭 필요합니다. 함께 여행하고 싶은 사람은 기다림에 이해심이 많고, 즉흥적인 계획을 함께 즐길 수 있는 유연한 성향의 사람입니다. 이번 여행에서 가장 기대하는 것은 새로운 산과 문화를 경험하며 쌓는 인간관계와 교류입니다. 이번 여행이 제 인생에서 새로운 사람들과의 관계를 넓히고, 지속가능한 추억을 만드는 의미 깊은 시간이 되기를 바랍니다.","이 사용자는 동남아 지역을 선호하고, 상관없음 기후를 피하고 싶어해요. 여행 목적은 사람&관계이며, 콘도에서 머무는 걸 좋아하고 오전 10시 이후쯤 기상하는 편이에요.",,
64,보통,보통,매우 많다,꽤 정확,보통,4,둔감,꽤 빡빡하게,국내,산,계획 여행,무조건 다 봄,코골이 함,다른 곳 간다,"중국&몽골,유럽,미국","추움,더움,상관없음","문화&역사체험,기록,쇼핑","4-5성급호텔,콘도,게스트하우스",오전 9-10시,100만원 이하,"저는 여행 중에 추운 날씨를 겪는 것이 가장 싫은데, 이번에는 그럴 일이 없길 바랍니다. 이번 여행에서는 필수로 문화와 역사 체험을 하고 싶고, 함께 여행할 사람은 정확한 시간 약속을 지키면서도 이야기를 많이 나누는 것을 좋아하는 이였으면 좋겠어요. 저는 이번 여행에서 다양한 랜드마크를 방문하는 것을 기대하고, 그 경험이 저의 기록에 도움이 되길 바랍니다. 그렇게 함으로써 제 삶에 더 많은 문화적 깊이를 더하고 싶습니다. 여행 중 숙소는 4-5성급 호텔이나 게스트하우스를 선호하며, 일정을 빡빡하게 짜도 코골이를 배려하는 동행이라면 덜 피곤할 것 같아요.","이 사용자는 미국 지역을 선호하고, 추움 기후를 피하고 싶어해요. 여행 목적은 쇼핑이며, 게스트하우스에서 머무는 걸 좋아하고 오전 9-10시쯤 기상하는 편이에요.",,
65,보통,보통,매우 많다,종종 늦음,무조건 따름,3,매우 둔감,보통,해외,바다,계획 여행,무조건 다 봄,코골이 안함,기다림,"일본,국내,유럽","쌀쌀함,더움,건조함","자연감상,기록,쇼핑","콘도,4-5성급호텔,에어비엔비",오전 9-10시,400만원 이상,"저는 여행 중 쌀쌀하거나 더운 기후를 피하려 하는데, 날씨로 인해 불편했던 경험이 최악으로 남아 있습니다. 이번 여행에서는 자연을 감상하고 기록하는 것을 주된 목적이므로, 각각의 순간을 충분히 남길 수 있는 카메라가 필수적입니다. 동행인은 의견을 잘 수용하고 함께 계획대로 여행할 수 있는 사람이 좋습니다. 이번 여행에서 가장 기대하는 것은 일본의 아름다운 자연과 문화를 체험하며 쇼핑도 제대로 즐기는 것입니다. 이러한 경험을 통해 제 삶의 활력을 되찾고 더 많은 추억을 만들어 나가는 의미 있는 시간이 되길 바랍니다.","이 사용자는 일본 지역을 선호하고, 쌀쌀함 기후를 피하고 싶어해요. 여행 목적은 기록이며, 콘도에서 머무는 걸 좋아하고 오전 9-10시쯤 기상하는 편이에요.",,
66,보통,매우 수용적,보통,꽤 정확,무조건 리드,5,둔감,보통,해외,산,계획 여행,무조건 다 봄,코골이 함,기다림,"국내,그 외,일본","추움,쌀쌀함,건조함","공연&경기관람,휴식,자연감상","상관없음,민박,3성이하 호텔",오전 10시 이후,100만원 이하,"저는 해외 여행을 사랑하지만, 날씨가 추운 곳은 피하고 싶습니다. 여행 중 최악의 경험이라면 예기치 않은 기상 변화로 인해 계획한 일정이 엉킨 경우입니다. 이번 여행에서는 지도를 챙겨 다니며 모든 랜드마크를 빠짐없이 보려고 하고, 공연이나 경기를 볼 기회를 놓치지 않길 바랍니다. 함께 여행을 가고 싶은 사람은 협조적이고 기다림에 불평이 없는 사람입니다. 이 여행이 제 삶에 휴식과 자연 감상의 기회를 제공하며, 저와 함께 공유하는 사람들과 더 깊은 유대감을 형성하는 시간이 되었으면 좋겠습니다.","이 사용자는 국내 지역을 선호하고, 추움 기후를 피하고 싶어해요. 여행 목적은 공연&경기관람이며, 민박에서 머무는 걸 좋아하고 오전 10시 이후쯤 기상하는 편이에요.",,
67,매우 민감,매우 수용적,많다,보통,무조건 따름,4,매우 둔감,매우 여유있게,국내,산,즉흥 여행,적당히 봄,코골이 함,기다림,"동남아,세계일주,국내","습함,추움,쌀쌀함","공연&경기관람,휴식,쇼핑","에어비엔비,민박,4-5성급호텔",오전 8-9시,200-300만원,"여행 중 최악의 경험은 습하거나 추운 날씨에 노출될 때입니다. 저에게는 공연과 경기를 관람할 수 있는 기회가 중요하고, 이를 편안한 환경에서 즐기길 바랍니다. 함께 여행하고 싶은 사람은 저처럼 다양한 의견을 수용하며 즉흥적인 계획에도 유연하게 대처할 수 있는 사람입니다. 이번 여행에서 공연 관람과 쇼핑을 특히 기대하고 있으며, 이는 바쁜 일상에서 벗어나 새로운 에너지를 얻고자 하는 저에게 큰 의미가 있습니다. 여행은 단순히 휴식의 의미를 넘어서 제 삶에 활력을 불어넣는 중요한 계기입니다.","이 사용자는 동남아 지역을 선호하고, 추움 기후를 피하고 싶어해요. 여행 목적은 공연&경기관람이며, 에어비엔비에서 머무는 걸 좋아하고 오전 8-9시쯤 기상하는 편이에요.",,
68,매우 둔감,매우 완고,매우 적다,종종 늦음,무조건 리드,1,보통,매우 빡빡하게,해외,바다,즉흥 여행,무조건 다 봄,코골이 함,기다림,"세계일주,그 외,미국","더움,추움,상관없음","미식,자연감상,공연&경기관람","에어비엔비,상관없음,4-5성급호텔",오전 10시 이후,200-300만원,"여행 중 최악의 경험은 바쁜 일정에 체력이 따라주지 않을 때가 많아서 피곤함을 극복하기 힘든 상황입니다. 이번 여행에서 꼭 필요한 것은 충분한 휴식이 가능한 숙소로, 에어비앤비나 4-5성급 호텔에서 천천히 하루를 시작하고 싶습니다. 함께 여행하고 싶은 사람은 저녁에 늦게까지 활동적으로 일정을 소화하면서도, 제가 리더 역할을 할 때 따르는 사람입니다. 이번 여행에서 자연을 감상하고 다양한 공연이나 경기를 관람하는 것이 가장 기대됩니다. 이 여행을 통해 일상에서 벗어나 미식을 즐기고 세계를 더 넓게 보는 새로운 시각을 얻고 싶습니다.","이 사용자는 미국 지역을 선호하고, 더움 기후를 피하고 싶어해요. 여행 목적은 자연감상이며, 상관없음에서 머무는 걸 좋아하고 오전 10시 이후쯤 기상하는 편이에요.",,
69,꽤 민감,다소 완고,매우 적다,꽤 정확,무조건 따름,5,매우 민감,보통,국내,바다,즉흥 여행,무조건 다 봄,코골이 함,기다림,"일본,그 외,유럽","상관없음,건조함,습함","도전과성장,액티비티,쇼핑","에어비엔비,펜션,3성이하 호텔",오전 9-10시,200-300만원,"저는 여행 중에 예정된 일정을 놓치게 되는 것을 최악의 경험으로 꼽습니다. 이는 제가 시간 약속을 꽤 중요하게 여기는 만큼 피하고 싶은 상황입니다. 이번 여행에서는 저의 청결 민감함을 고려해 편안하게 머물 수 있는 에어비엔비 숙소가 필수입니다. 말을 많이 하지 않는 저와 성향이 맞는, 의견을 굳이 강요하지 않는 사람과 여행을 가고 싶습니다. 이번 여행에서는 일본에서의 새로운 도전과 성장을 가장 기대하고 있으며, 이러한 경험들이 제 삶에 긍정적인 영향을 주었으면 합니다. 여행을 통해 얻고 싶은 의미는 일상에서 벗어난 액티비티와 쇼핑을 통해 새로운 활력을 찾는 것입니다.","이 사용자는 일본 지역을 선호하고, 상관없음 기후를 피하고 싶어해요. 여행 목적은 도전과성장이며, 에어비엔비에서 머무는 걸 좋아하고 오전 9-10시쯤 기상하는 편이에요.",,
70,꽤 민감,보통,보통,자주 늦음,보통,2,둔감,꽤 빡빡하게,국내,바다,계획 여행,무조건 다 봄,코골이 안함,기다림,"유럽,그 외,세계일주","더움,쌀쌀함,추움","액티비티,자연감상,사람&관계","민박,게스트하우스,4-5성급호텔",오전 9-10시,100만원 이하,"여행 중 최악의 경험은 추운 날씨에 부적응하여 불편함을 겪는 것일 것입니다. 그래서 이번 여행에서는 편안한 숙소와 따뜻한 기후가 꼭 필요합니다. 함께 여행하고 싶은 사람은 민감한 나를 잘 이해해주고 시간 관념이 느슨한 것을 감안해 줄 수 있었으면 합니다. 이번 여행에서 가장 기대되는 것은 바다를 감상하고 다양한 액티비티를 즐기며 새로운 사람들과 관계를 맺는 것입니다. 이번 여행이 제 삶에서 일상에서 벗어나 즐거움을 찾고, 새로운 경험을 통해 개인적으로 성장하는 기회가 되었으면 합니다.","이 사용자는 그 외 지역을 선호하고, 추움 기후를 피하고 싶어해요. 여행 목적은 액티비티이며, 4-5성급호텔에서 머무는 걸 좋아하고 오전 9-10시쯤 기상하는 편이에요.",,
71,보통,보통,매우 많다,보통,무조건 따름,2,매우 민감,꽤 빡빡하게,해외,바다,계획 여행,무조건 다 봄,코골이 함,기다림,"중국&몽골,그 외,미국","더움,상관없음,습함","사람&관계,미식,문화&역사체험","상관없음,게스트하우스,에어비엔비",오전 10시 이후,200-300만원,"저는 여행 중 습하고 더운 날씨 때문에 힘들었던 경험이 있습니다. 그래서 이번 여행에서는 쾌적한 에어비엔비 숙소와 맛있는 음식을 꼭 즐기고 싶습니다. 함께 여행 가는 사람은 이해심이 많고, 저의 계획에 잘 따라와 주는 사람이면 좋겠습니다. 이번 여행에서 저는 미국의 미식과 문화, 역사 체험을 가장 기대하고 있습니다. 이러한 여행을 통해 새로운 사람들과의 관계를 형성하고, 제 삶에 긍정적인 변화를 가져오기를 바랍니다.","이 사용자는 미국 지역을 선호하고, 습함 기후를 피하고 싶어해요. 여행 목적은 미식이며, 에어비엔비에서 머무는 걸 좋아하고 오전 10시 이후쯤 기상하는 편이에요.",,
72,매우 둔감,보통,적다,보통,따르는 편,5,둔감,매우 빡빡하게,국내,산,계획 여행,적당히 봄,코골이 안함,기다림,"유럽,중국&몽골,국내","건조함,더움,추움","휴식,자연감상,도전과성장","상관없음,3성이하 호텔,게스트하우스",오전 9-10시,200-300만원,"저는 여행에서 자연 감상을 중요한 목적으로 두고 있으며, 유럽 등지에서 쉬어 가며 새로운 도전을 경험하고 싶어요. 건조한 기후를 피하고 싶기에 적절한 시기에 여행을 계획하려고 합니다. 친구나 여행 동료의 코골이나 청결 문제에는 크게 민감하지 않지만, 너무 더운 날씨는 불편해서 피하고 싶어요. 저는 보통 오전 9~10시에 일어나며, 여행에서는 일정을 꽉 채워 움직이는 것을 선호합니다. 이번 여행이 제 삶에 휴식과 성장을 동시에 가져다주었으면 하며, 같이 여행할 사람은 특별히 말이 많지 않은 사람이면 좋겠습니다.","이 사용자는 유럽 지역을 선호하고, 건조함 기후를 피하고 싶어해요. 여행 목적은 자연감상이며, 3성이하 호텔에서 머무는 걸 좋아하고 오전 9-10시쯤 기상하는 편이에요.",,
73,둔감,보통,매우 많다,보통,리드하는편,1,꽤 민감,꽤 여유있게,국내,산,계획 여행,적당히 봄,코골이 함,기다림,"국내,중국&몽골,세계일주","더움,쌀쌀함,상관없음","휴식,미식,기록","콘도,펜션,게스트하우스",오전 8-9시,400만원 이상,"여행 중 최악의 경험은 일정이 너무 빡빡해 충분한 휴식을 취하지 못했을 때였어요. 그래서 이번 여행에서는 편안한 침침과 여유로운 일정이 꼭 있으면 좋겠어요. 같이 여행을 가고 싶은 사람은 의견을 잘 수용하고, 대화가 많아 즐거운 분위기를 만들 수 있는 사람이면 좋겠어요. 이번 여행에서는 휴식을 가장 기대하고 있으며, 제가 좋아하는 국내 지역의 산을 여행하면서 휴식과 미식을 충분히 즐기고 싶습니다. 이번 여행이 제 삶에 주는 의미는 바쁘고 어지러운 일상에서 벗어나 자연 속에서 편안함을 찾고, 체력을 회복하는 기회가 될 것으로 기대하고 있습니다.","이 사용자는 국내 지역을 선호하고, 상관없음 기후를 피하고 싶어해요. 여행 목적은 휴식이며, 펜션에서 머무는 걸 좋아하고 오전 8-9시쯤 기상하는 편이에요.",,
74,둔감,다소 완고,매우 적다,자주 늦음,따르는 편,3,매우 민감,꽤 빡빡하게,국내,산,계획 여행,무조건 다 봄,코골이 안함,기다림,"미국,중국&몽골,동남아","습함,쌀쌀함,더움","미식,문화&역사체험,휴식","에어비엔비,콘도,펜션",오전 9-10시,200-300만원,"저는 여행 중 습하고 쌀쌀한 기후로 인해 불편했던 경험을 피하고 싶습니다. 미국의 문화와 역사 체험에 중점을 두고 있는 이번 여행에서는 꼭 식도락을 즐기고 싶습니다. 저는 말을 많이 하지 않고 계획적인 일정에 따르기 때문에 저와 비슷하게 조용하면서도 한 계획을 잘 따르는 사람이 좋습니다. 이번 여행에서 에어비엔비에서의 편안한 숙박과 미식 경험을 통해 새로운 영감을 얻고, 일상에서의 작은 탈출과 같은 의미를 가지기를 기대합니다. 서로의 청결에 민감하고, 여행 계획을 따르며 다양한 랜드마크를 모두 둘러보고 싶습니다.","이 사용자는 미국 지역을 선호하고, 습함 기후를 피하고 싶어해요. 여행 목적은 문화&역사체험이며, 에어비엔비에서 머무는 걸 좋아하고 오전 9-10시쯤 기상하는 편이에요.",,
75,매우 둔감,매우 수용적,보통,꽤 정확,리드하는편,4,보통,매우 빡빡하게,해외,바다,계획 여행,무조건 다 봄,코골이 함,다른 곳 간다,"국내,세계일주,중국&몽골","추움,건조함,쌀쌀함","액티비티,공연&경기관람,도전과성장","민박,3성이하 호텔,4-5성급호텔",오전 9-10시,300-400만원,"저는 여행 중 추운 기후를 특히 싫어하기 때문에, 추운 지역에서의 경험이 최악의 경험 중 하나였어요. 이번 여행에서는 다양한 활동에 참여하고 성장할 수 있는 기회를 꼭 갖고 싶습니다. 리더십을 발휘할 수 있는 편이라 함께 여행을 가는 사람도 수용적이고 열린 성향을 가졌으면 좋겠어요. 무엇보다 랜드마크를 모두 둘러보는 계획적인 여행을 기대하고 있습니다. 이번 여행이 삶의 도전과 성장을 자극하는 특별한 순간이 되기를 바라고 있어요.","이 사용자는 국내 지역을 선호하고, 추움 기후를 피하고 싶어해요. 여행 목적은 도전과성장이며, 4-5성급호텔에서 머무는 걸 좋아하고 오전 9-10시쯤 기상하는 편이에요.",,
76,보통,매우 완고,적다,매우 정확,무조건 리드,4,매우 민감,매우 여유있게,국내,산,즉흥 여행,적당히 봄,코골이 함,기다림,"중국&몽골,미국,그 외","상관없음,추움,습함","휴식,기록,공연&경기관람","상관없음,콘도,에어비엔비",오전 8-9시,300-400만원,"저는 여행 중 청결하지 않은 환경에서 머무르는 것을 최악의 경험으로 꼽을 수 있습니다. 그래서 이번 여행에서는 깨끗한 숙소가 꼭 필요합니다. 여행을 함께 할 사람은 제가 이끌어줄 수 있고, 의견을 고집해도 함께 맞춰가는 사람이면 좋겠어요. 이번 여행에서 가장 기대하는 것은 여유로운 일정 속에서 공연이나 경기를 관람하며 휴식을 취하는 것입니다. 이 여행이 저에게 기록으로 남고, 일상의 스트레스에서 벗어나는 의미 있는 시간이 되었으면 합니다.","이 사용자는 미국 지역을 선호하고, 습함 기후를 피하고 싶어해요. 여행 목적은 기록이며, 콘도에서 머무는 걸 좋아하고 오전 8-9시쯤 기상하는 편이에요.",,
77,꽤 민감,매우 완고,많다,보통,보통,2,매우 둔감,꽤 여유있게,국내,산,계획 여행,적당히 봄,코골이 함,기다림,"중국&몽골,일본,유럽","습함,건조함,더움","공연&경기관람,액티비티,기록","상관없음,민박,펜션",오전 10시 이후,100만원 이하,"저는 여행 중 습하고 더운 날씨가 최악의 경험으로 남을 것 같은데, 이로 인해 불쾌감이 높아질 수 있기 때문입니다. 이번 여행에서는 날이 산뜻하고 활동적인 공연이나 경기를 즐길 수 있는 기회가 꼭 필요하다고 생각해요. 함께 여행을 가고 싶은 사람이라면 적극적으로 계획에 참여하며 의견이 조율되는 것을 존중하는 사람이면 좋겠네요. 가장 기대하는 것은 새로운 경험을 기록하면서 일본의 문화 깊이 느끼는 것이고, 이번 여행이 제 삶에 활력을 더해주고 기억에 남는 귀한 시간이 되길 바랍니다. 오전 10시 이후에는 여유로운 일정을 시작하며, 민박이나 펜션에서 편안한 숙박을 즐길 계획이에요.","이 사용자는 일본 지역을 선호하고, 더움 기후를 피하고 싶어해요. 여행 목적은 액티비티이며, 펜션에서 머무는 걸 좋아하고 오전 10시 이후쯤 기상하는 편이에요.",,
78,매우 둔감,매우 수용적,보통,자주 늦음,리드하는편,5,꽤 민감,보통,국내,바다,즉흥 여행,적당히 봄,코골이 함,다른 곳 간다,"세계일주,그 외,일본","더움,상관없음,습함","도전과성장,휴식,문화&역사체험","3성이하 호텔,게스트하우스,4-5성급호텔",오전 10시 이후,100만원 이하,"저는 여행 중에 더운 날씨를 피하고 싶은데, 예전에 그런 기후에서 고생했던 경험이 떠오르네요. 이번 여행에서는 누군가 일정이 엄격하지 않고 서로의 의견을 존중하면서 함께 할 수 있는 유연한 사람과 함께 하고 싶습니다. 하지만 늘 시간에 맞추지 못해요, 그러니 그 점을 이해해줄 수 있는 사람이었으면 좋겠어요. 이번에 가장 기대되는 것은 새로운 문화와 역사를 접하면서 느끼는 도전과 성장의 기회입니다. 여행은 제게 일상의 휴식과 삶의 활력을 불어넣어 주는 시간이기 때문에 이번 여행도 그 같은 의미를 가지길 바랍니다. 4-5성급 호텔에서의 편안한 휴식도 꼭 포함되었으면 해요.","이 사용자는 그 외 지역을 선호하고, 상관없음 기후를 피하고 싶어해요. 여행 목적은 휴식이며, 4-5성급호텔에서 머무는 걸 좋아하고 오전 10시 이후쯤 기상하는 편이에요.",,
79,매우 민감,매우 수용적,매우 적다,종종 늦음,따르는 편,4,둔감,꽤 여유있게,국내,바다,즉흥 여행,적당히 봄,코골이 안함,기다림,"동남아,일본,중국&몽골","쌀쌀함,건조함,더움","쇼핑,액티비티,자연감상","펜션,상관없음,4-5성급호텔",오전 9-10시,100만원 이하,저는 여행 중 예상치 못한 기후 변동으로 인해 쌀쌀하고 건조한 날씨를 경험할 때가 가장 힘들었습니다. 그래서 이번 여행에서는 이런 상황을 피하고 쇼핑과 자연 감상이 평화롭게 이루어질 수 있는 환경이 꼭 있었으면 좋겠어요. 함께 여행하고 싶은 사람은 이해심 있고 유연하게 여행을 즐길 수 있는 분이면 좋겠고요. 이번 여행에서 가장 기대하는 것은 제가 일상에서 얻지 못했던 새로운 활력과 스트레스 해소입니다. 여행을 통해 삶에 잠시 여유를 더하고 재충전의 기회를 가졌으면 하네요.,"이 사용자는 일본 지역을 선호하고, 건조함 기후를 피하고 싶어해요. 여행 목적은 쇼핑이며, 상관없음에서 머무는 걸 좋아하고 오전 9-10시쯤 기상하는 편이에요.",,
80,둔감,보통,매우 많다,보통,리드하는편,2,매우 둔감,꽤 여유있게,국내,산,즉흥 여행,무조건 다 봄,코골이 함,다른 곳 간다,"국내,일본,중국&몽골","상관없음,더움,건조함","문화&역사체험,기록,공연&경기관람","펜션,콘도,게스트하우스",오전 10시 이후,400만원 이상,"저는 여행 중 가장 실망스러운 경험으로 대기 시간을 참고 기다린 적이 있었는데, 결국 원하는 것을 보지 못한 일이 기억에 남습니다. 그래서 이번 여행에서만큼은 계획하지 않고 즉흥적으로 다니더라도 필요한 정보를 기록하는 것을 잊지 않으려 합니다. 함께 여행하고 싶은 사람은 소통을 좋아하고 문화와 역사 체험에 관심이 많은 사람입니다. 이번 여행에서는 특히 중국과 몽골의 랜드마크를 자유롭게 둘러보는 걸 기대하며, 기록을 통해 여행의 순간을 간직할 수 있기를 바랍니다. 궁극적으로는 이 여행이 제 삶에 새로운 문화적 시야를 더하고, 특별한 추억으로 남아 계속되었으면 합니다.","이 사용자는 중국&몽골 지역을 선호하고, 더움 기후를 피하고 싶어해요. 여행 목적은 기록이며, 게스트하우스에서 머무는 걸 좋아하고 오전 10시 이후쯤 기상하는 편이에요.",,
81,보통,매우 완고,적다,매우 정확,따르는 편,3,매우 둔감,매우 빡빡하게,국내,바다,즉흥 여행,적당히 봄,코골이 안함,기다림,"중국&몽골,미국,동남아","습함,건조함,더움","문화&역사체험,도전과성장,사람&관계","에어비엔비,4-5성급호텔,민박",오전 10시 이후,100만원 이하,"저는 더운 기후를 피하며 중국과 몽골 같은 문화와 역사적인 장소에서의 도전과 성장을 목적에 둡니다. 여행 중 최악의 경험은 피곤한 체력으로 지친 상태에서 예상보다 빡빡한 일정에서 오는 것이며, 이번 여행에서 사람들과의 관계와 특별한 경험을 맺고 싶습니다. 그래서 함께 여행하고 싶은 사람은 의견이 조화를 이루고, 기다림과 약속을 잘 지키는 특성을 가진 사람이면 좋겠습니다. 여행 중에는 다양한 문화와 사람을 만나며 관계를 형성하는 것을 가장 기대하고 있으며, 이 여행이 제 삶에 새로운 도전과 성장을 주는 의미 있는 시간이 되었으면 합니다.","이 사용자는 중국&몽골 지역을 선호하고, 더움 기후를 피하고 싶어해요. 여행 목적은 사람&관계이며, 에어비엔비에서 머무는 걸 좋아하고 오전 10시 이후쯤 기상하는 편이에요.",,
82,둔감,보통,적다,종종 늦음,리드하는편,4,매우 민감,꽤 빡빡하게,해외,바다,즉흥 여행,적당히 봄,코골이 안함,기다림,"유럽,세계일주,동남아","추움,건조함,더움","미식,사람&관계,휴식","상관없음,게스트하우스,민박",오전 8-9시,400만원 이상,"저는 여행 중 추운 기후를 피하지 못했을 때가 가장 힘들었습니다. 이번 여행에서는 유럽의 미식을 즐기는 것이 필수적이며, 편안한 숙소에서의 휴식을 기대하고 있습니다. 함께 여행을 한다면, 시간을 잘 지키고 제가 리드하는 스타일에 편안한 사람들이면 좋겠습니다. 이번 여행을 통해 다양한 사람들과의 관계를 형성하며 진정한 휴식을 얻고 싶습니다. 이 여행이 저의 삶에 새로운 활력을 불어넣고, 잊지 못할 추억으로 남기를 바랍니다.","이 사용자는 유럽 지역을 선호하고, 추움 기후를 피하고 싶어해요. 여행 목적은 휴식이며, 상관없음에서 머무는 걸 좋아하고 오전 8-9시쯤 기상하는 편이에요.",,
83,꽤 민감,매우 완고,많다,꽤 정확,보통,2,매우 민감,매우 빡빡하게,해외,산,계획 여행,무조건 다 봄,코골이 함,기다림,"중국&몽골,세계일주,그 외","건조함,쌀쌀함,상관없음","문화&역사체험,액티비티,공연&경기관람","콘도,상관없음,4-5성급호텔",오전 8-9시,400만원 이상,"저는 여행 중 예민한 성격 때문에 청결하지 않은 숙소에서 불편함을 느꼈던 것이 최악의 경험이었습니다. 그래서 이번 여행에서는 깨끗하고 편안한 4-5성급 호텔에 머무르는 게 중요합니다. 함께 여행할 사람도 저처럼 계획적인 사람이라면 좋겠고, 시간 약속에 정확한 동료라면 더욱 마음이 편할 것 같습니다. 가장 기대하는 것은 각 지역의 문화와 역사 체험인데, 이번 여행을 통해 그 지역의 공연과 활동에 깊이 몰입하면서 새로운 영감을 얻고 싶습니다. 이 여행이 제 삶에 다양한 문화를 이해하고, 제 세계관을 넓히는 의미 있는 경험이 되길 바랍니다.","이 사용자는 그 외 지역을 선호하고, 건조함 기후를 피하고 싶어해요. 여행 목적은 액티비티이며, 상관없음에서 머무는 걸 좋아하고 오전 8-9시쯤 기상하는 편이에요.",,
84,보통,다소 완고,매우 많다,매우 정확,보통,4,보통,꽤 빡빡하게,국내,산,즉흥 여행,적당히 봄,코골이 함,기다림,"중국&몽골,미국,동남아","건조함,상관없음,추움","도전과성장,사람&관계,기록","3성이하 호텔,펜션,상관없음",오전 10시 이후,300-400만원,"여행 중 최악의 경험은 예상치 못한 일정 변화나 소음 때문에 숙면을 방해받았을 때였어요, 코골이를 하니까요. 그래서 이번 여행에는 편안한 휴식을 위한 적절한 숙소와 함께 활기를 더하는 사람과의 대화가 꼭 필요해요. 같이 여행을 가고 싶은 사람은 사교적이고 시간 약속을 잘 지키는 사람으로, 서로 다양한 이야기를 나누며 친밀한 유대감을 형성하고 싶어요. 이번 여행에서는 새로운 문화와 사람을 만나 기록하는 순간을 가장 기대하고 있으며, 이를 통해 개인적으로 성장하고 삶에 도전과 변화를 불어넣고 싶어요.","이 사용자는 중국&몽골 지역을 선호하고, 추움 기후를 피하고 싶어해요. 여행 목적은 기록이며, 펜션에서 머무는 걸 좋아하고 오전 10시 이후쯤 기상하는 편이에요.",,
85,매우 둔감,수용적,매우 적다,종종 늦음,따르는 편,4,매우 둔감,보통,해외,산,계획 여행,무조건 다 봄,코골이 함,기다림,"일본,그 외,동남아","더움,상관없음,쌀쌀함","기록,휴식,문화&역사체험","4-5성급호텔,상관없음,펜션",오전 10시 이후,100만원 이하,저는 여행 중 무거운 일정이나 예기치 못한 상황으로 인해 피곤해지거나 지치는 경험을 싫어합니다. 이번 여행에서는 매일 아침 일어난 후 느긋하게 시작할 수 있는 편안한 숙소가 꼭 필요합니다. 함께 여행을 가고 싶은 사람은 예민하지 않고 수용적인 성향을 가진 사람이면 좋겠어요. 이번 여행에서는 일본이나 동남아의 문화와 역사체험을 통해 새로운 기록을 남기는 것을 가장 기대하고 있습니다. 또한 이 여행이 제 삶에 휴식과 새로운 영감을 주는 의미 있기를 희망합니다.,"이 사용자는 그 외 지역을 선호하고, 쌀쌀함 기후를 피하고 싶어해요. 여행 목적은 기록이며, 상관없음에서 머무는 걸 좋아하고 오전 10시 이후쯤 기상하는 편이에요.",,
86,꽤 민감,수용적,보통,매우 정확,따르는 편,2,둔감,보통,국내,바다,계획 여행,적당히 봄,코골이 함,기다림,"세계일주,그 외,일본","습함,상관없음,건조함","쇼핑,액티비티,미식","펜션,4-5성급호텔,에어비엔비",오전 9-10시,400만원 이상,"저는 여행 중 코를 골아서 동반자를 불편하게 만들었던 경험이 최악이었어요. 이번 여행에서 무엇보다도 계획된 일정을 철저히 지키고 싶고, 체력이 높지 않은 만큼 무리하지 않는 일정이 마련되었으면 합니다. 함께 여행할 사람은 서로의 필요를 존중하고 일정을 잘 따르는 사람이라면 좋겠어요. 여행에서는 쇼핑과 미식 체험을 가장 기대하고 있으며, 이를 통해 제 일상에 새로운 기운과 영감을 주고 싶습니다. 이번 여행이 제 삶에 활력을 불어넣고 잊지 못할 추억이 되었으면 좋겠어요.","이 사용자는 세계일주 지역을 선호하고, 상관없음 기후를 피하고 싶어해요. 여행 목적은 쇼핑이며, 에어비엔비에서 머무는 걸 좋아하고 오전 9-10시쯤 기상하는 편이에요.",,
87,매우 민감,매우 완고,많다,종종 늦음,따르는 편,2,꽤 민감,꽤 여유있게,해외,산,계획 여행,적당히 봄,코골이 안함,다른 곳 간다,"일본,세계일주,국내","추움,더움,상관없음","자연감상,사람&관계,휴식","에어비엔비,펜션,3성이하 호텔",오전 8-9시,200-300만원,"저는 여행 중 예기치 않게 꽉 짜인 일정으로 인해 피로감을 많이 느낀 경험이 최악이었습니다. 그래서 이번 여행에서는 충분한 휴식과 자연을 감상할 여유 있는 시간이 꼭 필요합니다. 함께 여행을 가고 싶은 사람은 서로 의견이 잘 맞고 저처럼 자연을 즐기며 여유롭게 지낼 수 있는 성향을 가진 사람입니다. 이번 여행에서 가장 기대하는 것은 일본 등 새로운 문화와 자연환경을 경험하는 것이며, 이를 통해 인간관계와 자신의 삶에 여유와 긍정적인 에너지를 더하고자 합니다. 여행 후에는 일상에서 벗어난 특별한 경험이 삶의 활력소가 되길 바랍니다.","이 사용자는 국내 지역을 선호하고, 더움 기후를 피하고 싶어해요. 여행 목적은 휴식이며, 3성이하 호텔에서 머무는 걸 좋아하고 오전 8-9시쯤 기상하는 편이에요.",,
88,보통,매우 완고,매우 적다,꽤 정확,무조건 따름,3,꽤 민감,매우 여유있게,해외,산,즉흥 여행,적당히 봄,코골이 함,다른 곳 간다,"유럽,세계일주,일본","더움,추움,습함","쇼핑,휴식,문화&역사체험","콘도,상관없음,펜션",오전 10시 이후,400만원 이상,"저는 여유롭게 세계 일주를 계획하고 있으면서 극한의 기후는 피하고 싶습니다. 여행 중에는 잘 정돈된 숙소에서 편안히 휴식을 취하고자 하며, 오전 늦게 일어나리라 예상합니다. 쇼핑과 문화, 역사 체험이 주된 관심사로, 이러한 경험을 통해 일상의 스트레스에서 벗어나고 싶습니다. 여행 중 끔찍한 경험은 예기치 않은 대기 시간이며, 이를 피하기 위해 유연하게 일정을 조정할 수 있는 즉흥적인 계획을 선호합니다. 함께 여행하길 바라는 사람은 말수가 적고 저와 비슷하게 여유로운 일정과 즉흥적인 느낌을 이해해주는 사람입니다. 이번 여행이 제 삶에 새로운 활력을 불어넣고, 다양한 문화를 접하며 성장할 수 있는 계기가 되었으면 좋겠습니다.","이 사용자는 세계일주 지역을 선호하고, 습함 기후를 피하고 싶어해요. 여행 목적은 휴식이며, 콘도에서 머무는 걸 좋아하고 오전 10시 이후쯤 기상하는 편이에요.",,
89,매우 민감,매우 완고,매우 적다,자주 늦음,무조건 리드,2,보통,꽤 여유있게,국내,바다,즉흥 여행,적당히 봄,코골이 함,다른 곳 간다,"일본,세계일주,유럽","건조함,더움,습함","자연감상,쇼핑,기록","상관없음,콘도,3성이하 호텔",오전 10시 이후,200-300만원,"저는 여행 중에 시간 약속을 어기며 생긴 불편함이나 더운 날씨 때문에 피곤했던 경험이 최악이었던 것 같습니다. 이번 여행에서는 자연을 감상하고 싶기 때문에 여유롭게 움직일 수 있는 여정과 이를 기록할 수 있는 충분한 시간이 중요하다고 생각해요. 함께 여행하고 싶은 사람은 저와 같이 좀 즉흥적으로 여행하면서도 저를 잘 이해해 주고 배려해 줄 수 있는 사람이면 좋겠습니다. 이번 여행에서 가장 기대하는 것은 일본의 자연을 감상하며 쇼핑을 즐기는 것이며, 이는 제 삶에서 일상의 고단함을 피하고 새로운 영감을 얻는 기회가 되기를 바랍니다. 무엇보다 제가 좋아하는 숙소에서 늦잠을 자면서 편안하게 시간을 보낼 수 있길 기대하고 있습니다.","이 사용자는 일본 지역을 선호하고, 건조함 기후를 피하고 싶어해요. 여행 목적은 기록이며, 콘도에서 머무는 걸 좋아하고 오전 10시 이후쯤 기상하는 편이에요.",,
90,매우 민감,수용적,적다,매우 정확,리드하는편,1,매우 둔감,보통,국내,산,즉흥 여행,무조건 다 봄,코골이 안함,다른 곳 간다,"국내,그 외,중국&몽골","더움,쌀쌀함,상관없음","사람&관계,미식,공연&경기관람","게스트하우스,3성이하 호텔,4-5성급호텔",오전 10시 이후,200-300만원,"저는 여행 중에 더운 기후나 쌀쌀한 기후에서 예민하게 반응할 가능성이 높아, 이런 환경에서 최악의 경험을 피하고 싶습니다. 이번 여행에서는 편안하게 일어날 수 있는 환경과 미식 경험이 중요합니다. 함께 여행하고 싶은 사람은 조용하고 저와 의견을 잘 맞춰 나갈 수 있는, 시간을 정확히 지킬 수 있는 사람입니다. 가장 기대하는 것은 현지 음식과 공연 및 경기 관람 같은 문화적 체험입니다. 이번 여행이 사람들과의 관계를 더 깊게 형성하는 계기가 되길 바랍니다.","이 사용자는 중국&몽골 지역을 선호하고, 상관없음 기후를 피하고 싶어해요. 여행 목적은 미식이며, 게스트하우스에서 머무는 걸 좋아하고 오전 10시 이후쯤 기상하는 편이에요.",,
91,매우 둔감,수용적,많다,자주 늦음,리드하는편,4,보통,보통,국내,산,계획 여행,적당히 봄,코골이 안함,기다림,"세계일주,그 외,중국&몽골","쌀쌀함,추움,더움","휴식,도전과성장,액티비티","3성이하 호텔,상관없음,게스트하우스",오전 8-9시,200-300만원,"저는 여행 중 날씨 때문에 불편했던 적이 많아 더운 기후와 쌀쌀한 날씨는 피하려고 합니다. 그래서 여행에서 반드시 가져가야 할 것은 기온을 조절할 수 있는 장비나 옷입니다. 제가 여행을 함께 하고 싶은 사람은 수용적이고 대화가 많은 성격을 가진 사람이며, 리더십이 있어 팀을 이끌 수 있는 능력도 있으면 좋겠습니다. 이번 여행에서는 특히 중국과 몽골을 방문하여 새로운 문화를 경험하며 도전과 성장을 기대하고, 이러한 경험이 제 삶에 활력을 불어넣고 일상에서 벗어나는 계기가 되었으면 합니다. 저는 주로 계획에 따라 여행을 즐기지만 적정한 랜드마크를 방문하는 유연함을 유지하며, 아침에 적당한 시간에 일어나 휴식을 취할 계획입니다.","이 사용자는 중국&몽골 지역을 선호하고, 더움 기후를 피하고 싶어해요. 여행 목적은 도전과성장이며, 3성이하 호텔에서 머무는 걸 좋아하고 오전 8-9시쯤 기상하는 편이에요.",,
92,보통,매우 완고,적다,보통,무조건 리드,3,매우 둔감,꽤 여유있게,해외,바다,즉흥 여행,적당히 봄,코골이 함,다른 곳 간다,"세계일주,일본,유럽","더움,추움,쌀쌀함","자연감상,휴식,쇼핑","에어비엔비,상관없음,민박",오전 10시 이후,100만원 이하,"저는 쇼핑과 자연 감상을 목적으로 세계 곳곳을 여행하는 걸 좋아하며, 이번에도 유럽 여행을 계획하고 있습니다. 여행 중 최악의 경험은 일정이 너무 빽빽하거나 날씨 탓에 힘든 경험을 하는 것인데, 여유로운 즉흥 여행을 선호해 이를 피하려 합니다. 이번 여행에서 꼭 필요한 것은 자연경관을 느긋하게 감상할 수 있는 기회이며, 이를 위해 민박이나 에어비엔비 등 편하게 머물 수 있는 숙소가 필요합니다. 함께 여행할 사람은 대화를 많이 나눌 필요 없이 함께 있어도 불편함 없는 사람이라면 좋겠습니다. 이번 여행을 통해 새로운 문화와 경험을 얻고, 일상에서 벗어나 안정과 여유를 되찾기를 기대합니다.","이 사용자는 유럽 지역을 선호하고, 추움 기후를 피하고 싶어해요. 여행 목적은 쇼핑이며, 민박에서 머무는 걸 좋아하고 오전 10시 이후쯤 기상하는 편이에요.",,
93,꽤 민감,수용적,많다,종종 늦음,따르는 편,3,매우 둔감,꽤 빡빡하게,국내,바다,즉흥 여행,무조건 다 봄,코골이 함,다른 곳 간다,"국내,유럽,일본","상관없음,건조함,쌀쌀함","액티비티,사람&관계,도전과성장","민박,에어비엔비,상관없음",오전 9-10시,400만원 이상,"여행 중 최악의 경험은 일정에 자주 늦어지거나 코골이로 인해 불편함을 줄 수 있는 경우입니다. 그래서 이번 여행에서는 갑작스러운 즉흥 여행이어도 모험과 성장이 있는 활동을 위해 계획이 잘 짜인 액티비티가 꼭 필요합니다. 함께 여행을 가고 싶은 사람은 여러 의견을 수용할 수 있는 수용적인 성향을 가지며, 피곤한 게 신경 쓰이지 않을 친구들이면 좋겠습니다. 저는 이번 여행에서 새로운 사람들과의 관계를 쌓고, 다양한 도전을 통해 개인적 성장을 이뤄내는 것을 가장 기대하고 있습니다. 더불어, 이번 여행은 내 삶에 새로운 활력을 제공하고 경험을 넓히는 특별한 기회가 되었으면 합니다.","이 사용자는 유럽 지역을 선호하고, 상관없음 기후를 피하고 싶어해요. 여행 목적은 액티비티이며, 민박에서 머무는 걸 좋아하고 오전 9-10시쯤 기상하는 편이에요.",,
94,매우 둔감,매우 수용적,많다,꽤 정확,리드하는편,1,둔감,매우 여유있게,해외,산,즉흥 여행,무조건 다 봄,코골이 함,기다림,"중국&몽골,동남아,유럽","건조함,더움,상관없음","액티비티,사람&관계,공연&경기관람","민박,펜션,에어비엔비",오전 9-10시,200-300만원,"저는 예전에 여행 중 뜨거운 날씨에서 병에 걸린 적이 있어 기후에 민감하진 않지만 건조한 곳은 피하고자 합니다. 이번 여행에서는 민박 같은 편안한 숙소가 필수적이고, 액티비티를 즐길 수 있는 기회를 놓치고 싶지 않습니다. 함께 여행하고 싶은 사람은 저처럼 유연하고 수용적인 태도를 가진 사람으로, 기본적으로 여유 있는 일정과 즉흥적인 계획을 좋아하는 사람일 겁니다. 무엇보다도 이 여행에서 다양한 사람들과 관계를 맺으며 특별한 공연이나 경기를 관람하는 것을 가장 기대하고 있습니다. 이번 여행은 새로운 경험과 사회적 관계를 통해 제 삶의 활력을 더하고 싶은 의미를 가집니다.","이 사용자는 동남아 지역을 선호하고, 건조함 기후를 피하고 싶어해요. 여행 목적은 액티비티이며, 민박에서 머무는 걸 좋아하고 오전 9-10시쯤 기상하는 편이에요.",,
95,매우 민감,다소 완고,매우 많다,자주 늦음,보통,3,매우 둔감,매우 여유있게,국내,바다,즉흥 여행,적당히 봄,코골이 안함,다른 곳 간다,"동남아,세계일주,국내","상관없음,더움,건조함","자연감상,공연&경기관람,미식","콘도,펜션,게스트하우스",오전 9-10시,200-300만원,"저는 여행 중 시간약속을 잘 지키지 못해 여러 사람들과 일정이 맞지 않아 모든 걸 조율하지 못한 경험이 최악이었던 것 같아요. 이번에는 자연 감상을 중요시하며 여유로운 일정을 즐기고 싶고, 맛있는 음식을 꼭 함께 경험하고 싶어요. 같이 여행할 사람은 의사소통이 원활하고, 서로의 의견을 끝까지 존중할 수 있는 사람이면 좋겠습니다. 특히나 이번 여행에서 동남아 지역의 자연과 문화를 만끽하며 마음의 여유를 찾는 것을 기대합니다. 이 여행이 저에게 다양한 시각과 새로운 경험을 통해 삶의 활력과 조금의 변화를 주었으면 합니다.","이 사용자는 동남아 지역을 선호하고, 건조함 기후를 피하고 싶어해요. 여행 목적은 미식이며, 콘도에서 머무는 걸 좋아하고 오전 9-10시쯤 기상하는 편이에요.",,
96,꽤 민감,다소 완고,적다,자주 늦음,무조건 따름,5,매우 민감,꽤 빡빡하게,국내,산,즉흥 여행,무조건 다 봄,코골이 안함,다른 곳 간다,"중국&몽골,세계일주,동남아","습함,쌀쌀함,추움","쇼핑,사람&관계,공연&경기관람","4-5성급호텔,3성이하 호텔,펜션",오전 9-10시,100만원 이하,"중국과 몽골, 동남아로의 여행을 계획하면서 저는 최근의 습하거나 추운 기후를 피하고 싶습니다. 이전 여행에서 혹독한 날씨와 맞춰진 일정 때문에 어렵기도 했지만, 이번에는 쇼핑과 공연 관람을 중심으로 한 즉흥적인 여행을 추구할 생각입니다. 저는 아침 9시에서 10시 사이에 기상하고 비교적 저렴한 호텔을 선호하므로, 여행 예산을 100만원 이하로 맞추는 것이 중요합니다. 함께 여행할 사람은 결정을 따를 줄 알고 복잡한 의견 충돌 없이 잘 맞춰 나갈 수 있는 성향이면 좋겠습니다. 이번 여행은 새로운 사람들과의 관계를 쌓고 다양한 경험을 통해 삶의 활력을 얻고 싶습니다.","이 사용자는 동남아 지역을 선호하고, 추움 기후를 피하고 싶어해요. 여행 목적은 쇼핑이며, 3성이하 호텔에서 머무는 걸 좋아하고 오전 9-10시쯤 기상하는 편이에요.",,
97,둔감,수용적,적다,보통,보통,4,둔감,매우 빡빡하게,해외,바다,계획 여행,무조건 다 봄,코골이 안함,다른 곳 간다,"일본,그 외,동남아","습함,쌀쌀함,상관없음","사람&관계,쇼핑,미식","민박,에어비엔비,3성이하 호텔",오전 8-9시,200-300만원,"여행 중 최악의 경험은 습하고 쌀쌀한 날씨로 인해 불편함을 느낄 때입니다. 이번 여행에서는 미식 탐방이 주된 목적이므로 현지 음식을 충분히 즐길 수 있는 계획이 꼭 필요합니다. 함께 여행을 가고 싶은 사람으로는 다양한 의견을 수용하고, 말이 많지 않더라도 서로의 공간을 존중할 수 있는 사람을 선호합니다. 이번 여행에서 가장 기대하는 것은 다양한 사람과의 교류 속에서 새로운 문화를 배우고 쇼핑과 맛집 탐험을 통해 색다른 경험을 하는 것입니다. 이번 여행이 저에게는 삶의 활력을 충전하고 복잡한 일상에서 벗어나 소중한 추억을 쌓는 의미를 가지길 바랍니다.","이 사용자는 그 외 지역을 선호하고, 쌀쌀함 기후를 피하고 싶어해요. 여행 목적은 미식이며, 민박에서 머무는 걸 좋아하고 오전 8-9시쯤 기상하는 편이에요.",,
98,꽤 민감,매우 완고,보통,보통,무조건 따름,5,꽤 민감,꽤 여유있게,해외,산,계획 여행,무조건 다 봄,코골이 안함,기다림,"미국,중국&몽골,세계일주","건조함,상관없음,쌀쌀함","도전과성장,휴식,자연감상","콘도,3성이하 호텔,에어비엔비",오전 10시 이후,100만원 이하,"저는 여행 중에 예민한 성향 때문에 불편했던 경험이 많습니다. 이번 여행에서는 도전과 성장을 추구하며 자연 속에서 여유롭게 시간을 보내고 싶습니다. 따라서 평소 아침에 늦게 일어나 콘도나 에어비엔비 같은 숙소에서 여유롭게 시간을 보내며 랜드마크를 모두 보는 것을 기대하고 있습니다. 함께 여행하고 싶은 사람은 결정을 리드하는 걸 좋아하지 않는 저를 존중하고, 기다림과 계획에 민감한 스타일을 이해하는 사람이면 좋겠습니다. 이번 여행이 제 삶에 새로운 도전과 성장의 기회를 주고, 휴식과 자연 감상의 순간으로 가득 차있기를 바랍니다.","이 사용자는 세계일주 지역을 선호하고, 상관없음 기후를 피하고 싶어해요. 여행 목적은 도전과성장이며, 콘도에서 머무는 걸 좋아하고 오전 10시 이후쯤 기상하는 편이에요.",,
99,매우 둔감,매우 완고,매우 적다,자주 늦음,무조건 리드,2,매우 둔감,매우 여유있게,국내,산,계획 여행,적당히 봄,코골이 안함,기다림,"일본,그 외,동남아","상관없음,추움,습함","공연&경기관람,쇼핑,사람&관계","상관없음,민박,3성이하 호텔",오전 8-9시,400만원 이상,"저는 여행 중에 딱히 날씨나 기후에 민감하진 않지만, 너무 추운 환경은 피하고 싶어요. 그래서 이번 여행에서는 마음 편하게 쇼핑할 수 있는 여유로움이 꼭 필요합니다. 여행을 함께할 사람은 저처럼 여유로운 일정을 즐기면서도 제 리더십을 존중해줄 수 있는 사람이면 좋겠습니다. 이번 여행에서 공연이나 경기를 관람하는 것이 가장 기대됩니다. 여행이 끝난 후에는 새로운 사람들과의 관계를 맺는 등 삶에 새로운 활력을 불어넣는 계기가 되길 바랍니다.","이 사용자는 동남아 지역을 선호하고, 습함 기후를 피하고 싶어해요. 여행 목적은 쇼핑이며, 3성이하 호텔에서 머무는 걸 좋아하고 오전 8-9시쯤 기상하는 편이에요.",,
100,꽤 민감,보통,많다,종종 늦음,리드하는편,3,꽤 민감,꽤 빡빡하게,해외,산,즉흥 여행,적당히 봄,코골이 안함,기다림,"동남아,세계일주,미국","습함,추움,건조함","자연감상,문화&역사체험,기록","에어비엔비,펜션,4-5성급호텔",오전 9-10시,400만원 이상,"이번 여행에서 가장 기대되는 것은 다양한 문화와 역사를 체험하며 자연을 감상하는 것입니다. 꼭 챙겨야 할 것은 좋은 숙소 환경과 그에 따른 청결함이며, 여행 중에는 습하고 추운 기후를 피하고 싶습니다. 여행 동안의 최악의 경험은 체력적으로 버거운 일정이 있을 때 발생할 수 있는데, 특히 예민한 편이라 그런 상황을 피하고 싶습니다. 함께 여행하고 싶은 사람은 수용성이 있으며 적당히 기다림을 인정할 수 있는 사람입니다. 이번 여행은 삶에 새로운 자극과 기록할 가치를 더해주는 의미 있는 시간이었으면 합니다.","이 사용자는 미국 지역을 선호하고, 추움 기후를 피하고 싶어해요. 여행 목적은 문화&역사체험이며, 펜션에서 머무는 걸 좋아하고 오전 9-10시쯤 기상하는 편이에요.",,
101,둔감,보통,적다,자주 늦음,무조건 따름,2,둔감,꽤 빡빡하게,해외,바다,즉흥 여행,적당히 봄,코골이 함,다른 곳 간다,"국내,동남아,미국","습함,쌀쌀함,상관없음","쇼핑,미식,문화&역사체험","게스트하우스,펜션,상관없음",오전 10시 이후,200-300만원,"저는 여행 중에 시간이 빡빡한 일정과 자주 늦어지는 약속으로 어려움을 겪은 경험이 있었습니다. 따라서 이번 여행에서는 여유롭게 쉬면서 즐길 수 있는 여행이 되었으면 합니다. 함께 여행을 가고 싶은 사람은 즉흥적인 여행 스타일을 이해하고 리드를 잘 따르는 친구였으면 좋겠습니다. 이번 여행에서 가장 기대하는 것은 동남아나 미국에서의 다채로운 문화와 역사 체험을 통해 새로운 시각을 얻는 것이며, 이 경험이 제 삶에 활력을 불어넣고 틀에 박힌 일상에서 벗어날 수 있는 기회가 되길 바랍니다. 호텔보다는 게스트하우스나 펜션 같은 편안한 숙소에서 시간이 맞는다면 쇼핑과 미식 탐방도 즐기고 싶습니다.","이 사용자는 미국 지역을 선호하고, 쌀쌀함 기후를 피하고 싶어해요. 여행 목적은 문화&역사체험이며, 펜션에서 머무는 걸 좋아하고 오전 10시 이후쯤 기상하는 편이에요.",,
102,매우 둔감,보통,많다,보통,보통,2,매우 둔감,꽤 여유있게,국내,바다,계획 여행,무조건 다 봄,코골이 안함,기다림,"유럽,일본,중국&몽골","습함,건조함,상관없음","휴식,도전과성장,미식","게스트하우스,민박,펜션",오전 10시 이후,200-300만원,"여행 중 최악의 경험으로는 주어진 일정을 놓쳐 전체적인 계획이 흐트러지는 경우가 있습니다. 이번 여행에서는 잘 정돈된 계획이 중요하며, 이를 위해 시간 관리를 철저히 하고 싶습니다. 함께 여행할 사람은 대화를 많이 나누고 의견을 잘 들어주는 유연한 성향을 지닌 사람이면 좋겠습니다. 무엇보다 이번 여행에서는 휴식을 통해 재충전하며 새로운 문화와 음식을 경험하는 데 가장 큰 기대를 가집니다. 이 여행이 도전과 성장을 이루고, 삶에 신선한 변화를 가져오는 기회가 되었으면 합니다.","이 사용자는 중국&몽골 지역을 선호하고, 습함 기후를 피하고 싶어해요. 여행 목적은 도전과성장이며, 펜션에서 머무는 걸 좋아하고 오전 10시 이후쯤 기상하는 편이에요.",,
103,보통,매우 수용적,매우 적다,보통,리드하는편,3,보통,꽤 여유있게,국내,바다,계획 여행,적당히 봄,코골이 안함,기다림,"유럽,국내,동남아","건조함,상관없음,쌀쌀함","공연&경기관람,휴식,문화&역사체험","펜션,4-5성급호텔,에어비엔비",오전 9-10시,300-400만원,"저는 여행 중에 건조한 기후를 처음 겪었을 때가 가장 힘든 경험이었습니다. 그래서 이번 여행에서는 편안한 휴식을 보장할 수 있는 4-5성급 호텔을 꼭 예약하고 싶습니다. 같이 여행을 가고 싶은 사람은 의견을 잘 수용하고 여유로운 일정을 좋아하는 사람이면 좋겠습니다. 이번 여행에서 가장 기대하는 것은 문화와 역사 체험을 통한 새로운 시각을 얻는 것입니다. 따라서 이번 여행이 제 삶에 새로운 경험을 더해주고, 여유로운 휴식을 통해 삶의 에너지를 재충전할 기회가 되었으면 합니다.","이 사용자는 유럽 지역을 선호하고, 상관없음 기후를 피하고 싶어해요. 여행 목적은 휴식이며, 펜션에서 머무는 걸 좋아하고 오전 9-10시쯤 기상하는 편이에요.",,
104,둔감,보통,매우 많다,매우 정확,보통,5,꽤 민감,매우 여유있게,국내,바다,즉흥 여행,적당히 봄,코골이 안함,다른 곳 간다,"국내,그 외,유럽","추움,더움,습함","기록,사람&관계,문화&역사체험","4-5성급호텔,상관없음,3성이하 호텔",오전 9-10시,400만원 이상,"저는 즉흥적인 스타일로 여행하며 떠나는 것을 좋아하지만, 최악의 경험은 일정이 촉박하게 짜여져 있을 때였습니다. 이번 여행에서는 기록하는 시간을 가질 수 있는 여유가 꼭 필요합니다. 함께 여행하고 싶은 사람은 시간을 잘 지키고 대화가 많아 의사소통에 적극적인 사람이면 좋겠습니다. 이번 여행에서 가장 기대하는 것은 새로운 사람들과 관계를 형성하고 다양한 문화와 역사를 체험하는 것입니다. 여행을 통해 삶의 기록을 풍부하게 쌓고, 보다 넓은 시각을 갖게 되는 의미 있는 시간이 되길 바랍니다.","이 사용자는 유럽 지역을 선호하고, 습함 기후를 피하고 싶어해요. 여행 목적은 기록이며, 상관없음에서 머무는 걸 좋아하고 오전 9-10시쯤 기상하는 편이에요.",,
105,매우 둔감,다소 완고,많다,꽤 정확,보통,2,매우 민감,매우 빡빡하게,국내,산,계획 여행,무조건 다 봄,코골이 안함,기다림,"미국,국내,유럽","상관없음,쌀쌀함,더움","미식,도전과성장,휴식","3성이하 호텔,상관없음,게스트하우스",오전 8-9시,400만원 이상,"여행 중 최악의 경험은 아마도 일정에 차질이 발생하는 경우일 것입니다. 이번 여행에서 가장 중요한 것은 계획된 일정에 맞춰 모든 랜드마크를 다 보는 것이고, 미식 체험도 빠질 수 없습니다. 여행 파트너는 아마 저처럼 계획적이고 약속을 잘 지키는 사람이 이상적일 것입니다. 이번 여행에서 가장 기대하는 것은 다양한 미식 경험을 통해 새로운 도전과 성장을 느끼는 것이며, 이는 제게 큰 즐거움과 휴식을 가져다 줄 것입니다. 이 여행은 제 삶에 있어 색다른 경험을 통한 개인적인 성장과 재충전의 시간이 되기를 바랍니다.","이 사용자는 유럽 지역을 선호하고, 상관없음 기후를 피하고 싶어해요. 여행 목적은 미식이며, 3성이하 호텔에서 머무는 걸 좋아하고 오전 8-9시쯤 기상하는 편이에요.",,
106,보통,매우 완고,많다,자주 늦음,무조건 리드,1,보통,꽤 빡빡하게,국내,바다,즉흥 여행,무조건 다 봄,코골이 안함,다른 곳 간다,"일본,유럽,국내","습함,쌀쌀함,더움","사람&관계,액티비티,기록","펜션,콘도,3성이하 호텔",오전 8-9시,300-400만원,"여행 중 최악의 경험은 늦게 도착해 가고 싶었던 랜드마크를 보지 못했을 때인데, 이는 제가 항상 계획을 즉흥적으로 세우다 보니 시간을 잘 맞추지 못했던 것에서 비롯되었습니다. 이번 여행에서는 사람과 관계를 중시하기에 함께 즐길 수 있는 동반자가 꼭 필요하며, 밝고 대화가 많은 성격을 가진 사람과 함께 하고 싶습니다. 여행에서 가장 기대하는 것은 새로운 사람들과의 교류와 그들이 가진 다양한 역사와 문화를 기록하며, 그들을 이해하는 것입니다. 삶에서 이 여행이 가졌으면 하는 의미는 제 인간관계를 더욱 풍부하게 하고 사교적인 면을 더욱 강화하는 것입니다. 이러한 점에서 일본과 같은 지역에서 쾌적한 기후를 즐기며 새로운 경험을 얻고 싶습니다.","이 사용자는 일본 지역을 선호하고, 더움 기후를 피하고 싶어해요. 여행 목적은 사람&관계이며, 콘도에서 머무는 걸 좋아하고 오전 8-9시쯤 기상하는 편이에요.",,
107,보통,수용적,많다,보통,따르는 편,3,매우 민감,매우 여유있게,국내,바다,계획 여행,적당히 봄,코골이 함,다른 곳 간다,"일본,국내,세계일주","습함,상관없음,쌀쌀함","사람&관계,액티비티,미식","콘도,4-5성급호텔,민박",오전 8-9시,200-300만원,"여행 중 최악의 경험은 습하고 쌀쌀한 날씨에서 오는 불쾌함과 비위생적인 환경입니다. 그래서 이번 여행에서는 청결한 숙소가 꼭 필요합니다. 같이 여행을 가고 싶은 사람은 유연하게 다른 사람의 의견을 수용할 줄 알고 의사소통이 잘 되는 사람입니다. 이번 여행에서는 미식과 액티비티를 통해 사람들과의 관계를 형성하고 싶으며, 여유로운 일정을 통해 삶에 활력을 더하고 싶습니다. 이 여행은 궁극적으로 일상에서 벗어나 잊을 수 없는 추억을 쌓고자 하는 의미를 가지고 있습니다.","이 사용자는 국내 지역을 선호하고, 쌀쌀함 기후를 피하고 싶어해요. 여행 목적은 액티비티이며, 콘도에서 머무는 걸 좋아하고 오전 8-9시쯤 기상하는 편이에요.",,
108,매우 둔감,매우 완고,적다,자주 늦음,따르는 편,1,보통,매우 여유있게,국내,바다,계획 여행,적당히 봄,코골이 안함,기다림,"중국&몽골,유럽,그 외","추움,상관없음,더움","액티비티,쇼핑,도전과성장","4-5성급호텔,에어비엔비,게스트하우스",오전 9-10시,200-300만원,"저는 여행 중에 체력이 약해 피곤할 때가 많기 때문에 시간에 쫓기거나 빽빽한 일정은 피하고 여유 있게 여행을 즐기고 싶습니다. 그래서 이번 여행에서도 반드시 필요한 것은 고급 숙소에서의 편안한 휴식 시간이고, 이를 통해 도전과 성장을 경험할 수 있기를 기대합니다. 같이 여행할 사람은 정해진 계획을 잘 따르면서도 의사소통이 잘 되는 사람이었으면 좋겠어요. 추운 기후를 피하고 싶기 때문에 목적지 선택에 신경 쓸 것입니다. 이번 여행이 삶의 작은 도전이자 성장을 위한 발판이 되었으면 합니다.","이 사용자는 그 외 지역을 선호하고, 추움 기후를 피하고 싶어해요. 여행 목적은 도전과성장이며, 4-5성급호텔에서 머무는 걸 좋아하고 오전 9-10시쯤 기상하는 편이에요.",,
109,매우 둔감,보통,적다,종종 늦음,무조건 리드,4,꽤 민감,매우 빡빡하게,국내,바다,즉흥 여행,무조건 다 봄,코골이 안함,다른 곳 간다,"유럽,일본,동남아","더움,습함,추움","기록,휴식,액티비티","상관없음,펜션,콘도",오전 10시 이후,400만원 이상,"저는 여행 중 최악의 경험을 온도가 불쾌할 정도로 덥거나 추운 날씨에서 느낄 수 있다고 생각해요. 이번 여행에서는 랜드마크를 꼭 보고 싶고, 예기치 못한 발견을 즐길 수 있는 즉흥적인 계획을 중요하게 여깁니다. 함께 여행하고 싶은 사람은 덜 민감하고 즉흥적인 모험을 즐기는 사람이면 좋겠어요. 이번 여행에서 가장 기대하는 것은 다양한 액티비티와 그에 대한 기록을 통해 휴식을 취하는 것입니다. 이를 통해 일상에서 벗어나 새로운 활력을 얻고 싶습니다.","이 사용자는 유럽 지역을 선호하고, 더움 기후를 피하고 싶어해요. 여행 목적은 액티비티이며, 콘도에서 머무는 걸 좋아하고 오전 10시 이후쯤 기상하는 편이에요.",,
110,매우 둔감,다소 완고,매우 많다,매우 정확,보통,4,보통,매우 빡빡하게,국내,바다,즉흥 여행,적당히 봄,코골이 안함,다른 곳 간다,"일본,그 외,중국&몽골","추움,습함,더움","쇼핑,자연감상,사람&관계","펜션,게스트하우스,민박",오전 9-10시,400만원 이상,"여행 중 최악의 경험은 날씨가 추운 지역에서의 불편함으로, 이는 제가 추운 기후를 싫어하기 때문입니다. 이번 여행에서는 쇼핑과 자연 감상을 충분히 할 수 있는 일정이 꼭 포함되었으면 좋겠습니다. 함께 여행하고 싶은 사람은 제가 즉흥적으로 계획을 바꿔도 받아들일 수 있는 유연한 성격의 사람입니다. 여행에서 가장 기대하는 것은 일본과 같은 국내의 멋진 바닷가 풍경을 보면서 새로운 사람들과의 관계를 형성하는 것입니다. 이번 여행이 제 삶에 활력을 주고 다양한 경험을 통해 성장할 기회가 되었으면 합니다.","이 사용자는 일본 지역을 선호하고, 추움 기후를 피하고 싶어해요. 여행 목적은 쇼핑이며, 펜션에서 머무는 걸 좋아하고 오전 9-10시쯤 기상하는 편이에요.",,
111,꽤 민감,보통,매우 많다,종종 늦음,리드하는편,2,둔감,매우 여유있게,해외,바다,즉흥 여행,적당히 봄,코골이 안함,기다림,"세계일주,국내,그 외","쌀쌀함,습함,상관없음","휴식,사람&관계,기록","펜션,3성이하 호텔,게스트하우스",오전 8-9시,300-400만원,"저는 여행을 통해 휴식과 인간관계를 중시하며, 그 과정에서 기록도 소중히 여깁니다. 이번 여행에서는 여유 있는 일정 속에서 다른 사람들과의 관계를 발전시키고 싶고, 펜션이나 게스트하우스에 머물며 아침 늦잠의 여유도 기대됩니다. 특히나 기분 좋게 사람들과 대화할 기회를 갖는 것과 적당히 랜드마크를 둘러보는 것이 중요합니다. 함께 여행 가고 싶은 사람은 활발하면서도 약속 시간을 잘 챙기는 사람일 듯합니다. 저는 해외에서의 여행을 통해 새로운 경험을 쌓아 인생에 새로운 시각을 더하고 싶습니다.","이 사용자는 국내 지역을 선호하고, 습함 기후를 피하고 싶어해요. 여행 목적은 사람&관계이며, 게스트하우스에서 머무는 걸 좋아하고 오전 8-9시쯤 기상하는 편이에요.",,
112,매우 둔감,수용적,매우 많다,매우 정확,무조건 리드,2,보통,꽤 빡빡하게,국내,바다,계획 여행,무조건 다 봄,코골이 안함,다른 곳 간다,"세계일주,국내,동남아","상관없음,건조함,추움","도전과성장,공연&경기관람,자연감상","에어비엔비,상관없음,3성이하 호텔",오전 10시 이후,300-400만원,"저는 여행 중에 웨이팅을 해야 하는 상황을 최악으로 느낍니다, 그래서 항상 그런 상황을 피하기 위해 다른 곳으로 이동하곤 하죠. 이번 여행에서는 계획에 맞춰 모든 랜드마크를 방문할 수 있는 시간이 꼭 필요합니다. 함께 여행을 갈 사람으로는 저와 같이 말이 많고 수용적인 성격이며, 시간 약속을 잘 지키는 사람이 좋습니다. 이번 여행에서 가장 기대하는 것은 여러 공연이나 경기를 관람하며 새로운 경험을 쌓는 것입니다. 이를 통해 제 삶에 도전과 성장을 부여하고 싶습니다.","이 사용자는 국내 지역을 선호하고, 추움 기후를 피하고 싶어해요. 여행 목적은 공연&경기관람이며, 상관없음에서 머무는 걸 좋아하고 오전 10시 이후쯤 기상하는 편이에요.",,
113,둔감,매우 수용적,적다,매우 정확,무조건 따름,3,매우 민감,매우 여유있게,해외,바다,즉흥 여행,무조건 다 봄,코골이 함,다른 곳 간다,"중국&몽골,동남아,미국","쌀쌀함,건조함,추움","문화&역사체험,사람&관계,자연감상","3성이하 호텔,민박,펜션",오전 9-10시,300-400만원,"저는 이번 동남아 여행에서 새로운 문화와 역사를 체험하고 사람들과 관계를 맺는 것을 가장 기대하고 있습니다. 여행은 여유롭게 계획하고 있으며, 민박 같은 아늑한 숙소에서 머물며 자연을 감상하고 싶습니다. 코골이가 있으니 이해심 있고 편안한 동행자와 함께하는 것을 선호합니다. 여행 중에는 시간 약속을 정확히 지키고 싶으며, 이는 제 여행의 품질을 높이는 요소입니다. 이번 여행을 통해 삶의 새로운 관점과 의미를 발견하고 싶으며, 이는 저를 더 여유롭게 하고 다른 사람들과의 관계를 돈독히 하는 시간이 되었으면 합니다.","이 사용자는 동남아 지역을 선호하고, 건조함 기후를 피하고 싶어해요. 여행 목적은 자연감상이며, 민박에서 머무는 걸 좋아하고 오전 9-10시쯤 기상하는 편이에요.",,
114,매우 민감,다소 완고,많다,자주 늦음,무조건 리드,1,매우 민감,매우 여유있게,해외,산,즉흥 여행,적당히 봄,코골이 안함,기다림,"그 외,유럽,미국","습함,쌀쌀함,더움","도전과성장,쇼핑,휴식","3성이하 호텔,4-5성급호텔,게스트하우스",오전 8-9시,400만원 이상,"저는 여행 중 계획과 맞지 않거나 예기치 않은 상황에서 스트레스를 많이 받는데, 주로 시간 계획을 잘못 세우거나 예민함 때문에 청결하지 못한 환경에서 불편함을 겪었던 경험이 최악이었습니다. 그래서 이번 여행에서는 제가 리드하며 충분히 쉬고 즉흥적으로 움직일 수 있는 여유로운 일정을 가장 중요하게 생각합니다. 동행인은 저의 리더십을 존중하고 저와 비슷하게 청결함을 중요시하며, 즉흥적인 계획에 유연한 사람이라면 좋겠습니다. 이번 여행에서 미국을 가게 된다면 쇼핑과 휴식을 통해 새로운 도전과 자신을 성장시키는 기회를 기대하고 있습니다. 이러한 경험을 통해 일상에서 벗어나 나 자신을 재충전하고 더욱 성숙된 삶을 위한 발판이 되었으면 합니다.","이 사용자는 미국 지역을 선호하고, 쌀쌀함 기후를 피하고 싶어해요. 여행 목적은 도전과성장이며, 4-5성급호텔에서 머무는 걸 좋아하고 오전 8-9시쯤 기상하는 편이에요.",,
115,매우 둔감,보통,매우 적다,종종 늦음,보통,5,매우 둔감,꽤 여유있게,국내,산,계획 여행,적당히 봄,코골이 함,기다림,"세계일주,그 외,국내","건조함,상관없음,쌀쌀함","사람&관계,자연감상,쇼핑","상관없음,민박,펜션",오전 9-10시,200-300만원,"여행 중 최악의 경험은 시간을 잘 못 맞춰 중요한 일정을 놓친 것이었는데, 그래서 이번 여행에서는 시간을 여유롭게 사용하는 것이 중요합니다. 여행 중에는 자연을 감상하고 사람들과의 관계를 중요하게 여기기 때문에, 함께 가는 사람은 차분하고 이해심 많은 사람이면 좋겠습니다. 이번 여행에서 가장 기대하는 것은 산에서의 여유로운 자연 감상이며, 쇼핑도 즐길 수 있는 기회를 놓치고 싶지 않습니다. 이러한 경험을 통해 삶의 여유로움을 찾고 관계의 소중함도 재확인하고 싶습니다. 제 여행은 전체적으로 계획적으로 진행되며 조건에 따라서는 즉흥적인 요소도 있을 수 있지만, 보통 긴 웨이팅도 감수할 수 있습니다.","이 사용자는 국내 지역을 선호하고, 쌀쌀함 기후를 피하고 싶어해요. 여행 목적은 쇼핑이며, 펜션에서 머무는 걸 좋아하고 오전 9-10시쯤 기상하는 편이에요.",,
116,보통,수용적,매우 적다,매우 정확,리드하는편,3,매우 민감,꽤 여유있게,국내,산,즉흥 여행,적당히 봄,코골이 안함,다른 곳 간다,"유럽,국내,세계일주","건조함,더움,추움","자연감상,문화&역사체험,쇼핑","콘도,상관없음,3성이하 호텔",오전 9-10시,200-300만원,"저는 여행 중에 가장 힘들었던 경험은 더운 기후에서의 불편함입니다. 그래서 이번 여행에는 시원하고 쾌적한 날씨가 꼭 필요합니다. 함께 여행할 사람으로는 말을 많이 하지 않으면서도 협조적인 사람이 좋겠고, 제 리드 하에 여행을 이끌고 싶습니다. 이번 여행에서 가장 기대하는 것은 자연 감상과 문화 및 역사 체험을 통해 얻는 새로운 시각과 지식입니다. 이러한 경험들이 제 삶에 여유와 새로운 영감을 가져다주기를 바랍니다.","이 사용자는 유럽 지역을 선호하고, 더움 기후를 피하고 싶어해요. 여행 목적은 문화&역사체험이며, 상관없음에서 머무는 걸 좋아하고 오전 9-10시쯤 기상하는 편이에요.",,
117,둔감,수용적,적다,종종 늦음,무조건 따름,1,둔감,매우 빡빡하게,국내,산,즉흥 여행,적당히 봄,코골이 안함,기다림,"미국,세계일주,중국&몽골","건조함,더움,쌀쌀함","공연&경기관람,자연감상,사람&관계","에어비엔비,4-5성급호텔,상관없음",오전 8-9시,400만원 이상,"여행 중 최악의 경험은 건조하거나 너무 더운 날씨를 만나는 것이며, 이번 여행에서도 그러한 기후를 피하고 싶어요. 필수적으로 필요하다고 생각하는 것은 자연을 감상할 수 있는 곳에서의 공연 및 경기를 관람하는 것입니다. 같이 여행을 가고 싶은 사람은 수용적이고 느긋한 성격이며, 여행 계획을 주도하지 않고 따를 수 있는 사람일 것입니다. 이번 여행에서 가장 기대하는 것은 현지에서의 공연과 경기 관람인데, 이런 성향이 저의 삶에 긍정적인 활력을 가져올 것으로 생각해요. 이를 통해 다양한 사람들과 관계를 맺으며 새로운 경험을 쌓고자 합니다.","이 사용자는 미국 지역을 선호하고, 쌀쌀함 기후를 피하고 싶어해요. 여행 목적은 공연&경기관람이며, 에어비엔비에서 머무는 걸 좋아하고 오전 8-9시쯤 기상하는 편이에요.",,
118,꽤 민감,매우 수용적,보통,자주 늦음,따르는 편,4,둔감,꽤 여유있게,국내,산,즉흥 여행,적당히 봄,코골이 안함,기다림,"유럽,동남아,중국&몽골","더움,건조함,추움","기록,자연감상,공연&경기관람","펜션,민박,게스트하우스",오전 9-10시,100만원 이하,"저는 여행 중 날씨 때문에 불편했던 경험이 가장 최악이었어요. 그래서 이번 여행에서는 기록을 위한 좋은 카메라를 잊지 않고 챙기고 싶어요. 저와 같이 여행을 가고 싶은 사람은 시간 약속에 너무 스트레스 받지 않고, 여유롭게 즉흥적인 여행을 즐길 수 있는 사람이면 좋겠어요. 이번 여행에서는 자연을 감상하면서 공연이나 경기를 관람하는 것을 가장 기대하고 있어요. 이 여행을 통해 다양한 경험을 기록하고, 새로운 영감을 얻어 제 삶에 색다른 의미를 더하고 싶어요.","이 사용자는 동남아 지역을 선호하고, 더움 기후를 피하고 싶어해요. 여행 목적은 기록이며, 펜션에서 머무는 걸 좋아하고 오전 9-10시쯤 기상하는 편이에요.",,
119,꽤 민감,다소 완고,보통,보통,리드하는편,4,매우 민감,꽤 빡빡하게,국내,바다,계획 여행,적당히 봄,코골이 함,기다림,"미국,유럽,국내","상관없음,건조함,쌀쌀함","쇼핑,기록,공연&경기관람","게스트하우스,펜션,상관없음",오전 9-10시,400만원 이상,"저는 국내 바닷가를 중심으로 계획적인 여행을 즐기는 편이며, 청결에 대한 민감도가 높아 숙소 환경이 깨끗한지를 중요시합니다. 여행 중 최악의 경험은 지나치게 건조하거나 쌀쌀한 기후에서 청결이 부족한 숙소에서 머문 기억인데, 이번 여행에서는 그런 일이 없기를 바랍니다. 이번 여행에서 가장 기대되는 것은 쇼핑과 공연 또는 경기 관람 같은 특별한 이벤트이며, 그 과정에서 새로운 기록을 만드는 것입니다. 함께 여행하고 싶은 사람은 저와 비슷하게 계획적이고, 청결을 중요시하며, 규칙적으로 오전 9-10시쯤 일어나는 사람이 좋습니다. 이번 여행이 저에게는 일상에서 벗어나 새로운 활력을 찾고, 기억에 남을 추억을 만드는 소중한 시간이었으면 합니다.","이 사용자는 국내 지역을 선호하고, 상관없음 기후를 피하고 싶어해요. 여행 목적은 쇼핑이며, 게스트하우스에서 머무는 걸 좋아하고 오전 9-10시쯤 기상하는 편이에요.",,
120,둔감,매우 완고,매우 많다,종종 늦음,리드하는편,1,보통,매우 여유있게,국내,산,계획 여행,적당히 봄,코골이 안함,다른 곳 간다,"유럽,동남아,중국&몽골","추움,쌀쌀함,상관없음","기록,공연&경기관람,문화&역사체험","게스트하우스,민박,3성이하 호텔",오전 9-10시,200-300만원,"여행 중엔 계획된 일정에 맞춰 여유롭게 움직이기를 선호하는데, 가끔 시간 약속을 지키지 못해 꼬이는 경우가 있어요. 그래서 이번에는 기록을 위한 카메라를 잊지 않고 챙겨야 합니다. 함께 여행할 사람이라면 마음이 맞고 저와 같이 문화를 즐길 수 있으며, 말이 많아도 불편해하지 않는 사람이면 좋겠어요. 이번 여행에서는 특히 유럽이나 동남아의 문화와 역사를 직접 체험하는 데 큰 기대를 걸고 있습니다. 이 여행이 기록으로 남아 제 삶의 소소한 행복과 의미를 더해주길 바라며, 민박 같은 편안한 숙소에서 여유로운 시간을 보내고 싶습니다.","이 사용자는 동남아 지역을 선호하고, 상관없음 기후를 피하고 싶어해요. 여행 목적은 기록이며, 민박에서 머무는 걸 좋아하고 오전 9-10시쯤 기상하는 편이에요.",,
121,둔감,수용적,매우 적다,매우 정확,무조건 리드,1,매우 둔감,매우 빡빡하게,해외,산,계획 여행,무조건 다 봄,코골이 안함,다른 곳 간다,"그 외,중국&몽골,유럽","상관없음,습함,더움","문화&역사체험,미식,사람&관계","4-5성급호텔,민박,콘도",오전 9-10시,300-400만원,"저는 해외 여행 중 더운 기후로 인해 힘들었던 경험이 있어서 이번에는 그런 환경을 피하고 싶어요. 제가 특히 중요하게 여기는 것은 엄격하게 계획한 일정을 소화하면서 다양한 랜드마크를 놓치지 않고 모두 방문하는 것이에요. 여행은 보통 사람들과의 관계를 발전시키는 데 의의를 두기 때문에, 수용적이고 리드할 수 있는 사람과 함께라면 좋겠어요. 이번 여행에서 가장 기대되는 것은 그 지역의 문화와 역사, 그리고 음식을 통해 새로운 경험을 하는 것입니다. 제 삶 속에서 이번 여행은 단지 휴식이 아니라, 채우고 성장할 수 있는 계기로 남고 싶습니다.","이 사용자는 중국&몽골 지역을 선호하고, 더움 기후를 피하고 싶어해요. 여행 목적은 사람&관계이며, 콘도에서 머무는 걸 좋아하고 오전 9-10시쯤 기상하는 편이에요.",,
122,보통,매우 수용적,많다,꽤 정확,따르는 편,3,매우 민감,보통,국내,바다,계획 여행,무조건 다 봄,코골이 함,기다림,"중국&몽골,유럽,그 외","상관없음,건조함,쌀쌀함","휴식,기록,도전과성장","3성이하 호텔,민박,4-5성급호텔",오전 8-9시,200-300만원,"저는 주로 계획적으로 여행하며, 바다를 선호하고 국내 여행을 즐깁니다. 여행에서 최악의 경험은 청결하지 못한 숙소를 만나는 것이었는데, 청결에 매우 민감하기 때문입니다. 따라서 이번 여행에는 깨끗한 숙소가 꼭 필요하고, 이는 제가 느끼는 편안함과 직결됩니다. 함께 여행하고 싶은 사람은 저처럼 계획적이며 정해진 시간에 맞춰 행동할 수 있는 사람입니다. 이번 여행에서는 새로운 랜드마크를 보며 기록하게 될 순간들을 가장 기대하고 있으며, 나에게 있어 이 여행은 도전과 성장을 통한 의미 있는 시간이 되었으면 합니다.","이 사용자는 중국&몽골 지역을 선호하고, 건조함 기후를 피하고 싶어해요. 여행 목적은 기록이며, 민박에서 머무는 걸 좋아하고 오전 8-9시쯤 기상하는 편이에요.",,
123,둔감,다소 완고,많다,꽤 정확,무조건 따름,4,둔감,꽤 빡빡하게,해외,바다,즉흥 여행,적당히 봄,코골이 안함,다른 곳 간다,"국내,세계일주,일본","상관없음,습함,건조함","기록,액티비티,사람&관계","콘도,에어비엔비,민박",오전 9-10시,300-400만원,"저는 이번 여행에서 여러 사람들과의 관계 형성을 가장 기대하고 있으며, 액티비티를 통해 많은 것을 경험하고 싶어요. 예전 여행에서 가장 힘들었던 경험은 지나치게 건조한 기후였고, 일본 여행에서는 적당한 습도와 편안한 숙박환경이 굉장히 중요해요. 이번 여행에서 중요한 것은 기록하고 싶은 순간들을 많이 담을 수 있는 것인데, 계획보다는 즉흥적으로 새로운 경험을 쌓아가고 싶어요. 함께 여행할 사람으로는 주로 나를 잘 따라줄 수 있고 의견을 많이 나누는 분들이 이상적이에요. 이 여행을 통해 삶에 다양한 시야를 갖게 되고, 사회적 관계의 중요성을 다시 확인할 수 있는 계기가 되었으면 좋겠어요.","이 사용자는 일본 지역을 선호하고, 건조함 기후를 피하고 싶어해요. 여행 목적은 사람&관계이며, 에어비엔비에서 머무는 걸 좋아하고 오전 9-10시쯤 기상하는 편이에요.",,
124,보통,매우 수용적,적다,보통,리드하는편,3,꽤 민감,매우 빡빡하게,국내,산,즉흥 여행,적당히 봄,코골이 함,기다림,"세계일주,유럽,동남아","쌀쌀함,습함,상관없음","기록,액티비티,도전과성장","콘도,에어비엔비,3성이하 호텔",오전 10시 이후,400만원 이상,"여행 중 최악의 경험은 아마도 예민한 체력으로 일정이 과도하게 빡빡할 때일 것입니다. 그래서 이번 여행에서는 기록과 도전, 성장을 위해 변화와 새로움을 받아들여 줄 동행자가 중요할 것 같습니다. 함께 여행을 하고 싶은 사람은 수용적이고 리드할 줄 알며 청결에도 관심을 갖는 사람일 것입니다. 이번 여행에서 가장 기대하는 것은 산의 멋진 풍경과 즉흥적인 경험을 즐기는 것이며, 이런 경험들이 제 삶에 새로운 의미를 불어넣어 주길 바랍니다. 체력이 중요한 점을 고려하면 숙소에서 충분한 휴식을 취하고, 지금까지 경험하지 못한 새로운 성장의 기회를 찾고 싶습니다.","이 사용자는 세계일주 지역을 선호하고, 습함 기후를 피하고 싶어해요. 여행 목적은 도전과성장이며, 3성이하 호텔에서 머무는 걸 좋아하고 오전 10시 이후쯤 기상하는 편이에요.",,
125,둔감,매우 수용적,적다,매우 정확,무조건 따름,3,보통,꽤 빡빡하게,국내,산,즉흥 여행,무조건 다 봄,코골이 함,기다림,"미국,동남아,일본","상관없음,추움,쌀쌀함","쇼핑,휴식,공연&경기관람","민박,4-5성급호텔,에어비엔비",오전 9-10시,400만원 이상,"여행 중 최악의 경험은 아마도 춥거나 쌀쌀한 기후에서의 불편함일 것입니다. 이번 여행에서 꼭 필요한 것은 계획적으로 볼 수 있는 공연이나 경기입니다. 함께 여행하기 좋은 사람은 의견을 잘 수용하고 저의 리더쉽을 잘 따르는 사람이며, 서로 배려하는 관계가 중요합니다. 이번 여행에서 가장 기대하는 것은 공연과 경기를 관람하면서 휴식을 취할 수 있는 것입니다. 이러한 여행이 제 삶에서 스트레스를 해소하고 즐거움을 찾아주는 기회가 되었으면 합니다.","이 사용자는 동남아 지역을 선호하고, 상관없음 기후를 피하고 싶어해요. 여행 목적은 공연&경기관람이며, 4-5성급호텔에서 머무는 걸 좋아하고 오전 9-10시쯤 기상하는 편이에요.",,
126,꽤 민감,매우 수용적,많다,매우 정확,리드하는편,2,매우 둔감,꽤 빡빡하게,해외,산,계획 여행,무조건 다 봄,코골이 함,다른 곳 간다,"중국&몽골,미국,세계일주","습함,쌀쌀함,더움","공연&경기관람,미식,기록","게스트하우스,상관없음,콘도",오전 8-9시,200-300만원,"저는 습하거나 쌀쌀한 기후의 여행을 싫어해서 늘 신중히 계획하지만, 여행 중 최악의 경험은 예상치 못한 악천후를 만났을 때였어요. 이번 여행에서는 공연과 경기 관람을 놓칠 수 없으며, 전체 일정을 정확하고 빡빡하게 짜서 무조건 모든 랜드마크를 볼 계획이에요. 함께 여행하고 싶은 사람은 저처럼 계획 여행을 좋아하며 의견을 잘 수용하는 사람이면 좋겠어요. 이번 여행에서 가장 기대되는 것은 다양한 공연을 즐기고 현지의 맛있는 음식을 기록하는 과정입니다. 이런 경험들이 모여 제 삶에 큰 활력을 주고, 세계 여러 곳에서의 다채로운 문화와 경치를 직접 느끼며 더 넓은 시야를 가지길 희망합니다.","이 사용자는 중국&몽골 지역을 선호하고, 습함 기후를 피하고 싶어해요. 여행 목적은 공연&경기관람이며, 게스트하우스에서 머무는 걸 좋아하고 오전 8-9시쯤 기상하는 편이에요.",,
127,꽤 민감,수용적,적다,꽤 정확,무조건 따름,5,보통,꽤 빡빡하게,해외,바다,계획 여행,무조건 다 봄,코골이 안함,기다림,"미국,동남아,그 외","상관없음,쌀쌀함,추움","문화&역사체험,자연감상,공연&경기관람","게스트하우스,민박,3성이하 호텔",오전 8-9시,100만원 이하,"저는 여행 중에 예기치 못한 사정으로 일정이 어긋나는 것을 최악의 경험으로 느껴요. 특히 동남아로 여행 갈 때는 일정이 빡빡하게 계획된 편이라, 시간 약속을 꼭 맞추고 싶어요. 이번 여행에는 자연 감상과 문화 체험이 중요한 만큼, 이를 함께 즐길 수 있으며 계획적인 성향의 여행 파트너가 꼭 있으면 좋겠어요. 그와 동시에 새로운 문화와 역사를 직접 체험할 수 있는 기회가 가장 기대됩니다. 이번 여행은 제 삶에 새로운 관점과 경험을 더해 주는 의미 있는 시간이 되었으면 합니다.","이 사용자는 동남아 지역을 선호하고, 상관없음 기후를 피하고 싶어해요. 여행 목적은 자연감상이며, 게스트하우스에서 머무는 걸 좋아하고 오전 8-9시쯤 기상하는 편이에요.",,
128,둔감,매우 수용적,적다,매우 정확,무조건 리드,2,둔감,보통,해외,산,계획 여행,적당히 봄,코골이 안함,기다림,"일본,동남아,미국","더움,상관없음,건조함","자연감상,액티비티,쇼핑","상관없음,게스트하우스,민박",오전 10시 이후,400만원 이상,"이번 여행에서 가장 피하고 싶은 것은 덥고 건조한 기후 속에서 불편한 경험을 하는 것입니다. 따라서 동남아시아와 같은 적절한 지역을 찾아가며 쇼핑을 충분히 즐길 수 있는 기회가 있길 바랍니다. 여행 중 함께하고 싶은 사람은 다양한 의견을 포용할 수 있는 성격의 사람으로, 저는 여행 계획을 철저히 세우는 편이지만 때때로 리드할 수도 있는 동행을 원합니다. 이번 여행에서 자연을 감상하면서 액티비티를 통해 에너지를 충전하고 싶으며, 게스트하우스에서 편히 머무르는 것을 기대합니다. 이러한 여행이 일상에서 잠시 벗어나 새로움과 활력을 주는 의미 있는 시간이 되었으면 좋겠습니다.","이 사용자는 동남아 지역을 선호하고, 건조함 기후를 피하고 싶어해요. 여행 목적은 쇼핑이며, 게스트하우스에서 머무는 걸 좋아하고 오전 10시 이후쯤 기상하는 편이에요.",,
129,보통,보통,보통,매우 정확,무조건 따름,3,둔감,꽤 여유있게,해외,바다,즉흥 여행,적당히 봄,코골이 함,다른 곳 간다,"미국,중국&몽골,세계일주","상관없음,더움,건조함","쇼핑,미식,휴식","게스트하우스,펜션,콘도",오전 10시 이후,200-300만원,"저는 여행 중에는 더운 날씨에서 쇼핑을 못 했던 것이 최악의 경험이었어요. 그래서 이번 여행에서는 시원한 날씨 속에서 편안하게 쇼핑할 수 있는 환경이 꼭 필요합니다. 여행을 함께하고 싶은 사람은 저처럼 리더십을 따르고, 즉흥적인 계획에도 잘 맞추며 편안한 사람입니다. 이번 여행에서는 미식과 휴식을 통해 다양한 미국의 문화를 맛보고 싶습니다. 이 여행이 제 삶에서 새로운 문화와 경험을 넓히고 스트레스를 해소하는 의미를 가졌으면 합니다.","이 사용자는 미국 지역을 선호하고, 더움 기후를 피하고 싶어해요. 여행 목적은 쇼핑이며, 콘도에서 머무는 걸 좋아하고 오전 10시 이후쯤 기상하는 편이에요.",,
130,매우 민감,보통,매우 적다,자주 늦음,무조건 리드,1,보통,꽤 여유있게,국내,산,즉흥 여행,무조건 다 봄,코골이 안함,다른 곳 간다,"중국&몽골,미국,그 외","더움,쌀쌀함,추움","휴식,도전과성장,액티비티","에어비엔비,게스트하우스,민박",오전 9-10시,300-400만원,"저는 여행 중 더운 날씨나 쌀쌀한 기후 때문에 최악의 경험을 한 적이 있어, 이번에는 쾌적한 날씨를 기대하고 있습니다. 이번 여행에서는 즉흥적인 일정 속에서도 꼭 휴식을 즐길 수 있는 시간이 필요하며, 에어비엔비 같은 편안한 숙소에서 머물고 싶습니다. 같이 여행하고 싶은 사람은 말을 많이 하지 않고 조용하지만 계획을 잘 따르는 사람이면 좋겠어요. 이번 여행에서는 휴식뿐만 아니라 새로운 도전과 성장을 경험하고 싶으며, 이를 통해 제 삶에 긍정적인 변화를 가져오길 바랍니다. 저는 랜드마크 방문을 좋아하므로 다양한 경험을 통해 자신을 더 발전시키는 여행이 되었으면 합니다.","이 사용자는 미국 지역을 선호하고, 더움 기후를 피하고 싶어해요. 여행 목적은 도전과성장이며, 에어비엔비에서 머무는 걸 좋아하고 오전 9-10시쯤 기상하는 편이에요.",,
131,보통,다소 완고,적다,종종 늦음,무조건 따름,3,보통,매우 빡빡하게,해외,산,즉흥 여행,적당히 봄,코골이 함,다른 곳 간다,"동남아,그 외,세계일주","더움,건조함,습함","미식,공연&경기관람,쇼핑","4-5성급호텔,상관없음,에어비엔비",오전 10시 이후,100만원 이하,"저는 여행 중에 더운 기후와 건조한 환경을 피하려고 한다는 점에서 기후적으로 최악의 경험은 더위일 것입니다. 이번 여행에서는 미식 기회를 놓치고 싶지 않아, 맛있는 음식이 제공되는 곳을 탐방하는 것이 중요합니다. 같이 여행을 가고 싶은 사람은 이끌어주는 리더십을 발휘하며, 많은 말을 하지 않아도 편안한 사람입니다. 이번 여행에서 가장 기대하는 것은 새로운 요리와 함께 공연 및 경기를 관람하며 쇼핑을 즐기는 것입니다. 이 여행이 다양한 문화를 경험하고 제 삶에 활력을 더해주기를 기대합니다.","이 사용자는 그 외 지역을 선호하고, 건조함 기후를 피하고 싶어해요. 여행 목적은 미식이며, 에어비엔비에서 머무는 걸 좋아하고 오전 10시 이후쯤 기상하는 편이에요.",,
132,매우 민감,보통,매우 많다,보통,무조건 따름,2,둔감,꽤 빡빡하게,해외,바다,즉흥 여행,적당히 봄,코골이 함,기다림,"세계일주,중국&몽골,국내","습함,상관없음,추움","액티비티,도전과성장,쇼핑","상관없음,3성이하 호텔,에어비엔비",오전 10시 이후,100만원 이하,"해외 여행을 갈 때 제가 가장 최악의 경험으로 꼽는 것은 습한 기후 속에서 에너지가 떨어진 상태로 빡빡한 일정에 따라 움직여야 하는 상황이에요. 그래서 이번 여행에서는 에어비앤비 같은 편안한 숙소에서 늦게 일어나 느긋하게 시작하는 시간을 꼭 갖고 싶어요. 함께 여행하는 사람으로는 지도해줄 리더십 있는 사람보다 계획의 변화에 유연하게 대응할 수 있는 사람이면 좋겠어요. 이번 여행에서 가장 기대하는 것은 다양한 액티비티와 쇼핑으로 도전하고 성장할 기회를 얻는 것이며, 이를 통해 제 삶에 새로운 활력소와 전환점을 마련했으면 하는 바람이 있습니다.","이 사용자는 국내 지역을 선호하고, 상관없음 기후를 피하고 싶어해요. 여행 목적은 쇼핑이며, 3성이하 호텔에서 머무는 걸 좋아하고 오전 10시 이후쯤 기상하는 편이에요.",,
133,꽤 민감,수용적,많다,종종 늦음,보통,4,꽤 민감,보통,해외,바다,즉흥 여행,무조건 다 봄,코골이 안함,기다림,"미국,중국&몽골,세계일주","건조함,추움,더움","문화&역사체험,도전과성장,미식","민박,콘도,4-5성급호텔",오전 8-9시,100만원 이하,"여행 중 시간 약속을 지키지 못해 계획이 흐트러지는 경험은 최악일 것입니다. 이번 여행에서 꼭 필요한 것은 다양한 랜드마크를 둘러볼 수 있는 여유 있고 유연한 일정입니다. 같이 여행하고 싶은 사람은 유머 감각이 뛰어나고 다양한 의견을 수용할 수 있는 사람입니다. 이번 여행에서 가장 기대되는 것은 미국, 중국, 몽골과 같은 새로운 문화와 역사를 체험하며 미식을 즐기는 것입니다. 이런 경험을 통해 제 삶에 새로운 도전과 성장을 가져오길 기대합니다.","이 사용자는 세계일주 지역을 선호하고, 더움 기후를 피하고 싶어해요. 여행 목적은 미식이며, 민박에서 머무는 걸 좋아하고 오전 8-9시쯤 기상하는 편이에요.",,
134,매우 민감,매우 수용적,매우 적다,매우 정확,보통,4,둔감,매우 여유있게,국내,바다,계획 여행,무조건 다 봄,코골이 안함,다른 곳 간다,"세계일주,미국,일본","상관없음,쌀쌀함,더움","미식,자연감상,쇼핑","게스트하우스,3성이하 호텔,상관없음",오전 10시 이후,300-400만원,"저는 주로 국내 바다 여행을 즐기며, 계획적으로 하루를 보내는 것을 좋아합니다. 여행의 의미는 주로 자연을 감상하고 다양한 음식을 탐방하는 데 있으며, 이는 제 삶에 새로운 영감을 불어넣어 줍니다. 예전에 시간 약속을 어긴 여행 동반자와의 경험이 최악이었기에, 시간을 잘 지키고 배려심 있는 사람과 함께 여행하고 싶습니다. 이번 여행에서는 랜드마크를 포함한 모든 계획한 장소를 느긋하게 다 둘러보는 것을 기대하고 있으며, 미식 경험이 제 여행의 하이라이트가 되길 바랍니다. 무엇보다 일정에 맞춰 계획대로 진행되는 여행이 저에게 큰 의미가 될 것입니다.","이 사용자는 세계일주 지역을 선호하고, 쌀쌀함 기후를 피하고 싶어해요. 여행 목적은 쇼핑이며, 3성이하 호텔에서 머무는 걸 좋아하고 오전 10시 이후쯤 기상하는 편이에요.",,
135,매우 둔감,다소 완고,적다,꽤 정확,무조건 리드,5,보통,꽤 빡빡하게,국내,산,계획 여행,적당히 봄,코골이 함,다른 곳 간다,"중국&몽골,국내,미국","건조함,상관없음,더움","기록,미식,자연감상","콘도,펜션,상관없음",오전 10시 이후,300-400만원,"저는 여행 중 최악의 경험이라면 무더위와 건조한 기후에서의 불편함을 꼽을 수 있습니다. 때문에 이번 여행에서는 에어컨이 잘 된 콘도에 머무는 것이 꼭 필요합니다. 함께 여행하고 싶은 사람은 말수가 적더라도 계획을 잘 따르고 일정에 맞춰 행동하는 성향을 가졌으면 좋겠습니다. 이번 여행에서 가장 기대하는 것은 자연을 감상하면서 기록을 남기는 것이며, 이를 통해 제 삶에 새로운 영감을 얻고 싶습니다. 체계적으로 계획된 여행을 통해 일상을 벗어나고자 하며, 미식과 자연경관을 즐기면서 소중한 추억을 만들고 싶습니다.","이 사용자는 미국 지역을 선호하고, 건조함 기후를 피하고 싶어해요. 여행 목적은 기록이며, 콘도에서 머무는 걸 좋아하고 오전 10시 이후쯤 기상하는 편이에요.",,
136,매우 둔감,매우 수용적,많다,보통,무조건 따름,1,매우 민감,매우 여유있게,국내,산,즉흥 여행,적당히 봄,코골이 안함,기다림,"동남아,국내,미국","건조함,상관없음,습함","도전과성장,미식,자연감상","민박,3성이하 호텔,펜션",오전 9-10시,200-300만원,"저는 여행 중 최악의 경험은 청결하지 않은 숙소에서 머문 것이었습니다. 그런 이유로 이번 여행에서는 깨끗한 3성 이하의 호텔이나 민박이 꼭 필요합니다. 늘 수용적이고 사람들과 대화를 많이 하는 성격이라, 말이 잘 통하고 긍정적인 사람과 함께 여행하고 싶습니다. 이번 여행에서는 자연을 감상하고 미식을 즐기는 것이 가장 기대되며, 이를 통해 도전과 개인적인 성장을 이루고 싶습니다. 궁극적으로 이번 여행이 제 삶에 새로운 경험을 더하고, 성장을 위한 중요한 한 걸음이 되길 바랍니다.","이 사용자는 국내 지역을 선호하고, 상관없음 기후를 피하고 싶어해요. 여행 목적은 도전과성장이며, 3성이하 호텔에서 머무는 걸 좋아하고 오전 9-10시쯤 기상하는 편이에요.",,
137,매우 민감,매우 수용적,매우 적다,보통,무조건 리드,3,둔감,꽤 여유있게,국내,산,즉흥 여행,무조건 다 봄,코골이 함,다른 곳 간다,"세계일주,동남아,미국","상관없음,추움,더움","휴식,액티비티,자연감상","상관없음,콘도,민박",오전 9-10시,200-300만원,"저는 예민한 성격이라 여행 중에는 식사나 숙소에서의 불편이 최악의 경험이 될 수 있는데, 그 중에서도 계획된 랜드마크를 놓치는 것이 가장 피하고 싶은 상황입니다. 이번 여행에서는 수용적인 성격 덕분에 다양한 의견을 반영하겠지만 리더십을 발휘해 자유로운 탐험을 할 수 있는 여유로운 일정이 중요합니다. 함께 여행을 가고 싶은 사람은 덜 말수가 많고 즉흥적인 계획을 수용할 수 있는 사람입니다. 콘도에서 여유롭게 지내면서 오전 9시경 느긋하게 일어나 자연을 감상하고 휴식을 취하는 시간을 가장 기대합니다. 이를 통해 일상의 번잡함에서 벗어나 잠시나마 재충전을 얻고 싶습니다.","이 사용자는 동남아 지역을 선호하고, 더움 기후를 피하고 싶어해요. 여행 목적은 휴식이며, 콘도에서 머무는 걸 좋아하고 오전 9-10시쯤 기상하는 편이에요.",,
138,둔감,매우 수용적,보통,꽤 정확,무조건 리드,1,꽤 민감,꽤 여유있게,해외,산,계획 여행,무조건 다 봄,코골이 안함,다른 곳 간다,"중국&몽골,유럽,그 외","상관없음,쌀쌀함,건조함","기록,문화&역사체험,공연&경기관람","펜션,상관없음,민박",오전 10시 이후,100만원 이하,저는 여행 중 최악의 경험으로 기다렸던 곳에 긴 웨이팅이 있어 다른 곳을 찾느라 시간을 낭비했던 상황을 들 수 있을 것 같아요. 그래서 이번 여행에는 모든 주요 랜드마크를 계획적으로 다 보고 싶습니다. 함께 여행을 하고 싶은 사람은 유연하게 의견을 나누고 일정 조율을 할 수 있는 사람입니다. 이번 여행에서 가장 기대하는 것은 중국과 몽골의 독특한 문화와 역사를 체험하고 기록으로 남기는 것입니다. 이러한 경험이 제 삶에 활력을 불어넣고 새로운 시각을 얻는 계기가 되기를 바랍니다.,"이 사용자는 중국&몽골 지역을 선호하고, 상관없음 기후를 피하고 싶어해요. 여행 목적은 기록이며, 민박에서 머무는 걸 좋아하고 오전 10시 이후쯤 기상하는 편이에요.",,
139,꽤 민감,다소 완고,매우 적다,종종 늦음,리드하는편,4,매우 둔감,꽤 빡빡하게,국내,산,계획 여행,적당히 봄,코골이 안함,기다림,"일본,미국,세계일주","쌀쌀함,건조함,습함","액티비티,공연&경기관람,휴식","상관없음,4-5성급호텔,게스트하우스",오전 10시 이후,300-400만원,"저는 여행 중 쌀쌀하고 건조한 기후에서 불편한 경험을 했던 적이 있어 그런 조건은 피하고 싶습니다. 이번 여행에서는 스케줄이 꽉 짜인 일정 속에서도 충분한 휴식을 보장해주는 4-5성급 호텔이나 편안한 게스트하우스가 필요합니다. 함께 여행하고 싶은 사람은 제 의견을 존중하고 리더십을 따라주는 사람입니다. 가장 기대되는 것은 다양한 액티비티와 공연 및 경기 관람을 즐기며 잊지 못할 추억을 만드는 것입니다. 이번 여행은 제 삶에 새로운 활력을 불어넣고, 세계를 향한 제 여정의 한 걸음이 되기를 바랍니다.","이 사용자는 세계일주 지역을 선호하고, 쌀쌀함 기후를 피하고 싶어해요. 여행 목적은 휴식이며, 상관없음에서 머무는 걸 좋아하고 오전 10시 이후쯤 기상하는 편이에요.",,
140,매우 민감,다소 완고,적다,매우 정확,따르는 편,2,둔감,매우 여유있게,해외,산,즉흥 여행,적당히 봄,코골이 안함,다른 곳 간다,"세계일주,일본,동남아","상관없음,건조함,쌀쌀함","미식,휴식,도전과성장","게스트하우스,에어비엔비,콘도",오전 9-10시,300-400만원,"여행 중 최악의 경험은 일정이 너무 바빠 피로가 쌓인 경우입니다. 그래서 이번 여행에서는 느긋한 일정이 필요합니다. 조용하고 침착한 동반자와 함께하면 좋겠으며, 이번 여행에서는 특히 새로운 음식을 즐기길 기대하고 있습니다. 여행이 제 삶에 휴식과 성장을 가져다주길 희망하며, 일정에 너무 쫓기지 않고 그 순간을 온전히 느끼고 싶습니다. 일본과 같은 편안한 지역에서 미식을 즐기며 리프레시할 기회를 찾고 싶습니다.","이 사용자는 일본 지역을 선호하고, 상관없음 기후를 피하고 싶어해요. 여행 목적은 미식이며, 콘도에서 머무는 걸 좋아하고 오전 9-10시쯤 기상하는 편이에요.",,
141,둔감,보통,매우 많다,자주 늦음,보통,3,둔감,보통,해외,산,즉흥 여행,적당히 봄,코골이 안함,기다림,"미국,세계일주,일본","추움,쌀쌀함,습함","휴식,쇼핑,공연&경기관람","4-5성급호텔,상관없음,에어비엔비",오전 10시 이후,300-400만원,"저는 여행 중에 추운 날씨에서 고생했던 기억이 가장 안 좋았는데, 그래서 이번에는 따뜻한 기후를 꼭 만나고 싶어요. 즉흥적인 여행을 선호하지만 쇼핑과 공연 관람은 절대 빼놓을 수 없고, 이를 충분히 즐길 수 있는 여유로운 일정이 중요해요. 함께 여행을 가고 싶은 사람이라면, 말이 많고 활달한 저와 잘 어울리며 버스나 지역 명소에서의 대기 시간을 같이 즐길 수 있는 사람이면 좋겠어요. 이번 여행에선 이국적인 문화 체험과 휴식을 통해 삶에 새로운 활력을 불어넣기를 기대하고 있어요. 호텔이나 에어비앤비 등 편하게 머물 수 있는 장소에서 아침형이 아니지만 충전된 에너지를 느끼고 싶어요.","이 사용자는 일본 지역을 선호하고, 쌀쌀함 기후를 피하고 싶어해요. 여행 목적은 쇼핑이며, 에어비엔비에서 머무는 걸 좋아하고 오전 10시 이후쯤 기상하는 편이에요.",,
142,둔감,매우 수용적,많다,종종 늦음,무조건 리드,2,매우 민감,매우 여유있게,해외,산,즉흥 여행,무조건 다 봄,코골이 안함,다른 곳 간다,"그 외,중국&몽골,미국","건조함,습함,추움","사람&관계,도전과성장,미식","민박,에어비엔비,게스트하우스",오전 8-9시,200-300만원,"여행 중 최악의 경험은 아마도 시간 약속에 늦거나 준비가 부족해서 소중한 순간을 놓치는 경우일 것 같습니다. 그렇기에 이번 여행에서는 언제든 즐길 수 있도록 여유 있는 일정과 충분한 준비가 필요합니다. 같이 여행하고 싶은 사람은 유연하면서도 편안한 관계를 유지할 수 있는 사람입니다. 여행을 통해 다양한 사람들과의 소통과 새로운 도전을 즐기며, 성장할 수 있는 기회를 가장 기대합니다. 이는 또한 제 삶에 긍정적인 변화를 가져올 수 있는 의미 있는 시간이 될 것입니다.","이 사용자는 그 외 지역을 선호하고, 습함 기후를 피하고 싶어해요. 여행 목적은 도전과성장이며, 민박에서 머무는 걸 좋아하고 오전 8-9시쯤 기상하는 편이에요.",,
143,매우 둔감,보통,적다,자주 늦음,보통,2,매우 둔감,보통,해외,바다,계획 여행,적당히 봄,코골이 함,다른 곳 간다,"중국&몽골,세계일주,미국","습함,쌀쌀함,건조함","기록,미식,자연감상","게스트하우스,민박,에어비엔비",오전 10시 이후,300-400만원,"이번 여행 중에 최악의 경험은 날씨가 쌀쌀하거나 습해서 여행을 제대로 즐기지 못할 때입니다. 그래서 이번 여행에서는 적절한 기후가 굉장히 중요합니다. 함께 여행하고 싶은 사람은 조용하고 여유로운 성격을 가진 상대입니다. 이번 여행은 주로 자연감상에 집중할 예정이며, 에어비앤비 같은 편안한 숙소에서 머무르며 이를 기록하고 싶습니다. 나의 삶에서 이 여행은 새로운 문화와 자연을 경험하고 기록할 소중한 기회로 자리 잡기를 기대합니다.","이 사용자는 중국&몽골 지역을 선호하고, 쌀쌀함 기후를 피하고 싶어해요. 여행 목적은 자연감상이며, 에어비엔비에서 머무는 걸 좋아하고 오전 10시 이후쯤 기상하는 편이에요.",,
144,보통,보통,매우 많다,보통,보통,3,매우 민감,매우 여유있게,해외,산,계획 여행,적당히 봄,코골이 함,다른 곳 간다,"국내,그 외,세계일주","더움,건조함,습함","도전과성장,문화&역사체험,자연감상","4-5성급호텔,민박,게스트하우스",오전 8-9시,100만원 이하,"저는 여행 중 최악의 경험으로 과도한 웨이팅이나 더운 날씨를 꼽을 수 있습니다. 이번 여행에서는 계획적인 일정과 문화 및 역사 체험을 통해 도전과 성장을 경험하고 싶습니다. 동행자로는 예의 바르고 청결을 중시하는 사람이 좋으며, 많은 대화를 나눌 수 있는 사람이라면 더욱 좋겠습니다. 여행 중 가장 기대하는 것은 자연 경관을 평화롭게 감상하는 것입니다. 이 여행을 통해 삶의 새로운 의미를 발견하고, 더 나은 자신으로 성장하고 싶습니다.","이 사용자는 국내 지역을 선호하고, 더움 기후를 피하고 싶어해요. 여행 목적은 도전과성장이며, 4-5성급호텔에서 머무는 걸 좋아하고 오전 8-9시쯤 기상하는 편이에요.",,
145,매우 민감,보통,매우 많다,자주 늦음,무조건 따름,5,둔감,매우 빡빡하게,해외,바다,계획 여행,무조건 다 봄,코골이 함,다른 곳 간다,"세계일주,미국,동남아","상관없음,추움,습함","사람&관계,휴식,자연감상","에어비엔비,3성이하 호텔,펜션",오전 9-10시,300-400만원,"제가 여행 중 최악으로 기억하는 경험은 피곤하게 빠듯한 일정과 목적지마다 기다리는 시간이 너무 길었던 것입니다. 따라서 이번 여행에서는 일정 수행에 도움을 주고 기다리지 않도록 미리 계획된 경로가 매우 중요합니다. 함께 여행할 사람은 저처럼 말이 많고 의견을 잘 수용할 수 있는 사람이어야 하며, 시간 약속에 조금은 여유로운 사람이어야 합니다. 이번 여행에서 가장 기대하는 것은 새로운 사람들과의 교류와 자연에서의 휴식입니다. 이 여행이 제 삶에서 인간관계와 자연이 주는 여유로움의 중요성을 다시금 일깨워주는 기회가 되었으면 합니다.","이 사용자는 미국 지역을 선호하고, 추움 기후를 피하고 싶어해요. 여행 목적은 휴식이며, 펜션에서 머무는 걸 좋아하고 오전 9-10시쯤 기상하는 편이에요.",,
146,보통,다소 완고,많다,자주 늦음,무조건 따름,4,꽤 민감,꽤 빡빡하게,해외,산,즉흥 여행,무조건 다 봄,코골이 함,기다림,"세계일주,미국,중국&몽골","쌀쌀함,추움,습함","휴식,공연&경기관람,쇼핑","게스트하우스,펜션,3성이하 호텔",오전 8-9시,300-400만원,"저는 여행 중 추운 날씨와 예민하게 반응하는 청결 문제로 힘들었던 적이 있어서 쾌적한 환경을 유지할 수 있는 것이 가장 중요하다고 생각합니다. 그래서 이번 여행에서는 편안한 숙소에서 충분한 휴식을 취할 수 있게 하는 여건을 꼭 챙기고 싶고, 청결이 잘 유지되는 게스트하우스나 팜스테이에 머물 계획입니다. 여행 계획이 즉흥적인 편이라 함께하는 사람도 융통성 있게 대응할 수 있는 사람이면 좋겠고, 다양한 공연과 경기를 관람하며 시간을 즐길 수 있는 여행을 기대합니다. 또한 이 여행이 저에게는 삶에서 벗어나 새로운 활력을 가져다주는 계기가 되었으면 합니다. 무엇보다도 여행의 순간들이 편안하고 숨통 트이는 시간이 되길 바랍니다.","이 사용자는 중국&몽골 지역을 선호하고, 쌀쌀함 기후를 피하고 싶어해요. 여행 목적은 휴식이며, 게스트하우스에서 머무는 걸 좋아하고 오전 8-9시쯤 기상하는 편이에요.",,
147,매우 민감,다소 완고,많다,꽤 정확,따르는 편,1,매우 둔감,꽤 빡빡하게,국내,산,즉흥 여행,적당히 봄,코골이 함,다른 곳 간다,"국내,미국,중국&몽골","쌀쌀함,건조함,습함","휴식,도전과성장,쇼핑","3성이하 호텔,게스트하우스,펜션",오전 8-9시,200-300만원,"저는 여행 중에 코를 골아서 같이 자는 사람에게 미안했던 경험이 최악이었어요. 이번 여행에서는 무엇보다도 여유로운 여정을 즐기고 싶습니다. 같이 여행하고 싶은 사람은 다정하고 이해심이 많아 저의 예민한 부분을 잘 수용해줄 수 있는 사람이면 좋겠습니다. 이번 여행에서 저는 새로운 도전과 성장을 기대하고 있으며, 동시에 일상에서 벗어나 마음의 휴식을 얻고 싶습니다. 이런 여행이 제 삶에 활력을 주고, 새로운 시각을 가질 수 있는 기회가 되기를 바랍니다.","이 사용자는 국내 지역을 선호하고, 습함 기후를 피하고 싶어해요. 여행 목적은 도전과성장이며, 게스트하우스에서 머무는 걸 좋아하고 오전 8-9시쯤 기상하는 편이에요.",,
148,매우 둔감,수용적,보통,매우 정확,보통,4,매우 민감,꽤 여유있게,국내,바다,계획 여행,적당히 봄,코골이 함,기다림,"중국&몽골,유럽,세계일주","추움,더움,쌀쌀함","도전과성장,기록,휴식","4-5성급호텔,콘도,상관없음",오전 8-9시,100만원 이하,"저는 여행 중 추운 기후는 정말 피하고 싶고, 아마도 그런 날씨 때문에 여행이 최악으로 느껴진 적이 있었던 것 같아요. 이번 여행에서는 기록을 남길 수 있는 기회가 꼭 있었으면 하고, 여유롭게 계획된 일정이어서 기대가 됩니다. 청결함을 중요하게 여기기 때문에 여행 동반자는 위생 관념이 좋았으면 좋겠고, 시간 약속을 잘 지키는 사람이면 좋겠어요. 특히 바닷가에서의 도전과 성장을 통해 삶에 새로운 활력을 주고 싶습니다. 이번 여행이 제게는 말 그대로 휴식과 자기 계발의 시간이 되었으면 합니다.","이 사용자는 중국&몽골 지역을 선호하고, 추움 기후를 피하고 싶어해요. 여행 목적은 기록이며, 콘도에서 머무는 걸 좋아하고 오전 8-9시쯤 기상하는 편이에요.",,
149,둔감,보통,많다,매우 정확,따르는 편,2,매우 민감,매우 빡빡하게,해외,산,즉흥 여행,적당히 봄,코골이 함,기다림,"미국,그 외,중국&몽골","습함,추움,쌀쌀함","쇼핑,액티비티,자연감상","상관없음,콘도,게스트하우스",오전 8-9시,300-400만원,"저는 여행 중에 습하고 추운 기후로 인한 불편함을 최악의 경험으로 여깁니다. 그래서 이번 여행에서는 기후가 쾌적한 지역을 선택하고 싶고, 쇼핑과 자연 감상을 맘껏 즐길 계획입니다. 저에게는 즉흥 여행을 하면서도 잘 맞춰 주는 사람이 이상적인 동행자입니다. 이번 여행에서는 일정에 맞춰 풍부한 액티비티를 체험하는 것이 가장 기대됩니다. 이 여행을 통해 새로운 자연을 만끽하면서 스트레스를 해소하고자 하며, 이는 저의 삶에 신선한 활력소가 될 것입니다.","이 사용자는 중국&몽골 지역을 선호하고, 습함 기후를 피하고 싶어해요. 여행 목적은 자연감상이며, 상관없음에서 머무는 걸 좋아하고 오전 8-9시쯤 기상하는 편이에요.",,
150,보통,보통,매우 적다,보통,보통,4,보통,보통,국내,바다,계획 여행,적당히 봄,코골이 안함,다른 곳 간다,"중국&몽골,미국,국내","쌀쌀함,건조함,상관없음","휴식,사람&관계,문화&역사체험","에어비엔비,상관없음,4-5성급호텔",오전 8-9시,100만원 이하,"저는 여행 중에 계획이 어긋나거나 식사가 만족스럽지 않은 경험을 최악의 경험으로 꼽을 수 있어요. 그래서 이번 여행에서는 꼼꼼하게 계획한 일정표와 편안한 숙소가 꼭 필요합니다. 같이 여행 가고 싶은 사람은 조용하면서도 문화와 역사 탐방에 흥미를 가진 사람입니다. 이번 여행에서 가장 기대하는 것은 새로운 문화와 역사를 배우며 여유 있는 휴식을 취하는 것이고, 이는 제 삶에 새로운 활력을 줄 수 있는 계기가 되길 바랍니다. 저의 이번 여행은 적당한 예산 안에서 충실한 경험을 쌓고 일상에서 벗어나 마음의 여유를 되찾는 여정이 되기를 희망합니다.","이 사용자는 중국&몽골 지역을 선호하고, 상관없음 기후를 피하고 싶어해요. 여행 목적은 문화&역사체험이며, 에어비엔비에서 머무는 걸 좋아하고 오전 8-9시쯤 기상하는 편이에요.",,
151,꽤 민감,다소 완고,보통,꽤 정확,무조건 따름,5,매우 민감,매우 빡빡하게,국내,바다,즉흥 여행,무조건 다 봄,코골이 안함,다른 곳 간다,"동남아,세계일주,유럽","상관없음,추움,습함","기록,액티비티,도전과성장","민박,상관없음,펜션",오전 8-9시,100만원 이하,"저는 이전 여행에서 계획이 너무 빡빡해서 피로가 누적된 경험이 있어요, 그래서 이번에는 체력 관리를 중요시할 계획입니다. 여행 중에는 중요한 랜드마크를 모두 방문하고자 하며, 이번 여행에서는 액티비티와 도전적인 경험을 통해 많은 걸 기록하고 배우고 싶습니다. 함께 여행할 사람은 제 의견을 지지해 주고 여행 루틴에 맞춰줄 수 있는 사람이 좋습니다. 동남아 지역을 선호하고 오전에 일찍 일어나 하루를 여유롭게 시작하며, 여행이 제 삶에 도전과 성장을 주길 기대합니다. 예산은 100만원 이하로 유지하며 합리적인 소비를 통해 최대한의 경험을 얻고자 합니다.","이 사용자는 동남아 지역을 선호하고, 상관없음 기후를 피하고 싶어해요. 여행 목적은 도전과성장이며, 상관없음에서 머무는 걸 좋아하고 오전 8-9시쯤 기상하는 편이에요.",,
152,매우 둔감,수용적,보통,보통,보통,5,둔감,꽤 빡빡하게,국내,바다,계획 여행,적당히 봄,코골이 함,기다림,"일본,그 외,세계일주","더움,상관없음,쌀쌀함","자연감상,사람&관계,휴식","3성이하 호텔,펜션,에어비엔비",오전 8-9시,400만원 이상,"저는 국내 여행을 선호하며, 바다를 보며 자연을 감상하는 것을 좋아합니다. 여행 중 가장 싫은 경험은 과도하게 더운 기후와 쌀쌀한 날씨를 맞이하는 것입니다. 이번 여행에서는 적절한 온도를 유지할 수 있는 환경에서, 자연을 편안하게 감상할 수 있기를 바랍니다. 여행 일정은 완벽한 계획 아래 진행될 것이고, 같이 여행할 사람은 의견을 잘 수용하고 기다림을 즐길 줄 아는 사람이면 좋겠습니다. 이 여행이 제게는 관계를 돈독히 하고 일상의 피로를 풀어주는 휴식의 시간이 되었으면 합니다.","이 사용자는 그 외 지역을 선호하고, 상관없음 기후를 피하고 싶어해요. 여행 목적은 자연감상이며, 펜션에서 머무는 걸 좋아하고 오전 8-9시쯤 기상하는 편이에요.",,
153,둔감,수용적,보통,꽤 정확,무조건 따름,5,둔감,매우 빡빡하게,해외,산,계획 여행,무조건 다 봄,코골이 안함,다른 곳 간다,"국내,일본,미국","건조함,습함,더움","사람&관계,기록,자연감상","콘도,3성이하 호텔,게스트하우스",오전 8-9시,200-300만원,"저는 많은 랜드마크를 놓치지 않는 빡빡한 일정을 좋아하지만, 웨이팅이 길면 다른 곳으로 이동하는 편이에요. 이번 여행에서는 자연을 감상하는 것이 가장 기대되며, 일본을 방문한다면 습하지 않은 날씨를 원합니다. 여행 중 최악의 경험은 예기치 못한 기후로 자연을 즐기지 못한 경우였어요. 저는 여행 동안 편안한 휴식을 위한 게스트하우스 숙소를 선호하며, 같이 가는 이는 의견을 잘 수용하고 일정에 맞춰 행동할 수 있는 사람이면 좋겠습니다. 이번 여행은 저에게 소중한 사람들과의 관계를 돈독히 하고, 기록으로 남길 수 있는 의미 있는 시간이 되었으면 해요.","이 사용자는 일본 지역을 선호하고, 습함 기후를 피하고 싶어해요. 여행 목적은 자연감상이며, 게스트하우스에서 머무는 걸 좋아하고 오전 8-9시쯤 기상하는 편이에요.",,
154,매우 민감,수용적,많다,보통,리드하는편,5,둔감,보통,해외,산,즉흥 여행,무조건 다 봄,코골이 함,다른 곳 간다,"일본,세계일주,그 외","습함,상관없음,더움","휴식,액티비티,미식","에어비엔비,4-5성급호텔,콘도",오전 8-9시,400만원 이상,"저는 여행 중 코골이나 습한 기후처럼 민감한 요소 때문에 종종 불편함을 겪습니다. 그래서 이번 여행에서는 편안한 휴식과 미식을 위해 4-5성급 호텔에서 머무르는 것이 중요합니다. 함께 여행할 사람으로는 유연하게 의견을 조율하며, 즉흥적인 계획에도 열린 마음을 가진 사람을 선호합니다. 이번 여행에서는 일본이나 다양한 세계 지역에서의 액티비티를 가장 기대하고 있습니다. 이 여행이 내 삶에 새로움을 주고, 스트레스를 줄이며, 일상으로부터의 멋진 휴식으로 다가오기를 희망합니다.","이 사용자는 그 외 지역을 선호하고, 상관없음 기후를 피하고 싶어해요. 여행 목적은 휴식이며, 4-5성급호텔에서 머무는 걸 좋아하고 오전 8-9시쯤 기상하는 편이에요.",,
155,보통,다소 완고,많다,보통,따르는 편,5,매우 민감,매우 빡빡하게,해외,산,즉흥 여행,무조건 다 봄,코골이 안함,다른 곳 간다,"동남아,국내,세계일주","습함,쌀쌀함,추움","기록,휴식,사람&관계","콘도,상관없음,4-5성급호텔",오전 9-10시,300-400만원,여행 중 최악의 경험은 습하거나 쌀쌀한 기후를 만나면서 일정이 차질을 빚을 때입니다. 이번 여행에서는 다양한 세계의 사람들과의 관계를 구축하고 기록할 수 있는 기회가 꼭 있었으면 좋겠습니다. 함께 여행을 가고 싶은 사람은 청결을 잘 유지하고 계획 없이도 즉흥적으로 다양한 일정에 참여할 수 있는 사람입니다. 이번 여행에서 가장 기대하는 것은 산을 오르며 얻는 자연에서의 휴식과 각국의 랜드마크들을 모두 경험하는 것입니다. 이 여행이 제 삶에 새로운 사람들과의 관계를 통해 얻는 풍부한 경험과 기록으로 남아 추억이 되길 바랍니다.,"이 사용자는 세계일주 지역을 선호하고, 추움 기후를 피하고 싶어해요. 여행 목적은 사람&관계이며, 콘도에서 머무는 걸 좋아하고 오전 9-10시쯤 기상하는 편이에요.",,
156,꽤 민감,수용적,매우 적다,꽤 정확,무조건 따름,2,매우 민감,꽤 빡빡하게,국내,바다,즉흥 여행,무조건 다 봄,코골이 안함,기다림,"미국,국내,그 외","상관없음,쌀쌀함,건조함","미식,자연감상,문화&역사체험","민박,펜션,3성이하 호텔",오전 9-10시,400만원 이상,"저는 여행 중에 날씨가 쌀쌀하고 건조한 경우를 피하고 싶어요. 그래서 따뜻하고 쾌적한 기후의 장소에서 머무는 것이 이번 여행에서 반드시 필요한 요소 중 하나입니다. 함께 여행하고 싶은 사람은 제가 민감한 부분을 이해하고, 수용적이며, 리더를 따르는 성향을 잘 이해하고 받아들일 수 있는 사람이면 좋겠어요. 이번 여행에서는 자연 풍경 감상과 문화, 역사 체험을 가장 기대하고 있으며, 매일 아침 9시에서 10시 사이에 일어나며 혜택을 누릴 예정입니다. 최악의 경험은 언제나 빡빡한 일정 속에서 넘어져 본 적이 있는데, 이번 여행에서는 그러한 점들이 제 삶의 활력과 새로운 시각을 다지는 의미가 있기를 바라고 있습니다.","이 사용자는 그 외 지역을 선호하고, 건조함 기후를 피하고 싶어해요. 여행 목적은 문화&역사체험이며, 펜션에서 머무는 걸 좋아하고 오전 9-10시쯤 기상하는 편이에요.",,
157,매우 민감,다소 완고,매우 많다,보통,보통,4,꽤 민감,꽤 여유있게,국내,바다,즉흥 여행,무조건 다 봄,코골이 함,기다림,"유럽,동남아,일본","추움,쌀쌀함,건조함","미식,휴식,공연&경기관람","민박,4-5성급호텔,콘도",오전 8-9시,100만원 이하,"저는 여행 중 날씨가 춥고 건조한 것을 가장 힘들어합니다. 그래서 이번 여행에서는 이런 환경을 피할 수 있는 곳을 선택하고자 했으며, 예산 내에서 다양한 공연과 경기를 관람하는 것이 꼭 이루어졌으면 좋겠습니다. 저와 함께 여행할 사람은 활발한 대화를 즐길 수 있고, 일정이 여유로워도 함께 모든 랜드마크를 방문하는 것을 즐기며, 청결함을 중시하는 사람일 것입니다. 이번 여행에서 특히 기대하는 부분은 미식 경험을 통해 새로운 음식을 맛보는 것이며, 이는 저에게 일상의 스트레스를 해소하고 활력을 찾는 의미 있는 시간이 되었으면 합니다. 저는 즉흥적으로 계획을 세우는 여행 스타일을 선호하므로, 노련한 동행과 함께 자유롭고 유쾌한 여행을 보내는 것이 중요하지요.","이 사용자는 동남아 지역을 선호하고, 건조함 기후를 피하고 싶어해요. 여행 목적은 공연&경기관람이며, 민박에서 머무는 걸 좋아하고 오전 8-9시쯤 기상하는 편이에요.",,
158,둔감,보통,많다,자주 늦음,따르는 편,1,보통,매우 여유있게,국내,바다,즉흥 여행,적당히 봄,코골이 안함,기다림,"중국&몽골,그 외,미국","습함,상관없음,건조함","도전과성장,자연감상,문화&역사체험","3성이하 호텔,상관없음,4-5성급호텔",오전 10시 이후,400만원 이상,"여행 중 최악의 경험은 일정대로 진행되지 않아서 마음 편히 즐기지 못했던 때였습니다. 이번 여행에서는 즉흥적 계획이 가능하도록 유연한 일정과 충분한 재정적 여유가 필수라고 생각합니다. 함께 여행하고 싶은 사람은 말이 많은 저와 대화를 즐길 수 있고, 예민하지 않은 성향을 가진 사람이면 좋겠습니다. 이번 여행에서 가장 기대하는 것은 중국이나 몽골 등에서 새로운 문화와 역사를 경험하고 자연을 감상하며 스스로 성장하는 것입니다. 이번 여행이 제 삶에서 새로운 도전을 경험하고, 개인적으로 한 단계 성장하는 계기가 되었으면 합니다.","이 사용자는 그 외 지역을 선호하고, 상관없음 기후를 피하고 싶어해요. 여행 목적은 도전과성장이며, 3성이하 호텔에서 머무는 걸 좋아하고 오전 10시 이후쯤 기상하는 편이에요.",,
159,매우 민감,수용적,많다,꽤 정확,따르는 편,3,보통,매우 여유있게,해외,산,즉흥 여행,무조건 다 봄,코골이 안함,다른 곳 간다,"국내,유럽,그 외","건조함,추움,상관없음","도전과성장,액티비티,사람&관계","콘도,민박,상관없음",오전 9-10시,200-300만원,"저는 여행 중에 일정이 너무 빡빡하거나 추운 날씨를 만나는 것을 특히 힘들어하는데, 이전에 체력 소모가 큰 여행에서 고생한 경험이 있습니다. 이번 여행에서는 각종 랜드마크를 자유롭게 돌아다닐 수 있는 여유롭고 즉흥적인 계획을 중요하게 여기는데, 특히 서로 대화를 많이 할 수 있는 사람과 함께라면 좋겠습니다. 사람들과의 관계를 통해 도전과 성장을 경험하고 싶으며, 액티비티가 풍부한 여행이 되기를 기대하고 있습니다. 여행이 저에게 새로운 시각을 열어주고 삶에 긍정적인 변화를 가져다주길 바랍니다. 민박에 머물면서 아침에 조금 늦게 일어나는 것도 즐기고 싶습니다.","이 사용자는 그 외 지역을 선호하고, 추움 기후를 피하고 싶어해요. 여행 목적은 액티비티이며, 민박에서 머무는 걸 좋아하고 오전 9-10시쯤 기상하는 편이에요.",,
160,꽤 민감,매우 수용적,많다,보통,리드하는편,4,꽤 민감,매우 빡빡하게,해외,산,즉흥 여행,무조건 다 봄,코골이 안함,다른 곳 간다,"유럽,동남아,일본","습함,더움,쌀쌀함","도전과성장,자연감상,공연&경기관람","콘도,3성이하 호텔,4-5성급호텔",오전 9-10시,100만원 이하,"저는 해외 여행을 하면서 도전과 성장을 추구하며, 자연을 감상하는 것을 좋아합니다. 여행 중 최악의 경험은 습하고 더운 기후로 인한 불쾌함이었기 때문에, 이번 여행에서는 그런 기후를 피하고 싶습니다. 또한, 4-5성급 호텔에서 편안하게 머무르는 것도 중요하게 생각합니다. 함께 여행할 사람으로는 유연한 일정에 잘 적응하고 예민함을 이해해줄 수 있는 수용적인 사람을 선호합니다. 이번 여행에서 공연이나 경기를 관람하며 새로운 경험을 하길 기대하며, 제 삶에 도전과 성장을 더해줄 특별한 의미를 갖길 바랍니다.","이 사용자는 동남아 지역을 선호하고, 습함 기후를 피하고 싶어해요. 여행 목적은 도전과성장이며, 4-5성급호텔에서 머무는 걸 좋아하고 오전 9-10시쯤 기상하는 편이에요.",,
161,매우 민감,수용적,적다,보통,리드하는편,4,매우 민감,매우 빡빡하게,국내,산,계획 여행,적당히 봄,코골이 함,다른 곳 간다,"미국,세계일주,그 외","건조함,추움,상관없음","휴식,액티비티,공연&경기관람","3성이하 호텔,게스트하우스,콘도",오전 9-10시,400만원 이상,"여행 중 최악의 경험은 아마도 건조한 기후와 춥고 불편한 환경에서의 체류일 것입니다. 이번 여행에서는 공연과 경기 관람을 필수로 하고 싶고, 이러한 일정은 꼭 포함되어야 합니다. 저와 함께 여행할 사람은 제 리드에 잘 따라오고 예민함을 이해해주며 청결에 신경을 쓰는 사람이면 좋겠습니다. 이번 여행에서 가장 기대되는 것은 새로운 지역에서 얻게 될 다양한 문화 경험과 활동입니다. 이 여행은 제 삶에 휴식과 동시에 여러 활동을 통한 색다른 에너지를 제공하는 중요한 의미를 가질 것입니다.","이 사용자는 그 외 지역을 선호하고, 건조함 기후를 피하고 싶어해요. 여행 목적은 공연&경기관람이며, 콘도에서 머무는 걸 좋아하고 오전 9-10시쯤 기상하는 편이에요.",,
162,매우 둔감,보통,적다,꽤 정확,보통,3,매우 둔감,보통,국내,바다,즉흥 여행,적당히 봄,코골이 안함,기다림,"일본,유럽,동남아","추움,건조함,쌀쌀함","공연&경기관람,액티비티,쇼핑","민박,상관없음,에어비엔비",오전 8-9시,400만원 이상,"저는 예전에 추운 기후에서의 여행에서 불편함을 느껴 그것을 최악의 경험으로 꼽을 수 있을 것 같습니다. 그래서 이번에는 날씨가 따뜻한 동남아 지역을 선택했고, 쇼핑과 공연 관람을 즐기며 여유로운 시간을 보내고 싶습니다. 여행에 필요한 것은 적당한 숙소와 즉흥적인 계획일 뿐, 복잡한 준비는 피하고 싶습니다. 함께 여행할 사람은 많지 말수가 없는 사람이라면 좋겠으며, 그들과 함께 잊지 못할 경험을 만들기를 기대합니다. 이번 여행이 저에게는 일상에서 벗어나 새로운 문화와 경험을 통해 활력을 얻고 삶의 작은 변화를 주는 기회가 되기를 희망합니다.","이 사용자는 동남아 지역을 선호하고, 쌀쌀함 기후를 피하고 싶어해요. 여행 목적은 쇼핑이며, 민박에서 머무는 걸 좋아하고 오전 8-9시쯤 기상하는 편이에요.",,
163,둔감,보통,많다,꽤 정확,따르는 편,3,매우 민감,꽤 여유있게,해외,산,즉흥 여행,무조건 다 봄,코골이 함,기다림,"유럽,중국&몽골,국내","더움,상관없음,쌀쌀함","휴식,미식,액티비티","콘도,민박,4-5성급호텔",오전 8-9시,200-300만원,저는 이번 여행에서 쌀쌀한 기후를 피하고 편안한 휴식을 취하기 위해 4-5성급 호텔에 머물고 싶습니다. 최악의 여행 경험이라면 코골이를 피하려고 다른 사람과 함께 숙박했을 때 불편함을 겪었던 것을 꼽을 수 있겠네요. 이번 여행에서 기대하는 것은 자연 속에서의 여유로운 산책과 미식 탐험입니다. 함께 여행하는 사람은 침착하고 계획에 융통성이 있는 사람이면 좋겠어요. 이번 여행이 제 삶에 새로운 영감을 줄 수 있는 휴식과 재충전의 시간이 되었으면 합니다.,"이 사용자는 중국&몽골 지역을 선호하고, 쌀쌀함 기후를 피하고 싶어해요. 여행 목적은 휴식이며, 4-5성급호텔에서 머무는 걸 좋아하고 오전 8-9시쯤 기상하는 편이에요.",,
164,보통,매우 완고,매우 많다,종종 늦음,보통,1,둔감,꽤 빡빡하게,해외,바다,계획 여행,적당히 봄,코골이 안함,다른 곳 간다,"동남아,미국,유럽","건조함,더움,습함","도전과성장,쇼핑,자연감상","펜션,민박,에어비엔비",오전 8-9시,100만원 이하,"저는 여행 중에 날씨 때문에 불편했던 경험이 있을 정도로 기후에 예민하고, 특히 덥고 건조하고 습한 날씨는 피하고 싶습니다. 그래서 이번 여행에서는 날씨가 적당한 지역을 선택하고 싶은데, 제 주요 목적 중 하나는 쇼핑입니다. 여행을 같이 가고 싶은 사람은 시간 약속을 잘 지키고 계획을 철저히 세우는 성향이었으면 좋겠습니다. 이번 여행에서 가장 기대하는 것은 쇼핑과 자연 감상으로, 이를 통해 새로운 도전과 성장을 경험하고 싶습니다. 여행의 의미는 저에게 새로운 경험과 성장을 통해 삶의 활력을 얻는 것이라고 생각합니다.","이 사용자는 동남아 지역을 선호하고, 건조함 기후를 피하고 싶어해요. 여행 목적은 쇼핑이며, 민박에서 머무는 걸 좋아하고 오전 8-9시쯤 기상하는 편이에요.",,
165,둔감,보통,매우 많다,꽤 정확,무조건 리드,4,둔감,매우 여유있게,국내,산,계획 여행,무조건 다 봄,코골이 함,기다림,"동남아,일본,국내","추움,쌀쌀함,더움","기록,미식,사람&관계","3성이하 호텔,4-5성급호텔,콘도",오전 8-9시,300-400만원,"국내 여행을 선호하는 저는 계획적인 여행을 좋아하며, 사람들과의 관계를 중요시합니다. 덥거나 추운 기후를 피하고자 하며, 여행에서 가장 기대하는 것은 새로운 미식 경험과 사람들과의 소중한 순간들입니다. 여행 중 최악의 경험은 아마도 계획했던 랜드마크를 보지 못하는 일이겠지만, 과거 그런 상황도 중요한 추억으로 남았습니다. 여행 시에는 시간을 잘 지키고 서로의 의견을 존중할 수 있는 사람과 함께하는 것을 선호합니다. 이번 여행이 제 삶에서 중요한 기록으로 남으며, 사람들과의 관계를 더 깊어지게 하는 의미 있는 시간이 되길 바랍니다.","이 사용자는 국내 지역을 선호하고, 더움 기후를 피하고 싶어해요. 여행 목적은 사람&관계이며, 콘도에서 머무는 걸 좋아하고 오전 8-9시쯤 기상하는 편이에요.",,
166,매우 민감,매우 수용적,매우 적다,종종 늦음,무조건 리드,2,꽤 민감,꽤 빡빡하게,국내,산,즉흥 여행,적당히 봄,코골이 안함,기다림,"동남아,일본,유럽","상관없음,건조함,추움","공연&경기관람,액티비티,휴식","펜션,콘도,상관없음",오전 10시 이후,400만원 이상,"저는 여행 중에 가장 싫어하는 것은 일정에 쫓겨 정해진 시간에 맞추지 못하는 상황인데, 종종 지각하는 편이라 저에게는 스트레스로 다가올 수 있어요. 이번 여행에서는 공연이나 경기를 꼭 관람하고 싶으며, 결정적으로 저와 함께 즉흥적인 계획을 즐길 수 있는 사람과 동행하면 좋겠습니다. 저는 특히 일본 여행을 기대하고 있으며, 이곳에서의 휴식과 새로운 경험이 저의 일상에 활력을 불어넣기를 바랍니다. 여행에서는 예산 걱정 없이 자유로운 시간을 보내고, 아침 늦게 일어나 여유롭게 하루를 시작하는 것이 중요해요. 이러한 경험이 제 삶의 질을 높이고 스트레스를 효과적으로 해소해 주었으면 합니다.","이 사용자는 일본 지역을 선호하고, 상관없음 기후를 피하고 싶어해요. 여행 목적은 휴식이며, 펜션에서 머무는 걸 좋아하고 오전 10시 이후쯤 기상하는 편이에요.",,
167,매우 민감,수용적,많다,꽤 정확,보통,5,보통,매우 여유있게,해외,산,즉흥 여행,적당히 봄,코골이 안함,다른 곳 간다,"세계일주,미국,국내","습함,추움,더움","기록,도전과성장,쇼핑","3성이하 호텔,펜션,게스트하우스",오전 8-9시,300-400만원,저는 과거 여행 중에 덥고 습한 날씨로 고생했던 경험이 최악이었어요. 그래서 이번 여행에서는 쾌적한 날씨와 함께 즉흥적으로 유연하게 움직일 수 있는 여유로운 일정이 꼭 필요합니다. 같이 여행을 가고 싶은 사람은 말이 많아도 서로의 의견을 잘 수용할 수 있는 사람이라면 좋겠네요. 이번 여행에서 가장 기대하는 것은 새로운 곳을 탐험하며 도전과 성장을 기록하는 것입니다. 이를 통해 제가 얻고 싶은 의미는 일상에서 벗어나 세계를 경험함으로써 자신을 발전시키고 싶다는 것입니다.,"이 사용자는 국내 지역을 선호하고, 더움 기후를 피하고 싶어해요. 여행 목적은 쇼핑이며, 펜션에서 머무는 걸 좋아하고 오전 8-9시쯤 기상하는 편이에요.",,
168,매우 민감,매우 수용적,매우 많다,매우 정확,보통,5,둔감,매우 여유있게,국내,산,계획 여행,적당히 봄,코골이 안함,기다림,"국내,중국&몽골,일본","습함,추움,상관없음","문화&역사체험,공연&경기관람,도전과성장","콘도,펜션,에어비엔비",오전 8-9시,400만원 이상,"여행 중 최악의 경험은 아마도 계획대로 움직이지 못할 때일 것입니다. 그래서 이번 여행에서는 철저한 계획과 일정 이행이 중요합니다. 여행 동반자는 의사소통이 원활하고 의견을 잘 수용할 수 있는 사람과 함께 하고 싶습니다. 특히 이번 여행에서는 일본에서의 문화와 역사 체험을 가장 기대하고 있습니다. 이를 통해 도전과 성장을 하며, 삶의 새로운 관점을 얻고 싶어요. 아침은 8-9시에 자연스럽게 일어나고 여유롭게 시작하며, 편안한 에어비엔비에서 머무는 것이 필수적입니다.","이 사용자는 일본 지역을 선호하고, 추움 기후를 피하고 싶어해요. 여행 목적은 문화&역사체험이며, 에어비엔비에서 머무는 걸 좋아하고 오전 8-9시쯤 기상하는 편이에요.",,
169,꽤 민감,수용적,많다,꽤 정확,보통,3,보통,보통,해외,산,계획 여행,무조건 다 봄,코골이 함,기다림,"중국&몽골,일본,동남아","습함,상관없음,건조함","도전과성장,사람&관계,기록","콘도,펜션,상관없음",오전 8-9시,400만원 이상,"저는 여행 중 예민하게 느껴질 수 있는 상황, 특히 습한 기후를 피하는 것이 중요해요. 이번 여행에서는 동남아를 중심으로 다양한 도전과 성장을 경험하고 싶고, 아침에는 8-9시에 일어나 계획된 일정을 잘 소화하고 싶습니다. 최악의 여행 경험은 예기치 않은 혼란이나 시간 약속이 지켜지지 않는 경우인 것 같아요. 그래서 함께 여행할 사람은 의견이 잘 통하고 계획을 존중하는 타입이면 좋겠습니다. 이번 여행을 통해 사람들과의 관계를 더욱 넓히고, 제 삶에 중요한 기록과 의미 있는 성장을 남기고 싶습니다.","이 사용자는 동남아 지역을 선호하고, 상관없음 기후를 피하고 싶어해요. 여행 목적은 도전과성장이며, 콘도에서 머무는 걸 좋아하고 오전 8-9시쯤 기상하는 편이에요.",,
170,매우 민감,매우 수용적,많다,종종 늦음,따르는 편,2,매우 민감,꽤 여유있게,국내,바다,계획 여행,무조건 다 봄,코골이 안함,기다림,"일본,국내,그 외","건조함,습함,상관없음","자연감상,액티비티,기록","민박,콘도,4-5성급호텔",오전 9-10시,200-300만원,저는 여행 중 최악의 경험으로 청결하지 않은 숙소를 꼽습니다. 매우 민감한 편이라 깨끗하지 않으면 큰 불편함을 느끼기 때문이죠. 이번 여행에서는 편안하고 청결한 숙소가 필수적입니다. 함께 여행을 할 사람은 저와 같이 계획적이고 수용적인 성향을 가진 사람이면 좋겠습니다. 이번 여행에서는 자연을 감상하고 다양한 액티비티를 즐기는 것이 가장 기대됩니다. 여행을 통해 제 삶에 새로운 활력을 불어넣고 소중한 기록을 남기고 싶습니다.,"이 사용자는 그 외 지역을 선호하고, 건조함 기후를 피하고 싶어해요. 여행 목적은 액티비티이며, 콘도에서 머무는 걸 좋아하고 오전 9-10시쯤 기상하는 편이에요.",,
171,꽤 민감,매우 수용적,보통,꽤 정확,무조건 리드,5,둔감,꽤 여유있게,국내,산,계획 여행,적당히 봄,코골이 함,다른 곳 간다,"그 외,중국&몽골,미국","쌀쌀함,습함,건조함","자연감상,미식,도전과성장","상관없음,3성이하 호텔,콘도",오전 9-10시,200-300만원,"저는 여행 중에 쌀쌀한 기후나 긴 대기 시간으로 인한 불편이 최악의 경험으로 남습니다. 그래서 이번 여행에서는 자연을 감상할 수 있는 여유롭고 계획적인 일정과 함께 따뜻한 날씨가 꼭 있었으면 좋겠습니다. 같이 여행을 가고 싶은 사람은 수용적이고 대화가 잘 통하는 사람이며, 리더십을 발휘하되 서로의 의견을 존중할 수 있는 사람입니다. 이번 여행에서는 특히 자연 속에서의 성장과 도전을 통해 의미 있는 경험을 쌓는 것을 기대하고 있습니다. 궁극적으로 이번 여행은 제 삶에 새로운 에너지를 불어넣고, 업무 스트레스를 해소하여 정신적 성장을 이루는 기회가 되었으면 합니다.","이 사용자는 그 외 지역을 선호하고, 쌀쌀함 기후를 피하고 싶어해요. 여행 목적은 자연감상이며, 상관없음에서 머무는 걸 좋아하고 오전 9-10시쯤 기상하는 편이에요.",,
172,매우 민감,다소 완고,적다,종종 늦음,보통,1,보통,꽤 여유있게,국내,바다,계획 여행,무조건 다 봄,코골이 안함,다른 곳 간다,"일본,중국&몽골,유럽","상관없음,건조함,습함","쇼핑,액티비티,사람&관계","민박,4-5성급호텔,콘도",오전 10시 이후,200-300만원,저는 여행 중에 체력이 약하기 때문에 일정이 빡빡할 때가 가장 힘들었던 경험이 있습니다. 그래서 이번 여행에서는 여유롭게 계획을 세우고 싶어요. 함께 여행을 가고 싶은 사람은 계획을 잘 지키면서도 유머 감각이 있는 사람입니다. 여행에서 가장 기대하는 것은 새로운 사람들과의 만남과 그로부터 얻는 관계입니다. 이번 여행이 제 삶에 휴식과 새로운 인연을 주는 기회가 되었으면 합니다. 저에게 있어서 필수적인 것 중 하나는 4-5성급 호텔의 안락한 숙소입니다.,"이 사용자는 중국&몽골 지역을 선호하고, 습함 기후를 피하고 싶어해요. 여행 목적은 사람&관계이며, 4-5성급호텔에서 머무는 걸 좋아하고 오전 10시 이후쯤 기상하는 편이에요.",,
173,둔감,다소 완고,적다,종종 늦음,리드하는편,5,보통,꽤 여유있게,국내,산,계획 여행,무조건 다 봄,코골이 함,기다림,"세계일주,일본,국내","습함,건조함,쌀쌀함","액티비티,쇼핑,미식","콘도,펜션,3성이하 호텔",오전 8-9시,200-300만원,여행 중 최악의 경험은 쌀쌀한 날씨 때문에 계획이 틀어질 때입니다. 이를 피하기 위해 이번 여행에서는 따뜻한 기후와 맛있는 식사 경험을 꼭 챙기고 싶습니다. 함께 여행하고 싶은 사람은 시간을 잘 맞추고 리더십을 따라주는 사람이면 좋겠다고 생각합니다. 이번 여행에서는 국내의 다양한 먹거리를 즐기고 여유로운 일정을 통해 스트레스를 해소하는 것이 가장 기대됩니다. 이 여행이 제 삶에 의미 있는 휴식과 문화적 경험의 기회가 되었으면 합니다.,"이 사용자는 국내 지역을 선호하고, 쌀쌀함 기후를 피하고 싶어해요. 여행 목적은 미식이며, 3성이하 호텔에서 머무는 걸 좋아하고 오전 8-9시쯤 기상하는 편이에요.",,
174,둔감,매우 완고,많다,꽤 정확,보통,3,매우 민감,매우 여유있게,해외,산,계획 여행,무조건 다 봄,코골이 함,기다림,"동남아,미국,일본","습함,더움,건조함","자연감상,문화&역사체험,사람&관계","4-5성급호텔,3성이하 호텔,에어비엔비",오전 8-9시,200-300만원,"여행 중 최악의 경험은 습하고 더운 기후에서의 불편함일 것입니다. 이번 여행에서 꼭 필요한 것은 자연 감상과 문화 체험을 충분히 할 수 있는 여유 있는 일정입니다. 함께 여행할 동반자는 대화를 많이 나눌 수 있으며 상황에 대해 매우 유연하지는 않아도 괜찮습니다. 이번 여행에서 가장 기대하는 것은 미국의 다양한 모습을 경험하고, 새로운 사람들과 관계를 맺는 것입니다. 이 여행은 제 삶의 새로운 시각을 추가하고, 평소와 다른 환경에서 새로운 인연을 쌓는 의미가 있기를 바랍니다.","이 사용자는 미국 지역을 선호하고, 건조함 기후를 피하고 싶어해요. 여행 목적은 사람&관계이며, 에어비엔비에서 머무는 걸 좋아하고 오전 8-9시쯤 기상하는 편이에요.",,
175,둔감,다소 완고,매우 많다,매우 정확,따르는 편,2,둔감,보통,국내,바다,계획 여행,무조건 다 봄,코골이 함,다른 곳 간다,"일본,국내,유럽","상관없음,더움,건조함","자연감상,미식,휴식","게스트하우스,4-5성급호텔,에어비엔비",오전 9-10시,100만원 이하,"이번 여행에서 저는 자연을 감상하면서 편안하게 쉬는 것을 가장 기대하고 있습니다. 계획적인 여행을 좋아하기 때문에, 정확한 일정과 체계적인 준비는 필수이며, 행복을 추구하는 여정이 되길 바랍니다. 여행 중 가장 최악의 경험은 더운 날씨로 지치거나 기다리는 일이 많을 때인데, 이번에는 그것들을 피할 계획입니다. 함께 여행할 동반자는 긍정적이고 대화가 많은 사람이면 좋겠습니다. 이번 여행은 새로운 에너지를 얻고 일상에서 벗어나는 의미 있는 휴식이 되었으면 합니다.","이 사용자는 일본 지역을 선호하고, 더움 기후를 피하고 싶어해요. 여행 목적은 자연감상이며, 게스트하우스에서 머무는 걸 좋아하고 오전 9-10시쯤 기상하는 편이에요.",,
176,매우 민감,다소 완고,매우 많다,꽤 정확,무조건 리드,5,둔감,보통,국내,산,즉흥 여행,적당히 봄,코골이 안함,다른 곳 간다,"미국,일본,그 외","상관없음,추움,건조함","도전과성장,자연감상,기록","콘도,펜션,민박",오전 8-9시,300-400만원,저는 여행 중에 계획이 틀어지거나 약속 시간이 어긋나는 경험이 가장 최악이라고 생각합니다. 그래서 이번 여행에서는 시간이 맞지 않아도 꼭 해내야 하는 일만큼은 잘 매듭짓고 싶습니다. 같이 여행을 가고 싶은 사람은 제가 리드할 때 잘 따라와 주면서도 의견을 많이 내주는 사람입니다. 이번 여행에서 가장 기대하는 것은 새로운 환경에서 자연을 감상하며 기록하고 도전하는 시간을 갖는 것입니다. 이번 여행이 제 삶에 새로운 성장과 도전을 주는 의미가 되었으면 합니다.,"이 사용자는 그 외 지역을 선호하고, 상관없음 기후를 피하고 싶어해요. 여행 목적은 도전과성장이며, 민박에서 머무는 걸 좋아하고 오전 8-9시쯤 기상하는 편이에요.",,
177,꽤 민감,수용적,보통,꽤 정확,보통,5,매우 민감,꽤 빡빡하게,해외,바다,즉흥 여행,무조건 다 봄,코골이 함,기다림,"세계일주,국내,미국","추움,습함,상관없음","사람&관계,쇼핑,기록","게스트하우스,민박,펜션",오전 10시 이후,100만원 이하,저는 여행 중 숙소가 지저분하면 최악의 경험이라고 생각합니다. 이번 여행에는 깔끔한 게스트하우스나 민박에서 머물며 기록할 만한 많은 기억을 만들고 싶습니다. 함께 여행하고 싶은 사람은 시간을 잘 지키고 민감한 부분에 대해 이해심이 있는 사람입니다. 이번 여행에서는 세계 곳곳의 다양한 사람들과 교류하며 쇼핑을 통해 현지 문화를 경험하는 것이 가장 기대됩니다. 이를 통해 저의 삶에 새로운 관점을 더하고 풍요로움을 얻는 것이 이번 여행의 큰 의미가 될 것입니다.,"이 사용자는 국내 지역을 선호하고, 상관없음 기후를 피하고 싶어해요. 여행 목적은 기록이며, 민박에서 머무는 걸 좋아하고 오전 10시 이후쯤 기상하는 편이에요.",,
178,둔감,매우 수용적,보통,종종 늦음,따르는 편,1,꽤 민감,보통,해외,산,즉흥 여행,무조건 다 봄,코골이 함,다른 곳 간다,"세계일주,중국&몽골,일본","상관없음,더움,습함","자연감상,휴식,쇼핑","3성이하 호텔,에어비엔비,민박",오전 10시 이후,300-400만원,"저는 여행 중에는 내 계획과 맞지 않게 무더운 날씨를 겪는 것이 가장 고역이었습니다. 이번 여행에서는 자연감상을 위한 산행을 기대하고 있으며, 그런 여정을 위해 편안하게 머무를 수 있는 민박 숙소가 꼭 필요합니다. 함께 여행하고 싶은 사람은 리더 역할을 해줄 수 있고 유연하게 계획을 잡는 사람이라면 좋겠네요. 이번 여행을 통해 저는 일상의 스트레스를 내려놓고 진정한 휴식을 즐기고 싶습니다. 이는 제 삶에 새로운 활력을 불어넣고, 다양한 시각을 경험할 수 있는 기회가 될 것입니다.","이 사용자는 중국&몽골 지역을 선호하고, 더움 기후를 피하고 싶어해요. 여행 목적은 휴식이며, 민박에서 머무는 걸 좋아하고 오전 10시 이후쯤 기상하는 편이에요.",,
179,꽤 민감,다소 완고,많다,꽤 정확,무조건 리드,5,보통,매우 여유있게,해외,산,계획 여행,적당히 봄,코골이 안함,기다림,"그 외,세계일주,동남아","상관없음,습함,쌀쌀함","문화&역사체험,도전과성장,미식","게스트하우스,4-5성급호텔,펜션",오전 9-10시,300-400만원,"저는 과거 여행 중 촉촉한 습함을 피하지 못해 불쾌했던 경험이 있어, 그런 기후를 피하고 싶습니다. 이번 여행에서는 일정을 여유롭게 가져가면서도 아침 9시에서 10시 사이에 깨어나 하루를 시작할 수 있는 시간을 꼭 갖고 싶습니다. 제가 함께 여행하고 싶은 사람은 저처럼 다소 고집이 있어도 의견이 많고, 계획적인 성향을 가지고 있는 사람이면 좋겠습니다. 이번 여행에서 가장 기대하는 것은 다양한 문화와 역사 체험을 통해 도전하고 성장하는 것입니다. 이러한 경험이 저의 삶에 큰 의미가 되어, 세계를 이해하는 시야를 넓히고 싶습니다.","이 사용자는 그 외 지역을 선호하고, 습함 기후를 피하고 싶어해요. 여행 목적은 문화&역사체험이며, 펜션에서 머무는 걸 좋아하고 오전 9-10시쯤 기상하는 편이에요.",,
180,꽤 민감,수용적,보통,보통,무조건 리드,1,보통,매우 여유있게,해외,산,즉흥 여행,무조건 다 봄,코골이 함,다른 곳 간다,"그 외,국내,일본","더움,상관없음,쌀쌀함","사람&관계,도전과성장,자연감상","에어비엔비,상관없음,콘도",오전 8-9시,100만원 이하,"이번 여행은 자연 감상을 목적으로 하고 있으며, 시원한 기후를 선호하므로 더위는 피하고 싶습니다. 이전 여행 중 기다리는 상황을 싫어해서 웨이팅이 길면 다른 곳으로 이동한 기억이 최악의 경험이었고, 이번에는 계획을 여유 있게 잡아 그런 일을 피하고 싶습니다. 함께 여행할 사람은 유연하고 즉흥적인 성격의 소유자였으면 하며, 무엇보다 자유롭게 자연을 감상할 수 있는 시간을 기대하고 있습니다. 이번 여행을 통해 새로운 도전과 성장을 경험하고 인간관계에도 긍정적인 영향을 주는 소중한 시간이 되었으면 합니다. 아침에는 보통 8-9시에 일어나며, 예산은 100만원 이하로 제한하면서도 만족스러운 여행을 계획하고자 합니다.","이 사용자는 국내 지역을 선호하고, 더움 기후를 피하고 싶어해요. 여행 목적은 자연감상이며, 콘도에서 머무는 걸 좋아하고 오전 8-9시쯤 기상하는 편이에요.",,
181,보통,다소 완고,많다,꽤 정확,무조건 따름,4,매우 민감,보통,국내,산,즉흥 여행,무조건 다 봄,코골이 함,기다림,"유럽,국내,동남아","습함,상관없음,건조함","기록,사람&관계,휴식","상관없음,3성이하 호텔,펜션",오전 8-9시,400만원 이상,저는 여행 중 청결이 중요하기 때문에 위생 상태가 좋지 않은 숙소에서의 경험이 최악이었어요. 이번 여행에서는 기록을 남길 카메라 같은 필수 아이템이 꼭 필요합니다. 여행 동반자로는 말이 많고 시간 약속을 잘 지키는 사람과 함께 즐거운 시간을 보내고 싶어요. 이번 여행에서 가장 기대하는 것은 새로운 사람들과의 관계 형성과 유럽의 아름다운 자연을 감상하는 것입니다. 궁극적으로 이번 여행이 일상의 휴식과 새로운 인연을 쌓는 의미 있는 시간이 되기를 바랍니다.,"이 사용자는 유럽 지역을 선호하고, 습함 기후를 피하고 싶어해요. 여행 목적은 사람&관계이며, 3성이하 호텔에서 머무는 걸 좋아하고 오전 8-9시쯤 기상하는 편이에요.",,
182,둔감,다소 완고,보통,자주 늦음,따르는 편,3,보통,보통,국내,바다,계획 여행,무조건 다 봄,코골이 안함,다른 곳 간다,"그 외,동남아,국내","쌀쌀함,건조함,더움","기록,미식,자연감상","콘도,게스트하우스,4-5성급호텔",오전 9-10시,300-400만원,"저는 이번 여행에서도 자연을 감상하고 미식을 즐기는 걸 가장 기대하고 있습니다. 따라서 가장 중요한 것은 계획된 일정을 통해 주요 랜드마크를 빠짐없이 방문하는 것입니다. 여행 중 가장 싫어하는 경험은 쌀쌀하고 건조한 기후를 만나는 것이기 때문에, 기후에 대한 준비는 필수적입니다. 여행을 함께 갈 사람은 저처럼 일정에 충실하고 계획을 잘 따를 수 있는 사람이었으면 좋겠습니다. 이번 여행이 제 삶에 기록으로 남고, 아름다운 자연을 감상함으로써 힐링의 의미를 가졌으면 합니다.","이 사용자는 동남아 지역을 선호하고, 건조함 기후를 피하고 싶어해요. 여행 목적은 자연감상이며, 게스트하우스에서 머무는 걸 좋아하고 오전 9-10시쯤 기상하는 편이에요.",,
183,둔감,수용적,보통,매우 정확,리드하는편,5,보통,매우 빡빡하게,국내,산,계획 여행,적당히 봄,코골이 안함,기다림,"일본,국내,중국&몽골","상관없음,더움,쌀쌀함","자연감상,기록,도전과성장","3성이하 호텔,4-5성급호텔,에어비엔비",오전 10시 이후,400만원 이상,"저는 국내 여행을 좋아하며, 자연 감상과 기록을 목적으로 계획적인 일정을 갖고 여행합니다. 예전에 체력적으로 힘든 경험을 하였기에 이번 여행에서는 잘 계획된 일정과 적절한 숙소 선택이 매우 중요합니다. 여행 중에는 새로운 사람들과의 경험보다 혼자서 차분히 기록할 수 있는 시간이 중요하며, 동행자는 수용적이고 리드하는 성향이 있으면 좋겠습니다. 이 번 여행에서 가장 기대하는 것은 새로운 자연을 감상하며 성취감을 느끼는 것이며, 이러한 경험이 제 삶에 있어 도전과 성장의 의미로 남길 바랍니다.","이 사용자는 국내 지역을 선호하고, 상관없음 기후를 피하고 싶어해요. 여행 목적은 기록이며, 3성이하 호텔에서 머무는 걸 좋아하고 오전 10시 이후쯤 기상하는 편이에요.",,
184,둔감,보통,보통,매우 정확,리드하는편,4,매우 민감,보통,국내,산,계획 여행,적당히 봄,코골이 안함,다른 곳 간다,"미국,일본,동남아","건조함,더움,쌀쌀함","액티비티,휴식,사람&관계","민박,4-5성급호텔,에어비엔비",오전 8-9시,300-400만원,"여행 중 최악의 경험은 일정이 틀어지는 경우인데, 시간 약속을 정확히 지키려는 저에게는 스트레스를 유발할 수 있어요. 이번 여행에서는 계획적으로 움직이며 액티비티를 충분히 즐기고 싶고, 쾌적한 4-5성급 호텔에 머무는 환경이 꼭 필요합니다. 같이 여행을 가고 싶은 사람은 일정에 유연하되 청결을 중시하며, 함께 리더십을 공유할 수 있는 사람이라면 좋겠습니다. 이번 여행에서 가장 기대하는 것은 새로운 사람들과의 관계 형성이라 생각되지만, 동시에 몸과 마음 둘 다 충분히 휴식할 수 있는 기회였으면 해요. 마지막으로, 이번 여행을 통해 삶에 잊지 못할 추억을 쌓고 미래의 새로운 여정을 위한 동기부여가 되었으면 합니다.","이 사용자는 동남아 지역을 선호하고, 쌀쌀함 기후를 피하고 싶어해요. 여행 목적은 액티비티이며, 4-5성급호텔에서 머무는 걸 좋아하고 오전 8-9시쯤 기상하는 편이에요.",,
185,보통,매우 완고,매우 적다,꽤 정확,보통,4,매우 둔감,보통,국내,산,즉흥 여행,무조건 다 봄,코골이 함,다른 곳 간다,"일본,세계일주,동남아","쌀쌀함,더움,상관없음","휴식,쇼핑,자연감상","3성이하 호텔,민박,콘도",오전 8-9시,100만원 이하,"여행 중 최악의 경험은 아마도 코골이 때문에 다른 사람들과의 불편함을 겪는 상황일 것입니다. 그렇기 때문에 이번 여행에서는 개인 공간이 있는 숙소가 꼭 필요합니다. 함께 여행을 가고 싶은 사람은 저처럼 말수가 적고, 자연 감상을 좋아하는 사람일 것입니다. 이번 여행에서 제가 가장 기대하는 것은 자연을 감상하는 것입니다. 이번 여행이 저에게 주는 의미는 일상에서 벗어나 자연 속에서 진정한 휴식을 취하는 데 있습니다.","이 사용자는 세계일주 지역을 선호하고, 상관없음 기후를 피하고 싶어해요. 여행 목적은 자연감상이며, 콘도에서 머무는 걸 좋아하고 오전 8-9시쯤 기상하는 편이에요.",,
186,매우 민감,수용적,매우 적다,종종 늦음,보통,1,둔감,꽤 빡빡하게,국내,산,계획 여행,적당히 봄,코골이 안함,다른 곳 간다,"유럽,세계일주,미국","상관없음,추움,쌀쌀함","문화&역사체험,기록,공연&경기관람","에어비엔비,민박,4-5성급호텔",오전 9-10시,300-400만원,"저는 여행 중 신나게 공연이나 경기를 보러 갔는데 갑자기 늦어서 낭패를 봤던 경험이 최악이었던 것 같아요. 이번 여행에서는 일정을 철저하게 계획해서 절대로 뭔가 놓치는 일이 없기를 바라며, 계획에 따라 움직일 수 있는 일정표와 지도는 꼭 필요합니다. 함께 여행을 간다면 말이 많지 않고 서로의 취향을 존중해주는 사람과 함께하고 싶고, 무엇보다 여행을 통해 현지 문화와 역사를 깊이 체험하는 것을 기대하고 있습니다. 이번 여행이 저에게 새로운 영감을 주고 일상의 반복에서 벗어나 훨씬 더 넓은 세상을 볼 수 있는 기회가 되었으면 합니다.","이 사용자는 유럽 지역을 선호하고, 상관없음 기후를 피하고 싶어해요. 여행 목적은 공연&경기관람이며, 4-5성급호텔에서 머무는 걸 좋아하고 오전 9-10시쯤 기상하는 편이에요.",,
187,보통,다소 완고,매우 많다,꽤 정확,따르는 편,2,꽤 민감,매우 여유있게,해외,바다,즉흥 여행,무조건 다 봄,코골이 함,기다림,"일본,국내,미국","상관없음,쌀쌀함,건조함","기록,도전과성장,휴식","게스트하우스,3성이하 호텔,민박",오전 8-9시,400만원 이상,"저는 일본 여행을 계획하고 있으며, 여행 중 최악의 경험은 추운 날씨를 맞이하는 것이라 이를 피하려 합니다. 즉흥적으로 떠나는 여행을 즐기기 때문에 랜드마크를 다 둘러볼 수 있는 시간을 여유롭게 가질 예정입니다. 함께 여행하고 싶은 사람은 제가 좋아하는 바다를 같이 즐기고 장시간 대기 상황에도 긍정적으로 대처할 수 있는 사람입니다. 이번 여행에서는 새로움과 도전으로 인해 얻어지는 성장을 기대하고 있으며, 이러한 경험을 통해 제 삶에 기록할 가치 있는 순간들을 만들고 싶습니다. 저는 숙소로는 부담 없는 가격의 게스트하우스를 선호하며, 이번 여행이 저에게는 일상에서 벗어나 휴식과 성장의 시간을 제공할 수 있었으면 합니다.","이 사용자는 일본 지역을 선호하고, 쌀쌀함 기후를 피하고 싶어해요. 여행 목적은 기록이며, 3성이하 호텔에서 머무는 걸 좋아하고 오전 8-9시쯤 기상하는 편이에요.",,
188,보통,다소 완고,보통,보통,따르는 편,4,꽤 민감,꽤 빡빡하게,해외,바다,계획 여행,적당히 봄,코골이 안함,기다림,"세계일주,미국,동남아","건조함,추움,습함","미식,쇼핑,액티비티","3성이하 호텔,펜션,4-5성급호텔",오전 10시 이후,400만원 이상,여행 중 최악의 경험은 건조하고 추운 기후에서의 불편함이었습니다. 이번 여행에서는 미식과 쇼핑이 꼭 포함되기를 바랍니다. 함께 여행하는 사람은 특히 청결에 신경 쓰고 계획적인 사람이라면 좋겠습니다. 이번 여행에서 가장 기대하는 것은 미국이나 동남아 지역에서의 맛있는 음식과 쇼핑입니다. 이번 여행이 제 삶에 의미있게 다가오기를 기대하며 더욱 다양한 문화를 이해하고 즐기는 시간이 되었으면 합니다.,"이 사용자는 미국 지역을 선호하고, 추움 기후를 피하고 싶어해요. 여행 목적은 쇼핑이며, 3성이하 호텔에서 머무는 걸 좋아하고 오전 10시 이후쯤 기상하는 편이에요.",,
189,꽤 민감,매우 수용적,많다,보통,리드하는편,2,둔감,꽤 빡빡하게,해외,산,계획 여행,적당히 봄,코골이 함,기다림,"동남아,미국,그 외","습함,상관없음,추움","기록,도전과성장,문화&역사체험","상관없음,게스트하우스,3성이하 호텔",오전 8-9시,200-300만원,"저는 여행 중에 습하고 불쾌한 기후를 겪었던 것이 최악의 경험 중 하나였습니다. 따라서 이번 여행에서는 날씨가 중요하며, 이에 대비해 계획적으로 준비하려 합니다. 동료 여행자는 의견을 잘 수용하고 소통이 원활한 사람이길 바라며, 함께 문화 및 역사 체험을 즐기고 싶습니다. 이번 여행에서 가장 기대하는 것은 새로운 문화와 역사를 직접 체험하고 기록하는 것입니다. 이 여행은 저에게 도전과 성장을 통해 삶에 새로운 의미를 부여하는 계기가 되기를 바랍니다.","이 사용자는 그 외 지역을 선호하고, 습함 기후를 피하고 싶어해요. 여행 목적은 문화&역사체험이며, 3성이하 호텔에서 머무는 걸 좋아하고 오전 8-9시쯤 기상하는 편이에요.",,
190,꽤 민감,매우 수용적,적다,꽤 정확,리드하는편,5,꽤 민감,꽤 여유있게,국내,바다,계획 여행,적당히 봄,코골이 안함,기다림,"동남아,일본,유럽","건조함,습함,상관없음","도전과성장,사람&관계,자연감상","3성이하 호텔,콘도,민박",오전 8-9시,300-400만원,"저는 여행 중에 가장 최악의 경험을 피하려고 노력하는데, 특히 불편한 숙소 상태에서 민감하게 반응할 것 같아요. 이번 여행에서는 자연을 감상하며 도전과 성장을 경험하는 것을 기대하고 있으며, 계획 여행을 통해 여유로운 일정을 보내고 싶습니다. 함께 여행하고 싶은 사람은 의견을 잘 수용하고, 저처럼 정확한 시간을 지키며 청결을 중요시하는 사람이면 좋겠어요. 또한, 여행에서는 활발하게 교류하며 다양한 사람들과 관계를 쌓고 싶습니다. 이번 여행이 제 삶에서 도전 정신을 키우고 성장할 수 있는 의미 있는 시간이 되기를 바랍니다.","이 사용자는 동남아 지역을 선호하고, 상관없음 기후를 피하고 싶어해요. 여행 목적은 도전과성장이며, 민박에서 머무는 걸 좋아하고 오전 8-9시쯤 기상하는 편이에요.",,
191,꽤 민감,수용적,매우 적다,꽤 정확,보통,4,매우 둔감,보통,해외,산,즉흥 여행,무조건 다 봄,코골이 안함,다른 곳 간다,"그 외,국내,일본","더움,건조함,상관없음","공연&경기관람,액티비티,도전과성장","상관없음,게스트하우스,에어비엔비",오전 9-10시,300-400만원,"저는 여행 중 건조하고 더운 날씨가 최악의 경험 중 하나로, 이를 피하려고 합니다. 이번 여행에서는 즉흥적인 일정이면서도 다채로운 공연과 활동들을 절대 놓치고 싶지 않습니다. 함께 여행하고 싶은 사람은 조용하고 민감하지 않으며 시간 약속을 잘 지키는 사람이면 좋겠습니다. 이번 여행에서 일본을 방문할 생각인데, 특히 도전과 성장을 통해 새로운 경험들을 쌓고자 합니다. 여행이 제 삶에 신선한 기운을 주고 자기발전을 이루는 의미 있는 시간이 되길 기대합니다.","이 사용자는 일본 지역을 선호하고, 건조함 기후를 피하고 싶어해요. 여행 목적은 도전과성장이며, 상관없음에서 머무는 걸 좋아하고 오전 9-10시쯤 기상하는 편이에요.",,
192,매우 둔감,수용적,매우 적다,꽤 정확,리드하는편,4,꽤 민감,꽤 빡빡하게,해외,산,즉흥 여행,적당히 봄,코골이 안함,기다림,"세계일주,동남아,유럽","습함,건조함,상관없음","도전과성장,쇼핑,공연&경기관람","4-5성급호텔,3성이하 호텔,펜션",오전 8-9시,300-400만원,"저는 여행 중 스스로 성장할 수 있는 도전적인 순간을 가장 기대합니다. 이번 여행에서 꼭 필요한 것은 체력적으로 빡빡한 일정을 소화할 수 있는 계획인데, 이를 통해 다양한 경험을 얻고 싶습니다. 혼자 있을 때는 침묵을 즐기지만, 함께 여행할 사람은 견해가 유연하고 기다림에 충분히 인내심이 있는 사람이라면 좋겠습니다. 과거 여행에서 최악의 경험은 습한 날씨에서 불편함을 느낀 것인데, 이를 피하고 상쾌한 날씨를 즐기고 싶습니다. 이 여행을 통해 자신에게 유의미한 성장을 느끼고 삶의 다양성을 더 깊이 이해하고 싶습니다.","이 사용자는 유럽 지역을 선호하고, 상관없음 기후를 피하고 싶어해요. 여행 목적은 도전과성장이며, 3성이하 호텔에서 머무는 걸 좋아하고 오전 8-9시쯤 기상하는 편이에요.",,
193,매우 민감,보통,매우 많다,꽤 정확,따르는 편,1,둔감,매우 빡빡하게,해외,바다,계획 여행,무조건 다 봄,코골이 안함,기다림,"미국,중국&몽골,일본","추움,더움,쌀쌀함","사람&관계,도전과성장,자연감상","펜션,에어비엔비,게스트하우스",오전 9-10시,400만원 이상,"저는 무엇보다 사람들과의 관계를 중요하게 생각해요. 그래서 이번 여행에서는 사람들과 함께 행복한 기억을 만들기 위해 신경을 많이 쓸 것 같아요. 하지만 과거 여행에서 계획했던 일정에 문제 생기거나, 날씨가 너무 덥거나 추워서 불편했던 경험이 기억에 남아 아쉬웠어요. 이번에도 일정은 매우 빡빡하게 계획할 예정이며, 필요한 준비물을 철저히 준비할 것입니다. 함께 여행하고 싶은 사람은 대화를 많이 하고, 시간을 잘 지키는 사람이면 좋겠어요. 미국, 중국, 몽골, 일본 등 해외여행에서 새로운 도전과 성장을 경험하고, 자연을 감상하며 제 삶에 새로운 의미를 더하고 싶습니다.","이 사용자는 일본 지역을 선호하고, 더움 기후를 피하고 싶어해요. 여행 목적은 사람&관계이며, 에어비엔비에서 머무는 걸 좋아하고 오전 9-10시쯤 기상하는 편이에요.",,
194,보통,매우 완고,적다,매우 정확,따르는 편,5,보통,보통,국내,산,계획 여행,적당히 봄,코골이 안함,다른 곳 간다,"동남아,일본,세계일주","습함,쌀쌀함,상관없음","도전과성장,미식,자연감상","에어비엔비,상관없음,3성이하 호텔",오전 9-10시,200-300만원,저는 여행 중 일정을 미리 계획하는 것을 중요시하기 때문에 웨이팅이나 예상치 못한 변경 사항은 최악의 경험으로 느껴질 수 있습니다. 이번 여행에서는 계획대로 움직일 수 있는 명확한 일정과 도전과 성장을 위한 경험을 꼭 포함하고 싶습니다. 함께 여행할 사람은 시간이 정확하고 저와 유사한 여행 스타일을 가진 사람이면 좋겠습니다. 이번 여행에서는 동남아나 일본의 자연을 감상하며 새로운 미식을 즐기는 것을 가장 기대하고 있습니다. 저는 이 여행이 새로운 경험을 통해 자기 발전에 기여하고 일상에 활력을 줄 수 있는 의미 있는 시간이 되기를 바랍니다.,"이 사용자는 세계일주 지역을 선호하고, 습함 기후를 피하고 싶어해요. 여행 목적은 도전과성장이며, 3성이하 호텔에서 머무는 걸 좋아하고 오전 9-10시쯤 기상하는 편이에요.",,
195,매우 둔감,다소 완고,매우 적다,보통,리드하는편,5,둔감,보통,해외,산,즉흥 여행,무조건 다 봄,코골이 함,다른 곳 간다,"동남아,국내,유럽","상관없음,더움,습함","액티비티,사람&관계,쇼핑","민박,4-5성급호텔,콘도",오전 8-9시,300-400만원,"여행 중 가장 안 좋았던 경험은 예상치 못한 더운 날씨에 직면했을 때였던 것 같아요. 이번 여행에서는 군더더기 없는 즉흥적인 일정과 충분한 액티비티 기회를 꼭 가지고 싶습니다. 함께 여행하고 싶은 사람은 말수가 적더라도, 제가 리더할 수 있게 잘 따라와 주는 사람입니다. 이번 여행에서는 다양한 사람들과의 만남과 쇼핑에 대한 기대가 큽니다. 이 여행이 제 삶에 새로운 활력을 주고, 사람들과의 관계를 더 깊이 이해할 수 있는 기회가 되었으면 합니다.","이 사용자는 동남아 지역을 선호하고, 더움 기후를 피하고 싶어해요. 여행 목적은 쇼핑이며, 민박에서 머무는 걸 좋아하고 오전 8-9시쯤 기상하는 편이에요.",,
196,매우 민감,다소 완고,매우 많다,종종 늦음,보통,2,둔감,꽤 빡빡하게,해외,바다,계획 여행,무조건 다 봄,코골이 안함,다른 곳 간다,"미국,일본,중국&몽골","더움,쌀쌀함,추움","액티비티,미식,공연&경기관람","4-5성급호텔,3성이하 호텔,콘도",오전 8-9시,300-400만원,"저는 이전 여행에서 최악의 경험은 더운 날씨를 만났을 때였고, 그래서 이번에는 쾌적한 기후에서 미식과 공연&경기관람을 즐기는 것을 기대하고 있어요. 이번 여행에서는 정해진 계획대로 활동하기 위해 잘 짜인 일정이 꼭 필요합니다. 여행 동반자는 수다스러워도 저와 의견이 잘 맞아서 즐겁게 대화할 수 있는 사람이었으면 좋겠어요. 다양한 액티비티를 통해 새로운 자극을 받고, 삶의 활력을 얻는 것이 이번 여행의 목적입니다. 아침 8-9시 사이에 일어나 4-5성급 호텔의 편안함을 누리며 새로운 경험을 쌓기를 기대합니다.","이 사용자는 일본 지역을 선호하고, 더움 기후를 피하고 싶어해요. 여행 목적은 미식이며, 4-5성급호텔에서 머무는 걸 좋아하고 오전 8-9시쯤 기상하는 편이에요.",,
197,둔감,매우 완고,매우 많다,종종 늦음,무조건 리드,3,꽤 민감,꽤 여유있게,국내,산,즉흥 여행,적당히 봄,코골이 함,다른 곳 간다,"동남아,세계일주,일본","추움,습함,상관없음","쇼핑,기록,공연&경기관람","3성이하 호텔,민박,펜션",오전 8-9시,400만원 이상,"저는 국내 산 여행을 주로 선호하며, 이번 여행에서는 예기치 못한 상황에서도 유연하게 대처할 수 있는 즉흥성이 중요한 것 같습니다. 특히 혼자서 기획하고 리드하는 것을 좋아해서, 의견이 잘 맞는 사람과 함께 가고 싶고, 청결한 민박에서 머무르는 것이 필수적입니다. 매일 오전 8-9시에 일어나 여유로운 일정을 즐기면서 기록을 남기고, 공연이나 경기를 관람하는 것이 기대됩니다. 최악의 경험은 약속 시간에 늦고, 그에 따라 계획이 틀어졌던 순간들이 있었는데, 이번에는 더 여유로운 일정으로 이를 방지하고 싶습니다. 무엇보다 여행은 새로운 시야를 열어주고, 앞으로의 삶에 대한 활력을 불어넣는 특별한 시간이 되길 바랍니다.","이 사용자는 동남아 지역을 선호하고, 습함 기후를 피하고 싶어해요. 여행 목적은 기록이며, 민박에서 머무는 걸 좋아하고 오전 8-9시쯤 기상하는 편이에요.",,
198,둔감,매우 완고,매우 많다,보통,따르는 편,4,매우 둔감,보통,해외,바다,계획 여행,무조건 다 봄,코골이 안함,다른 곳 간다,"국내,중국&몽골,그 외","상관없음,더움,쌀쌀함","도전과성장,쇼핑,자연감상","에어비엔비,게스트하우스,펜션",오전 9-10시,100만원 이하,"저는 여행 중 웨이팅이 길어지거나 기후가 상관없음 상태로 변동성이 있는 경우를 가장 싫어합니다. 이번 여행에서는 꼭 계획된 일정에 따라 모든 랜드마크를 보는 것이 중요하며, 특히 쇼핑과 자연감상 같은 활동을 통해 새로운 것에 도전하고 성장하고 싶습니다. 함께 여행을 가고 싶은 사람은 저처럼 의견이 확고하고 계획적인 사람이라면 좋겠습니다. 이번 여행에서 가장 기대하는 것은 바다의 풍경과 새로운 문화 체험이며, 이를 통해 제 삶에 긍정적이고 도전적인 의미를 부여하고 싶습니다. 에어비앤비나 게스트하우스에서 머무르며 오전 9-10시에 기상하는 일정을 통해 예산도 알뜰하게 활용할 계획입니다.","이 사용자는 국내 지역을 선호하고, 상관없음 기후를 피하고 싶어해요. 여행 목적은 자연감상이며, 게스트하우스에서 머무는 걸 좋아하고 오전 9-10시쯤 기상하는 편이에요.",,
199,꽤 민감,다소 완고,매우 적다,자주 늦음,리드하는편,5,둔감,꽤 여유있게,해외,산,즉흥 여행,무조건 다 봄,코골이 안함,기다림,"그 외,동남아,미국","습함,상관없음,쌀쌀함","사람&관계,미식,휴식","상관없음,게스트하우스,4-5성급호텔",오전 9-10시,100만원 이하,여행 중 최악의 경험은 일정에 늦어 중요한 랜드마크를 놓친 경우예요. 그래서 이번 여행에서는 필수적으로 여유 있는 일정이 필요해요. 함께 여행을 하고 싶은 사람은 새로운 사람과 관계를 맺을 수 있는 개방적인 사람이면 좋겠어요. 이번 여행에서 가장 기대하는 것은 마음 놓고 휴식하며 현지 음식을 맛보는 것입니다. 이 여행이 제 삶에 가져다 주었으면 하는 의미는 새로운 사람들과의 관계를 통해 다양한 시야를 넓히고 휴식을 통해 재충전하는 계기가 되는 것입니다.,"이 사용자는 미국 지역을 선호하고, 쌀쌀함 기후를 피하고 싶어해요. 여행 목적은 사람&관계이며, 4-5성급호텔에서 머무는 걸 좋아하고 오전 9-10시쯤 기상하는 편이에요.",,
200,꽤 민감,보통,적다,자주 늦음,보통,4,매우 둔감,매우 빡빡하게,국내,산,계획 여행,적당히 봄,코골이 안함,다른 곳 간다,"그 외,유럽,국내","건조함,습함,추움","공연&경기관람,도전과성장,휴식","4-5성급호텔,펜션,3성이하 호텔",오전 10시 이후,100만원 이하,"저는 여행 중에 일정이 빡빡하고 시간 약속을 잘 지키지 못할 때 최악의 경험으로 느낍니다. 이번 여행에서 꼭 필요한 것은 공연이나 경기를 관람할 수 있는 기회입니다. 함께 여행하고 싶은 사람은 말수가 적고 다양한 의견을 수용할 수 있는 사람이라면 좋겠어요. 이번 여행에서 가장 기대하는 것은 새로운 도전과 성장을 경험하는 것이고, 이를 통해 제 삶 속에 휴식과 재충전의 의미를 부여하고 싶습니다. 여행 시 유럽을 선호하며, 숙박은 편안한 3성급 이하의 호텔에서 휴식을 취하고 싶습니다.","이 사용자는 유럽 지역을 선호하고, 추움 기후를 피하고 싶어해요. 여행 목적은 휴식이며, 3성이하 호텔에서 머무는 걸 좋아하고 오전 10시 이후쯤 기상하는 편이에요.",,
201,꽤 민감,매우 완고,매우 적다,자주 늦음,보통,1,꽤 민감,보통,국내,산,즉흥 여행,무조건 다 봄,코골이 함,기다림,"세계일주,중국&몽골,동남아","추움,건조함,더움","문화&역사체험,미식,사람&관계","상관없음,게스트하우스,에어비엔비",오전 10시 이후,300-400만원,"여행 중 최악의 경험은 아마 더운 날씨 때문일 것입니다. 따라서 이번 여행에서는 적절한 날씨 조건이 중요한 요소입니다. 여행은 주로 즉흥적으로 계획하지만, 사람들과의 관계를 중요시하여 함께 여행할 사람으로는 인내심이 좋고, 편하게 소통할 수 있는 특징을 가진 사람을 선호합니다. 여행에서 가장 기대하는 것은 어떤 문화나 역사에 대한 새로운 체험과 맛있는 음식을 즐기는 것이며, 이는 제 삶에 다양한 경험과 새로운 시각을 제공하는 의미가 있습니다. 궁극적으로, 다양한 사람들과의 관계를 통해 제 생활에 활력을 불어넣고 싶습니다.","이 사용자는 세계일주 지역을 선호하고, 건조함 기후를 피하고 싶어해요. 여행 목적은 미식이며, 게스트하우스에서 머무는 걸 좋아하고 오전 10시 이후쯤 기상하는 편이에요.",,
202,매우 둔감,다소 완고,매우 많다,매우 정확,무조건 리드,4,꽤 민감,보통,해외,산,즉흥 여행,무조건 다 봄,코골이 함,다른 곳 간다,"그 외,동남아,세계일주","쌀쌀함,습함,상관없음","미식,도전과성장,사람&관계","에어비엔비,3성이하 호텔,4-5성급호텔",오전 9-10시,300-400만원,"저는 여행 중 예기치 못한 기후 변화가 최악의 경험이라고 생각하는데, 습하고 쌀쌀한 날씨를 피하고 싶습니다. 그래서 이번 여행에서는 꼭 4-5성급 호텔에서의 안락함이 필요합니다. 또한 유연하고 사교적인 사람이 함께 한다면 더없이 좋겠습니다. 이번 여행에서 도전과 성장을 통해 새로운 사람들과의 관계 형성을 기대하고 있으며, 이를 통해 제 삶에 긍정적이고 의미 있는 변화를 가져오길 바랍니다. 저는 항상 시간을 정확히 지키기 때문에 일정이 꼬이지 않고 모든 랜드마크를 방문하고 싶습니다.","이 사용자는 동남아 지역을 선호하고, 습함 기후를 피하고 싶어해요. 여행 목적은 도전과성장이며, 4-5성급호텔에서 머무는 걸 좋아하고 오전 9-10시쯤 기상하는 편이에요.",,
203,매우 둔감,매우 수용적,매우 많다,보통,무조건 리드,3,둔감,꽤 여유있게,해외,바다,즉흥 여행,무조건 다 봄,코골이 함,다른 곳 간다,"동남아,중국&몽골,세계일주","추움,건조함,더움","쇼핑,사람&관계,미식","민박,4-5성급호텔,콘도",오전 10시 이후,400만원 이상,"저는 여행 중 최악의 경험으로 추운 기후에서의 여행을 꼽고 싶은데, 날씨가 중요하다고 생각하기 때문에 즐거움이 반감된 적이 있었습니다. 그래서 이번 여행에서는 따뜻한 날씨와 바다를 느낄 수 있는 것이 필요합니다. 같이 여행하는 사람은 리드를 잘 받아들이고 의견을 조율할 수 있는 사람이면 좋겠고, 수다를 즐길 수 있는 친구라면 더욱 좋겠습니다. 이번 여행에서 가장 기대하는 것은 쇼핑과 다양한 사람들과의 관계 형성입니다. 이를 통해 제 삶에 새로운 활력을 불어넣고자 하며, 세계일주라는 큰 목표를 위한 작은 한 걸음으로 삼고 싶습니다.","이 사용자는 중국&몽골 지역을 선호하고, 추움 기후를 피하고 싶어해요. 여행 목적은 쇼핑이며, 콘도에서 머무는 걸 좋아하고 오전 10시 이후쯤 기상하는 편이에요.",,
204,매우 민감,수용적,많다,보통,보통,4,보통,매우 빡빡하게,해외,산,계획 여행,적당히 봄,코골이 함,기다림,"동남아,그 외,일본","습함,건조함,추움","액티비티,쇼핑,미식","콘도,에어비엔비,4-5성급호텔",오전 8-9시,300-400만원,저는 여행 중 습한 기후 때문에 불편함을 겪었던 것이 최악의 경험이었어요. 그래서 이번 여행에서는 쾌적한 기후가 꼭 필요하다고 생각합니다. 자주 의견 교환을 하고 계획적인 일정을 함께 소화할 수 있는 수용적인 성향의 동행자와 함께 여행하고 싶어요. 특히 이번 여행에서는 해외에서의 쇼핑과 미식을 가장 기대하고 있습니다. 이번 여행을 통해 새로운 문화 경험과 재미를 찾아 제 삶에 활력을 더하고 싶어요.,"이 사용자는 그 외 지역을 선호하고, 습함 기후를 피하고 싶어해요. 여행 목적은 쇼핑이며, 4-5성급호텔에서 머무는 걸 좋아하고 오전 8-9시쯤 기상하는 편이에요.",,
205,둔감,매우 수용적,매우 많다,매우 정확,따르는 편,5,매우 민감,꽤 여유있게,국내,산,즉흥 여행,적당히 봄,코골이 함,다른 곳 간다,"그 외,미국,중국&몽골","쌀쌀함,더움,습함","미식,기록,액티비티","콘도,에어비엔비,4-5성급호텔",오전 8-9시,100만원 이하,"여행 중 최악의 경험은 습하고 불쾌한 기후에 시달리는 것이라고 생각하며, 이를 피하기 위해 쾌적한 숙소와 일정을 중요하게 여깁니다. 이번 여행에서는 기록을 위한 장비와 깨끗한 환경이 꼭 필요하며, 함께 여행할 사람은 수용적이고 청결한 성향을 가진 사람을 선호합니다. 가장 기대하는 것은 매일 새로운 음식을 경험하고 여유로운 일정을 즐기는 것이며, 이러한 경험이 일상에서 벗어나 삶을 풍요롭게 하는 의미를 갖길 바랍니다. 또한, 정확한 시간 약속과 여유로운 일정으로 계획보다는 즉흥적인 순간을 만들며, 특히 중국과 몽골처럼 기후가 쾌적한 지역을 여행하고 싶어합니다.","이 사용자는 중국&몽골 지역을 선호하고, 습함 기후를 피하고 싶어해요. 여행 목적은 기록이며, 4-5성급호텔에서 머무는 걸 좋아하고 오전 8-9시쯤 기상하는 편이에요.",,
206,매우 둔감,매우 완고,적다,보통,따르는 편,4,둔감,꽤 빡빡하게,해외,바다,계획 여행,무조건 다 봄,코골이 함,기다림,"일본,중국&몽골,유럽","쌀쌀함,추움,습함","공연&경기관람,문화&역사체험,휴식","민박,게스트하우스,에어비엔비",오전 8-9시,400만원 이상,"저는 유럽 여행을 계획하며, 이 여행에서 가장 기대하는 것은 공연과 경기 관람 및 문화와 역사 체험입니다. 이번 여행이 삶에 있어서 새로운 문화적 경험과 지식을 더해줄 수 있기를 희망합니다. 여행 중 최악의 경험은 아마도 쌀쌀하거나 습한 날씨일 것 같아 그런 곳은 피하고 싶습니다. 그래서 따뜻한 날씨를 즐길 수 있도록 철저히 계획된 빡빡한 일정을 선호하지만, 같이 여행을 가고 싶은 사람은 저와 같이 계획을 잘 따를 수 있는 사람이어야 합니다. 특히 민박이나 에어비앤비와 같은 숙소에서 머무르며 현지에서의 따뜻한 일상도 경험하고 싶습니다. 이번 여행에서 절대 놓치고 싶지 않은 것은 다양한 장소의 랜드마크를 방문하는 것입니다.","이 사용자는 유럽 지역을 선호하고, 쌀쌀함 기후를 피하고 싶어해요. 여행 목적은 공연&경기관람이며, 민박에서 머무는 걸 좋아하고 오전 8-9시쯤 기상하는 편이에요.",,
207,둔감,매우 완고,적다,종종 늦음,따르는 편,1,매우 둔감,꽤 빡빡하게,국내,산,계획 여행,무조건 다 봄,코골이 안함,다른 곳 간다,"미국,국내,동남아","쌀쌀함,건조함,습함","휴식,액티비티,기록","콘도,4-5성급호텔,펜션",오전 9-10시,100만원 이하,"저는 여행 중에 다른 곳에 가서 대기 시간이 거의 없기를 바랍니다. 예전에 기후가 습하거나 숙소가 청결하지 않아 불편했던 경험이 최악으로 남아 있습니다. 그래서 이번 여행에서는 편안한 콘도 숙소에서 아침에 느긋하게 일어나 휴식을 즐기는 것이 꼭 필요합니다. 말수가 적고 저와 비슷한 여행 스타일을 가진 사람과 여행을 간다면 이상적일 것 같습니다. 이번 여행을 통해 일상에서 벗어나 새로운 활력을 찾고 싶고, 산을 오르거나 다양한 액티비티를 경험하면서 기록을 남기기를 기대합니다. 이 여행이 저에게 휴식과 재충전의 시간을 제공했으면 합니다.","이 사용자는 미국 지역을 선호하고, 습함 기후를 피하고 싶어해요. 여행 목적은 휴식이며, 콘도에서 머무는 걸 좋아하고 오전 9-10시쯤 기상하는 편이에요.",,
208,매우 민감,매우 완고,많다,매우 정확,보통,4,매우 민감,꽤 빡빡하게,국내,산,계획 여행,적당히 봄,코골이 안함,다른 곳 간다,"일본,미국,유럽","상관없음,더움,건조함","자연감상,문화&역사체험,쇼핑","콘도,펜션,3성이하 호텔",오전 9-10시,300-400만원,"여행 중 최악의 경험은 아마도 불편한 숙소와 예측하기 힘든 일정이 아닐까 싶습니다. 이번 여행에서는 철저히 계획된 일정이 반드시 필요하다고 생각해요. 같이 여행을 갈 사람은 시간 약속을 잘 지키고, 청결에 민감하며 대화가 잘 통하는 사람이었으면 좋겠어요. 이번 여행에서는 자연 감상과 문화 체험이 가장 기대되며, 쇼핑도 빠질 수 없는 요소입니다. 이번 여행이 저에게 새로운 문화와 역사를 체험하는 기회가 되고, 제 삶에 더 많은 영감을 주었으면 합니다.","이 사용자는 유럽 지역을 선호하고, 더움 기후를 피하고 싶어해요. 여행 목적은 쇼핑이며, 펜션에서 머무는 걸 좋아하고 오전 9-10시쯤 기상하는 편이에요.",,
209,매우 민감,보통,많다,종종 늦음,따르는 편,3,둔감,꽤 빡빡하게,해외,바다,계획 여행,적당히 봄,코골이 안함,기다림,"유럽,국내,중국&몽골","건조함,습함,추움","공연&경기관람,도전과성장,쇼핑","상관없음,민박,콘도",오전 9-10시,400만원 이상,"여행 중 가장 최악의 경험은 아마도 예기치 않은 기후나 계획대로 진행되지 않는 상황일 것 같아요. 그래서 이번 여행에는 철저한 계획이 필요하며 이를 위해 다양한 활동을 준비하는 것이 필수적입니다. 함께 여행하고 싶은 사람은 계획을 잘 따르고 대화를 많이 할 수 있는 사람일 것입니다. 이번 여행에서 가장 기대하는 것은 새로운 문화와 공연이나 경기를 경험하며 개인적으로 성장하는 것이며, 특히 유럽의 독특한 장소를 방문하는 것을 기대하고 있습니다. 여행이 제 삶에 가져다줬으면 하는 의미는 도전과 성장을 통해 새로운 자신을 발견하고, 일상의 피로를 잊고 활력을 되찾는 것입니다.","이 사용자는 유럽 지역을 선호하고, 습함 기후를 피하고 싶어해요. 여행 목적은 도전과성장이며, 콘도에서 머무는 걸 좋아하고 오전 9-10시쯤 기상하는 편이에요.",,
210,매우 민감,매우 수용적,매우 많다,꽤 정확,무조건 따름,1,보통,매우 여유있게,국내,산,계획 여행,무조건 다 봄,코골이 안함,다른 곳 간다,"일본,그 외,세계일주","추움,습함,건조함","사람&관계,공연&경기관람,쇼핑","펜션,상관없음,민박",오전 10시 이후,300-400만원,"저는 사람들과의 관계를 중요시하고 다양한 공연이나 경기를 관람하며 쇼핑을 즐기는 여행을 선호합니다. 일본 지역을 좋아하고, 여행 중 추운 날씨는 피하고 싶습니다. 여행은 여유롭게 계획하고, 오전 10시 이후 늦게 일어나는 스타일이라 이러한 일정이 가능한 여행을 기대합니다. 유쾌하게 대화가 가능한 분들과 동행하며 재미있는 시간을 보내고 싶습니다. 이번 여행이 제 삶의 새로운 에너지를 주고, 사람들과의 깊은 유대를 형성하는 의미 있는 시간이 되길 바랍니다. 다만, 사람이 너무 많은 곳이나 대기 시간이 긴 곳은 피하고 싶고, 펜션 같은 숙소에서 편하게 쉼을 취하는 것을 중요하게 여기고 있습니다.","이 사용자는 일본 지역을 선호하고, 추움 기후를 피하고 싶어해요. 여행 목적은 사람&관계이며, 펜션에서 머무는 걸 좋아하고 오전 10시 이후쯤 기상하는 편이에요.",,
211,둔감,매우 완고,많다,꽤 정확,보통,2,매우 민감,매우 빡빡하게,해외,바다,계획 여행,적당히 봄,코골이 함,기다림,"그 외,동남아,국내","건조함,더움,습함","기록,휴식,쇼핑","4-5성급호텔,상관없음,3성이하 호텔",오전 9-10시,400만원 이상,"저는 여행 중에 더운 기후를 매우 싫어해서 동남아 여행 시에는 이런 기후를 피해야 하는데, 날씨 때문에 최악의 경험을 하는 것을 피하고 싶습니다. 이번 여행에서는 청결하고 편안한 4-5성급 호텔에서 머무르며 충분한 휴식을 취하고, 기록과 쇼핑을 즐기며 풍부한 경험을 곁들이고 싶습니다. 함께 여행하고 싶은 사람은 계획적이고 시간 약속을 잘 지키면서도 유쾌하게 대화를 이어갈 수 있는 사람이면 좋겠습니다. 이번 여행에서 가장 기대하는 것은 휴양지에서의 여유로운 휴식과 다양한 쇼핑 기회입니다. 이번 여행이 저에게 새로운 기록을 쌓고 삶의 질을 높이는 계기가 되기를 바랍니다.","이 사용자는 동남아 지역을 선호하고, 더움 기후를 피하고 싶어해요. 여행 목적은 쇼핑이며, 4-5성급호텔에서 머무는 걸 좋아하고 오전 9-10시쯤 기상하는 편이에요.",,
212,매우 민감,보통,보통,자주 늦음,무조건 따름,2,둔감,매우 여유있게,해외,산,계획 여행,무조건 다 봄,코골이 함,기다림,"국내,중국&몽골,동남아","상관없음,추움,쌀쌀함","도전과성장,자연감상,쇼핑","콘도,에어비엔비,민박",오전 8-9시,200-300만원,"저는 여행 중에 기후가 쌀쌀하면 불편함을 느낄 수 있어요. 이번 여행에서는 예산 내에서 숙소에 콘도나 에어비앤비, 민박 같은 편안한 공간이 꼭 필요하고, 고요하게 자연을 감상할 수 있는 곳을 기대하고 있어요. 쇼핑을 좋아하기 때문에 목적지에는 쇼핑할 곳이 풍부했으면 합니다. 함께 여행하고 싶은 사람은 제가 계획한 여행을 잘 따르고, 저의 느린 여행 속도에 여유롭게 맞춰줄 수 있는 이였으면 좋겠어요. 이번 여행을 통해 새로운 도전과 성장을 추구하며, 일상에서 벗어나 다시 활력을 찾고 싶습니다.","이 사용자는 국내 지역을 선호하고, 상관없음 기후를 피하고 싶어해요. 여행 목적은 쇼핑이며, 민박에서 머무는 걸 좋아하고 오전 8-9시쯤 기상하는 편이에요.",,
213,보통,수용적,매우 많다,매우 정확,따르는 편,4,꽤 민감,보통,국내,산,즉흥 여행,무조건 다 봄,코골이 함,다른 곳 간다,"그 외,동남아,중국&몽골","건조함,쌀쌀함,더움","휴식,미식,쇼핑","에어비엔비,게스트하우스,상관없음",오전 8-9시,300-400만원,"저는 여행 중 쌀쌀한 기후나 더운 날씨로 인한 불편함을 최악의 경험으로 꼽으며, 여행을 계획할 때 이를 피하기 위해 노력합니다. 그래서 이번 여행에서는 미식을 즐기면서 다양한 랜드마크를 다 볼 수 있는 기회를 가지는 것이 중요합니다. 함께 여행할 사람들은 의견이 수용적이고 정확한 시간 감각을 가진 사람들이면 좋겠으며, 그들과 동남아 같은 따뜻한 지역을 탐방할 계획입니다. 이번 여행에서 가장 기대되는 것은 이국적인 음식과 쇼핑을 통해 새로운 문화에 대한 이해를 넓히고, 한편으로는 일상에서 벗어난 진정한 휴식을 찾는 것입니다. 이러한 경험이 저의 삶에 활력을 주고 스트레스를 해소하는 의미 있는 시간이 되기를 바랍니다.","이 사용자는 동남아 지역을 선호하고, 쌀쌀함 기후를 피하고 싶어해요. 여행 목적은 미식이며, 게스트하우스에서 머무는 걸 좋아하고 오전 8-9시쯤 기상하는 편이에요.",,
214,매우 민감,다소 완고,많다,매우 정확,리드하는편,1,매우 민감,보통,국내,바다,즉흥 여행,적당히 봄,코골이 안함,다른 곳 간다,"국내,미국,중국&몽골","쌀쌀함,건조함,습함","기록,공연&경기관람,문화&역사체험","에어비엔비,펜션,4-5성급호텔",오전 8-9시,100만원 이하,"저는 여행 중 기분이 좋지 않은 쌀쌀하거나 습한 기후를 피하기 위해 국내 여행을 선호합니다. 이전에 놓친 공연이나 경기를 못 본 경험이 최악이었기에 이번에는 문화와 역사 체험이 가능한 일정에서 큰 기대를 걸고 있어요. 섬세한 감각과 소통이 중요한 저에게, 같이 여행할 사람은 저의 계획적인 면과 즉흥적 성격을 잘 이해해 줄 수 있는 사람이면 좋겠습니다. 아침 일찍 일어나면서도 에어비엔비 같은 편안한 숙소에 머물며 느긋한 일정을 즐길 계획입니다. 이번 여행이 저에게는 단순한 휴식이나 최고 경험의 기록 이상으로 다가오기를 바라며, 안정적이고 인상 깊은 시간을 기대하고 있습니다.","이 사용자는 국내 지역을 선호하고, 쌀쌀함 기후를 피하고 싶어해요. 여행 목적은 문화&역사체험이며, 에어비엔비에서 머무는 걸 좋아하고 오전 8-9시쯤 기상하는 편이에요.",,
215,보통,보통,매우 많다,꽤 정확,따르는 편,1,매우 둔감,꽤 빡빡하게,해외,산,즉흥 여행,적당히 봄,코골이 함,다른 곳 간다,"일본,국내,중국&몽골","추움,상관없음,더움","도전과성장,미식,사람&관계","에어비엔비,콘도,민박",오전 10시 이후,300-400만원,"저는 여행 중 추운 날씨를 피하지 못한 경험이 최악이었어요, 그래서 이번에는 더운 기후를 피할 계획입니다. 이번 여행에서는 고유한 미식 체험을 꼭 하고 싶어요, 이는 사람들과의 관계를 통해 더욱 특별한 추억을 만들 수 있다고 생각합니다. 함께 여행을 가고 싶은 사람은 자유롭게 대화가 가능하고 즉흥적인 계획에도 잘 어울리는 사람입니다. 이번 여행에서 가장 기대하는 것은 일본의 문화와 사람들을 체험함으로써 성장을 이루는 것이고, 이는 제 삶에 새로운 도전과 관계를 통해 더 깊이 있는 성장을 가져오기를 바랍니다.","이 사용자는 일본 지역을 선호하고, 더움 기후를 피하고 싶어해요. 여행 목적은 사람&관계이며, 콘도에서 머무는 걸 좋아하고 오전 10시 이후쯤 기상하는 편이에요.",,
216,꽤 민감,보통,적다,꽤 정확,보통,5,매우 민감,보통,국내,산,계획 여행,무조건 다 봄,코골이 안함,다른 곳 간다,"동남아,미국,그 외","상관없음,추움,습함","공연&경기관람,도전과성장,사람&관계","콘도,4-5성급호텔,게스트하우스",오전 9-10시,400만원 이상,"여행 중 최악의 경험은 아마도 사람들과의 불편한 소통이나 청결하지 않은 환경일 것입니다. 이번 여행에서 꼭 필요한 것은 경기를 관람할 기회와 적절히 계획된 일정입니다. 같이 여행하고 싶은 사람은 서로 이해할 수 있고, 시간 약속을 잘 지키며, 청결에 민감한 성격이면 좋겠습니다. 이번 여행에서 가장 기대하는 것은 공연과 경기를 관람하며 새로운 인연을 만들고, 스스로의 성장을 느끼는 것입니다. 이 여행이 제 삶에서 도전과 성장을 통해 긍정적인 변화를 일으키는 계기가 되었으면 합니다.","이 사용자는 미국 지역을 선호하고, 추움 기후를 피하고 싶어해요. 여행 목적은 공연&경기관람이며, 콘도에서 머무는 걸 좋아하고 오전 9-10시쯤 기상하는 편이에요.",,
217,둔감,매우 수용적,매우 많다,매우 정확,보통,1,보통,꽤 빡빡하게,국내,바다,계획 여행,무조건 다 봄,코골이 안함,다른 곳 간다,"국내,유럽,세계일주","건조함,상관없음,더움","미식,사람&관계,자연감상","콘도,3성이하 호텔,민박",오전 10시 이후,300-400만원,"저는 여행 중 최악의 경험으로 일정이 계획대로 진행되지 않을 때를 꼽을 수 있습니다. 그래서 이번 여행에서는 특히 계획대로 잘 진행되는 것이 가장 중요하고, 모든 랜드마크를 빠짐없이 보고 싶습니다. 함께 여행하고 싶은 사람은 말수가 적지 않고 시간 약속을 잘 지키는 사람으로, 여행 일정에 잘 협조해주기를 바라는 편입니다. 이번 여행에서 가장 기대하는 것은 새로운 사람들과의 만남이며, 이를 통해 좋은 관계를 쌓는 것입니다. 여행이 제 삶에 좋은 영향을 미쳐 새로운 인연과 소중한 추억을 만들어 주었으면 합니다.","이 사용자는 유럽 지역을 선호하고, 상관없음 기후를 피하고 싶어해요. 여행 목적은 사람&관계이며, 민박에서 머무는 걸 좋아하고 오전 10시 이후쯤 기상하는 편이에요.",,
218,둔감,매우 완고,적다,보통,리드하는편,5,둔감,매우 빡빡하게,국내,바다,계획 여행,무조건 다 봄,코골이 함,기다림,"미국,국내,일본","상관없음,건조함,더움","문화&역사체험,쇼핑,사람&관계","콘도,4-5성급호텔,민박",오전 8-9시,200-300만원,"저는 국내 여행을 선호하며, 특히 사람들과의 관계를 중시합니다. 여행 중 최악의 경험은 빡빡한 일정 때문에 예상치 못한 상황을 맞닥뜨릴 때입니다. 이번 여행에서 꼭 필요한 것은 철저한 일정 계획입니다. 같이 여행하고 싶은 사람은 저의 리더십에 잘 따라와 주고, 저와 함께 문화와 역사를 즐길 수 있는 사람입니다. 이번 여행에서 가장 기대하는 것은 새로운 문화와 역사를 체험하는 것이며, 이를 통해 제 삶에 새로운 의미와 사람들과의 깊은 관계를 발전시키고 싶습니다.","이 사용자는 국내 지역을 선호하고, 더움 기후를 피하고 싶어해요. 여행 목적은 사람&관계이며, 민박에서 머무는 걸 좋아하고 오전 8-9시쯤 기상하는 편이에요.",,
219,꽤 민감,매우 수용적,매우 적다,보통,따르는 편,5,매우 민감,보통,해외,산,계획 여행,적당히 봄,코골이 안함,다른 곳 간다,"동남아,국내,미국","습함,상관없음,건조함","쇼핑,사람&관계,액티비티","게스트하우스,3성이하 호텔,4-5성급호텔",오전 10시 이후,400만원 이상,"저는 여행 중 습한 기후를 피하고 싶어서, 여행지가 저의 체력과 청결 민감도를 잘 맞춰주는 것이 중요하다고 생각합니다. 이번 여행에서는 정해진 계획을 따라 움직이는 것을 선호하지만, 가벼운 액티비티와 쇼핑을 통해 사람들과의 새로운 관계를 형성하는 것을 가장 기대하고 있어요. 그래서 말수가 적은 저를 이해하고 함께 일정에 따를 수 있는 사람과 동행하는 걸 선호하죠. 과거 여행에서 기상시간 때문에 계획이 미뤄져 스케줄이 뒤죽박죽 되었던 점을 최악의 경험으로 꼽을 수 있겠습니다. 이번 여행은 제 삶에 있어 새로운 사람들을 만나고 교류하면서 소중한 인연을 쌓는 의미 있는 시간이 되었으면 합니다.","이 사용자는 국내 지역을 선호하고, 상관없음 기후를 피하고 싶어해요. 여행 목적은 사람&관계이며, 3성이하 호텔에서 머무는 걸 좋아하고 오전 10시 이후쯤 기상하는 편이에요.",,
220,꽤 민감,매우 수용적,보통,꽤 정확,따르는 편,1,꽤 민감,꽤 여유있게,해외,산,즉흥 여행,무조건 다 봄,코골이 함,기다림,"그 외,중국&몽골,일본","상관없음,습함,쌀쌀함","문화&역사체험,기록,액티비티","에어비엔비,펜션,게스트하우스",오전 8-9시,300-400만원,"저는 이전 여행 중 예민한 체질 때문에 계획이 틀어졌던 경험이 최악이었어요. 그래서 이번 여행에서는 충분한 여유 시간이 무엇보다 중요합니다. 함께 여행하고 싶은 사람은 의견을 잘 수용하고 약속을 잘 지키는, 저와 비슷한 스타일이었으면 좋겠습니다. 이번 여행에서는 다양한 문화와 역사를 체험하고 새로운 기록을 남기는 것에 가장 기대하고 있습니다. 삶에 있어서는 이번 여행이 특별한 추억으로 남길 바라며, 제 일상에 소중한 의미를 더해주길 바랍니다.","이 사용자는 그 외 지역을 선호하고, 쌀쌀함 기후를 피하고 싶어해요. 여행 목적은 기록이며, 에어비엔비에서 머무는 걸 좋아하고 오전 8-9시쯤 기상하는 편이에요.",,
221,매우 민감,수용적,매우 많다,자주 늦음,보통,2,보통,매우 빡빡하게,국내,산,계획 여행,적당히 봄,코골이 안함,기다림,"유럽,그 외,중국&몽골","상관없음,더움,추움","휴식,미식,도전과성장","3성이하 호텔,콘도,상관없음",오전 9-10시,300-400만원,"저는 여행 중 가장 최악의 경험으로는 계획한 일정에 지각했을 때와 체력적인 한계를 느낀 순간들이 떠오릅니다. 그래서 이번 여행에서는 철저한 계획과 함께 적절한 휴식을 취할 수 있는 여유를 원합니다. 함께 여행할 사람은 대화를 많이 나눌 수 있고 다양한 의견을 조화롭게 수용할 수 있는 사람이라면 좋겠습니다. 이번 여행에서는 유럽을 탐방하며 미식을 경험하고 도전과 성장을 기대하고 있으며, 전체적으로 일상에서 벗어나 즐길 수 있는 휴식으로 의미 있는 시간을 보내고 싶습니다. 여행을 통해 새로운 경험을 쌓고, 삶에 활력을 더하는 시간으로 삼고자 합니다.","이 사용자는 그 외 지역을 선호하고, 추움 기후를 피하고 싶어해요. 여행 목적은 휴식이며, 콘도에서 머무는 걸 좋아하고 오전 9-10시쯤 기상하는 편이에요.",,
222,보통,보통,매우 많다,자주 늦음,리드하는편,1,매우 둔감,매우 빡빡하게,국내,산,계획 여행,적당히 봄,코골이 함,기다림,"일본,유럽,동남아","추움,습함,건조함","휴식,액티비티,문화&역사체험","민박,3성이하 호텔,콘도",오전 10시 이후,200-300만원,"저는 추운 기후를 피하고 싶어하기 때문에 따뜻한 동남아 지역을 좋아하며, 이번 여행도 그 지역에서 휴식과 액티비티를 즐기고 싶습니다. 여행 중 최악의 경험은 빡빡한 일정 때문에 체력적으로 힘들었던 기억으로, 이를 최소화하기 위해 충분히 계획을 세웁니다. 이번 여행에 기대하는 것은 문화와 역사 체험을 통해 새로운 시각을 얻는 것이며, 아침에 일찍 일어나지 않는 여유로움을 기대합니다. 함께 여행할 사람은 말이 많고, 제가 리드할 수 있는 동적이면서도 유쾌한 성격을 가진 사람이면 좋겠어요. 이번 여행이 제 삶에 의미 있는 변화를 가져와 휴식과 리프레시의 기회를 제공하길 바랍니다.","이 사용자는 동남아 지역을 선호하고, 추움 기후를 피하고 싶어해요. 여행 목적은 액티비티이며, 민박에서 머무는 걸 좋아하고 오전 10시 이후쯤 기상하는 편이에요.",,
223,꽤 민감,매우 수용적,매우 많다,자주 늦음,무조건 리드,5,둔감,매우 여유있게,국내,산,계획 여행,무조건 다 봄,코골이 안함,기다림,"유럽,중국&몽골,국내","습함,상관없음,쌀쌀함","공연&경기관람,쇼핑,액티비티","민박,게스트하우스,4-5성급호텔",오전 10시 이후,300-400만원,"저는 여행할 때 여유로운 일정을 선호하고, 계획을 세워 모든 랜드마크를 방문하며 풍부한 체험을 하는 것을 좋아합니다. 과거 여행에서 최악의 경험은 무더운 날씨가 갑자기 습해지는 상황이었고, 이번 여행에서는 그런 기후를 피하고 싶은 마음이 큽니다. 함께 여행할 사람으로는 대화를 많이 할 수 있고, 의견을 잘 수용해 주며 여유롭게 일정을 즐길 수 있는 사람을 원합니다. 또한, 공연이나 쇼핑 같은 액티비티를 통해 색다른 경험을 하는 것을 가장 기대하며, 이번 여행이 제 삶에 활력을 주고 새로운 시야를 넓히는 계기가 되길 바랍니다. 숙박은 4-5성급 호텔을 선호하며 예산도 이를 고려해 충분히 준비되어 있습니다.","이 사용자는 중국&몽골 지역을 선호하고, 습함 기후를 피하고 싶어해요. 여행 목적은 쇼핑이며, 4-5성급호텔에서 머무는 걸 좋아하고 오전 10시 이후쯤 기상하는 편이에요.",,
224,보통,매우 완고,적다,종종 늦음,무조건 리드,3,매우 민감,꽤 여유있게,국내,바다,계획 여행,무조건 다 봄,코골이 안함,다른 곳 간다,"세계일주,일본,중국&몽골","쌀쌀함,습함,상관없음","사람&관계,액티비티,도전과성장","3성이하 호텔,민박,4-5성급호텔",오전 9-10시,100만원 이하,"여행 중 최악의 경험은 아마도 청결 문제가 있는 숙소에서의 지내는 것이었습니다. 그래서 이번 여행에서는 깨끗한 숙소가 꼭 필요합니다. 함께 여행하고 싶은 사람은 리더십을 인정해주고, 저의 여유로운 일정 계획을 따를 수 있는 사람이면 좋겠습니다. 이번 여행에서는 새로운 도전과 성장을 통해 인간관계의 발전을 기대하고 있습니다. 이 여행이 나의 삶에는 중요한 도전과 성취감을 제공해 주길 바라며, 제한된 예산으로도 최대한 즐겁게 보내고 싶습니다.","이 사용자는 세계일주 지역을 선호하고, 상관없음 기후를 피하고 싶어해요. 여행 목적은 도전과성장이며, 3성이하 호텔에서 머무는 걸 좋아하고 오전 9-10시쯤 기상하는 편이에요.",,
225,보통,매우 수용적,많다,보통,따르는 편,2,매우 둔감,꽤 여유있게,국내,산,계획 여행,적당히 봄,코골이 함,기다림,"미국,중국&몽골,그 외","추움,더움,건조함","문화&역사체험,자연감상,쇼핑","펜션,민박,콘도",오전 8-9시,100만원 이하,"저는 여행 중 최악의 경험으로 불편한 날씨를 들 수 있는데, 특히 더운 기후를 피하고 싶어합니다. 이번 여행에서는 계획적으로 문화와 역사를 체험할 수 있는 일정이 반드시 포함되었으면 좋겠고, 이런 측면에서 중국이나 몽골 지역이 적합할 것 같습니다. 함께 여행하고 싶은 사람은 저와 비슷하게 의견을 잘 수용하고 대화를 많이 나눌 수 있는 사람일 것입니다. 저는 이번 여행을 통해 자연을 감상하고 쇼핑도 즐기며 마음의 여유를 찾고자 기대하고 있습니다. 이러한 경험이 제 삶에 새로운 의미를 부여하고 일상에서 벗어나 좀 더 여유로운 시간을 선사해 주었으면 합니다.","이 사용자는 중국&몽골 지역을 선호하고, 더움 기후를 피하고 싶어해요. 여행 목적은 문화&역사체험이며, 콘도에서 머무는 걸 좋아하고 오전 8-9시쯤 기상하는 편이에요.",,
226,매우 민감,다소 완고,매우 적다,자주 늦음,무조건 따름,5,보통,꽤 빡빡하게,국내,바다,즉흥 여행,적당히 봄,코골이 안함,기다림,"국내,그 외,동남아","추움,건조함,습함","기록,액티비티,휴식","3성이하 호텔,콘도,펜션",오전 8-9시,200-300만원,저는 여행 중에 시간 약속을 지키기 어려워 종종 난처한 상황에 놓였던 경험이 최악으로 기억됩니다. 이번 여행에서는 기록을 남길 수 있는 도구가 꼭 필요합니다. 함께 여행할 사람은 제가 예민하고 완고한 성향을 이해해주고 바다 근처로 즉흥적으로 떠나는 여행을 즐길 수 있는 사람이라면 좋겠습니다. 이번 여행에서 가장 기대하는 것은 액티비티와 함께하는 휴식입니다. 이 여행을 통해 일상에서의 스트레스를 줄이고 나만의 기록을 쌓아가는 의미 있는 시간이 되었으면 합니다.,"이 사용자는 그 외 지역을 선호하고, 추움 기후를 피하고 싶어해요. 여행 목적은 기록이며, 펜션에서 머무는 걸 좋아하고 오전 8-9시쯤 기상하는 편이에요.",,
227,매우 둔감,수용적,많다,자주 늦음,무조건 리드,1,보통,매우 빡빡하게,국내,산,즉흥 여행,무조건 다 봄,코골이 안함,다른 곳 간다,"미국,중국&몽골,일본","추움,상관없음,습함","미식,쇼핑,자연감상","4-5성급호텔,3성이하 호텔,상관없음",오전 8-9시,400만원 이상,"여행에서 최악의 경험은 제한된 일정에도 불구하고 장소를 발견하지 못했을 때입니다. 이번 여행에서는 자연 감상을 위주로 미국의 장소를 차근차근 탐험하기 위해 체력이 필요한 만큼, 좋은 컨디션을 유지할 수 있는 편안한 호텔이 꼭 필요합니다. 함께 여행할 사람은 유연하면서도 의견을 잘 받아들이고 저와 비슷하게 계획보다는 즉흥적으로 즐길 수 있는 사람이면 좋겠습니다. 이번 여행에서 가장 기대하는 것은 다양한 미국의 자연을 감상하며 새로운 영감을 얻는 것입니다. 이러한 여행이 단순한 휴식 이상의 의미를 가져, 일상에서 벗어나 새로운 시각을 갖게 하는 좋은 기회가 되기를 바랍니다.","이 사용자는 미국 지역을 선호하고, 습함 기후를 피하고 싶어해요. 여행 목적은 자연감상이며, 4-5성급호텔에서 머무는 걸 좋아하고 오전 8-9시쯤 기상하는 편이에요.",,
228,매우 둔감,수용적,보통,꽤 정확,무조건 리드,2,매우 민감,꽤 여유있게,국내,산,계획 여행,무조건 다 봄,코골이 안함,기다림,"유럽,국내,세계일주","쌀쌀함,상관없음,건조함","공연&경기관람,문화&역사체험,쇼핑","게스트하우스,3성이하 호텔,에어비엔비",오전 9-10시,100만원 이하,"저는 여행 중에는 계획적으로 랜드마크를 돌아다니는 것을 좋아하지만, 일정 강도를 꽤 여유 있게 조절하려고 노력합니다. 최악의 경험은 날씨가 쌀쌀하거나 건조한 날씨 속에서 체력이 떨어져 어려움을 겪을 때입니다. 그래서 이번 여행에서는 공연이나 경기를 관람할 계획이고, 그 경험들이 기대됩니다. 가장 중요하게 생각하는 것은 청결한 숙소이며, 저와 비슷하게 합리적으로 의견을 잘 수용하고 정시에 맞춰 움직이는 사람이 함께하면 좋겠습니다. 이번 여행은 저에게 다양한 문화와 역사를 체험하고 일상에서 벗어나 리프레시하는 기회가 되기를 바랍니다.","이 사용자는 유럽 지역을 선호하고, 상관없음 기후를 피하고 싶어해요. 여행 목적은 공연&경기관람이며, 3성이하 호텔에서 머무는 걸 좋아하고 오전 9-10시쯤 기상하는 편이에요.",,
229,보통,매우 수용적,많다,보통,무조건 리드,2,둔감,매우 여유있게,해외,산,즉흥 여행,무조건 다 봄,코골이 안함,다른 곳 간다,"미국,그 외,국내","상관없음,건조함,추움","공연&경기관람,쇼핑,액티비티","민박,상관없음,4-5성급호텔",오전 10시 이후,100만원 이하,"저는 예전 여행 중에 바쁘고 빡빡한 일정이 최악이었던 기억이 있습니다. 그래서 이번 여행에서는 여유롭게 랜드마크를 둘러보고 싶고, 특히 공연이나 경기 관람 같은 액티비티가 꼭 포함되었으면 합니다. 함께 여행할 사람은 제 의견을 잘 받아들이고 대화가 많은 사람이라면 좋겠습니다. 이번 여행에서는 미국에서의 다양한 경험이 기대되며, 여행이 끝나고 나면 제 삶에 새로운 활력을 불어넣어 줄 의미 있는 시간이 되었으면 합니다. 무엇보다 오전 10시 이후 느긋하게 시작하는 일정이 중요합니다.","이 사용자는 미국 지역을 선호하고, 추움 기후를 피하고 싶어해요. 여행 목적은 액티비티이며, 상관없음에서 머무는 걸 좋아하고 오전 10시 이후쯤 기상하는 편이에요.",,
230,매우 둔감,매우 수용적,매우 많다,종종 늦음,따르는 편,4,매우 둔감,매우 여유있게,국내,산,즉흥 여행,무조건 다 봄,코골이 안함,기다림,"미국,세계일주,일본","더움,추움,쌀쌀함","도전과성장,액티비티,미식","4-5성급호텔,에어비엔비,민박",오전 9-10시,300-400만원,"저는 여행 중에 시간 약속에 종종 늦기도 하지만, 느긋하게 일정을 즐기는 스타일이라 큰 문제가 된 적은 없습니다. 가장 중요한 것은 항상 유연하게 계획을 세우면서 즐기는 것이고 좋은 음식과 새로운 경험이 이번 여행에서 꼭 있었으면 합니다. 함께 가고 싶은 사람은 제 수다를 잘 들어주고, 새로운 의견에 개방적인 사람이었으면 좋겠어요. 이번 여행에서는 도전과 성장을 경험하고 싶은데, 그래서 여러 랜드마크를 탐방하며 다양한 활동을 기대하고 있습니다. 이 여행이 저에게 새로운 시야와 활력을 주는 계기가 되어 삶에 긍정적인 변화를 가져다주었으면 합니다.","이 사용자는 미국 지역을 선호하고, 더움 기후를 피하고 싶어해요. 여행 목적은 도전과성장이며, 민박에서 머무는 걸 좋아하고 오전 9-10시쯤 기상하는 편이에요.",,
231,보통,다소 완고,보통,종종 늦음,따르는 편,1,매우 둔감,보통,국내,산,즉흥 여행,적당히 봄,코골이 함,기다림,"동남아,미국,일본","쌀쌀함,추움,습함","휴식,문화&역사체험,자연감상","콘도,펜션,상관없음",오전 9-10시,100만원 이하,여행 중 가장 최악의 경험은 시간 약속을 지키지 못해 일정을 망치는 것입니다. 그래서 이번 여행에서는 느긋하게 쉬면서도 문화와 역사를 체험할 수 있는 일정은 꼭 포함되길 원합니다. 같이 여행을 가고 싶은 사람은 제가 좀 늦더라도 이해해주고 함께 즉흥적인 계획을 즐길 수 있는 사람입니다. 이번 여행에서는 자연과 문화를 감상하며 여유로운 시간을 보내는 것을 가장 기대하고 있습니다. 이 여행이 제게 일상에서 벗어나 스트레스를 풀고 새로운 시각을 얻는 의미 있는 시간이 되었으면 합니다.,"이 사용자는 동남아 지역을 선호하고, 추움 기후를 피하고 싶어해요. 여행 목적은 문화&역사체험이며, 콘도에서 머무는 걸 좋아하고 오전 9-10시쯤 기상하는 편이에요.",,
232,꽤 민감,수용적,보통,꽤 정확,리드하는편,3,보통,꽤 빡빡하게,해외,바다,즉흥 여행,적당히 봄,코골이 함,기다림,"동남아,국내,세계일주","건조함,습함,쌀쌀함","쇼핑,사람&관계,기록","민박,에어비엔비,상관없음",오전 10시 이후,300-400만원,"여행 중 최악의 경험은 아마 건조하고 쌀쌀한 날씨에 부딪혔을 때일 것입니다. 그래서 이번 여행에서는 그런 기후를 피할 수 있는 동남아 지역의 따뜻한 바다를 꼭 방문하고 싶습니다. 함께 여행을 가고 싶은 사람은 수용적이면서도 리더십이 있는 사람으로, 저와 비슷하게 즉흥적인 여행 스타일을 즐길 수 있는 사람이었으면 합니다. 이번 여행에서 가장 기대하는 것은 새로운 사람들과의 관계 형성과 쇼핑의 즐거움입니다. 이번 여행을 통해 인생의 새로운 기록을 남기고, 나 자신에게 새로운 의미와 활력을 가져다줬으면 합니다.","이 사용자는 동남아 지역을 선호하고, 쌀쌀함 기후를 피하고 싶어해요. 여행 목적은 사람&관계이며, 에어비엔비에서 머무는 걸 좋아하고 오전 10시 이후쯤 기상하는 편이에요.",,
233,매우 민감,매우 수용적,매우 많다,보통,무조건 따름,5,매우 민감,꽤 여유있게,국내,산,계획 여행,무조건 다 봄,코골이 안함,다른 곳 간다,"그 외,국내,중국&몽골","더움,건조함,추움","문화&역사체험,사람&관계,쇼핑","에어비엔비,4-5성급호텔,민박",오전 9-10시,200-300만원,"저는 여행 중에 체력 소모가 심한 지치고 힘든 일정이 최악이라 생각해요, 그래서 여행의 여유를 중시합니다. 이번 여행에서는 문화와 역사 체험을 절대 놓치고 싶지 않아요. 함께 여행하고 싶은 사람은 소통이 잘 되고 다양한 의견을 수용할 수 있는 사람이며, 조용하고 청결에 신경 쓰는 성향이면 좋겠습니다. 이번 여행에서는 새로운 문화와 역사적 배경을 깊게 이해하고 인연을 쌓는 것을 가장 기대하고 있습니다. 이 여행이 저에게는 새로운 시각을 열어주고 삶의 방식을 재정립하는 계기가 되었으면 좋겠습니다.","이 사용자는 중국&몽골 지역을 선호하고, 추움 기후를 피하고 싶어해요. 여행 목적은 문화&역사체험이며, 에어비엔비에서 머무는 걸 좋아하고 오전 9-10시쯤 기상하는 편이에요.",,
234,보통,매우 완고,보통,매우 정확,따르는 편,2,둔감,매우 여유있게,국내,바다,즉흥 여행,무조건 다 봄,코골이 안함,기다림,"그 외,유럽,동남아","습함,추움,쌀쌀함","액티비티,자연감상,휴식","게스트하우스,콘도,4-5성급호텔",오전 8-9시,400만원 이상,"여행 중 최악의 경험은 습하고 추운 기후를 만난 것이었고, 그래서 이번 여행에서는 쾌적한 기후가 필수적입니다. 함께 여행을 가고 싶은 사람은 자유롭고 즉흥적인 여행을 즐기면서도 서로의 개인 시간을 존중할 수 있는 사람입니다. 이번 여행에서 가장 기대하는 것은 바다를 감상하며 여유롭게 자연을 즐기는 것이며, 다양한 랜드마크를 방문하여 액티비티 즐기는 것입니다. 이 여행은 제 일상에서 잠시 벗어나 휴식을 취하고 새로운 경험을 통해 에너지를 얻을 기회입니다. 자율적이면서도 계획적인 여정을 통해 자신에게 의미 있는 변화를 얻고 싶습니다.","이 사용자는 그 외 지역을 선호하고, 습함 기후를 피하고 싶어해요. 여행 목적은 액티비티이며, 게스트하우스에서 머무는 걸 좋아하고 오전 8-9시쯤 기상하는 편이에요.",,
235,꽤 민감,매우 완고,적다,매우 정확,리드하는편,1,매우 민감,꽤 여유있게,국내,산,계획 여행,무조건 다 봄,코골이 안함,기다림,"미국,국내,세계일주","추움,건조함,상관없음","문화&역사체험,기록,쇼핑","게스트하우스,3성이하 호텔,콘도",오전 10시 이후,100만원 이하,"저는 여행 중에 체력이 약해서 빡빡한 일정이나 예기치 않은 상황이 최악의 경험으로 느껴질 수 있습니다. 이번 여행에서는 다른 무엇보다도 계획적인 일정과 시간을 지키는 것이 중요하다고 생각하므로, 느긋한 일정 속에서 의미 있는 문화와 역사 체험을 기록하고 싶습니다. 함께 여행하고 싶은 사람은 제가 리드할 수 있도록 믿어주고, 시간을 잘 맞추며 청결에 민감한 사람일 것입니다. 이번 여행을 통해 가장 기대하는 것은 국내의 아름다운 산을 돌아보며 쇼핑을 즐기고, 이러한 여행이 저의 일상에서 새로운 활력을 불어넣는 의미 있는 경험이 되길 바랍니다. 예산을 초과하지 않는 범위에서 여행하면서, 제가 계획한 모든 랜드마크를 볼 수 있는 기회를 갖고 싶습니다.","이 사용자는 국내 지역을 선호하고, 건조함 기후를 피하고 싶어해요. 여행 목적은 쇼핑이며, 3성이하 호텔에서 머무는 걸 좋아하고 오전 10시 이후쯤 기상하는 편이에요.",,
236,매우 민감,매우 수용적,많다,자주 늦음,따르는 편,3,보통,매우 여유있게,해외,바다,계획 여행,적당히 봄,코골이 안함,기다림,"동남아,일본,그 외","상관없음,건조함,습함","도전과성장,액티비티,문화&역사체험","게스트하우스,상관없음,민박",오전 10시 이후,300-400만원,"저는 여행 중 최악의 경험이 일정 지연이나 체력이 고갈되어 액티비티를 제대로 즐기지 못하는 상황이라고 생각합니다. 따라서 이번 여행에서 여유로운 일정과 충분한 휴식 시간이 꼭 필요합니다. 함께 여행하고 싶은 사람은 계획된 일정에 유연하고 열린 마음을 가진 사람이면 좋겠어요. 이번 여행에서 가장 기대하는 것은 동남아 또는 일본에서 문화와 역사를 체험하고 새로운 도전과 성장을 이루는 것입니다. 이 여행이 제 삶에 활력을 더하고, 새로운 시각을 열어줄 의미 있는 시간이 되기를 바랍니다.","이 사용자는 동남아 지역을 선호하고, 건조함 기후를 피하고 싶어해요. 여행 목적은 액티비티이며, 민박에서 머무는 걸 좋아하고 오전 10시 이후쯤 기상하는 편이에요.",,
237,둔감,보통,보통,자주 늦음,리드하는편,1,매우 둔감,매우 여유있게,국내,산,즉흥 여행,적당히 봄,코골이 함,기다림,"유럽,일본,동남아","습함,상관없음,추움","사람&관계,문화&역사체험,쇼핑","콘도,3성이하 호텔,에어비엔비",오전 8-9시,200-300만원,"저는 여행 중 체력이 약해 산을 오르며 힘들었던 경험이 최악이었습니다. 이번 여행에서는 다양한 문화와 역사를 체험할 수 있는 기회를 꼭 가지고 싶어요. 함께 여행할 사람으로는 둔감하고 사람과의 관계가 중요한 저와 성향이 맞으며, 시간 약속에 여유롭고 즉흥적인 여행을 즐길 수 있는 사람들이 좋습니다. 여행에서 가장 기대하는 부분은 새로운 문화를 느끼고 사람들과의 관계를 쌓는 것입니다. 이번 여행이 제 인생에 있어 사람과 관계의 소중함을 다시금 느끼고, 문화적 경험을 쌓는 의미 깊은 시간이 되기를 바랍니다.","이 사용자는 유럽 지역을 선호하고, 습함 기후를 피하고 싶어해요. 여행 목적은 문화&역사체험이며, 3성이하 호텔에서 머무는 걸 좋아하고 오전 8-9시쯤 기상하는 편이에요.",,
238,보통,매우 수용적,매우 많다,매우 정확,따르는 편,1,꽤 민감,매우 빡빡하게,해외,산,계획 여행,무조건 다 봄,코골이 함,다른 곳 간다,"그 외,일본,세계일주","추움,더움,쌀쌀함","휴식,미식,쇼핑","에어비엔비,게스트하우스,펜션",오전 9-10시,200-300만원,"저는 여행 중에 시간 약속을 지키지 않아 계획에 차질이 생기는 것을 최악의 경험으로 꼽습니다. 그래서 이번 여행에서는 일정표와 같은 여행 계획을 철저히 준비할 것입니다. 같이 여행할 사람은 무엇보다 말이 잘 통하고 소통이 자유로운 사람을 선호하며, 의견을 잘 수용할 수 있는 유연한 태도를 가진 사람이면 좋겠습니다. 이번 여행에서 가장 기대하는 것은 새로운 곳에서의 미식을 즐기는 것이고, 이로 인해 일상에서 쌓인 피로를 풀고 삶의 활력을 되찾고 싶습니다. 여행이 다시 일상으로 돌아갔을 때 긍정적인 영향을 미쳐, 제 삶의 균형을 찾는 데 기여하길 바랍니다.","이 사용자는 그 외 지역을 선호하고, 쌀쌀함 기후를 피하고 싶어해요. 여행 목적은 휴식이며, 에어비엔비에서 머무는 걸 좋아하고 오전 9-10시쯤 기상하는 편이에요.",,
239,꽤 민감,다소 완고,매우 적다,보통,무조건 따름,5,매우 민감,매우 여유있게,해외,바다,즉흥 여행,무조건 다 봄,코골이 안함,다른 곳 간다,"유럽,세계일주,국내","건조함,습함,쌀쌀함","쇼핑,휴식,문화&역사체험","게스트하우스,펜션,민박",오전 9-10시,100만원 이하,저는 여행 중 예민한 성격 탓에 청결하지 못한 숙소에서의 경험이 가장 최악이었다고 생각해요. 때문에 이번 여행에서는 깨끗한 게스트하우스에서 머무는 것이 꼭 필요합니다. 함께 여행을 가는 사람은 말을 많이 하지 않으면서도 계획이나 리더십에 있어 제 의견을 존중할 수 있는 사람이면 좋겠어요. 세계일주와 같은 이 여행에서 가장 기대하는 것은 문화와 역사를 직접 체험하며 휴식과 쇼핑을 즐기는 것이에요. 이번 여행이 일상에서 벗어나 새로운 경험과 여유로움을 통해 제 삶에 활력을 주기를 바랍니다.,"이 사용자는 세계일주 지역을 선호하고, 건조함 기후를 피하고 싶어해요. 여행 목적은 쇼핑이며, 게스트하우스에서 머무는 걸 좋아하고 오전 9-10시쯤 기상하는 편이에요.",,
240,매우 민감,보통,매우 적다,자주 늦음,보통,5,보통,꽤 빡빡하게,국내,바다,즉흥 여행,적당히 봄,코골이 함,다른 곳 간다,"세계일주,동남아,유럽","쌀쌀함,더움,상관없음","자연감상,사람&관계,미식","게스트하우스,4-5성급호텔,상관없음",오전 8-9시,100만원 이하,"저는 여행 중 날씨가 너무 덥거나 쌀쌀한 걸 피하려고 노력하는데, 이런 기후 때문에 여행의 즐거움이 반감된 적이 있어요. 그래서 이번 여행에서는 사람들과의 좋은 관계를 맺고, 맛있는 음식을 즐길 수 있는 기회를 놓치지 않으려 해요. 같이 여행을 가고 싶은 사람은 말이 많지 않지만 서로 편하게 있을 수 있는 사람이면 좋겠고, 이번 여행에서 가장 기대하는 것은 동남아에서의 자연 속 여유로운 시간입니다. 또한, 이번 여행이 제 삶에 새로운 사람들과의 유대감을 가져다주고, 일상에서 벗어난 힐링의 기회가 되었으면 해요. 여행 경비는 100만 원 이하로 유지하려고 하고, 즉흥적인 일정 속에서도 원할 때 여유롭게 바다를 즐기고 싶습니다.","이 사용자는 동남아 지역을 선호하고, 상관없음 기후를 피하고 싶어해요. 여행 목적은 사람&관계이며, 게스트하우스에서 머무는 걸 좋아하고 오전 8-9시쯤 기상하는 편이에요.",,
241,매우 민감,수용적,적다,매우 정확,보통,1,매우 둔감,꽤 빡빡하게,해외,산,즉흥 여행,적당히 봄,코골이 안함,다른 곳 간다,"국내,동남아,그 외","쌀쌀함,습함,추움","쇼핑,문화&역사체험,사람&관계","상관없음,게스트하우스,민박",오전 8-9시,300-400만원,"저는 이번 여행에서 사람들과 좋은 관계를 맺고 문화와 역사를 체험할 수 있는 기회를 가장 기대하고 있습니다. 여행 중에는 스케줄이 꽤 빡빡하지만 즉흥적으로 계획을 바꾸기도 하며, 예민한 성격상 시간이 정확하게 지켜지는 것을 중요하게 생각합니다. 따라서 함께 여행할 사람도 여러 의견을 수용할 수 있는 수용적인 성향을 갖추고 있었으면 좋겠습니다. 게스트하우스와 민박 같은 숙소에서 다른 사람들과의 교류를 즐기고 아침에 적당한 시간에 일어나기 때문에 여유로운 아침을 원칙으로 삼고 싶습니다. 이번 여행은 쇼핑과 문화 체험을 통한 새로운 시각을 얻어 삶의 의미를 더해가는 기회가 되길 바랍니다.","이 사용자는 국내 지역을 선호하고, 쌀쌀함 기후를 피하고 싶어해요. 여행 목적은 사람&관계이며, 게스트하우스에서 머무는 걸 좋아하고 오전 8-9시쯤 기상하는 편이에요.",,
242,매우 둔감,보통,매우 적다,꽤 정확,따르는 편,3,보통,꽤 여유있게,해외,바다,즉흥 여행,무조건 다 봄,코골이 안함,기다림,"동남아,그 외,국내","상관없음,추움,습함","휴식,미식,공연&경기관람","게스트하우스,에어비엔비,3성이하 호텔",오전 10시 이후,100만원 이하,여행 중에 최악의 경험은 과도한 일정으로 인해 피곤하거나 스트레스를 받는 것일 것입니다. 그래서 이번 여행에서는 여유로운 일정과 함께 반드시 좋은 음식을 경험하고 싶습니다. 여행을 같이 가고 싶은 사람은 누구에게나 유연하게 의견을 조율할 수 있는 성격의 소유자일 것입니다. 이번 여행에서 가장 기대하는 것은 맛있는 음식과 새로운 공연이나 경기를 관람하는 것입니다. 또한 이번 여행은 일상에서 벗어나 진정한 휴식을 찾고 새로운 경험을 통해 삶에 긍정적인 에너지를 가져다주기를 바랍니다.,"이 사용자는 그 외 지역을 선호하고, 상관없음 기후를 피하고 싶어해요. 여행 목적은 미식이며, 에어비엔비에서 머무는 걸 좋아하고 오전 10시 이후쯤 기상하는 편이에요.",,
243,보통,다소 완고,매우 적다,꽤 정확,따르는 편,4,보통,꽤 빡빡하게,해외,산,계획 여행,무조건 다 봄,코골이 안함,기다림,"세계일주,국내,그 외","추움,더움,습함","휴식,문화&역사체험,사람&관계","민박,펜션,에어비엔비",오전 10시 이후,300-400만원,"저는 예전에 습하고 더운 날씨로 인해 여행 중에 많이 힘들었던 적이 있어서, 이번에는 쾌적한 기후를 꼭 챙기고 싶습니다. 무엇보다도 저는 공간적인 여유가 있는 숙소에서 편히 쉬는 것을 중요하게 생각하기에 에어비엔비를 선호합니다. 함께 여행할 사람은 조용하게 함께해주며, 새로운 문화와 역사에 대한 호기심이 있는 사람이면 좋겠습니다. 이번 여행에서 세계일주를 하며 다양한 문화를 경험하는 것이 기대되며, 이는 제 삶에 새로운 시각과 사람들 간의 새로운 관계를 맺는 기회가 되기를 바랍니다. 여행 일정은 빡빡할지라도 사람들과의 관계를 통해 진정한 휴식과 의미 있는 경험을 찾고 싶습니다.","이 사용자는 국내 지역을 선호하고, 습함 기후를 피하고 싶어해요. 여행 목적은 사람&관계이며, 에어비엔비에서 머무는 걸 좋아하고 오전 10시 이후쯤 기상하는 편이에요.",,
244,매우 민감,매우 완고,매우 적다,보통,리드하는편,3,둔감,매우 여유있게,국내,바다,계획 여행,적당히 봄,코골이 안함,기다림,"중국&몽골,동남아,일본","상관없음,추움,쌀쌀함","자연감상,도전과성장,문화&역사체험","민박,에어비엔비,게스트하우스",오전 10시 이후,200-300만원,"저는 여행 중 최악의 경험으로 복잡한 일정을 소화해야 했던 것이 생각납니다. 그래서 이번 여행에서는 여유로운 시간을 가장 중요하게 생각하며, 자연의 경치를 감상할 수 있는 기회를 놓치고 싶지 않습니다. 함께 여행할 사람은 너무 많은 말을 하지 않고, 계획에 충실한 사람이라면 좋겠습니다. 이번 여행에서는 동남아 지역의 아름다운 자연과 문화를 체험하면서 개인적으로 도전하고 성장할 수 있는 시간을 기대하고 있습니다. 이번 여행을 통해 일상의 바쁜 흐름에서 벗어나 자신을 돌아보고, 새로운 인사이트를 얻는 계기가 되었으면 합니다.","이 사용자는 동남아 지역을 선호하고, 상관없음 기후를 피하고 싶어해요. 여행 목적은 도전과성장이며, 게스트하우스에서 머무는 걸 좋아하고 오전 10시 이후쯤 기상하는 편이에요.",,
245,매우 둔감,다소 완고,보통,종종 늦음,무조건 따름,1,둔감,꽤 빡빡하게,해외,바다,즉흥 여행,무조건 다 봄,코골이 안함,다른 곳 간다,"세계일주,일본,유럽","건조함,추움,쌀쌀함","기록,휴식,쇼핑","콘도,게스트하우스,4-5성급호텔",오전 8-9시,100만원 이하,"저는 여행 중에 건조하고 쌀쌀한 기후를 피하려는 편인데, 그런 기후에서의 여행은 제게 최악의 경험이 될 수 있어요. 여행을 할 때 중요하게 생각하는 것은 편안한 숙소에서의 휴식이며, 제 여행 목적에 부합하기 위해 콘도나 게스트하우스 같은 곳이 있어야 합니다. 함께 여행을 가고 싶은 사람은 저처럼 즉흥적인 여행을 즐길 수 있고 바다를 좋아하는 사람이면 좋겠어요. 이번 여행에서는 여러 지역의 랜드마크를 둘러보는 것을 가장 기대하고 있습니다. 이번 여행은 저의 삶에 있어 여유와 휴식을 통해 에너지를 재충전할 수 있는 의미를 가졌으면 합니다.","이 사용자는 세계일주 지역을 선호하고, 쌀쌀함 기후를 피하고 싶어해요. 여행 목적은 휴식이며, 게스트하우스에서 머무는 걸 좋아하고 오전 8-9시쯤 기상하는 편이에요.",,
246,보통,다소 완고,매우 많다,꽤 정확,무조건 리드,1,둔감,매우 빡빡하게,해외,바다,계획 여행,무조건 다 봄,코골이 함,기다림,"중국&몽골,미국,유럽","쌀쌀함,더움,습함","액티비티,휴식,문화&역사체험","게스트하우스,상관없음,콘도",오전 10시 이후,400만원 이상,"미국 여행을 계획하면서 가장 크게 기대하는 것은 다채로운 액티비티와 함께 현지의 문화와 역사를 체험하는 것입니다. 과거 여행 중 쌀쌀한 날씨 때문에 힘들었던 기억이 있어, 이번에는 쾌적한 기후에서 꼼꼼한 계획 아래 랜드마크를 둘러보고 싶습니다. 게스트하우스나 콘도에서 숙박하며, 혼자서 이끄는 스타일이니 의견이 맞고 적당히 적극적인 동행자를 선호합니다. 이번 여행에서는 체력이 약한 만큼 체력을 우선 고려해 여유로운 시간을 가질 수 있는 휴식도 중요하며, 이런 경험이 제 삶에 활력을 불어넣기를 바랍니다. 또한 아침에 늦게 일어나는 편이기 때문에 좀 더 여유 있는 일정과 배려 있는 환경이 함께 제공되길 바랍니다.","이 사용자는 미국 지역을 선호하고, 쌀쌀함 기후를 피하고 싶어해요. 여행 목적은 액티비티이며, 상관없음에서 머무는 걸 좋아하고 오전 10시 이후쯤 기상하는 편이에요.",,
247,둔감,보통,많다,매우 정확,무조건 리드,1,매우 민감,매우 여유있게,국내,산,계획 여행,무조건 다 봄,코골이 함,기다림,"국내,그 외,중국&몽골","더움,쌀쌀함,상관없음","도전과성장,액티비티,공연&경기관람","게스트하우스,상관없음,콘도",오전 9-10시,200-300만원,"저는 국내 여행을 좋아하며, 이번 여행에서 공연이나 경기를 관람하는 것을 가장 기대하고 있습니다. 여행 중 최악의 경험은 더위나 춥지 않았으면 좋겠다는 바람과 너무 빡빡한 일정일 때 피곤함에서 오는 불쾌함입니다. 이런 이유로 여유롭고 계획적인 여행을 선호합니다. 함께 여행하고 싶은 사람은 시간 약속에 철저하고, 제가 리드하는 계획에 잘 따라와 줄 수 있는 사람입니다. 여행이 끝난 후에는 새로운 도전과 성장의 기회로 삼고, 에너지를 충전할 수 있는 소중한 시간으로 남기를 바랍니다.","이 사용자는 국내 지역을 선호하고, 상관없음 기후를 피하고 싶어해요. 여행 목적은 공연&경기관람이며, 상관없음에서 머무는 걸 좋아하고 오전 9-10시쯤 기상하는 편이에요.",,
248,둔감,보통,매우 많다,보통,보통,4,둔감,보통,해외,바다,즉흥 여행,적당히 봄,코골이 안함,다른 곳 간다,"유럽,미국,국내","상관없음,건조함,더움","공연&경기관람,휴식,액티비티","상관없음,민박,4-5성급호텔",오전 10시 이후,200-300만원,"저는 여행 중 무엇보다 긴 웨이팅 상황은 피하고 싶어요. 그래서 이번 여행에서는 티켓이나 예약 같은 건 미리 준비하거나 대안을 마련해 두려고 해요. 같이 여행 갈 사람으로는 말수가 적더라도 서로 의견을 잘 조율할 수 있는 사람이 좋고, 리더십이 보통 수준인 동행자와 여행하면 좋겠어요. 이번 여행에서 가장 기대하는 것은 공연이나 스포츠 경기를 보며 휴식을 취하는 것이고, 이렇게 얻은 경험이 제 삶에 있어 새로운 활력을 주었으면 해요. 이번 여행이 저에게는 충분한 예산 안에서의 즐거운 도전이자 해외에서 자유로운 시간을 보내며 재충전할 수 있는 기회가 되기를 바랍니다.","이 사용자는 국내 지역을 선호하고, 더움 기후를 피하고 싶어해요. 여행 목적은 휴식이며, 4-5성급호텔에서 머무는 걸 좋아하고 오전 10시 이후쯤 기상하는 편이에요.",,
249,꽤 민감,수용적,매우 적다,보통,무조건 따름,5,매우 둔감,꽤 빡빡하게,해외,산,즉흥 여행,무조건 다 봄,코골이 안함,다른 곳 간다,"세계일주,일본,국내","습함,쌀쌀함,추움","액티비티,도전과성장,미식","게스트하우스,에어비엔비,콘도",오전 8-9시,300-400만원,"저는 여행 중에 지나치게 습하고 쌀쌀한 기후를 만나거나 너무 많은 웨이팅 시간을 보내게 되면 최악의 경험으로 느낄 수 있습니다. 이번 여행에서 반드시 액티비티 기회가 많기를 바라며, 자연 경관을 충분히 즐길 수 있는 일정을 기대하고 있습니다. 제가 선호하는 여행 동료는 말수가 적고 다양한 의견을 잘 수용하는 사람이면 좋겠고, 숙소는 게스트하우스 같은 편안한 곳이었으면 합니다. 이번 여행에서는 세계 여러 곳을 돌아다니며 도전과 성장을 통해 제 삶에 큰 의미를 더하고 싶고, 또한 일본에서는 미식을 즐기며 경험을 풍부하게 하고 싶습니다. 해외의 산을 탐험하며 즉흥적으로 다양한 랜드마크를 방문하는 것이 여행을 통해 얻고 싶은 가장 큰 가치입니다.","이 사용자는 일본 지역을 선호하고, 추움 기후를 피하고 싶어해요. 여행 목적은 액티비티이며, 게스트하우스에서 머무는 걸 좋아하고 오전 8-9시쯤 기상하는 편이에요.",,
250,보통,다소 완고,많다,꽤 정확,무조건 따름,1,보통,매우 빡빡하게,해외,산,즉흥 여행,적당히 봄,코골이 안함,다른 곳 간다,"세계일주,미국,중국&몽골","상관없음,건조함,쌀쌀함","액티비티,쇼핑,자연감상","4-5성급호텔,민박,상관없음",오전 9-10시,400만원 이상,"여행 중 최악의 경험은 빡빡한 일정으로 인해 지친 상황을 떠올릴 수 있습니다. 이번 여행에서는 지친 몸을 편히 쉴 수 있도록 4-5성급 호텔의 편안함이 꼭 필요하다고 생각합니다. 같이 여행을 가고 싶은 사람은 정확한 시간 약속을 잘 지키고, 긴 일정에도 불평 없이 잘 따를 수 있는 사람일 것입니다. 이번 여행에서 가장 기대하는 것은 다양한 액티비티와 자연을 만끽하며 삶에 활력을 불어넣는 것입니다. 이러한 여행이 삶에 새로운 에너지와 색다른 경험을 제공해주기를 바랍니다.","이 사용자는 중국&몽골 지역을 선호하고, 상관없음 기후를 피하고 싶어해요. 여행 목적은 액티비티이며, 4-5성급호텔에서 머무는 걸 좋아하고 오전 9-10시쯤 기상하는 편이에요.",,
251,둔감,매우 완고,매우 적다,자주 늦음,무조건 리드,5,보통,보통,해외,바다,계획 여행,무조건 다 봄,코골이 안함,다른 곳 간다,"미국,중국&몽골,일본","쌀쌀함,습함,상관없음","사람&관계,자연감상,쇼핑","민박,3성이하 호텔,콘도",오전 10시 이후,300-400만원,"저는 여행 중 쌀쌀하거나 습한 날씨를 피하고 싶지만, 때로는 그런 기후를 맞닥뜨렸을 때가 최악의 경험이었습니다. 이번 여행에서는 반드시 사람들이나 자연을 감상할 곳이 포함되기를 바랍니다. 함께 여행을 갈 사람이라면 저처럼 계획적인 성향을 가진 사람이어야 하고, 너무 예민하지 않은 사람이면 좋겠습니다. 무엇보다도 이번 여행에서 쇼핑을 가장 기대하고 있으며, 이를 통해 일상에서 벗어난 새로운 경험을 얻고 싶습니다. 이러한 여행은 제 삶에 새로운 인간관계와 자연스러운 치유의 시간을 주었으면 합니다.","이 사용자는 중국&몽골 지역을 선호하고, 상관없음 기후를 피하고 싶어해요. 여행 목적은 쇼핑이며, 콘도에서 머무는 걸 좋아하고 오전 10시 이후쯤 기상하는 편이에요.",,
252,매우 민감,수용적,적다,종종 늦음,무조건 리드,4,둔감,보통,국내,바다,즉흥 여행,무조건 다 봄,코골이 함,기다림,"유럽,국내,중국&몽골","더움,건조함,상관없음","기록,액티비티,쇼핑","펜션,에어비엔비,4-5성급호텔",오전 8-9시,100만원 이하,"여행 중 최악의 경험은 예정에 없던 일로 인해 늦었을 때인데 이는 일정에 영향을 끼쳤기 때문입니다. 이번 여행에서는 기록을 남길 수 있는 카메라가 필요하며, 함께 여행을 가고 싶은 사람은 이해심이 많아 저의 민감한 성격을 잘 수용할 수 있는 사람이면 좋겠습니다. 이번 여행에서 가장 기대하는 것은 랜드마크를 모두 탐방하며 경험을 기록하고 액티비티를 즐기는 것입니다. 여행이 끝난 후에는 일상에서 벗어나 새로운 경험을 할 수 있는 시간이 되길 바랍니다. 이 여행은 나의 삶에 소중한 기록으로 남길 희망하며, 국내에서의 즉흥 여행이기에 제한된 예산 내에서도 충분히 만족스러운 시간이 될 것이라 기대합니다.","이 사용자는 중국&몽골 지역을 선호하고, 건조함 기후를 피하고 싶어해요. 여행 목적은 기록이며, 펜션에서 머무는 걸 좋아하고 오전 8-9시쯤 기상하는 편이에요.",,
253,보통,매우 수용적,매우 적다,보통,무조건 따름,4,보통,꽤 빡빡하게,국내,산,계획 여행,적당히 봄,코골이 함,다른 곳 간다,"중국&몽골,일본,그 외","습함,추움,건조함","미식,도전과성장,공연&경기관람","상관없음,펜션,3성이하 호텔",오전 10시 이후,100만원 이하,여행 중 가장 힘들었던 경험은 습하거나 추운 기후로 인한 불편함이었어요. 그래서 이번 여행에는 미식 경험을 충분히 즐길 수 있는 환경이 꼭 필요해요. 함께 여행을 떠날 사람은 말을 많이 하지 않아도 서로의 의견을 잘 수용할 수 있는 사람이면 좋겠어요. 제가 이번 여행에서 가장 기대하는 것은 새로운 음식과 문화에 도전하면서 성장하는 기회예요. 이번 여행이 제 삶에 도전과 성장을 통해 새로운 의미를 부여하는 계기가 되었으면 합니다.,"이 사용자는 중국&몽골 지역을 선호하고, 추움 기후를 피하고 싶어해요. 여행 목적은 미식이며, 3성이하 호텔에서 머무는 걸 좋아하고 오전 10시 이후쯤 기상하는 편이에요.",,
254,보통,다소 완고,보통,꽤 정확,리드하는편,4,보통,매우 빡빡하게,국내,산,계획 여행,무조건 다 봄,코골이 함,다른 곳 간다,"일본,동남아,세계일주","더움,습함,상관없음","공연&경기관람,미식,쇼핑","4-5성급호텔,상관없음,민박",오전 9-10시,200-300만원,"저는 여행 중 웨이팅이 길면 곤란했던 경험이 많아, 이번 여행에서는 혼잡함을 피하면서 모든 주요 랜드마크를 꼭 보고 싶습니다. 예민하진 않지만, 일정이 빡빡한 편이라 체력 관리도 중요해요. 같이 여행을 가고 싶은 사람은 시간 약속을 잘 지키고 계획적인 성격이었으면 좋겠습니다. 이번 여행에서는 공연과 경기를 관람하는 것이 가장 기대되며, 그 경험이 제 삶에 활력을 주고 새로운 영감을 줬으면 합니다. 다소 더위를 피하고자 국내를 주로 여행하지만, 일본에서의 다양한 문화 경험도 큰 의미로 다가옵니다.","이 사용자는 일본 지역을 선호하고, 습함 기후를 피하고 싶어해요. 여행 목적은 공연&경기관람이며, 상관없음에서 머무는 걸 좋아하고 오전 9-10시쯤 기상하는 편이에요.",,
255,매우 민감,매우 수용적,매우 적다,매우 정확,따르는 편,5,둔감,보통,해외,산,즉흥 여행,적당히 봄,코골이 함,기다림,"중국&몽골,그 외,유럽","상관없음,쌀쌀함,건조함","자연감상,미식,공연&경기관람","상관없음,펜션,4-5성급호텔",오전 10시 이후,200-300만원,"저는 여행 중에 가장 싫었던 경험이 날씨에 적응하기 어려웠던 적이었어요. 이번 여행에서는 자연을 충분히 감상할 수 있기를 바라며, 그 동안 편안히 지낼 수 있는 숙소가 있으면 좋겠어요. 같이 여행을 가고 싶은 사람은 저처럼 유연하게 계획을 세우고 소리 많은 환경에서도 잘 휴식을 취할 수 있는 사람이에요. 이번 여행에서는 유럽의 자연과 문화를 직접 체험하는 것을 가장 기대하고 있으며, 이런 경험들이 제 삶에 새로운 활력과 시야를 제공했으면 해요.","이 사용자는 유럽 지역을 선호하고, 건조함 기후를 피하고 싶어해요. 여행 목적은 자연감상이며, 펜션에서 머무는 걸 좋아하고 오전 10시 이후쯤 기상하는 편이에요.",,
256,매우 민감,보통,보통,꽤 정확,무조건 리드,1,둔감,매우 여유있게,국내,바다,즉흥 여행,적당히 봄,코골이 함,다른 곳 간다,"일본,유럽,그 외","추움,건조함,습함","공연&경기관람,액티비티,문화&역사체험","콘도,에어비엔비,펜션",오전 10시 이후,100만원 이하,"여행 중 최악의 경험은 추운 날씨였던 것 같아요. 민감한 체력 때문에 추위는 피하고 싶어서 따뜻하고 건조하지 않은 기후를 선호하거든요. 그래서 이번 여행에서는 날씨가 중요해요. 함께 여행하고 싶은 사람은 저처럼 즉흥적인 계획을 즐길 수 있는 사람이면 좋겠어요. 이번 여행에서 가장 기대하는 것은 공연이나 스포츠 경기를 관람하는 것이고, 여행이 제 삶에 주는 의미는 새로운 문화와 역사를 체험하며 다양한 시야를 얻는 것이에요. 이 모든 것을 즐기면서도 여유로운 일정과 적당한 리더십을 유지하며 여행하고 싶습니다.","이 사용자는 일본 지역을 선호하고, 건조함 기후를 피하고 싶어해요. 여행 목적은 공연&경기관람이며, 콘도에서 머무는 걸 좋아하고 오전 10시 이후쯤 기상하는 편이에요.",,
257,매우 둔감,매우 완고,매우 많다,보통,보통,3,매우 둔감,매우 여유있게,국내,바다,즉흥 여행,무조건 다 봄,코골이 함,다른 곳 간다,"중국&몽골,유럽,미국","습함,더움,상관없음","액티비티,공연&경기관람,자연감상","민박,3성이하 호텔,4-5성급호텔",오전 9-10시,400만원 이상,"저는 여행 중에 가장 최악의 경험으로는 매우 습하고 더운 기후를 꼽아요. 그래서 이번 여행에서는 자연을 감상하면서도 덥지 않은 유럽 지역에서 공연이나 경기를 관람하는 것을 기대하고 있어요. 함께 여행을 갈 사람은 의견이 다소 달라도 제 이야기를 잘 들어주고, 즉흥적으로 계획을 변경해도 즐길 수 있는 사람이면 좋겠어요. 이번 여행에서 가장 중요하게 여기는 것은 시간이 여유롭고 자연과 문화를 느끼며 마음의 평화를 얻는 것이에요. 여행을 통해 새로운 영감을 얻고 일상의 스트레스를 해소하여 삶에 긍정적인 변화를 주고 싶습니다.","이 사용자는 유럽 지역을 선호하고, 더움 기후를 피하고 싶어해요. 여행 목적은 공연&경기관람이며, 민박에서 머무는 걸 좋아하고 오전 9-10시쯤 기상하는 편이에요.",,
258,매우 민감,매우 완고,매우 적다,매우 정확,따르는 편,4,매우 민감,보통,해외,산,즉흥 여행,적당히 봄,코골이 안함,다른 곳 간다,"일본,국내,세계일주","상관없음,건조함,습함","액티비티,기록,문화&역사체험","3성이하 호텔,게스트하우스,에어비엔비",오전 8-9시,200-300만원,"저는 여행 중에 예기치 않은 일로 일정이 어그러지는 경험을 최악으로 느끼며, 특히 계획되지 않은 대기를 피하려고 합니다. 여행에서 꼭 챙기고 싶은 것은 기록 도구들로, 일본의 문화와 역사를 깊이 경험하고자 하기 때문입니다. 함께 여행을 가고 싶은 사람은 계획에 충실하고 시간 약속을 잘 지킬 수 있는 사람으로, 서로의 리듬에 맞춰 협력할 수 있는 파트너였으면 합니다. 이번 여행에서 가장 기대되는 것은 일본의 문화와 역사 체험을 통해 새로운 인사이트를 얻는 것이고, 그 경험이 제 삶에 영감을 줘 더 가치 있는 기록을 남길 수 있기를 바랍니다.","이 사용자는 일본 지역을 선호하고, 상관없음 기후를 피하고 싶어해요. 여행 목적은 기록이며, 에어비엔비에서 머무는 걸 좋아하고 오전 8-9시쯤 기상하는 편이에요.",,
259,둔감,매우 완고,적다,매우 정확,무조건 리드,1,둔감,꽤 여유있게,해외,바다,계획 여행,적당히 봄,코골이 함,다른 곳 간다,"중국&몽골,그 외,미국","더움,쌀쌀함,상관없음","사람&관계,공연&경기관람,도전과성장","4-5성급호텔,게스트하우스,콘도",오전 9-10시,400만원 이상,"저는 주로 사람들과의 관계를 중요시하며 여행 중 공연이나 경기를 관람하는 것을 좋아합니다. 이번 여행에서는 모두가 시간을 잘 지키는 성격의 동행자를 선호하며, 계획된 여유 있는 일정 속에서 새로운 도전과 성장을 기대합니다. 이전 여행에서 가장 불쾌했던 경험은 시간이 맞지 않아서 계획이 어긋났을 때였으며, 이번에는 그 점을 꼭 피하고자 합니다. 또한, 깨끗하고 편안한 게스트하우스나 호텔에서 숙박할 예정이고, 해외에서의 새로운 환경을 통해 제 삶에 의미 있는 변화를 얻고 싶습니다. 아침에는 비교적 여유 있게 하루를 시작하며, 전체적으로 여행을 통해 사람들과의 긍정적인 관계 형성과 개인적인 성장을 이루고자 합니다.","이 사용자는 미국 지역을 선호하고, 쌀쌀함 기후를 피하고 싶어해요. 여행 목적은 사람&관계이며, 게스트하우스에서 머무는 걸 좋아하고 오전 9-10시쯤 기상하는 편이에요.",,
260,둔감,보통,보통,꽤 정확,리드하는편,5,보통,보통,해외,바다,즉흥 여행,적당히 봄,코골이 함,다른 곳 간다,"국내,그 외,미국","추움,건조함,더움","액티비티,도전과성장,쇼핑","4-5성급호텔,펜션,에어비엔비",오전 9-10시,200-300만원,"저는 여행 중 날씨가 추운 곳에서의 경험이 제일 별로였던 것 같아요. 이번 여행에서는 쇼핑을 중점적으로 하고 싶어서 채플과 백화점 같은 장소가 꼭 필요해요. 함께 여행할 사람은 적극적으로 계획을 리드할 수 있고, 즉흥적인 상황도 받아들일 수 있는 사람이면 좋겠어요. 이번 여행에서 가장 기대하는 것은 해외에서의 다양한 액티비티와 새로운 도전들을 경험하는 일입니다. 더불어 이 여행이 제 삶에서 성장과 도전의 의미를 담기를 바라고 있습니다.","이 사용자는 국내 지역을 선호하고, 건조함 기후를 피하고 싶어해요. 여행 목적은 쇼핑이며, 4-5성급호텔에서 머무는 걸 좋아하고 오전 9-10시쯤 기상하는 편이에요.",,
261,보통,다소 완고,많다,매우 정확,무조건 리드,4,매우 둔감,꽤 여유있게,해외,산,계획 여행,무조건 다 봄,코골이 함,다른 곳 간다,"동남아,그 외,국내","쌀쌀함,상관없음,더움","공연&경기관람,기록,휴식","게스트하우스,4-5성급호텔,에어비엔비",오전 10시 이후,400만원 이상,"저는 동남아 지역을 여행하며 관광지에서 관람한 공연이나 경기를 꼭 기록하고 싶습니다. 여행 중 최악의 경험은 계획한 일정을 놓쳤던 순간들인데, 그래서 시간 약속을 철저히 지키고자 합니다. 여행 중엔 사람들과 활발하게 어울리기를 좋아하지만, 나와 잘 맞지 않으면 불편할 수 있으니, 비슷한 성향의 사람과 함께하는 것을 선호합니다. 예산이 넉넉하기 때문에 고급 숙소에서도 여유로운 휴식을 취하며 체력을 관리할 수 있는 점이 기대됩니다. 이번 여행이 제 삶에 특별한 기록으로 남아 다양한 경험과 기억을 쌓을 수 있기를 바랍니다.","이 사용자는 동남아 지역을 선호하고, 쌀쌀함 기후를 피하고 싶어해요. 여행 목적은 기록이며, 게스트하우스에서 머무는 걸 좋아하고 오전 10시 이후쯤 기상하는 편이에요.",,
262,매우 둔감,매우 수용적,매우 많다,종종 늦음,보통,5,매우 민감,보통,해외,바다,계획 여행,무조건 다 봄,코골이 함,기다림,"동남아,국내,미국","쌀쌀함,더움,상관없음","자연감상,미식,사람&관계","펜션,4-5성급호텔,상관없음",오전 9-10시,100만원 이하,"저는 여행 중 불편한 숙소 경험이 최악이라고 생각해요, 그래서 이번 여행에서는 4-5성급 호텔에 머무르며 편안함을 꼭 확보하고 싶습니다. 여행 동반자는 대화가 잘 통하고 다양한 의견을 수용할 수 있는 열린 사람이기를 바라며, 함께 다양한 장소를 탐방하는 것을 즐겼으면 좋겠어요. 이번 여행에서 가장 기대하는 것은 바다와 같은 자연을 감상하며 휴식을 취하는 것입니다. 이를 통해 새로운 미식 경험과 사람들과의 관계 형성을 기대하고 있으며, 여행이 끝난 후 삶에 긍정적인 영향을 주는 기회가 되었으면 합니다.","이 사용자는 국내 지역을 선호하고, 쌀쌀함 기후를 피하고 싶어해요. 여행 목적은 자연감상이며, 4-5성급호텔에서 머무는 걸 좋아하고 오전 9-10시쯤 기상하는 편이에요.",,
263,보통,수용적,많다,종종 늦음,무조건 리드,2,꽤 민감,보통,해외,바다,즉흥 여행,무조건 다 봄,코골이 안함,기다림,"국내,동남아,일본","추움,습함,건조함","도전과성장,자연감상,사람&관계","펜션,게스트하우스,에어비엔비",오전 8-9시,300-400만원,"여행 중 최악의 경험은 일정에 늦거나 추운 기후에서 머무는 것이며, 이러한 부분에서 예민하게 반응할 수 있습니다. 그렇기에 따뜻하고 쾌적한 환경 속에서 자연을 감상할 수 있는 일정을 선호합니다. 즉흥적인 여행을 좋아하지만, 중요한 순간마다 시간을 지켜줄 수 있는 수용적인 동반자와 함께하고 싶습니다. 이번 여행에서는 새로운 사람들과의 관계 형성을 통해 자신을 도전하고 성장하는 경험을 가장 기대합니다. 이러한 경험이 제 삶에 있어 새로운 배움과 성장을 가져다주길 희망합니다.","이 사용자는 동남아 지역을 선호하고, 습함 기후를 피하고 싶어해요. 여행 목적은 자연감상이며, 펜션에서 머무는 걸 좋아하고 오전 8-9시쯤 기상하는 편이에요.",,
264,매우 둔감,매우 수용적,적다,자주 늦음,따르는 편,4,꽤 민감,꽤 빡빡하게,해외,바다,즉흥 여행,무조건 다 봄,코골이 함,기다림,"세계일주,동남아,일본","추움,습함,쌀쌀함","자연감상,기록,공연&경기관람","3성이하 호텔,에어비엔비,콘도",오전 8-9시,300-400만원,"저는 여행에서 일정에 너무 쫓기는 것과 쌀쌀한 기후를 만나게 되었을 때가 가장 힘들었습니다. 이번 여행에서는 동남아시아의 따뜻한 날씨를 만끽하고, 자연을 감상하면서 공연이나 경기를 꼭 보고 싶어요. 제가 여행을 같이 하고 싶은 사람은 유연하고 이해심이 많은 사람이면 좋겠어요. 이번 여행에서는 다양한 랜드마크를 방문하고 새로운 문화와 경험을 기록하는 것이 가장 기대됩니다. 여행을 통해 제 삶에 새로운 활력과 색다른 시각을 얻고 싶습니다.","이 사용자는 동남아 지역을 선호하고, 쌀쌀함 기후를 피하고 싶어해요. 여행 목적은 공연&경기관람이며, 콘도에서 머무는 걸 좋아하고 오전 8-9시쯤 기상하는 편이에요.",,
265,보통,다소 완고,매우 적다,자주 늦음,무조건 리드,5,꽤 민감,매우 빡빡하게,해외,산,계획 여행,적당히 봄,코골이 안함,다른 곳 간다,"중국&몽골,동남아,세계일주","쌀쌀함,습함,건조함","사람&관계,미식,휴식","3성이하 호텔,에어비엔비,4-5성급호텔",오전 10시 이후,400만원 이상,"저는 해외 여행 중 쌀쌀하고 습한 기후가 가장 최악의 경험이었어요, 그래서 따뜻한 동남아 지역을 선호해요. 이번 여행에서는 방해받지 않으며 10시 이후까지 잘 수 있는 편안한 숙소가 꼭 필요해요. 조용하고 계획에 잘 맞춰주는 사람과 함께 여행하면 좋겠어요. 이번 여행에서는 특히 미식을 즐기며 현지 사람들과의 관계를 맺는 것을 가장 기대하고 있어요. 이런 경험들이 제 삶에 새로운 추억과 인간관계를 쌓는 긍정적인 의미로 다가오길 바랍니다.","이 사용자는 동남아 지역을 선호하고, 건조함 기후를 피하고 싶어해요. 여행 목적은 미식이며, 에어비엔비에서 머무는 걸 좋아하고 오전 10시 이후쯤 기상하는 편이에요.",,
266,매우 둔감,매우 완고,매우 적다,꽤 정확,보통,1,꽤 민감,보통,국내,산,즉흥 여행,무조건 다 봄,코골이 함,다른 곳 간다,"국내,동남아,유럽","습함,추움,쌀쌀함","쇼핑,휴식,공연&경기관람","민박,4-5성급호텔,콘도",오전 10시 이후,400만원 이상,"저는 국내 여행을 계획하면서 습하고 추운 날씨를 피하고 싶어 해요. 예전에 날씨가 안 좋아서 여행을 망친 경험이 있어서, 이번 여행에서는 쾌적한 환경에서 4-5성급 호텔에서 편안히 쉬는 것이 중요해요. 함께 여행하고 싶은 사람은 제 의견을 잘 이해하고 존중해 줄 수 있는 사람이면 좋겠어요. 여행 중 가장 기대되는 것은 쇼핑과 공연, 경기를 관람하면서 일상의 스트레스를 잊고 휴식을 취하는 시간이죠. 이번 여행은 새로운 활력을 얻고 삶의 질을 높이는 기회가 되었으면 해요.","이 사용자는 동남아 지역을 선호하고, 추움 기후를 피하고 싶어해요. 여행 목적은 휴식이며, 4-5성급호텔에서 머무는 걸 좋아하고 오전 10시 이후쯤 기상하는 편이에요.",,
267,보통,다소 완고,적다,자주 늦음,따르는 편,2,매우 둔감,매우 빡빡하게,국내,바다,계획 여행,무조건 다 봄,코골이 안함,기다림,"동남아,국내,일본","더움,습함,추움","자연감상,휴식,액티비티","게스트하우스,펜션,상관없음",오전 8-9시,300-400만원,"저는 여행 중에 시간 약속을 지키지 못해 다른 사람들을 기다리게 하거나 너무 더운 날씨를 만났을 때를 최악의 경험으로 꼽을 수 있습니다. 이번 여행에서 꼭 필요한 것은 다채로운 자연경관을 감상할 기회이며, 친근하고 잘 따라주는 사람과 여행을 하고 싶습니다. 이번 여행에서 가장 기대하는 것은 바다에서의 액티비티와 자연 속에서 휴식을 취하는 것입니다. 이 여행이 제 삶에 주는 의미는 일상에서 벗어나 정신적으로 재충전할 수 있는 시간이 되기를 바랍니다. 제가 계획적인 여행을 선호하기 때문에, 철저하게 일정을 짜놓은 덕에 각종 랜드마크를 놓치지 않고 즐길 수 있을 것으로 기대합니다.","이 사용자는 동남아 지역을 선호하고, 추움 기후를 피하고 싶어해요. 여행 목적은 자연감상이며, 게스트하우스에서 머무는 걸 좋아하고 오전 8-9시쯤 기상하는 편이에요.",,
268,매우 둔감,다소 완고,보통,꽤 정확,리드하는편,5,둔감,매우 여유있게,국내,바다,즉흥 여행,무조건 다 봄,코골이 안함,다른 곳 간다,"미국,유럽,그 외","습함,추움,상관없음","미식,기록,사람&관계","상관없음,펜션,민박",오전 10시 이후,300-400만원,"저는 여행 중에 웨이팅 없이 효율적으로 다양한 랜드마크를 방문하는 것이 중요하며, 계획이 아닌 즉흥적인 진행을 선호하기 때문에 지나치게 빡빡한 일정은 최악의 경험으로 느낄 수 있습니다. 이번 여행에서는 사람들과의 관계를 통해 다양한 이야기를 기록으로 남기는 것이 중요한 요소입니다. 함께 여행할 사람은 둔감한 성향의 제 스타일을 이해하고 여유로운 일정을 즐길 수 있는 사람이라면 좋겠습니다. 이번 여행에서 미국이나 유럽의 미식을 경험하는 순간을 가장 기대하고 있습니다. 이 여행이 제 삶에 미식과 기록, 그리고 사람들과의 교류를 통한 새로운 시야를 열어주는 기회가 되기를 바랍니다.","이 사용자는 미국 지역을 선호하고, 상관없음 기후를 피하고 싶어해요. 여행 목적은 기록이며, 민박에서 머무는 걸 좋아하고 오전 10시 이후쯤 기상하는 편이에요.",,
269,꽤 민감,수용적,매우 많다,자주 늦음,보통,3,매우 민감,꽤 여유있게,국내,산,계획 여행,적당히 봄,코골이 안함,기다림,"세계일주,유럽,일본","상관없음,습함,쌀쌀함","쇼핑,사람&관계,액티비티","에어비엔비,4-5성급호텔,게스트하우스",오전 8-9시,100만원 이하,"저는 여행 중 일정이 지체되어 계획이 틀어질 때 가장 불편함을 느낍니다. 그래서 이번 여행에서는 시간을 잘 지킬 수 있는 여행 파트너가 필수적이고, 일정도 여유롭게 잡아두고 싶습니다. 함께 여행하고 싶은 사람은 저와 수다를 많이 나눌 수 있는 수용적인 성향을 가진 사람이면 좋겠습니다. 이번 여행에서 쇼핑과 사람들과의 교류를 가장 기대하고 있으며, 제 삶에 새로운 활기를 불어넣는 계기가 되었으면 합니다. 또한, 쾌적한 숙소에서 아침 일찍 일어나 하루를 시작하는 것이 중요해요.","이 사용자는 유럽 지역을 선호하고, 습함 기후를 피하고 싶어해요. 여행 목적은 쇼핑이며, 4-5성급호텔에서 머무는 걸 좋아하고 오전 8-9시쯤 기상하는 편이에요.",,
270,둔감,매우 완고,보통,매우 정확,보통,3,보통,보통,국내,바다,즉흥 여행,무조건 다 봄,코골이 안함,기다림,"그 외,일본,세계일주","추움,습함,쌀쌀함","액티비티,문화&역사체험,쇼핑","상관없음,4-5성급호텔,펜션",오전 8-9시,100만원 이하,"여행 중 최악의 경험으로는 추운 기후에서의 여행이었습니다. 이번 여행에서는 특히 문화와 역사 체험을 통해 지식을 넓히고자 하는 제 목적에 맞는 활동이 꼭 포함되었으면 좋겠습니다. 함께 여행하고 싶은 사람은 계획에 너무 얽매이지 않고 즉흥적인 순간을 즐길 줄 아는 사람입니다. 이번 여행에서 특히 기대하는 것은 바다를 배경으로 한 다양한 액티비티와 역사적 장소를 방문하는 것이며, 이러한 경험들이 제 삶의 새로운 활력소가 되길 바랍니다. 또한 4-5성급 호텔에서의 숙박은 저의 여행의 질을 한층 높일 것입니다.","이 사용자는 일본 지역을 선호하고, 추움 기후를 피하고 싶어해요. 여행 목적은 문화&역사체험이며, 4-5성급호텔에서 머무는 걸 좋아하고 오전 8-9시쯤 기상하는 편이에요.",,
271,매우 둔감,보통,매우 적다,자주 늦음,따르는 편,2,둔감,매우 빡빡하게,해외,바다,즉흥 여행,무조건 다 봄,코골이 안함,다른 곳 간다,"중국&몽골,미국,국내","쌀쌀함,더움,상관없음","공연&경기관람,기록,미식","민박,4-5성급호텔,콘도",오전 9-10시,300-400만원,"저는 보통은 다른 사람들을 따르는 편이고 계획 없이 즉흥적으로 여행을 즐기는 스타일입니다. 이번 여행에서 저는 미국을 방문하고 싶고, 특히 기록을 남길 수 있는 공연이나 경기를 관람하는 것을 기대하고 있습니다. 하지만 저는 체력이 약한 편이라 너무 무리하지 않도록 신경 써야 합니다. 함께 여행을 가고 싶은 사람의 특징이라면 말수는 적어도 제 의견을 존중해주고 너무 예민하지 않은 사람이면 좋겠습니다. 이번 여행에서는 숙소의 청결도가 다소 무관심한 편이라 민박이나 4-5성급 호텔에 머물고, 오전에 출발해 다양한 랜드마크를 빠르게 돌아보고 싶습니다. 여행이 제 삶에 미치는 의미는 새로운 것을 기록하고 체험하면서 더 풍요로운 일상을 만드는 것입니다.","이 사용자는 미국 지역을 선호하고, 상관없음 기후를 피하고 싶어해요. 여행 목적은 기록이며, 콘도에서 머무는 걸 좋아하고 오전 9-10시쯤 기상하는 편이에요.",,
272,둔감,수용적,매우 많다,꽤 정확,따르는 편,3,꽤 민감,매우 여유있게,해외,산,계획 여행,무조건 다 봄,코골이 함,기다림,"유럽,일본,미국","상관없음,쌀쌀함,추움","공연&경기관람,미식,문화&역사체험","3성이하 호텔,콘도,상관없음",오전 8-9시,200-300만원,"저는 한 번은 해외 여행에서 예상치 못한 기후 때문에 계획에 차질이 생겨 아쉬웠던 경험이 기억에 남습니다. 이번 여행에서는 공연이나 스포츠 경기 관람을 꼭 하고 싶습니다. 제가 함께 여행하고 싶은 사람은 둔감하고 대화가 많으며 유연한 사람이고, 잘 이끌어주기를 기대하지 않습니다. 이번 여행에서 저는 유럽이나 일본에서 문화와 역사를 직접 체험하는 것을 가장 기대하고 있습니다. 이 여행이 저에게는 새로운 시각을 열어줄 수 있는 기회가 되고 일상의 스트레스를 풀며 여유를 찾는 시간이 되었으면 합니다.","이 사용자는 일본 지역을 선호하고, 상관없음 기후를 피하고 싶어해요. 여행 목적은 문화&역사체험이며, 상관없음에서 머무는 걸 좋아하고 오전 8-9시쯤 기상하는 편이에요.",,
273,둔감,수용적,매우 적다,꽤 정확,따르는 편,1,꽤 민감,매우 빡빡하게,해외,바다,계획 여행,적당히 봄,코골이 안함,다른 곳 간다,"유럽,중국&몽골,동남아","상관없음,건조함,쌀쌀함","사람&관계,기록,쇼핑","펜션,에어비엔비,콘도",오전 10시 이후,300-400만원,"저는 유럽에서 쇼핑을 목적으로 여행하는 것을 좋아하며, 에어비엔비에 머무르는 것을 선호합니다. 여행 중에는 쌀쌀한 기후를 피하고자 하는데, 최악의 경험은 예정에 없던 대기 상황에 직면했을 때였습니다. 이번 여행에서 가장 중요한 것은 계획적인 일정과 충분한 수면 시간을 확보하는 것입니다. 함께 여행을 갈 사람은 조용하고 수용적인 성향의 사람으로, 서로 자유롭게 의견을 나눌 수 있으면 좋겠습니다. 이번 여행이 제 삶에서 사람들과의 관계를 더욱 돈독히 하고, 새로운 기록을 남기며 자신을 충전하는 계기가 되기를 기대합니다.","이 사용자는 유럽 지역을 선호하고, 쌀쌀함 기후를 피하고 싶어해요. 여행 목적은 쇼핑이며, 에어비엔비에서 머무는 걸 좋아하고 오전 10시 이후쯤 기상하는 편이에요.",,
274,매우 민감,수용적,많다,자주 늦음,무조건 리드,4,보통,매우 빡빡하게,해외,산,즉흥 여행,적당히 봄,코골이 안함,기다림,"세계일주,국내,중국&몽골","더움,추움,건조함","미식,도전과성장,자연감상","콘도,에어비엔비,3성이하 호텔",오전 8-9시,400만원 이상,"저는 여행 중 최악의 경험으로 예상치 못한 기후로 인해 고생한 경우를 꼽을 것 같습니다. 그러므로 이번 여행에서는 예상치 못한 기후 변화에도 대비할 수 있는 장비가 꼭 필요합니다. 함께 여행을 가고 싶은 사람은 유연하게 의견을 수용할 수 있고 대화를 좋아하는 사람이며, 이번 여행에서 가장 기대되는 것은 자연을 감상하고 미식 체험을 통해 스스로 도전하고 성장할 수 있는 기회입니다. 저는 이번 여행이 제 삶에 새로운 도전과 경험을 제공하기를 기대하며, 다양한 문화와 자연을 접함으로써 제 자신을 넓히고 싶습니다.","이 사용자는 세계일주 지역을 선호하고, 건조함 기후를 피하고 싶어해요. 여행 목적은 자연감상이며, 콘도에서 머무는 걸 좋아하고 오전 8-9시쯤 기상하는 편이에요.",,
275,둔감,매우 수용적,보통,매우 정확,무조건 따름,1,꽤 민감,매우 빡빡하게,해외,산,즉흥 여행,적당히 봄,코골이 안함,기다림,"중국&몽골,동남아,미국","쌀쌀함,더움,습함","도전과성장,기록,휴식","4-5성급호텔,콘도,게스트하우스",오전 10시 이후,400만원 이상,"여행을 하면서 체력적인 한계로 인한 피로가 최악의 경험일 수 있지만, 이런 부분도 적당한 휴식을 통해 극복하고자 합니다. 이번 여행에서는 기록을 위한 카메라가 꼭 필요하며, 경험을 문서화하고 도전을 통해 성장하는 기회를 만들고 싶습니다. 같이 여행을 가고 싶은 사람은 예민하지 않고 융통성이 있으며 서로 의견을 잘 수용하는 사람입니다. 이번 여행에서 몽골이나 동남아의 새로운 문화와 장소를 경험하는 것이 가장 기대되며, 이를 통해 제 삶에 새로운 영감과 성장의 의미를 부여하고자 합니다. 높은 예산을 활용해 안락한 숙소에서 머무르며 휴식의 시간을 갖고 싶습니다.","이 사용자는 중국&몽골 지역을 선호하고, 더움 기후를 피하고 싶어해요. 여행 목적은 기록이며, 4-5성급호텔에서 머무는 걸 좋아하고 오전 10시 이후쯤 기상하는 편이에요.",,
276,매우 민감,매우 수용적,매우 많다,종종 늦음,보통,1,둔감,꽤 여유있게,국내,바다,즉흥 여행,무조건 다 봄,코골이 안함,기다림,"세계일주,중국&몽골,동남아","건조함,상관없음,쌀쌀함","액티비티,쇼핑,도전과성장","4-5성급호텔,게스트하우스,콘도",오전 10시 이후,300-400만원,"저는 여행 중 예민한 편이라 청결이 떨어지는 숙소나 쌀쌀한 기후에 부딪히면 힘든 경험이 될 수 있지만, 그런 상황에서도 의견을 수용하며 잘 대처하려고 합니다. 이번 여행에서는 즉흥적으로 다양한 랜드마크를 다 보며 즐기고 싶고, 숙소는 4-5성급 호텔에서 편하게 쉬고 싶습니다. 많은 이야기를 나누며 자유롭고 여유로운 여행을 즐길 수 있는 사려 깊은 동행을 선호합니다. 특히 이번 여행에서는 다양한 액티비티를 통해 새로운 도전과 성장을 경험할 수 있기를 기대하고 있습니다. 궁극적으로 이 여행이 삶의 새로운 활력을 불어넣는 의미 있는 경험이 되기를 바랍니다.","이 사용자는 중국&몽골 지역을 선호하고, 쌀쌀함 기후를 피하고 싶어해요. 여행 목적은 액티비티이며, 4-5성급호텔에서 머무는 걸 좋아하고 오전 10시 이후쯤 기상하는 편이에요.",,
277,둔감,다소 완고,적다,매우 정확,무조건 따름,5,매우 민감,매우 빡빡하게,해외,바다,계획 여행,적당히 봄,코골이 안함,기다림,"유럽,그 외,국내","건조함,추움,상관없음","기록,미식,액티비티","에어비엔비,콘도,게스트하우스",오전 10시 이후,300-400만원,저는 여행 중에 가장 최악의 경험은 일정이 틀어지거나 건조하고 추운 날씨에서 오는 불편함이라고 생각해요. 이번 여행에서는 기록과 미식을 중요시하기 때문에 이러한 경험을 풍부하게 할 수 있는 순간이 꼭 있었으면 해요. 함께 여행하고 싶은 사람은 시간을 정확히 지키고 청결에 신경 쓰는 사람이었으면 좋겠어요. 이번 여행에서 가장 기대하는 것은 다양한 액티비티를 통해 새로운 것들을 경험하는 것입니다. 이번 여행이 제 삶에 새로운 활력이 되어 힐링과 동시에 기록으로 남길 수 있는 의미 있는 시간이 되었으면 합니다.,"이 사용자는 유럽 지역을 선호하고, 건조함 기후를 피하고 싶어해요. 여행 목적은 액티비티이며, 에어비엔비에서 머무는 걸 좋아하고 오전 10시 이후쯤 기상하는 편이에요.",,
278,매우 민감,수용적,많다,종종 늦음,따르는 편,2,매우 민감,꽤 빡빡하게,국내,바다,계획 여행,무조건 다 봄,코골이 안함,다른 곳 간다,"세계일주,그 외,동남아","건조함,추움,습함","휴식,사람&관계,액티비티","민박,상관없음,게스트하우스",오전 9-10시,400만원 이상,"저는 여행 중 고생하는 것을 싫어해서 청결에 민감하고 계획적인 여행을 선호합니다. 예전에 추운 날씨 때문에 고생한 적이 있어, 이번 여행에서는 따뜻한 기후와 더불어 세심한 계획 마련이 중요할 것 같습니다. 사람들과의 관계를 중시하기에 수용적이고 말이 많은 성격 덕분에 좋은 여행 동반자를 찾는 것이 기대되며, 그 동반자는 늦더라도 이해해 줄 수 있는 사람이면 좋겠습니다. 휴식과 새로운 인연을 맺는 것이 우리 여행의 주요 목적이고, 다양한 랜드마크를 모두 볼 기회를 통해 삶의 활력과 새로운 시야를 갖길 바랍니다. 이번 여행을 통해 제 삶에 작은 의미와 환기를 불어넣고 싶은 마음입니다.","이 사용자는 세계일주 지역을 선호하고, 건조함 기후를 피하고 싶어해요. 여행 목적은 사람&관계이며, 상관없음에서 머무는 걸 좋아하고 오전 9-10시쯤 기상하는 편이에요.",,
279,꽤 민감,보통,매우 많다,자주 늦음,따르는 편,3,보통,꽤 여유있게,국내,바다,계획 여행,적당히 봄,코골이 함,기다림,"일본,유럽,국내","더움,쌀쌀함,습함","도전과성장,액티비티,기록","상관없음,민박,게스트하우스",오전 8-9시,100만원 이하,"저는 여행 중 습한 기후 때문에 불편을 겪고 실망한 적이 있어 그런 환경을 피하고 싶어요. 여행할 때 반드시 계획이 필요하며, 이번 여행에서는 자신과의 대화와 기록을 할 수 있는 시간이 꼭 필요해요. 같이 여행하고 싶은 사람은 저와 대화가 잘 통하며, 시간 개념이 유연해 서로 이해할 수 있는 사람이면 좋겠어요. 다른 문화와 환경 속에서 새로운 도전과 성장을 경험하는 것을 가장 기대하고 있어요. 이번 여행을 통해 제 삶에 새로운 활력을 더하고, 일상에서 생각치 못했던 부분을 성장시키고 싶어요.","이 사용자는 유럽 지역을 선호하고, 습함 기후를 피하고 싶어해요. 여행 목적은 도전과성장이며, 상관없음에서 머무는 걸 좋아하고 오전 8-9시쯤 기상하는 편이에요.",,
280,꽤 민감,다소 완고,적다,자주 늦음,무조건 따름,3,매우 민감,매우 빡빡하게,국내,산,즉흥 여행,무조건 다 봄,코골이 함,다른 곳 간다,"미국,동남아,유럽","쌀쌀함,습함,더움","도전과성장,공연&경기관람,미식","에어비엔비,4-5성급호텔,펜션",오전 9-10시,100만원 이하,"저는 여행 중에 시간 약속을 잘 지키지 못해 친구들과 불편한 상황을 겪은 적이 있어 그게 최악의 경험이었어요. 이번 여행에서는 이동하기 수월하게 다양한 공연이나 경기를 관람할 기회를 꼭 챙기고 싶어요. 함께 여행을 가고 싶은 사람은 저처럼 즉흥적으로 다니면서도 다양한 의견을 존중해주는 사람입니다. 이번 여행에서 저는 새로운 경험을 통한 도전과 성장의 기회를 가장 기대하고 있어요. 이 여행이 제 삶에서 새로운 활력소가 되어, 평소보다 더욱 성숙하고 풍요로운 삶을 살아가는데 기여했으면 합니다.","이 사용자는 동남아 지역을 선호하고, 더움 기후를 피하고 싶어해요. 여행 목적은 도전과성장이며, 펜션에서 머무는 걸 좋아하고 오전 9-10시쯤 기상하는 편이에요.",,
281,매우 둔감,매우 수용적,많다,종종 늦음,무조건 리드,3,매우 둔감,매우 빡빡하게,국내,산,계획 여행,적당히 봄,코골이 안함,다른 곳 간다,"세계일주,그 외,동남아","건조함,습함,쌀쌀함","미식,액티비티,쇼핑","콘도,펜션,에어비엔비",오전 8-9시,100만원 이하,"여행 중 가장 최악의 경험은 아마도 예기치 않게 계획이 어긋나고 일정이 빡빡해져서 혼란스러웠던 순간일 것입니다. 그래서 이번 여행에서는 계획된 일정에 맞춰 미식과 액티비티 중심으로 움직이며, 필히 여유로운 아침 시간을 가질 수 있기를 바랍니다. 여행을 함께할 사람은 수용적이고 리더십을 인정해주며, 말이 많은 저와 자연스럽게 소통할 수 있는 사람이면 좋겠어요. 이번 여행에서 가장 기대하는 것은 새로운 맛집을 탐방하고 다양한 액티비티를 통해 일상을 벗어나는 것입니다. 이번 여행은 저에게 일상에서 벗어나 활력을 되찾고 새로운 아이디어와 영감을 얻는 소중한 계기가 되었으면 합니다.","이 사용자는 그 외 지역을 선호하고, 습함 기후를 피하고 싶어해요. 여행 목적은 미식이며, 에어비엔비에서 머무는 걸 좋아하고 오전 8-9시쯤 기상하는 편이에요.",,
282,둔감,다소 완고,매우 많다,매우 정확,보통,1,매우 둔감,보통,국내,산,계획 여행,적당히 봄,코골이 안함,다른 곳 간다,"동남아,일본,국내","추움,쌀쌀함,습함","사람&관계,액티비티,공연&경기관람","민박,3성이하 호텔,에어비엔비",오전 9-10시,200-300만원,"저는 여행 중 추운 기후에서 불쾌한 경험을 했던 적이 있어 절대 피하고 싶습니다. 이번 여행에서는 계획적으로 움직이며, 사람과의 관계와 액티비티를 중시하기에 이를 만족시킬 일정이 필요합니다. 저는 말을 많이 하고, 다른 사람의 의견을 쉽게 수용하지 않는 성향이라 저와 의견이 잘 맞고 대화가 잘 통하는 사람과 여행을 가고 싶습니다. 이번 여행에서는 일본같이 선호하는 지역에서 새로운 사람들과의 관계 속에서 현지 액티비티와 공연, 경기를 보는 것을 가장 기대합니다. 이 여행이 저에게 사람들과의 더 깊은 관계를 형성하고 새로운 경험을 얻는 의미 있는 시간이 되었으면 합니다.","이 사용자는 일본 지역을 선호하고, 추움 기후를 피하고 싶어해요. 여행 목적은 사람&관계이며, 3성이하 호텔에서 머무는 걸 좋아하고 오전 9-10시쯤 기상하는 편이에요.",,
283,보통,매우 완고,많다,자주 늦음,무조건 리드,3,보통,매우 빡빡하게,국내,산,즉흥 여행,적당히 봄,코골이 함,다른 곳 간다,"세계일주,일본,유럽","더움,쌀쌀함,상관없음","도전과성장,기록,문화&역사체험","게스트하우스,에어비엔비,4-5성급호텔",오전 8-9시,400만원 이상,"여행 중 최악의 경험은 아마도 촉박한 일정으로 인한 스트레스가 될 것 같습니다. 하지만 도전과 성장을 중시하기 때문에, 이런 경험들도 하나의 기록이자 배움의 기회로 여깁니다. 이번 여행에서는 문화와 역사의 매력을 경험할 수 있는 장소들이 꼭 포함되었으면 하고, 혼자보다는 길게 얘기하는 걸 좋아하는 사람과 가면 좋을 것 같습니다. 가장 기대되는 점은 여행을 통해 얻는 새로운 시각과 배움이며, 이는 제 삶에 깊이 있는 영향을 줄 것으로 기대합니다. 여행을 통해 얻은 경험이 제 인생의 도전과 성장을 촉진하고, 개인적으로도 큰 의미를 가졌으면 합니다.","이 사용자는 세계일주 지역을 선호하고, 상관없음 기후를 피하고 싶어해요. 여행 목적은 문화&역사체험이며, 에어비엔비에서 머무는 걸 좋아하고 오전 8-9시쯤 기상하는 편이에요.",,
284,보통,매우 완고,매우 많다,보통,무조건 따름,3,매우 민감,매우 빡빡하게,국내,바다,즉흥 여행,무조건 다 봄,코골이 안함,기다림,"그 외,유럽,동남아","상관없음,건조함,더움","도전과성장,사람&관계,문화&역사체험","게스트하우스,펜션,상관없음",오전 10시 이후,300-400만원,"저는 여행을 통해 도전과 성장을 추구하며 사람과 관계를 맺는 경험을 가장 중요하게 여깁니다. 이전에 더운 날씨가 불편했던 기억이 있어, 이번에는 그런 기후를 피하고 싶습니다. 여행 중에는 랜드마크를 빠짐없이 보고 싶고, 오전 10시 이후에 여유롭게 시작하는 일정이 중요해요. 동행자라면 리더십을 발휘해 저를 이끌어주고, 즉흥적인 계획을 즐길 수 있는 사람이면 좋겠습니다. 이번 여행을 통해 문화와 역사를 체험하며 삶에 새로운 의미를 더하고 싶습니다.","이 사용자는 동남아 지역을 선호하고, 더움 기후를 피하고 싶어해요. 여행 목적은 사람&관계이며, 상관없음에서 머무는 걸 좋아하고 오전 10시 이후쯤 기상하는 편이에요.",,
285,매우 둔감,보통,많다,보통,무조건 따름,2,둔감,매우 여유있게,국내,산,즉흥 여행,무조건 다 봄,코골이 안함,기다림,"중국&몽골,미국,국내","추움,더움,건조함","문화&역사체험,휴식,사람&관계","에어비엔비,4-5성급호텔,펜션",오전 10시 이후,300-400만원,"이번 여행에서는 불편한 날씨를 피하고자 기후에 맞는 여행지를 선택하고 싶습니다. 따라서 더운 지역이나 추운 곳은 피할 것이며, 중국이나 몽골 같은 문화와 역사가 풍부한 곳에서 휴식을 취하면서 시간을 보내고 싶습니다. 말수가 많은 편이라 대화가 잘 통하는 사람과 동행하면 좋겠고, 즉흥적인 여행 스타일을 선호해서 일정은 최대한 여유롭게 계획하려고 합니다. 이번 여행을 통해 문화와 역사를 체험하며 쉬어가는 시간을 가지려 하고, 다양한 사람들과의 교류를 통해 관계를 넓히고자 합니다. 4-5성급 호텔 같은 숙소에서의 편안한 숙박과 함께 오래 기다려야 하는 상황도 기꺼이 감수할 준비가 되어 있으며, 그동안의 스트레스를 풀고 삶의 활력을 되찾는 기회가 되었으면 좋겠습니다.","이 사용자는 중국&몽골 지역을 선호하고, 더움 기후를 피하고 싶어해요. 여행 목적은 사람&관계이며, 4-5성급호텔에서 머무는 걸 좋아하고 오전 10시 이후쯤 기상하는 편이에요.",,
286,보통,다소 완고,매우 적다,자주 늦음,무조건 따름,1,보통,꽤 여유있게,국내,산,즉흥 여행,무조건 다 봄,코골이 함,기다림,"미국,세계일주,중국&몽골","쌀쌀함,상관없음,추움","사람&관계,공연&경기관람,도전과성장","콘도,게스트하우스,펜션",오전 10시 이후,300-400만원,"저는 예전 여행에서 쌀쌀한 날씨로 인해 무척 고생했던 경험이 있어요, 그래서 이번 여행에서는 따뜻한 기후가 꼭 필요합니다. 그리고 오전에 늦게 일어나는 편이라 여유 있는 일정이 좋고, 게스트하우스 같은 편안한 숙소에서의 휴식을 기대하고 있습니다. 함께 여행을 할 사람은 저와 의견이 잘 맞고, 리더십을 발휘하여 저를 이끌어줄 수 있는 사람이면 좋겠어요. 사람들과의 관계를 통해 도전과 성장을 경험하는 기회를 기대하고 있으며, 이번 여행이 제 삶에 새로운 인연을 만들고 의미 있는 성장을 가져다 주기를 바랍니다.","이 사용자는 중국&몽골 지역을 선호하고, 쌀쌀함 기후를 피하고 싶어해요. 여행 목적은 사람&관계이며, 게스트하우스에서 머무는 걸 좋아하고 오전 10시 이후쯤 기상하는 편이에요.",,
287,꽤 민감,수용적,보통,자주 늦음,보통,1,꽤 민감,보통,해외,산,계획 여행,적당히 봄,코골이 안함,다른 곳 간다,"유럽,일본,세계일주","건조함,습함,더움","액티비티,기록,미식","에어비엔비,3성이하 호텔,4-5성급호텔",오전 8-9시,300-400만원,"저는 여행 중에 시간 약속을 지키지 못해 예상치 못한 불편을 겪는 경우가 최악의 경험이었습니다. 그래서 이번 여행에서는 철저한 계획과 시간 관리를 통해 불필요한 스트레스를 피하고 싶습니다. 같이 여행을 가고 싶은 사람은 제 소리에 귀 기울이며, 유연하게 계획에 대응할 수 있는 사람이면 좋겠습니다. 이번 여행에서 특히 기대하는 것은 다양한 장소에서의 특별한 순간들을 기록하며 예술적 영감을 얻는 것입니다. 또한, 이번 여행이 저의 삶에 새로운 활력을 불어넣고, 지친 몸과 마음을 회복할 수 있는 기회가 되기를 바랍니다.","이 사용자는 세계일주 지역을 선호하고, 더움 기후를 피하고 싶어해요. 여행 목적은 기록이며, 3성이하 호텔에서 머무는 걸 좋아하고 오전 8-9시쯤 기상하는 편이에요.",,
288,꽤 민감,보통,매우 적다,종종 늦음,보통,1,매우 민감,꽤 여유있게,해외,산,즉흥 여행,무조건 다 봄,코골이 함,다른 곳 간다,"국내,일본,유럽","건조함,상관없음,쌀쌀함","공연&경기관람,기록,미식","민박,상관없음,3성이하 호텔",오전 8-9시,300-400만원,저는 여행 중에 건조한 기후에서 최악의 경험을 했던 적이 있어서 이런 환경은 피하고 싶습니다. 이번 여행에서는 기록을 남기는 것이 가장 중요하기 때문에 좋은 카메라 장비가 꼭 필요합니다. 함께 여행을 가고 싶은 사람은 제 민감한 성향을 이해하고 청결을 중요시하는 사람입니다. 이번 여행에서 일본이나 유럽의 공연이나 스포츠 경기를 관람하는 것을 가장 기대하고 있습니다. 이 여행이 제 삶에 여유롭고 즐거운 기록으로 남기를 바랍니다.,"이 사용자는 국내 지역을 선호하고, 건조함 기후를 피하고 싶어해요. 여행 목적은 기록이며, 상관없음에서 머무는 걸 좋아하고 오전 8-9시쯤 기상하는 편이에요.",,
289,둔감,다소 완고,적다,보통,리드하는편,3,매우 민감,꽤 여유있게,해외,산,즉흥 여행,무조건 다 봄,코골이 함,다른 곳 간다,"세계일주,유럽,미국","상관없음,추움,건조함","쇼핑,휴식,액티비티","4-5성급호텔,3성이하 호텔,에어비엔비",오전 10시 이후,100만원 이하,"여행 중 가장 최악의 경험은 청결하지 않은 숙소였는데, 저는 청결에 매우 민감하기 때문입니다. 이번 여행에서는 액티비티를 충분히 즐길 수 있는 기회가 꼭 필요합니다. 함께 여행하고 싶은 사람은 리드할 수 있는 성향을 받아들이며, 결정에 있어서도 유연한 사람이면 좋겠습니다. 이번 여행에서 가장 기대하는 것은 세계일주 지역에서 랜드마크를 모두 보는 것입니다. 이번 여행이 제 삶에 주는 의미는 일상에서 벗어나 여유로운 일정으로 새로운 경험을 통해 자신을 재충전하는 데 있습니다.","이 사용자는 세계일주 지역을 선호하고, 건조함 기후를 피하고 싶어해요. 여행 목적은 액티비티이며, 3성이하 호텔에서 머무는 걸 좋아하고 오전 10시 이후쯤 기상하는 편이에요.",,
290,보통,매우 완고,매우 많다,매우 정확,따르는 편,3,둔감,꽤 여유있게,해외,바다,즉흥 여행,무조건 다 봄,코골이 안함,기다림,"그 외,세계일주,국내","쌀쌀함,상관없음,더움","문화&역사체험,쇼핑,도전과성장","민박,콘도,펜션",오전 9-10시,300-400만원,"저는 해외 여행을 좋아하며, 각국의 문화와 역사를 체험하는 것을 중시합니다. 이번 여행에서는 시간이 여유로운 일정 속에서도 바다를 보며 평화롭게 즐기고 싶습니다. 코골이는 안 해서 크게 신경 쓰지 않지만 동행자는 서로 이야기 나누기를 좋아하는 사람이어야 하며, 계획을 잘 따라줬으면 합니다. 가장 피하고 싶은 것은 쌀쌀한 기후이며, 관광의 꽃인 랜드마크 방문은 놓치지 않으려 합니다. 제 삶에 있어 이번 여행은 새로운 도전과 성장을 통해 더 넓은 세상을 바라보는 계기가 되었으면 합니다.","이 사용자는 세계일주 지역을 선호하고, 쌀쌀함 기후를 피하고 싶어해요. 여행 목적은 문화&역사체험이며, 펜션에서 머무는 걸 좋아하고 오전 9-10시쯤 기상하는 편이에요.",,
291,매우 민감,다소 완고,적다,매우 정확,리드하는편,4,매우 둔감,꽤 빡빡하게,해외,산,계획 여행,적당히 봄,코골이 안함,기다림,"미국,동남아,세계일주","추움,쌀쌀함,건조함","사람&관계,휴식,액티비티","콘도,민박,3성이하 호텔",오전 9-10시,300-400만원,"저는 계획적으로 리드하는 스타일이라 여행 중 시간 약속을 잘 지키는 일정이 중요해요. 과거의 최악의 경험은 춥고 건조한 기후에서 고생했던 것이고, 이번에는 따뜻한 날씨를 기대하며 그에 맞춘 준비물을 챙기고 싶어요. 함께할 사람도 의견을 존중해주되 저와 공동의 여행 목표를 가진 사람이었으면 좋겠어요. 이번 여행에서는 특히 미국이나 동남아 같은 지역에서 다양한 사람과 관계를 형성하며 액티비티를 즐기는 것을 기대합니다. 궁극적으로 이 여행을 통해 일상에서 벗어나 휴식과 새로운 경험을 통한 성장을 얻고 싶습니다.","이 사용자는 세계일주 지역을 선호하고, 쌀쌀함 기후를 피하고 싶어해요. 여행 목적은 휴식이며, 콘도에서 머무는 걸 좋아하고 오전 9-10시쯤 기상하는 편이에요.",,
292,보통,매우 완고,많다,매우 정확,무조건 리드,1,둔감,매우 여유있게,해외,바다,즉흥 여행,무조건 다 봄,코골이 함,다른 곳 간다,"동남아,세계일주,미국","상관없음,습함,건조함","도전과성장,휴식,미식","3성이하 호텔,상관없음,민박",오전 8-9시,400만원 이상,"이번 여행에서 가장 기대되는 것은 다양한 나라에서의 미식 경험과 새로운 문화에서의 도전과 성장입니다. 함께 여행을 가고 싶은 사람은 다른 의견에 나의 견해를 이해해 주고, 내가 리드하는 상황을 편안하게 받아들일 수 있는 사람일 것입니다. 하지만 함께 여행할 때 코골이로 인해 상대방이 불편해하지 않았으면 좋겠습니다. 여행 중 최악의 경험으로는 약속 시간이 어기는 상황이나 습한 기후에 놓이는 것을 피하고 싶습니다. 이번 여행이 제 삶에 휴식과 더불어 세계적인 관점에서의 삶에 대한 새로운 통찰을 제공해 주기를 바랍니다.","이 사용자는 세계일주 지역을 선호하고, 습함 기후를 피하고 싶어해요. 여행 목적은 미식이며, 3성이하 호텔에서 머무는 걸 좋아하고 오전 8-9시쯤 기상하는 편이에요.",,
293,꽤 민감,수용적,많다,보통,무조건 리드,4,매우 둔감,매우 여유있게,국내,산,즉흥 여행,적당히 봄,코골이 함,다른 곳 간다,"세계일주,일본,미국","더움,추움,상관없음","휴식,사람&관계,기록","3성이하 호텔,에어비엔비,민박",오전 10시 이후,100만원 이하,여행 중 최악의 경험이라면 코골이로 인해 불편했던 순간이라 생각해요. 그래서 이번 여행에서는 편안한 숙면을 취할 수 있도록 조용한 숙소가 꼭 필요해요. 함께 여행을 가고 싶은 사람은 수용적이며 함께 즉흥적으로 즐길 수 있는 사람일 겁니다. 이번 여행에서 가장 기대하는 것은 새로운 경험과 기록입니다. 이러한 경험들이 제 삶에 휴식과 사람 간의 관계를 더욱 풍요롭게 만들어주길 기대하고 있어요.,"이 사용자는 일본 지역을 선호하고, 더움 기후를 피하고 싶어해요. 여행 목적은 기록이며, 에어비엔비에서 머무는 걸 좋아하고 오전 10시 이후쯤 기상하는 편이에요.",,
294,매우 민감,보통,매우 많다,보통,무조건 리드,3,보통,매우 빡빡하게,해외,산,즉흥 여행,무조건 다 봄,코골이 안함,기다림,"동남아,유럽,일본","상관없음,건조함,습함","미식,문화&역사체험,사람&관계","콘도,민박,게스트하우스",오전 8-9시,200-300만원,"저는 주로 유럽과 같은 해외 여행지를 선호하며, 특히 미식을 즐기고 문화 및 역사 체험을 중요하게 생각합니다. 이번 여행에서 꼭 챙기고 싶은 것은 다양한 미식 경험이며, 이를 위해 콘도나 게스트하우스 같은 숙소에서 머물며 충분히 즐기고 싶습니다. 같이 여행할 사람은 재미있고 다정한 사람이라면 좋겠고, 서로의 의견을 잘 조율할 수 있으면 좋겠습니다. 무엇보다도 이번 여행에서의 경험들이 제 일상에 활력을 주고 새로운 문화적 인사이트를 제공했으면 합니다. 이전의 여행에서 준비가 부족해 예상치 못한 상황에 놀란 적이 있어, 이번에는 조금 더 계획적이며 풍성한 경험을 쌓고 싶다는 기대도 큽니다.","이 사용자는 유럽 지역을 선호하고, 상관없음 기후를 피하고 싶어해요. 여행 목적은 미식이며, 콘도에서 머무는 걸 좋아하고 오전 8-9시쯤 기상하는 편이에요.",,
295,둔감,보통,매우 많다,보통,보통,1,매우 둔감,꽤 여유있게,해외,산,즉흥 여행,적당히 봄,코골이 함,다른 곳 간다,"중국&몽골,유럽,일본","건조함,쌀쌀함,습함","기록,액티비티,미식","게스트하우스,4-5성급호텔,상관없음",오전 8-9시,200-300만원,"저는 여행할 때 액티비티를 즐기고 기록을 남기는 것을 좋아하는데, 가장 나쁜 경험은 기후가 불쾌한 경우였어요. 그런 이유로 이번 여행에서는 기후 조건이 쾌적하고 흥미로운 액티비티가 많은 지역을 선택하고 싶어요. 같이 여행을 가고 싶은 사람으로는 즉흥적인 계획을 함께 즐길 수 있는 사람을 선호합니다. 이번 여행에서 가장 기대하는 것은 일본의 다양한 액티비티와 문화 체험이며, 이 여행이 제 삶에 새로운 활력을 주기를 바랍니다. 친구들과 자유로운 여행을 하면서 게스트하우스에 머물고, 아침은 여유롭게 시작해 다채로운 경험을 쌓는 시간을 보내고자 합니다.","이 사용자는 일본 지역을 선호하고, 습함 기후를 피하고 싶어해요. 여행 목적은 액티비티이며, 게스트하우스에서 머무는 걸 좋아하고 오전 8-9시쯤 기상하는 편이에요.",,
296,보통,다소 완고,매우 적다,꽤 정확,리드하는편,4,매우 둔감,매우 빡빡하게,국내,바다,즉흥 여행,무조건 다 봄,코골이 함,다른 곳 간다,"일본,유럽,세계일주","습함,추움,쌀쌀함","휴식,도전과성장,문화&역사체험","에어비엔비,3성이하 호텔,4-5성급호텔",오전 9-10시,300-400만원,"저는 여행 중 최악의 경험은 지나치게 습하거나 추운 기후에서 불편했던 기억이 있어요. 이번 여행에서는 시간 약속을 잘 지키는 파트너와 함께하며 랜드마크를 빠짐없이 탐방하고 싶습니다. 가장 기대하는 것은 새로운 문화와 역사를 체험하면서 휴식을 취하는 것이며, 이를 통해 도전과 성장의 시간을 갖고 싶습니다. 이번 여행이 제 삶에 의미 있는 변화를 줄 수 있는 도전의 기회가 되었으면 합니다. 또한, 체력적 한계를 피하고자 적당한 수준의 숙소와 함께 예산 내에서 효율적으로 여행 계획을 세울 것입니다.","이 사용자는 일본 지역을 선호하고, 추움 기후를 피하고 싶어해요. 여행 목적은 문화&역사체험이며, 3성이하 호텔에서 머무는 걸 좋아하고 오전 9-10시쯤 기상하는 편이에요.",,
297,보통,매우 완고,적다,자주 늦음,무조건 리드,3,매우 민감,매우 여유있게,해외,바다,즉흥 여행,무조건 다 봄,코골이 안함,기다림,"유럽,국내,그 외","습함,더움,건조함","휴식,도전과성장,미식","게스트하우스,펜션,상관없음",오전 10시 이후,200-300만원,"저는 여행 중 습하고 더운 기후에서 힘든 경험을 했던 적이 있어, 이번 여행에서는 되도록 그럴 일이 없도록 하고 싶습니다. 특히 여행 중에는 미식 경험과 다양한 지역의 맛있는 음식을 즐기는 것이 무엇보다 중요해요. 함께 여행하고 싶은 사람은 결정이 빠르고 즉흥적인 계획을 잘 받아들이면서, 저의 의견을 존중할 수 있는 사람입니다. 이번 여행에서는 새로운 문화와 음식을 즐기고 싶으며, 이를 통해 제 삶에 도전과 성장을 위한 기회가 되었으면 해요. 이 여행의 의미는 나에게 편안한 휴식과 더불어 조금의 예측 불가능한 모험을 즐기는 데 있습니다.","이 사용자는 그 외 지역을 선호하고, 더움 기후를 피하고 싶어해요. 여행 목적은 미식이며, 게스트하우스에서 머무는 걸 좋아하고 오전 10시 이후쯤 기상하는 편이에요.",,
298,보통,다소 완고,매우 많다,매우 정확,리드하는편,2,매우 민감,매우 빡빡하게,국내,산,계획 여행,무조건 다 봄,코골이 함,기다림,"중국&몽골,일본,국내","건조함,더움,상관없음","자연감상,문화&역사체험,미식","콘도,3성이하 호텔,게스트하우스",오전 9-10시,200-300만원,"저는 계획적인 성향이라 여행 중 가장 신경 쓰이는 것은 일정의 빡빡함에 따른 체력 소모입니다. 따라서 여행 중 필요하다고 생각하는 것은 체력을 잘 안배할 수 있는 방법이나 환경입니다. 같이 여행하고 싶은 사람은 시간 약속을 잘 지키고, 청결을 중요시하며 리더십을 갖춘 사람이라면 좋겠습니다. 이번 여행에서 가장 기대하는 것은 자연 감상과 새로운 문화 및 역사를 체험하는 것입니다. 또한, 이번 여행이 제 삶에 있어 새로운 시야를 넓히고, 문화적인 통찰력을 얻는 계기가 되었으면 합니다.","이 사용자는 중국&몽골 지역을 선호하고, 건조함 기후를 피하고 싶어해요. 여행 목적은 자연감상이며, 3성이하 호텔에서 머무는 걸 좋아하고 오전 9-10시쯤 기상하는 편이에요.",,
299,매우 민감,보통,적다,매우 정확,리드하는편,2,둔감,꽤 빡빡하게,해외,산,계획 여행,무조건 다 봄,코골이 함,기다림,"세계일주,일본,미국","쌀쌀함,추움,더움","문화&역사체험,휴식,미식","3성이하 호텔,4-5성급호텔,민박",오전 8-9시,400만원 이상,"저는 여행 중에 날씨가 쌀쌀하거나 더운 경우가 제일 힘들기 때문에 온화한 기후를 만나길 바랍니다. 이번 여행에서는 꼭 모든 랜드마크를 방문할 수 있는 치밀한 계획이 필수적입니다. 함께 여행할 사람은 시간을 잘 지키고 함께 역사를 탐방하는 데 관심이 많다면 좋겠습니다. 무엇보다 이번 여행에서 기대하는 것은 새로운 문화와 미식을 경험하는 것이고, 이는 제 삶에 다양한 관점과 편안한 휴식을 제공하는 의미를 가집니다.","이 사용자는 일본 지역을 선호하고, 더움 기후를 피하고 싶어해요. 여행 목적은 미식이며, 3성이하 호텔에서 머무는 걸 좋아하고 오전 8-9시쯤 기상하는 편이에요.",,
300,매우 둔감,보통,적다,자주 늦음,보통,4,꽤 민감,매우 여유있게,국내,산,즉흥 여행,적당히 봄,코골이 함,다른 곳 간다,"일본,동남아,중국&몽골","상관없음,더움,건조함","쇼핑,사람&관계,휴식","펜션,민박,콘도",오전 8-9시,100만원 이하,"저는 자유롭고 여유 있는 일정을 좋아하는 성향이라 즉흥적으로 여행하는 편입니다. 이번 여행에서도 숙소는 민박이나 펜션을 선호하며, 편안한 휴식을 기대하고 있습니다. 이전 여행에서 가장 힘들었던 건 계획에 얽매이거나 지친 상황이었기에 이번엔 편안함과 함께 관계를 더 중요시하고자 합니다. 함께 가고 싶은 사람은 지나치게 예민하지 않은 성격의 사람이며, 쇼핑도 즐기고 싶습니다. 이번 여행은 일상의 스트레스를 잊고 새로운 에너지를 얻는 시간이 되었으면 합니다.","이 사용자는 일본 지역을 선호하고, 건조함 기후를 피하고 싶어해요. 여행 목적은 휴식이며, 민박에서 머무는 걸 좋아하고 오전 8-9시쯤 기상하는 편이에요.",,
301,보통,보통,매우 많다,매우 정확,리드하는편,2,둔감,매우 빡빡하게,국내,산,즉흥 여행,무조건 다 봄,코골이 함,다른 곳 간다,"미국,중국&몽골,일본","습함,상관없음,더움","공연&경기관람,사람&관계,기록","에어비엔비,게스트하우스,펜션",오전 8-9시,400만원 이상,여행 중 최악의 경험은 습한 날씨 속에서 빡빡한 일정으로 무리하게 여행을 한 것이었습니다. 그래서 이번에는 산과 공연 관람을 통해 에너지와 즐거움을 만끽할 계획입니다. 여행을 함께 할 사람은 말이 많고 즉흥적인 저에게 유연하게 맞춰줄 수 있는 사람이면 좋겠습니다. 특히 이번 여행에서는 새로운 사람들과의 만남과 관계 형성을 기대하고 있습니다. 이번 여행이 바쁘고 계획적인 삶 속에서 잊지 못할 추억으로 남길 바랍니다.,"이 사용자는 일본 지역을 선호하고, 습함 기후를 피하고 싶어해요. 여행 목적은 공연&경기관람이며, 펜션에서 머무는 걸 좋아하고 오전 8-9시쯤 기상하는 편이에요.",,
302,매우 둔감,보통,매우 적다,종종 늦음,따르는 편,2,매우 둔감,매우 빡빡하게,국내,산,즉흥 여행,적당히 봄,코골이 안함,다른 곳 간다,"미국,동남아,그 외","습함,상관없음,쌀쌀함","도전과성장,미식,문화&역사체험","콘도,상관없음,에어비엔비",오전 9-10시,100만원 이하,"여행 중 가장 싫었던 경험은 시간이 빡빡해서 놓친 볼거리들이나 미식 경험을 못한 것이에요. 이번 여행에서는 시간적 여유를 가지고 즐길 수 있는 문화와 역사 체험이 꼭 필요합니다. 함께 여행을 가고 싶은 사람은 계획적이거나, 즉흥적인 저와 잘 맞추어가면서 즐길 수 있는 사람이 좋겠어요. 무엇보다 도전과 성장을 통해 얻는 문화적 경험을 기대하고 있으며, 이번 여행이 이러한 경험을 통해 제 삶에 새로운 영감을 주고 싶은 마음입니다. 습하거나 쌀쌀한 기후는 피하고, 좀 더 따뜻한 환경에서 여행하고 싶습니다.","이 사용자는 그 외 지역을 선호하고, 쌀쌀함 기후를 피하고 싶어해요. 여행 목적은 문화&역사체험이며, 상관없음에서 머무는 걸 좋아하고 오전 9-10시쯤 기상하는 편이에요.",,
303,보통,매우 완고,많다,보통,무조건 따름,1,매우 민감,꽤 빡빡하게,국내,산,계획 여행,적당히 봄,코골이 함,기다림,"일본,국내,중국&몽골","추움,건조함,상관없음","미식,자연감상,쇼핑","펜션,민박,3성이하 호텔",오전 8-9시,100만원 이하,"저는 여행 중 청결 문제로 인한 불편한 경험을 최악으로 꼽습니다. 그래서 이번 여행에서는 깨끗한 숙소가 꼭 필요합니다. 함께 여행하고 싶은 사람은 저처럼 정리정돈에 신경 쓰고, 계획적인 일정을 따르는 사람입니다. 이번 여행에서 가장 기대하는 것은 자연을 감상하며, 다양한 음식을 맛보는 것입니다. 일상을 벗어나고 새로운 경험을 통해 삶에 활력을 불어넣는 의미 있는 시간이 되길 바랍니다.","이 사용자는 일본 지역을 선호하고, 건조함 기후를 피하고 싶어해요. 여행 목적은 쇼핑이며, 펜션에서 머무는 걸 좋아하고 오전 8-9시쯤 기상하는 편이에요.",,
304,둔감,보통,많다,보통,따르는 편,4,매우 민감,보통,해외,산,계획 여행,무조건 다 봄,코골이 함,기다림,"그 외,유럽,미국","더움,건조함,습함","공연&경기관람,기록,자연감상","4-5성급호텔,에어비엔비,상관없음",오전 10시 이후,200-300만원,"저는 특히 공연이나 경기를 관람하고 자연을 감상하는 여행을 좋아하며, 이번 여행에서도 그런 경험들을 기대하고 있습니다. 가장 싫어하는 여행 중 최악의 경험은 불편함이 가중되는 더운 기후에서의 체류였고, 이를 피하고 싶어 합니다. 이번 여행에서는 내가 중요하게 생각하는 기록을 위해 카메라나 노트가 꼭 필요하다고 느껴요. 함께 여행하고 싶은 사람은 청결에 민감하고 제가 리더십을 발휘하기보다는 자연스럽게 따를 수 있는 성향의 사람이면 좋겠어요. 이번 여행이 제 삶에 남기는 의미는 새로운 문화와 환경을 경험하며 나의 기록을 풍부하게 하고, 그 자체로 다음 모험을 위한 지침이 되었으면 합니다.","이 사용자는 그 외 지역을 선호하고, 건조함 기후를 피하고 싶어해요. 여행 목적은 기록이며, 에어비엔비에서 머무는 걸 좋아하고 오전 10시 이후쯤 기상하는 편이에요.",,
305,둔감,매우 수용적,보통,보통,리드하는편,1,보통,매우 빡빡하게,국내,산,즉흥 여행,적당히 봄,코골이 안함,기다림,"중국&몽골,동남아,그 외","추움,건조함,상관없음","사람&관계,미식,문화&역사체험","상관없음,콘도,4-5성급호텔",오전 9-10시,400만원 이상,"여행 중 가장 피하고 싶은 것은 추운 날씨와 건조한 기후입니다. 따라서 이번 여행에서 따뜻하고 습기가 적당한 중국이나 몽골을 탐방하는 것은 필수적입니다. 함께 여행하고 싶은 사람은 유연하고 순응적이며, 저처럼 즉흥적인 여행을 즐길 수 있는 친구들입니다. 가장 기대되는 것은 새로운 사람들과의 만남, 미식 체험, 그리고 해당 지역의 문화와 역사에 대한 깊은 이해입니다. 이번 여행을 통해 다양한 문화와 사람들을 접하면서 개인적인 성장을 경험하고 싶습니다.","이 사용자는 중국&몽골 지역을 선호하고, 건조함 기후를 피하고 싶어해요. 여행 목적은 문화&역사체험이며, 콘도에서 머무는 걸 좋아하고 오전 9-10시쯤 기상하는 편이에요.",,
306,꽤 민감,수용적,많다,꽤 정확,리드하는편,4,꽤 민감,매우 여유있게,해외,바다,즉흥 여행,적당히 봄,코골이 함,기다림,"국내,일본,동남아","추움,더움,쌀쌀함","공연&경기관람,쇼핑,휴식","민박,에어비엔비,상관없음",오전 8-9시,200-300만원,"여행 중 날씨가 추워서 고생했던 경험은 피하고 싶고, 일정에 얽매이지 않고 여유 있게 시간을 보내며 휴식을 취할 계획입니다. 이번 여행에서는 공연이나 경기를 관람할 기회가 꼭 있었으면 좋겠고, 기상 시간은 오전 8-9시 사이로 맞춰 하루를 시작하고 싶습니다. 함께 여행할 사람은 배려심 있고 의견을 잘 수용하는 성격이었으면 좋겠어요. 칠하고 싶지 않은 날씨와 함께 좋아하는 바다를 보며 쇼핑도 즐기고 싶습니다. 이 여행을 통해 일상에서 벗어나 새로운 경험을 쌓아 삶의 활력을 되찾는 계기가 되길 바랍니다.","이 사용자는 동남아 지역을 선호하고, 쌀쌀함 기후를 피하고 싶어해요. 여행 목적은 휴식이며, 에어비엔비에서 머무는 걸 좋아하고 오전 8-9시쯤 기상하는 편이에요.",,
307,둔감,수용적,많다,종종 늦음,무조건 리드,1,보통,매우 빡빡하게,해외,산,계획 여행,무조건 다 봄,코골이 안함,다른 곳 간다,"중국&몽골,유럽,동남아","쌀쌀함,더움,추움","쇼핑,문화&역사체험,자연감상","3성이하 호텔,상관없음,에어비엔비",오전 10시 이후,200-300만원,"저는 여행 중에 가장 피하고 싶은 것은 기후가 너무 춥거나 더운 상황에서 오래 기다리는 것인데, 그래서 적절한 날씨에서 편하게 자연을 감상할 수 있는 것을 중요하게 생각합니다. 그래서 이번 여행에서는 꼭 날씨를 잘 고려하여 계획을 세우고, 여러 볼거리와 문화 체험을 함께 할 수 있는 사람들과 가고 싶습니다. 특히 말을 많이 하면서도 수용적인 사람들과의 여행을 선호하며, 동행인들은 시간 약속에 크게 구애받지 않는 여유로운 성향을 가지고 있으면 좋겠습니다. 이번 여행에서는 유럽이나 동남아시아에서의 문화와 자연을 체험하며 새로운 영감을 얻기를 기대하고 있습니다. 이 여행을 통해 일상의 스트레스를 잊고, 삶의 활력을 재충전하는 기회로 만들고 싶습니다.","이 사용자는 중국&몽골 지역을 선호하고, 쌀쌀함 기후를 피하고 싶어해요. 여행 목적은 자연감상이며, 상관없음에서 머무는 걸 좋아하고 오전 10시 이후쯤 기상하는 편이에요.",,
308,꽤 민감,수용적,많다,매우 정확,무조건 따름,5,보통,매우 빡빡하게,국내,산,계획 여행,무조건 다 봄,코골이 안함,다른 곳 간다,"중국&몽골,미국,동남아","쌀쌀함,건조함,상관없음","쇼핑,도전과성장,자연감상","에어비엔비,콘도,게스트하우스",오전 9-10시,300-400만원,"저는 계획적인 여행을 좋아해서 일정이 빡빡하게 짜여 있는 것이 좋지만, 그렇기 때문에 시간 약속을 지키지 못하거나 예정에 없이 대기해야 하는 상황이 최악의 경험으로 남아 있습니다. 여행에서 중요한 것은 쇼핑과 도전과 성장을 통한 자연 감상인데, 이번 여행에서도 이 점을 기대하며 특히 다양한 랜드마크를 모두 챙기는 것이 좋습니다. 함께 여행하고 싶은 사람은 제가 리더십을 따를 수 있는 신뢰할 수 있는 사람이며, 또한 일정에 휘말리지 않고 침착하게 잘 따를 수 있는 사람이길 바랍니다. 이번 여행은 저에게 있어 새로운 도전과 성장을 발견하는 계기가 되었으면 합니다. 이를 통해 여행이 단순한 휴식이 아니라 삶의 변화를 이끌 수 있는 의미 있는 시간이 되길 바랍니다.","이 사용자는 동남아 지역을 선호하고, 건조함 기후를 피하고 싶어해요. 여행 목적은 도전과성장이며, 에어비엔비에서 머무는 걸 좋아하고 오전 9-10시쯤 기상하는 편이에요.",,
309,매우 둔감,매우 수용적,매우 적다,자주 늦음,무조건 따름,2,매우 민감,보통,국내,바다,즉흥 여행,적당히 봄,코골이 함,기다림,"세계일주,중국&몽골,유럽","건조함,상관없음,추움","공연&경기관람,자연감상,문화&역사체험","에어비엔비,게스트하우스,3성이하 호텔",오전 10시 이후,100만원 이하,"여행 중 최악의 경험은 예기치 못한 일정 변경으로 인해 긴 기다림을 경험했을 때입니다. 그래서 이번 여행에서는 충분한 휴식을 취할 수 있는 청결한 에어비앤비 숙소가 꼭 필요합니다. 함께 여행 갈 사람은 수용적이고 여유롭고 저와 비슷하게 계획보다는 즉흥적인 것을 즐기는 사람이면 좋겠습니다. 이번 여행에서 자연을 감상하고 공연이나 경기를 관람하는 것을 가장 기대하며, 이러한 경험들이 저의 일상에서 벗어나 새로운 시야를 열어주기를 바랍니다. 이러한 여유로운 여행이 일종의 재충전의 시간이 되어 삶에 긍정적인 영향을 미쳤으면 합니다.","이 사용자는 중국&몽골 지역을 선호하고, 추움 기후를 피하고 싶어해요. 여행 목적은 자연감상이며, 에어비엔비에서 머무는 걸 좋아하고 오전 10시 이후쯤 기상하는 편이에요.",,
310,보통,수용적,보통,꽤 정확,리드하는편,4,매우 둔감,꽤 여유있게,해외,바다,계획 여행,무조건 다 봄,코골이 함,기다림,"미국,유럽,그 외","쌀쌀함,추움,건조함","문화&역사체험,쇼핑,자연감상","민박,콘도,게스트하우스",오전 9-10시,300-400만원,"저는 여행 중 쌀쌀하고 건조한 날씨를 겪을 때가 가장 힘들었는데, 이번에는 따뜻한 기후의 미국이나 유럽에서 문화와 역사를 체험하며 그럴 걱정 없이 여행하고 싶습니다. 이번 여행에서는 여유 있는 일정이 중요하므로 무리하게 급하게 이동하지 않으려고 계획하며, 모든 주요 랜드마크를 둘러보는 것이 목표입니다. 함께 여행할 사람은 비슷한 방식으로 계획을 존중하고 새로운 경험을 수용하는 성향이면 좋겠습니다. 자연 속에서의 감상 역시 큰 기대를 걸고 있으며, 이번 여행이 저에게 색다른 문화적 인사이트와 새로운 영감을 주길 바랍니다. 여행 예산도 넉넉히 준비했기 때문에 가벼운 쇼핑도 즐기고 싶습니다.","이 사용자는 미국 지역을 선호하고, 쌀쌀함 기후를 피하고 싶어해요. 여행 목적은 문화&역사체험이며, 콘도에서 머무는 걸 좋아하고 오전 9-10시쯤 기상하는 편이에요.",,
311,둔감,매우 수용적,보통,매우 정확,무조건 따름,1,둔감,꽤 빡빡하게,국내,산,계획 여행,적당히 봄,코골이 함,다른 곳 간다,"세계일주,중국&몽골,미국","쌀쌀함,습함,더움","미식,기록,휴식","상관없음,민박,4-5성급호텔",오전 9-10시,400만원 이상,"저는 여행 중 웨이팅을 피하기 위해 극히 혼잡하거나 기다림이 필요한 장소를 피하려고 하고, 정확한 시간 약속을 중시합니다. 같이 여행을 가고 싶은 사람은 유연하고 수용적인 성격을 가진 사람이면 좋겠고, 산을 선호하는 편이라 그런 환경에서의 경험을 더욱 기대하고 있습니다. 이번 여행에서는 무엇보다도 미식과 기록을 통해 얻는 만족감을 중요하게 생각하고 있으며, 4-5성급 호텔에서의 편안한 휴식이 필수적입니다. 이번 여행이 저에게는 단순한 휴식이 아니라 삶의 새로운 에너지를 얻는 계기가 되었으면 합니다.","이 사용자는 중국&몽골 지역을 선호하고, 더움 기후를 피하고 싶어해요. 여행 목적은 휴식이며, 4-5성급호텔에서 머무는 걸 좋아하고 오전 9-10시쯤 기상하는 편이에요.",,
312,매우 둔감,매우 완고,많다,자주 늦음,리드하는편,2,보통,매우 빡빡하게,해외,바다,계획 여행,무조건 다 봄,코골이 안함,다른 곳 간다,"동남아,일본,중국&몽골","더움,쌀쌀함,건조함","자연감상,기록,휴식","상관없음,펜션,콘도",오전 9-10시,100만원 이하,"저는 동남아에서의 여행을 계획할 때 일정을 꽉 채우는 편이지만, 덥거나 쌀쌀한 날씨는 피하려고 합니다. 많은 랜드마크를 보고 기록을 남기는 것이 중요하기 때문에 이번 여행에는 반드시 카메라가 있어야 합니다. 리더십을 발휘하여 저와 비슷하게 계획적이고 말이 많은 사람과 여행하는 것을 선호합니다. 여행에서 자연을 감상하고 휴식을 취하며 삶의 다양한 순간을 기록할 수 있기를 기대하고 있으며, 이런 경험들이 제 삶에 소중한 기억으로 남기를 원합니다. 여행의 최악의 경험은 아마도 기상 시간을 놓쳐 일정을 미처 소화하지 못하는 순간일 것입니다.","이 사용자는 동남아 지역을 선호하고, 더움 기후를 피하고 싶어해요. 여행 목적은 기록이며, 콘도에서 머무는 걸 좋아하고 오전 9-10시쯤 기상하는 편이에요.",,
313,보통,수용적,보통,종종 늦음,무조건 따름,5,보통,매우 여유있게,국내,산,계획 여행,적당히 봄,코골이 안함,다른 곳 간다,"유럽,세계일주,미국","건조함,쌀쌀함,추움","자연감상,사람&관계,문화&역사체험","3성이하 호텔,상관없음,4-5성급호텔",오전 10시 이후,300-400만원,"저는 여행 중 약속 시간에 늦는 일이 종종 있어서 일행과의 약속이 어긋난 적이 최악의 경험 중 하나였습니다. 그래서 이번 여행에서는 여유 있는 일정이 꼭 필요합니다. 함께 여행하고 싶은 사람은 수용적이며 의견을 잘 맞춰줄 수 있는 사람입니다. 이번 여행에서는 미국의 문화와 역사 체험을 가장 기대하고 있으며, 이를 통해 자연과 사람, 다양한 문화를 감상하고 경험하면서 새로운 인연도 만들고 싶습니다. 저는 이번 여행이 제 삶에 즐거운 추억을 더해주고, 고요한 자연 속에서 힐링의 시간을 가져다주기를 바랍니다.","이 사용자는 미국 지역을 선호하고, 건조함 기후를 피하고 싶어해요. 여행 목적은 문화&역사체험이며, 4-5성급호텔에서 머무는 걸 좋아하고 오전 10시 이후쯤 기상하는 편이에요.",,
314,매우 둔감,매우 수용적,많다,보통,보통,1,매우 둔감,매우 여유있게,국내,산,계획 여행,무조건 다 봄,코골이 함,다른 곳 간다,"유럽,미국,동남아","습함,추움,더움","사람&관계,문화&역사체험,공연&경기관람","콘도,민박,에어비엔비",오전 10시 이후,400만원 이상,"여행 중 최악의 경험은 습하거나 추운 장소에서의 일정이었어요, 이런 기후는 피하고 싶거든요. 그래서 이번 여행에서는 조금 더 따뜻하고 건조한 기후가 꼭 있었으면 해요. 같이 여행을 가고 싶은 사람은 제 의견을 잘 들어주고 대화가 많은 사람일 거예요. 이번 여행에서 가장 기대하는 것은, 문화와 역사를 체험하면서 새로운 인연을 만드는 것인데, 이는 저의 삶에 다양한 관계를 더하면서 긍정적인 변화를 가져다줄 수 있다고 생각해요. 여행을 통해 이런 경험들은 삶의 의미를 풍부하게 만들어줄 거라 믿어요.","이 사용자는 미국 지역을 선호하고, 추움 기후를 피하고 싶어해요. 여행 목적은 문화&역사체험이며, 민박에서 머무는 걸 좋아하고 오전 10시 이후쯤 기상하는 편이에요.",,
315,둔감,다소 완고,매우 많다,종종 늦음,무조건 리드,2,둔감,보통,국내,산,계획 여행,적당히 봄,코골이 안함,다른 곳 간다,"유럽,그 외,세계일주","쌀쌀함,상관없음,추움","휴식,미식,쇼핑","게스트하우스,펜션,상관없음",오전 8-9시,300-400만원,"저는 여행 중에 계획과 다른 상황이 발생할 경우를 제일 꺼려하는데요, 특히 일정에 차질이 생겨 늦거나 다른 지역으로 이동해야 할 때가 최악의 경험이었던 것 같아요. 그래서 이번 여행에는 철저한 계획이 꼭 필요하다고 생각합니다. 함께 여행할 사람으로는 대화가 많고 리드를 잘 따라올 수 있는 사람을 선호하죠. 이번 여행에서는 특히 유럽의 다양한 음식을 맛보는 것에 큰 기대를 걸고 있습니다. 이런 경험들이 쌓여 제 삶에 새로운 활력을 주고 더 많은 여행에 대한 동기부여가 되었으면 좋겠습니다.","이 사용자는 유럽 지역을 선호하고, 쌀쌀함 기후를 피하고 싶어해요. 여행 목적은 미식이며, 게스트하우스에서 머무는 걸 좋아하고 오전 8-9시쯤 기상하는 편이에요.",,
316,둔감,매우 수용적,매우 적다,종종 늦음,무조건 리드,1,매우 둔감,꽤 빡빡하게,국내,산,계획 여행,적당히 봄,코골이 함,다른 곳 간다,"그 외,일본,유럽","쌀쌀함,상관없음,더움","사람&관계,자연감상,문화&역사체험","상관없음,게스트하우스,펜션",오전 9-10시,400만원 이상,"저는 여행 중 최악의 경험으로 쌀쌀한 기후를 만나게 되는 것을 꼽고 싶습니다. 아무리 둔감한 성향이지만, 개인적으로 싫어하는 기후는 피하고 싶습니다. 이번 여행에서는 문화와 역사 체험을 특별히 기대하고 있으며, 특히 사람들과의 관계 형성과 자연 감상이 중요합니다. 하루를 시작하기 위해서는 오전 9-10시 사이에 일어나길 선호하며, 리더십을 발휘해 여행 일정을 계획적으로 이끌고 싶습니다. 함께 여행하고 싶은 사람은 제 의견을 잘 수용하며, 소통이 원활한 사람일 것입니다. 이번 여행은 저에게 새로운 문화적 통찰을 가져다주고, 일상의 활력을 되찾는 기회가 되었으면 합니다.","이 사용자는 그 외 지역을 선호하고, 상관없음 기후를 피하고 싶어해요. 여행 목적은 문화&역사체험이며, 펜션에서 머무는 걸 좋아하고 오전 9-10시쯤 기상하는 편이에요.",,
317,매우 둔감,다소 완고,많다,꽤 정확,무조건 리드,5,꽤 민감,꽤 빡빡하게,해외,산,계획 여행,적당히 봄,코골이 안함,다른 곳 간다,"세계일주,중국&몽골,동남아","건조함,쌀쌀함,더움","사람&관계,공연&경기관람,자연감상","4-5성급호텔,민박,상관없음",오전 10시 이후,200-300만원,"저는 여행 중 예기치 못한 웨이팅 상황을 최악의 경험으로 꼽습니다. 이번 여행에는 특히 사람들과의 관계를 쌓고 공연이나 경기를 볼 수 있는 기회를 놓치지 않고 싶어요. 따라서 함께 여행할 사람들은 의견을 잘 수용하고, 제가 계획한 일정을 함께 즐기며 잘 따라오는 이들이었으면 합니다. 무엇보다 이번 여행에서 자연을 감상하며, 서로 이해하는 즐거움을 기대하고 있습니다. 이를 통해 제 삶에 새로운 활력을 불어넣고, 앞으로의 여행에도 긍정적인 영향을 주길 바랍니다.","이 사용자는 동남아 지역을 선호하고, 쌀쌀함 기후를 피하고 싶어해요. 여행 목적은 공연&경기관람이며, 상관없음에서 머무는 걸 좋아하고 오전 10시 이후쯤 기상하는 편이에요.",,
318,꽤 민감,보통,매우 적다,자주 늦음,무조건 리드,3,꽤 민감,꽤 빡빡하게,해외,바다,즉흥 여행,무조건 다 봄,코골이 안함,다른 곳 간다,"유럽,중국&몽골,미국","더움,추움,상관없음","자연감상,사람&관계,휴식","상관없음,에어비엔비,펜션",오전 10시 이후,400만원 이상,"저는 여행 중에는 자연과의 조화를 느끼고, 사람들과의 관계를 중요하게 여기면서 휴식을 취하고 싶습니다. 그래서 펜션 같은 곳에서 머물며 아침은 느긋하게 시작하는 걸 선호하죠. 여행 중 최악의 경험은 아마 길어진 대기 시간일 것입니다. 그런 곳에서는 빨리 벗어나고 싶어지기 마련이니까요. 이번 여행에서는 일정이 빡빡하더라도 모든 중요한 랜드마크를 볼 수 있는 것이 중요해요. 함께 여행을 가게 된다면, 미세한 것에 대해 민감하지 않고 저와 비슷한 즉흥성을 가진 사람이었으면 좋겠습니다. 이번 여행이 제 삶에 의미 있는 휴식과 재충전을 제공하길 바랍니다.","이 사용자는 미국 지역을 선호하고, 추움 기후를 피하고 싶어해요. 여행 목적은 휴식이며, 펜션에서 머무는 걸 좋아하고 오전 10시 이후쯤 기상하는 편이에요.",,
319,둔감,매우 완고,적다,꽤 정확,리드하는편,2,보통,보통,해외,산,계획 여행,무조건 다 봄,코골이 함,기다림,"국내,세계일주,동남아","상관없음,건조함,습함","자연감상,쇼핑,미식","민박,게스트하우스,펜션",오전 10시 이후,300-400만원,"여행 중 최악의 경험은 날씨에 관계없이 일정이 예상대로 진행되지 않을 때입니다. 이번 여행에서 꼭 필요한 것은 시간을 지켜 움직일 수 있는 명확한 계획입니다. 저는 계획적이고 여행 계획을 따르는 것을 중시하는 스타일이라, 같이 여행을 가고 싶은 사람도 이를 존중하는 사람이면 좋겠습니다. 이번 여행에서 가장 기대하는 것은 다양한 랜드마크를 방문하며, 자연을 감상하고 새로운 미식을 경험하는 것입니다. 이 여행은 나 자신에게 자연과 미식의 가치와 삶의 다양한 경험을 선사하는 중요한 의미를 가졌으면 합니다.","이 사용자는 국내 지역을 선호하고, 상관없음 기후를 피하고 싶어해요. 여행 목적은 쇼핑이며, 게스트하우스에서 머무는 걸 좋아하고 오전 10시 이후쯤 기상하는 편이에요.",,
320,매우 민감,보통,적다,종종 늦음,보통,2,매우 둔감,보통,해외,바다,즉흥 여행,무조건 다 봄,코골이 함,기다림,"유럽,동남아,세계일주","건조함,습함,추움","자연감상,미식,도전과성장","민박,에어비엔비,상관없음",오전 8-9시,200-300만원,"여행 중 최악의 경험은 건조하거나 습하고 추운 기후에서 시간을 보내는 것이었어요, 그래서 이번 여행에서는 그런 기후를 피하고 싶어요. 여행을 갈 때는 모든 랜드마크를 꼭 보고 싶어서 흥미진진한 일정이 필요하지만, 여행 일정을 너무 빡빡하게 계획하기보다는 즉흥적으로 즐기고 싶어요. 함께 여행을 가기 좋은 사람은 기다림을 잘하며 소통이 원활한 사람이면 좋겠어요. 이번 여행에서 자연의 아름다움을 감상하고 새로운 도전과 성장을 경험할 수 있기를 기대하며, 여행이 제 삶에 새로운 시야와 변화의 의미를 줬으면 해요. 무엇보다도 여행 중에 좋은 음식을 맛보며 새로운 문화에 대해 배우는 것이 중요해요.","이 사용자는 유럽 지역을 선호하고, 습함 기후를 피하고 싶어해요. 여행 목적은 자연감상이며, 에어비엔비에서 머무는 걸 좋아하고 오전 8-9시쯤 기상하는 편이에요.",,
321,매우 민감,수용적,매우 많다,보통,무조건 따름,1,매우 민감,꽤 빡빡하게,해외,바다,즉흥 여행,무조건 다 봄,코골이 함,다른 곳 간다,"중국&몽골,그 외,미국","습함,쌀쌀함,더움","문화&역사체험,액티비티,도전과성장","4-5성급호텔,민박,3성이하 호텔",오전 8-9시,200-300만원,"이번 여행에서 저는 중국과 몽골을 방문하며 문화와 역사 체험을 기대하고 있습니다. 여행에서 가장 필요한 것은 여러 랜드마크를 효과적으로 탐방하는 것이며, 무리한 웨이팅 대신 즉흥적으로 대처할 계획입니다. 같이 여행하고 싶은 사람은 저의 의견을 잘 수용하고 활동적인 대화를 이어갈 수 있는 사람입니다. 이전 여행에서는 체력 문제로 계획을 소화하지 못했던 최악의 경험이 있었기 때문에 이번에는 이것을 잘 관리하고 싶습니다. 이번 여행을 통해 저는 새로운 도전과 성장을 이루고 싶습니다.","이 사용자는 중국&몽골 지역을 선호하고, 습함 기후를 피하고 싶어해요. 여행 목적은 문화&역사체험이며, 3성이하 호텔에서 머무는 걸 좋아하고 오전 8-9시쯤 기상하는 편이에요.",,
322,보통,매우 수용적,매우 적다,매우 정확,따르는 편,3,보통,꽤 빡빡하게,국내,바다,즉흥 여행,적당히 봄,코골이 안함,기다림,"그 외,국내,동남아","건조함,습함,추움","휴식,사람&관계,기록","펜션,에어비엔비,민박",오전 10시 이후,200-300만원,"저는 여행 중 날씨가 건조하거나 습하거나 추워서 불편했던 경험이 가장 기억에 남습니다. 이번 여행에서는 그나마 바다를 볼 수 있는 장소를 기대하며, 휴식과 기록을 위해 에어비엔비 같은 편안한 숙소가 꼭 필요합니다. 사람들과의 관계를 중요시하는 저는 여행 동반자로 편안하고 이해심 많은 사람을 선호합니다. 다가오는 여행에서 일상의 스트레스를 벗어나고 새로운 인연을 만드는 것이 가장 기대되며, 이번 여행이 제게 새로운 경험과 가치 있는 관계의 계기가 되었으면 합니다.","이 사용자는 그 외 지역을 선호하고, 추움 기후를 피하고 싶어해요. 여행 목적은 기록이며, 에어비엔비에서 머무는 걸 좋아하고 오전 10시 이후쯤 기상하는 편이에요.",,
323,매우 민감,수용적,많다,자주 늦음,무조건 따름,1,매우 둔감,꽤 빡빡하게,국내,바다,계획 여행,적당히 봄,코골이 함,기다림,"동남아,세계일주,국내","더움,상관없음,건조함","사람&관계,미식,공연&경기관람","펜션,상관없음,콘도",오전 10시 이후,100만원 이하,"여행 중 최악의 경험은 더운 날씨에서 일정에 늦거나 체력이 저하되어 피곤했던 적이 있었어요. 그래서 이번 여행에서 반드시 포함하고 싶은 것은 체력 보강을 위한 충분한 휴식과 취침 시간이랍니다. 함께 여행하고 싶은 사람은 사교적이고 수용적인 태도로 대화를 즐기며 계획된 일정을 잘 따라줄 수 있는 사람이에요. 이번 여행에서는 특별한 인연과 미식 경험, 공연이나 경기를 함께 즐길 것을 기대하고 있습니다. 이 모든 것을 통해 삶에 새로운 활력을 더하고, 사람들과의 관계를 돈독히 하여 소중한 추억을 만들고 싶어요.","이 사용자는 동남아 지역을 선호하고, 더움 기후를 피하고 싶어해요. 여행 목적은 사람&관계이며, 상관없음에서 머무는 걸 좋아하고 오전 10시 이후쯤 기상하는 편이에요.",,
324,매우 민감,수용적,많다,보통,리드하는편,2,꽤 민감,꽤 빡빡하게,국내,바다,계획 여행,무조건 다 봄,코골이 안함,다른 곳 간다,"동남아,일본,중국&몽골","상관없음,쌀쌀함,건조함","기록,미식,액티비티","에어비엔비,상관없음,4-5성급호텔",오전 8-9시,200-300만원,"저는 여행 중에 예기치 못한 상황으로 계획이 틀어지는 것을 최악의 경험으로 꼽습니다. 이번 여행에서는 꼭 기록을 위한 좋은 카메라를 챙기고 싶습니다. 같이 여행을 가고 싶은 사람은 계획적인 면이 있는 사람이고, 의견을 잘 수용하는 사람이면 좋겠어요. 이번 여행에서 가장 기대되는 것은 맛있는 미식 체험과 다채로운 액티비티입니다. 이 여행이 저에게 새로운 경험을 기록하고 추억으로 남기는 의미를 가졌으면 합니다.","이 사용자는 동남아 지역을 선호하고, 건조함 기후를 피하고 싶어해요. 여행 목적은 기록이며, 상관없음에서 머무는 걸 좋아하고 오전 8-9시쯤 기상하는 편이에요.",,
325,보통,보통,보통,매우 정확,무조건 따름,3,매우 민감,매우 빡빡하게,국내,바다,계획 여행,무조건 다 봄,코골이 안함,기다림,"일본,국내,동남아","상관없음,쌀쌀함,더움","휴식,도전과성장,사람&관계","4-5성급호텔,민박,상관없음",오전 10시 이후,200-300만원,"저는 여행 중 계획대로 움직이지 않았을 때 최악의 경험을 했던 기억이 있어서 이번 여행에서는 철저한 계획 수립이 꼭 필요하다고 생각합니다. 같이 여행할 사람은 리더십을 발휘하기보다는 함께 잘 협조할 수 있는 사람이 좋습니다. 휴식과 도전적인 경험을 통해 이번 여행이 제 삶에 새로운 활력을 불어넣기를 기대하며, 이를 통해 사람들과의 관계에서도 긍정적인 성장을 이루고 싶습니다. 일본에서의 바다를 기반으로 한 계획된 일정 안에서 저는 다양한 랜드마크를 빠짐없이 모두 돌아보고 싶습니다. 예산 내에서 4-5성급 호텔이나 민박처럼 쾌적한 숙소에서 하루를 보내며, 이 여행이 저에게 의미 있는 도전과 성장을 가져다줬으면 합니다.","이 사용자는 일본 지역을 선호하고, 더움 기후를 피하고 싶어해요. 여행 목적은 도전과성장이며, 민박에서 머무는 걸 좋아하고 오전 10시 이후쯤 기상하는 편이에요.",,
326,꽤 민감,보통,매우 적다,매우 정확,보통,1,매우 둔감,꽤 여유있게,해외,바다,즉흥 여행,무조건 다 봄,코골이 함,기다림,"세계일주,그 외,일본","상관없음,추움,건조함","자연감상,액티비티,미식","펜션,민박,상관없음",오전 9-10시,100만원 이하,"저는 여행 중에 코골이로 불편함을 느꼈던 경험이 최악으로 남아 있습니다. 그래서 이번 여행에서는 편안한 잠자리가 꼭 필요합니다. 같이 여행을 하고 싶은 사람은 말을 많이 하지 않고 시간 약속을 잘 지키는 사람이 좋습니다. 이번 여행에서는 다양한 미식 체험과 자연을 감상하는 시간을 가장 기대하고 있습니다. 여행이 저에게는 생활에 여유를 주고, 새로운 문화와 음식을 경험할 즐거움을 의미하기를 바랍니다.","이 사용자는 일본 지역을 선호하고, 상관없음 기후를 피하고 싶어해요. 여행 목적은 미식이며, 민박에서 머무는 걸 좋아하고 오전 9-10시쯤 기상하는 편이에요.",,
327,매우 둔감,다소 완고,적다,매우 정확,보통,1,매우 둔감,매우 빡빡하게,국내,바다,계획 여행,무조건 다 봄,코골이 함,다른 곳 간다,"유럽,동남아,일본","상관없음,더움,추움","사람&관계,공연&경기관람,도전과성장","펜션,상관없음,4-5성급호텔",오전 8-9시,300-400만원,"저는 국내 여행을 계획적으로 다니며, 공연이나 경기를 관람하는 것을 좋아합니다. 일정이 빡빡하면 체력적으로 힘들 수 있지만, 시간 약속을 정확히 지키기 때문에 계획한 대로 여행을 즐길 수 있습니다. 여행 중 최악의 경험은 제 계획에 차질이 생기거나 오래 기다려야 할 때로, 이런 경우 다른 곳으로 이동합니다. 이번 여행에서는 다양한 사람들과의 관계를 통해 도전과 성장을 경험하고 싶습니다. 함께 여행을 가고 싶은 사람은 확실한 계획을 따른 후 서로의 의견을 존중해줄 수 있는 사람입니다. 이번 여행을 통해 공연의 감동을 만끽하며 제 삶에 새로운 영감을 얻고 싶습니다.","이 사용자는 유럽 지역을 선호하고, 추움 기후를 피하고 싶어해요. 여행 목적은 공연&경기관람이며, 상관없음에서 머무는 걸 좋아하고 오전 8-9시쯤 기상하는 편이에요.",,
328,매우 민감,매우 완고,매우 많다,보통,리드하는편,3,둔감,매우 빡빡하게,해외,산,즉흥 여행,무조건 다 봄,코골이 함,다른 곳 간다,"미국,일본,그 외","쌀쌀함,습함,더움","공연&경기관람,자연감상,휴식","4-5성급호텔,에어비엔비,민박",오전 9-10시,400만원 이상,"저는 여행 중에 코를 골아서 숙박시설에서 불편한 경험을 한 적이 있어서, 꼭 조용한 4-5성급 호텔에서 숙박하고 싶습니다. 그런 만큼 여행에서 가장 중요한 것은 편안한 숙소이기 때문에 잘 쉬고 회복할 수 있는 환경이 필수적이에요. 동행인은 활발하고 말이 많은 사람이라면 즐거운 대화를 나눌 수 있어 좋지만, 서로의 의견이 잘 맞아야 여행이 원활할 것입니다. 이번 여행에서는 자연 감상과 공연 관람을 통해 새로운 흥미를 찾는 것이 가장 기대됩니다. 여행이 제 삶에 활력을 불어넣고 새로운 에너지를 얻는 계기가 되었으면 합니다.","이 사용자는 미국 지역을 선호하고, 더움 기후를 피하고 싶어해요. 여행 목적은 휴식이며, 4-5성급호텔에서 머무는 걸 좋아하고 오전 9-10시쯤 기상하는 편이에요.",,
329,보통,보통,적다,매우 정확,무조건 리드,5,둔감,꽤 여유있게,국내,바다,계획 여행,적당히 봄,코골이 함,다른 곳 간다,"동남아,일본,국내","쌀쌀함,습함,건조함","공연&경기관람,기록,쇼핑","4-5성급호텔,에어비엔비,펜션",오전 10시 이후,300-400만원,"여행 중 최악의 경험은 아마도 불편한 기후 속에서 계획대로 움직이지 못할 때일 것입니다. 그래서 저는 쾌적한 날씨와 여유 있는 일정을 가장 중요하게 생각하며, 그에 따라 아침 늦게 일어나도 무리 없는 계획을 신중히 세웁니다. 함께 여행하고 싶은 사람은 시간 약속에 정확하고, 지나치게 번잡하지 않으며 저와 비슷한 여유로운 여행 성향을 지닌 사람입니다. 이번 여행에서는 특히 공연이나 경기 관람을 기대하고 있으며, 이런 경험을 통해 기분 좋은 추억을 기록하고 싶습니다. 그러한 즐거운 순간들이 제 일상에 활기를 더해주기를 바랍니다.","이 사용자는 동남아 지역을 선호하고, 건조함 기후를 피하고 싶어해요. 여행 목적은 기록이며, 4-5성급호텔에서 머무는 걸 좋아하고 오전 10시 이후쯤 기상하는 편이에요.",,
330,보통,수용적,매우 많다,자주 늦음,무조건 리드,2,보통,보통,국내,산,계획 여행,적당히 봄,코골이 안함,기다림,"미국,그 외,세계일주","습함,더움,추움","쇼핑,사람&관계,액티비티","상관없음,4-5성급호텔,게스트하우스",오전 8-9시,400만원 이상,"저는 여행 중에는 체력이 떨어져 활동적인 일정이 힘들 수 있어요. 그러나 쇼핑과 사람들과의 관계 맺기는 중요한 여행 사유 중 하나입니다. 여행에서는 팀워크가 중요하기 때문에, 의견을 잘 수용하며 소통이 많은 제가 리드하는 경우가 많습니다. 가장 중요한 것은 좋은 날씨와 재미있는 액티비티가 있는 것입니다. 이번 여행이 즐겁고 의미 있는 만남들로 가득 채워지기를 바라며, 이를 통해 제 삶의 활력을 얻고 싶습니다.","이 사용자는 미국 지역을 선호하고, 더움 기후를 피하고 싶어해요. 여행 목적은 사람&관계이며, 상관없음에서 머무는 걸 좋아하고 오전 8-9시쯤 기상하는 편이에요.",,
331,보통,다소 완고,매우 많다,자주 늦음,리드하는편,3,꽤 민감,꽤 여유있게,해외,바다,계획 여행,적당히 봄,코골이 안함,기다림,"그 외,미국,일본","습함,더움,추움","자연감상,쇼핑,문화&역사체험","4-5성급호텔,3성이하 호텔,에어비엔비",오전 9-10시,100만원 이하,여행 중 최악의 경험은 기후가 습하고 더워서 불쾌했던 적이 있었던 것 같아요. 이번 여행에서 꼭 필요한 것은 여유로운 일정과 편안한 4-5성급 호텔 숙소예요. 말을 많이 하는 성격이라 대화가 잘 통하고 자연과 문화를 함께 즐길 수 있는 사람과 여행하고 싶습니다. 이번 여행에서는 특히 자연 감상과 문화 및 역사 체험에 대한 기대가 커요. 이 여행이 제 삶에 주는 의미는 새로운 경험을 통해 더욱 풍부한 시야를 가지는 것이에요.,"이 사용자는 미국 지역을 선호하고, 습함 기후를 피하고 싶어해요. 여행 목적은 자연감상이며, 4-5성급호텔에서 머무는 걸 좋아하고 오전 9-10시쯤 기상하는 편이에요.",,
332,매우 민감,보통,매우 적다,꽤 정확,보통,1,매우 민감,꽤 여유있게,해외,바다,즉흥 여행,적당히 봄,코골이 함,다른 곳 간다,"그 외,세계일주,유럽","쌀쌀함,더움,습함","쇼핑,공연&경기관람,액티비티","콘도,펜션,민박",오전 8-9시,100만원 이하,"저는 여행 중 쌀쌀한 기후와 덥고 습한 날씨를 피해야 했던 경험이 최악이었어요, 날씨에 예민하기 때문이죠. 이번 여행에서는 쇼핑과 공연 관람 같은 액티비티가 중요하며, 이러한 즐거움을 함께 나눌 수 있는 조용하고 청결을 중요시하는 여행 동반자가 있으면 좋겠어요. 특히 이번 여행에서는 여러 나라의 문화를 탐방하며 새로운 경험을 하는 것을 기대하고 있습니다. 이번 여행은 저에게 일상에서 벗어나 유럽의 풍경과 문화를 즐기고, 삶의 활력을 되찾는 계기가 되었으면 해요. 저는 여행할 때 여유로운 일정을 선호하므로, 즉흥적으로 장소를 방문하며 충분한 휴식을 취하고 싶습니다.","이 사용자는 유럽 지역을 선호하고, 쌀쌀함 기후를 피하고 싶어해요. 여행 목적은 액티비티이며, 민박에서 머무는 걸 좋아하고 오전 8-9시쯤 기상하는 편이에요.",,
333,꽤 민감,다소 완고,매우 많다,자주 늦음,무조건 리드,1,둔감,보통,해외,산,계획 여행,적당히 봄,코골이 함,다른 곳 간다,"동남아,미국,일본","습함,건조함,쌀쌀함","쇼핑,휴식,기록","민박,에어비엔비,펜션",오전 10시 이후,200-300만원,"여행 중 최악의 경험은 습하고 쌀쌀한 날씨를 만났을 때였어요. 그래서 이번 여행에서는 날씨에 맞는 편안한 민박 숙소가 꼭 필요할 것 같아요. 같이 여행을 가고 싶은 사람은 결단력이 있고 계획에 따라 움직이는 것을 좋아하는 사람일 거예요. 이번 여행에서 가장 기대하는 것은 다양한 쇼핑 경험과 휴식이며, 그런 중에 새로운 경험들을 기록하고 싶어요. 결국, 이 여행이 제 삶에 작은 활력을 주고 새로운 시각을 얻는 계기가 되었으면 해요.","이 사용자는 동남아 지역을 선호하고, 습함 기후를 피하고 싶어해요. 여행 목적은 기록이며, 민박에서 머무는 걸 좋아하고 오전 10시 이후쯤 기상하는 편이에요.",,
334,매우 민감,수용적,매우 많다,종종 늦음,무조건 리드,1,꽤 민감,꽤 빡빡하게,해외,산,즉흥 여행,적당히 봄,코골이 함,다른 곳 간다,"일본,미국,유럽","상관없음,습함,건조함","문화&역사체험,자연감상,도전과성장","4-5성급호텔,콘도,게스트하우스",오전 9-10시,400만원 이상,"저는 여행 중 체력이 약해 종종 힘들기도 하고, 때로는 일정이 빡빡해서 부담스러울 때가 있었어요. 그래서 이번 여행에서는 제 예민한 성향을 배려해줄 수 있는 사람과 함께 가길 바랍니다. 특히 문화와 역사를 체험하고 자연을 감상하는 것을 기대하고 있어요. 이번 여행의 의미는 도전과 성장을 통해 제 삶에 새로움을 더하는 것이에요. 또한, 여행에 있어 꼭 필요한 것은 편안하게 휴식을 취할 수 있는 4-5성급의 호텔이나 게스트하우스고, 가급적 습한 기후를 피하려 합니다. 늦잠을 자는 편이기 때문에 아침 일정은 여유롭게 시작하고 싶어요.","이 사용자는 미국 지역을 선호하고, 습함 기후를 피하고 싶어해요. 여행 목적은 자연감상이며, 게스트하우스에서 머무는 걸 좋아하고 오전 9-10시쯤 기상하는 편이에요.",,
335,둔감,매우 완고,많다,자주 늦음,무조건 따름,5,둔감,매우 빡빡하게,해외,산,계획 여행,무조건 다 봄,코골이 안함,다른 곳 간다,"동남아,중국&몽골,국내","더움,습함,상관없음","공연&경기관람,도전과성장,미식","콘도,4-5성급호텔,3성이하 호텔",오전 9-10시,400만원 이상,"저는 여행 일정이 빡빡해서 코골이는 걱정할 필요가 없지만, 시간 약속에 자주 늦어 다른 사람들이 불만을 가질 때가 최악의 경험이에요. 다만 미식은 절대 포기할 수 없는 여행 요소입니다. 함께 여행할 사람도 저처럼 계획적인 성향을 가지고 있으면 좋겠어요. 이번 여행에서는 중국이나 몽골의 지역에서 특별한 공연이나 경기를 관람하는 게 가장 기대됩니다. 여행을 통해 도전과 성장의 기회를 얻고자 하며, 이는 제 삶에 새로운 활력을 줄 수 있다고 기대합니다.","이 사용자는 중국&몽골 지역을 선호하고, 더움 기후를 피하고 싶어해요. 여행 목적은 미식이며, 콘도에서 머무는 걸 좋아하고 오전 9-10시쯤 기상하는 편이에요.",,
336,매우 민감,보통,매우 많다,꽤 정확,리드하는편,3,꽤 민감,매우 빡빡하게,국내,바다,즉흥 여행,무조건 다 봄,코골이 안함,기다림,"중국&몽골,그 외,국내","추움,상관없음,습함","휴식,사람&관계,자연감상","콘도,에어비엔비,3성이하 호텔",오전 10시 이후,200-300만원,"저는 여행 중 추운 기후를 특히 싫어하기 때문에, 날씨가 맞지 않으면 최악의 경험이 될 것 같습니다. 이번 여행에서는 꼭 마음 맞는 사람들과 관계를 맺고 싶은데, 그 이유는 사람과의 연결이 저에게 중요한 의미를 주기 때문입니다. 따라서 말이 많고 의견을 잘 수용하며 사람과의 소통에 즐거움을 느끼는 사람과 함께하고 싶습니다. 여행에서 가장 기대하는 것은 새로운 사람들을 만나고 자연을 감상하며 휴식을 취하는 것입니다. 이 여행을 통해 제 삶에 신선한 에너지를 얻고, 새로운 사람들과의 관계를 통해 사람과의 관계에 대한 의미를 다시금 찾고 싶습니다.","이 사용자는 그 외 지역을 선호하고, 추움 기후를 피하고 싶어해요. 여행 목적은 사람&관계이며, 3성이하 호텔에서 머무는 걸 좋아하고 오전 10시 이후쯤 기상하는 편이에요.",,
337,보통,보통,보통,매우 정확,리드하는편,4,매우 둔감,꽤 여유있게,해외,산,즉흥 여행,무조건 다 봄,코골이 안함,다른 곳 간다,"미국,중국&몽골,세계일주","상관없음,건조함,추움","미식,문화&역사체험,액티비티","4-5성급호텔,상관없음,게스트하우스",오전 9-10시,400만원 이상,"저는 여행에서 음식을 탐험하는 것을 굉장히 즐기며, 미국이나 중국, 몽골 같은 곳에서 새로운 미식과 역사·문화를 체험할 수 있는 것을 기대하고 있습니다. 매일 오전 9시에서 10시 사이에 기상하여 여유로운 일정으로 랜드마크를 돌아보는 것을 좋아합니다. 여행 중 가장 최악의 경험은 매일 정확히 지켜지는 시간약속이 중요하다는 점에서 스케줄이 맞지 않는 경우일 가능성이 큽니다. 함께 여행하고 싶은 사람은 여행 일정과 계획을 즉흥적으로 즐기며 리드할 수 있는 사람이면 좋겠습니다. 이번 여행이 제 삶에 의미 있는 경험과 새로운 문화적 이해를 가져다주길 바랍니다.","이 사용자는 중국&몽골 지역을 선호하고, 건조함 기후를 피하고 싶어해요. 여행 목적은 미식이며, 상관없음에서 머무는 걸 좋아하고 오전 9-10시쯤 기상하는 편이에요.",,
338,매우 민감,수용적,매우 많다,꽤 정확,무조건 리드,4,둔감,꽤 빡빡하게,해외,바다,계획 여행,무조건 다 봄,코골이 안함,기다림,"유럽,미국,그 외","더움,건조함,추움","휴식,미식,자연감상","펜션,4-5성급호텔,상관없음",오전 8-9시,100만원 이하,저는 예민한 편이라 여행 중에 날씨가 너무 덥거나 건조하면 최악의 경험으로 느껴질 수 있습니다. 이번 여행에서는 유럽의 자연을 감상하며 충분히 쉬고 미식을 즐기는 것을 기대하고 있어요. 여행은 꽤 빡빡한 일정이지만 모든 랜드마크를 다 보고 싶습니다. 함께 여행 가고 싶은 사람은 많은 대화를 나눌 수 있고 의견을 수용할 수 있는 사람이면 좋겠어요. 이번 여행은 현실에서 벗어나 에너지를 충전하고 삶에 새로운 활력을 가져오는 의미를 가졌으면 합니다.,"이 사용자는 유럽 지역을 선호하고, 건조함 기후를 피하고 싶어해요. 여행 목적은 자연감상이며, 상관없음에서 머무는 걸 좋아하고 오전 8-9시쯤 기상하는 편이에요.",,
339,매우 민감,매우 완고,매우 많다,자주 늦음,무조건 리드,2,둔감,보통,국내,바다,계획 여행,적당히 봄,코골이 안함,기다림,"미국,세계일주,일본","건조함,상관없음,습함","쇼핑,기록,사람&관계","민박,상관없음,펜션",오전 10시 이후,400만원 이상,저는 여행 중 최악의 경험은 계획대로 진행되지 않아 늦어졌을 때였습니다. 이번 여행에서는 쇼핑을 꼭 해야 하며 기록을 남기는 것도 중요합니다. 같이 여행할 사람은 제가 리드하는 스타일을 이해하고 따라주는 분이었으면 좋겠습니다. 이번 여행에서 가장 기대하는 것은 새로운 사람들과의 만남을 통해 관계를 맺는 것입니다. 이 여행이 저의 삶에 활력을 불어넣고 새로운 시선으로 세상을 바라보는 계기가 되었으면 합니다.,"이 사용자는 일본 지역을 선호하고, 상관없음 기후를 피하고 싶어해요. 여행 목적은 쇼핑이며, 상관없음에서 머무는 걸 좋아하고 오전 10시 이후쯤 기상하는 편이에요.",,
340,꽤 민감,매우 수용적,보통,보통,리드하는편,5,꽤 민감,꽤 여유있게,국내,산,즉흥 여행,무조건 다 봄,코골이 안함,기다림,"일본,그 외,유럽","건조함,추움,상관없음","미식,액티비티,기록","3성이하 호텔,콘도,상관없음",오전 9-10시,100만원 이하,"저는 미식과 액티비티 중심의 여행을 즐기며, 기록을 남기는 것에 큰 가치를 두고 있습니다. 이번 여행에서 가장 기대하는 것은 다양한 음식 경험인데, 이는 제가 식도락을 중요하게 여기는 만큼 최우선 순위입니다. 원하는 여행 동행자는 상황에 따라 유연하며, 긍정적인 사고로 저와 의견을 주고받을 수 있는 사람입니다. 여행 중 최악의 경험은 건조하거나 추운 환경에서 오랫동안 웨이팅하는 것인데, 이를 방지하기 위해 날씨와 체온 조절에 특별히 신경을 씁니다. 이번 여행이 제 삶에서 새로운 경험과 추억으로 자리 잡아, 일상의 활력을 불어넣어 주었으면 합니다.","이 사용자는 유럽 지역을 선호하고, 건조함 기후를 피하고 싶어해요. 여행 목적은 미식이며, 3성이하 호텔에서 머무는 걸 좋아하고 오전 9-10시쯤 기상하는 편이에요.",,
341,매우 민감,매우 완고,많다,매우 정확,따르는 편,5,보통,매우 빡빡하게,국내,산,즉흥 여행,무조건 다 봄,코골이 함,기다림,"미국,유럽,동남아","더움,추움,상관없음","쇼핑,액티비티,사람&관계","게스트하우스,펜션,민박",오전 8-9시,200-300만원,"저는 국내 여행을 선호하며, 일정이 빡빡한 대신 즉흥적으로 움직이는 것을 좋아합니다. 계획에 차질이 생기거나 약속이 어긋나면 스트레스를 받을 수 있어요. 따라서 이번 여행에서는 시간을 잘 지킬 수 있는, 저와 비슷한 성향의 친구와 함께 가면 좋겠다고 생각합니다. 예전 여행 경험 중에는 코골이로 인해 숙박 시에 다른 사람들에게 피해를 줘서 불편했던 적이 있어, 이번에는 방음이 좋은 숙소에서 지내고 싶어요. 가장 기대하는 것은 쇼핑과 다양한 액티비티를 통한 새로운 인연 구축입니다. 이번 여행을 통해 삶의 활력을 얻고 싶은데, 새로운 사람들과의 만남이 많은 도움이 될 것이라 믿어요.","이 사용자는 동남아 지역을 선호하고, 상관없음 기후를 피하고 싶어해요. 여행 목적은 쇼핑이며, 게스트하우스에서 머무는 걸 좋아하고 오전 8-9시쯤 기상하는 편이에요.",,
342,꽤 민감,수용적,적다,보통,리드하는편,5,꽤 민감,보통,해외,바다,계획 여행,적당히 봄,코골이 안함,기다림,"국내,미국,세계일주","습함,추움,건조함","자연감상,미식,기록","민박,4-5성급호텔,상관없음",오전 8-9시,400만원 이상,"저는 여행 중 습하고 추운 기후를 특히 싫어해서, 그러한 기후를 피하지 못했던 경험이 최악의 순간이었습니다. 이번 여행에서는 자연을 감상할 수 있는 기회가 특히 중요하며, 여행 동반자는 조용하고 수용적인 태도를 가진 사람이면 좋겠습니다. 이번 여행에서는 새로운 자연경관과 미식 체험을 가장 기대하고 있으며, 이는 제 삶에 활력을 주고 기록으로 남길 수 있는 특별한 경험이 되었으면 합니다. 저는 매일 오전 8시에서 9시 사이에 일찍 일어나 계획적으로 여행을 즐기고자 합니다.","이 사용자는 미국 지역을 선호하고, 습함 기후를 피하고 싶어해요. 여행 목적은 자연감상이며, 민박에서 머무는 걸 좋아하고 오전 8-9시쯤 기상하는 편이에요.",,
343,꽤 민감,수용적,많다,보통,무조건 리드,1,매우 둔감,꽤 빡빡하게,해외,산,계획 여행,무조건 다 봄,코골이 안함,기다림,"일본,국내,동남아","습함,상관없음,쌀쌀함","기록,미식,쇼핑","콘도,민박,에어비엔비",오전 9-10시,300-400만원,"저는 여행에서 일정이 빡빡한 것을 좋아해서, 계획에 차질이 생기거나 예기치 않은 일이 발생하는 것이 최악의 경험으로 느껴질 수 있어요. 그래서 이번 여행에서는 철저한 계획과 예상치 못한 상황에 대처할 수 있는 융통성이 꼭 필요합니다. 여행을 함께할 사람이라면 제 의견을 잘 수용하고 활발하게 소통할 수 있는 사람이면 좋겠어요. 이번 일본 여행에서는 다양한 미식을 경험하고 쇼핑하며 좋은 추억을 만들 수 있기를 기대합니다. 저는 여행이 제 삶의 기록으로 남아 의미 있는 시간으로 기억되기를 바랍니다.","이 사용자는 일본 지역을 선호하고, 상관없음 기후를 피하고 싶어해요. 여행 목적은 미식이며, 콘도에서 머무는 걸 좋아하고 오전 9-10시쯤 기상하는 편이에요.",,
344,꽤 민감,매우 완고,매우 많다,보통,무조건 리드,4,매우 민감,매우 빡빡하게,해외,바다,즉흥 여행,적당히 봄,코골이 함,다른 곳 간다,"동남아,세계일주,미국","더움,추움,건조함","사람&관계,자연감상,휴식","펜션,에어비엔비,3성이하 호텔",오전 10시 이후,100만원 이하,"저는 여행 중 날씨가 더운 것을 특히 싫어하기 때문에 그런 경험이 최악으로 남아 있습니다. 이번 여행에서는 무조건 휴식을 취할 수 있는 시간이 필요하며, 그러기 위해 펜션과 같은 편안한 숙소를 꼭 찾고 싶습니다. 함께 여행하고 싶은 사람은 제 의견을 잘 수용하고, 리더로서 제가 주도하는 여행을 즐기는 사람이었으면 합니다. 특히 이번 여행에서 기대하는 것은 사람들과의 교류와 자연을 감상하며 진정한 휴식을 만끽하는 것입니다. 이를 통해 이번 여행이 삶에 새로운 관계를 형성하고 여유를 찾는 기회가 되었으면 합니다.","이 사용자는 세계일주 지역을 선호하고, 더움 기후를 피하고 싶어해요. 여행 목적은 휴식이며, 펜션에서 머무는 걸 좋아하고 오전 10시 이후쯤 기상하는 편이에요.",,
345,꽤 민감,매우 완고,보통,꽤 정확,보통,4,보통,매우 빡빡하게,국내,바다,즉흥 여행,무조건 다 봄,코골이 함,기다림,"미국,그 외,국내","건조함,쌀쌀함,습함","도전과성장,사람&관계,기록","에어비엔비,콘도,게스트하우스",오전 8-9시,400만원 이상,"저는 여행 중에 사람들이 너무 많아 기다림이 많아지는 상황이 최악의 경험입니다. 이번 여행에서는 여러 랜드마크를 꼭 방문하고 싶으며, 이와 관련된 기록을 남기기 위해 사진을 많이 찍고 싶습니다. 같이 여행을 가고 싶은 사람은 대화가 잘 통하고 계획에 유연하게 대처할 수 있는 사람입니다. 가장 기대하는 것은 새로운 사람을 만나고 도전적인 경험을 통해 성장하는 것입니다. 이번 여행은 저에게 도전과 성장의 기회를 제공하며, 일상에서 벗어나 더 큰 성장을 경험할 수 있는 의미를 가졌으면 좋겠습니다.","이 사용자는 국내 지역을 선호하고, 건조함 기후를 피하고 싶어해요. 여행 목적은 도전과성장이며, 게스트하우스에서 머무는 걸 좋아하고 오전 8-9시쯤 기상하는 편이에요.",,
346,매우 민감,수용적,적다,자주 늦음,리드하는편,3,꽤 민감,보통,국내,산,즉흥 여행,적당히 봄,코골이 안함,다른 곳 간다,"미국,세계일주,중국&몽골","쌀쌀함,습함,더움","쇼핑,문화&역사체험,자연감상","상관없음,게스트하우스,민박",오전 8-9시,200-300만원,"저는 여행 중 날씨가 너무 더운 때를 최악의 경험으로 꼽습니다. 그래서 이번 여행에서는 쾌적한 기후를 중요시하며, 자연을 감상할 수 있는 기회를 기대하고 있습니다. 함께 여행을 가고 싶은 사람은 저처럼 조용하고 수용적인 성격을 가진 사람일 것 같습니다. 또한, 이번 여행에서는 중국과 몽골의 문화와 역사를 체험하는 것을 기대하고 있으며 이는 제 삶에 새로운 시야를 넓혀주는 의미를 가졌으면 합니다. 즉흥적으로 움직이더라도 여유를 즐길 수 있는 여행을 선호하며, 적당한 예산 내에서 모든 것을 준비하고 싶습니다.","이 사용자는 중국&몽골 지역을 선호하고, 더움 기후를 피하고 싶어해요. 여행 목적은 자연감상이며, 민박에서 머무는 걸 좋아하고 오전 8-9시쯤 기상하는 편이에요.",,
347,매우 둔감,보통,적다,매우 정확,무조건 리드,1,보통,매우 여유있게,국내,산,즉흥 여행,무조건 다 봄,코골이 함,다른 곳 간다,"일본,중국&몽골,국내","상관없음,더움,추움","도전과성장,미식,사람&관계","게스트하우스,에어비엔비,4-5성급호텔",오전 9-10시,200-300만원,"여행 중 최악의 경험은 엉망인 숙소였는데, 그래서 여행에서는 숙소 선택이 늘 중요합니다. 이번 여행에서는 제대로 된 게스트하우스나 에어비엔비가 꼭 필요하며, 일정 또한 여유롭게 가져가고 싶습니다. 함께 여행하고 싶은 사람은 말이 적고 시간 약속을 정확히 지키는 사람으로, 즉흥적인 계획에도 잘 따라올 수 있는 성향이었으면 좋겠습니다. 이번 여행에서 가장 기대되는 것은 도전과 성장, 그리고 다양한 미식을 경험하는 것입니다. 또한 이 여행은 저에게 새로운 사람들과 관계를 맺고 더 많은 것을 배우는 의미 있는 시간이 되었으면 합니다.","이 사용자는 중국&몽골 지역을 선호하고, 추움 기후를 피하고 싶어해요. 여행 목적은 미식이며, 게스트하우스에서 머무는 걸 좋아하고 오전 9-10시쯤 기상하는 편이에요.",,
348,매우 민감,수용적,매우 적다,종종 늦음,따르는 편,2,보통,매우 여유있게,해외,산,계획 여행,적당히 봄,코골이 함,기다림,"그 외,동남아,유럽","쌀쌀함,건조함,상관없음","사람&관계,도전과성장,미식","4-5성급호텔,민박,펜션",오전 9-10시,200-300만원,"저는 여행 중 일정이 너무 빡빡하면 체력이 약해 힘들어하고 시간 약속이 늦어져 불편함을 겪었던 경험이 있습니다. 이번 여행에서는 계획적인 일정을 통해 여유롭게 유럽의 자연을 즐기며 성장하고자 합니다. 함께 여행하고 싶은 사람은 발언이 많지 않고, 다양한 의견을 수용할 수 있는 수용적인 성향의 사람이라면 좋겠습니다. 이번 여행에서 가장 기대하는 것은 새로운 문화와 미식을 체험하며 관계를 맺는 것이고, 이러한 경험이 제 삶에 도전과 성장의 의미를 남겼으면 합니다. 숙소에서 조용히 재충전할 수 있도록 민박이나 편안한 호텔을 선호하며, 아침 9시 즈음 여유롭게 하루를 시작할 계획입니다.","이 사용자는 유럽 지역을 선호하고, 건조함 기후를 피하고 싶어해요. 여행 목적은 도전과성장이며, 민박에서 머무는 걸 좋아하고 오전 9-10시쯤 기상하는 편이에요.",,
349,꽤 민감,다소 완고,보통,종종 늦음,따르는 편,4,둔감,꽤 여유있게,해외,바다,즉흥 여행,적당히 봄,코골이 안함,기다림,"그 외,미국,국내","습함,건조함,추움","미식,도전과성장,액티비티","3성이하 호텔,상관없음,게스트하우스",오전 8-9시,300-400만원,"저는 여행 중 습한 환경이 가장 불쾌했는데, 그래서 이번 여행에서는 건조하거나 추운 날씨를 피하고 싶어요. 미식 경험을 가장 기대하고 있으며, 이를 위해 다양한 음식을 즐길 수 있는 기회가 있기를 바랍니다. 여행을 함께할 사람은 저의 즉흥적인 성향과 여유로운 여행 일정을 이해해 주는 사람이었으면 좋겠어요. 이번 여행은 새로운 도전과 성장을 통해 제 자신의 확장을 의미 있게 만들고 싶습니다. 숙소는 웨이팅이나 높은 청결도를 기대하지 않기 때문에 게스트하우스나 3성 이하의 호텔에도 편하게 머물 수 있습니다.","이 사용자는 그 외 지역을 선호하고, 습함 기후를 피하고 싶어해요. 여행 목적은 미식이며, 게스트하우스에서 머무는 걸 좋아하고 오전 8-9시쯤 기상하는 편이에요.",,
350,둔감,다소 완고,적다,꽤 정확,무조건 리드,2,보통,보통,해외,산,즉흥 여행,무조건 다 봄,코골이 안함,기다림,"그 외,동남아,중국&몽골","상관없음,습함,추움","기록,액티비티,도전과성장","상관없음,3성이하 호텔,민박",오전 9-10시,200-300만원,"저는 여행 중 최고의 경험을 쌓기 위해 주변 랜드마크를 꼼꼼히 챙기며 새로운 도전과 성장에 집중하려고 합니다. 비록 계획보다는 즉흥 여행을 선호하지만, 체력이 약하기 때문에 일정은 너무 빡빡하지 않게 조절할 것입니다. 여행에서는 저와 잘 맞는 사람, 즉 불평 없이 둔감하게 예기치 않은 상황을 함께 할 수 있는 동반자가 필요합니다. 이번 여행에서는 다양한 문화와 경험을 기록함으로써 제 삶에 활력을 더하고 싶습니다. 함께할 사람과의 협업을 통해 서로의 성장도 도모할 기회가 되기를 바랍니다.","이 사용자는 그 외 지역을 선호하고, 추움 기후를 피하고 싶어해요. 여행 목적은 도전과성장이며, 민박에서 머무는 걸 좋아하고 오전 9-10시쯤 기상하는 편이에요.",,
351,매우 둔감,수용적,매우 적다,꽤 정확,무조건 따름,1,꽤 민감,매우 빡빡하게,국내,바다,즉흥 여행,무조건 다 봄,코골이 함,다른 곳 간다,"미국,국내,그 외","습함,건조함,상관없음","휴식,도전과성장,공연&경기관람","펜션,민박,에어비엔비",오전 9-10시,400만원 이상,"저는 여행 중에 오래 기다리는 것을 싫어해서 웨이팅이 없길 바라며, 이번 여행에서도 이를 피하기 위해 다른 곳으로 가는 습관이 있습니다. 여행 시에는 공연과 경기 관람을 빼놓을 수 없으며, 하루 계획이 빡빡하게 짜여 있어도 상관없습니다. 여정 중에 함께 시간을 보내고 싶은 사람의 특징은 매우 말수가 적은 분이라면 좋겠다는 생각이 들며, 이번 여행이 제 삶에 의미 있는 도전과 성장이 되길 기대합니다. 민박이나 에어비앤비 같은 숙소에서의 깨끗한 환경은 필수이며, 습한 기후 때문에 불편한 경험을 하고 싶지 않습니다. 무엇보다 이번 여행이 저에게는 일상에서 벗어나 휴식을 취하는 중요한 순간이 되었으면 합니다.","이 사용자는 미국 지역을 선호하고, 습함 기후를 피하고 싶어해요. 여행 목적은 공연&경기관람이며, 민박에서 머무는 걸 좋아하고 오전 9-10시쯤 기상하는 편이에요.",,
352,둔감,다소 완고,매우 많다,자주 늦음,리드하는편,5,둔감,매우 빡빡하게,국내,산,계획 여행,무조건 다 봄,코골이 함,기다림,"세계일주,국내,중국&몽골","건조함,상관없음,습함","미식,쇼핑,도전과성장","에어비엔비,3성이하 호텔,게스트하우스",오전 9-10시,100만원 이하,"저는 여행 중 최악의 경험으로 중요한 일정에 늦거나 예기치 않은 상황을 맞는 경우가 가장 힘들었습니다. 그래서 이번 여행에서는 철저한 계획이 필수적입니다. 함께 여행할 사람은 저처럼 계획적인 성향을 지니고, 대화를 좋아했으면 좋겠습니다. 이번 여행에서 가장 기대하는 것은 다양한 쇼핑과 새로운 도전입니다. 그로 인해 저의 삶에 새로운 성장을 가져다주기를 바랍니다. 무엇보다 예상치 못한 상황에서도 즐길 수 있는 여행이 되기를 바랍니다.","이 사용자는 중국&몽골 지역을 선호하고, 상관없음 기후를 피하고 싶어해요. 여행 목적은 쇼핑이며, 에어비엔비에서 머무는 걸 좋아하고 오전 9-10시쯤 기상하는 편이에요.",,
353,매우 민감,매우 수용적,많다,종종 늦음,따르는 편,3,매우 둔감,보통,국내,산,즉흥 여행,무조건 다 봄,코골이 함,기다림,"세계일주,미국,국내","상관없음,쌀쌀함,습함","사람&관계,휴식,공연&경기관람","상관없음,에어비엔비,4-5성급호텔",오전 8-9시,200-300만원,"여행 중 최악의 경험은 다른 계획보다 조금 늦어져서 일정을 제대로 소화하지 못했던 때였습니다. 이번 여행에서 놓칠 수 없는 것은 다양한 사람들과의 관계를 통해 얻는 휴식과 공연 및 경기 관람입니다. 같이 여행을 가고 싶은 사람은 저처럼 이야기를 많이 나누고, 즉흥적으로 계획을 바꿀 수 있으며 서로의 의견을 수용할 수 있는 사람입니다. 이번 여행에서 가장 기대하는 것은 국내의 아름다운 산을 방문하고 새로운 인연을 만드는 것입니다. 이 여행이 제 삶에 주는 의미는 일상에서 벗어나 편안함을 찾고, 이를 통해 새로운 에너지를 얻는 데 있습니다.","이 사용자는 국내 지역을 선호하고, 상관없음 기후를 피하고 싶어해요. 여행 목적은 휴식이며, 상관없음에서 머무는 걸 좋아하고 오전 8-9시쯤 기상하는 편이에요.",,
354,매우 둔감,매우 수용적,적다,꽤 정확,보통,3,꽤 민감,매우 여유있게,국내,바다,즉흥 여행,무조건 다 봄,코골이 안함,기다림,"동남아,유럽,미국","더움,쌀쌀함,건조함","휴식,쇼핑,공연&경기관람","콘도,에어비엔비,민박",오전 10시 이후,200-300만원,"저는 주로 유럽 지역을 여행하며, 건조한 기후를 피하고 싶습니다. 여행 중 최악의 경험은 불규칙한 일정으로 인해 휴식을 충분히 취하지 못했을 때였던 것 같습니다. 이번 여행에서는 여유로운 일정을 지키는 것이 꼭 필요하다고 생각합니다. 함께 여행하고 싶은 사람은 계획에 협조적이고 즉흥적인 여행을 즐길 수 있는 사람입니다. 기대되는 것은 쇼핑과 함께 공연이나 경기를 관람하며 휴식을 취하는 것입니다. 이런 여행을 통해 일상에서 벗어나 새로운 활력을 얻고 싶습니다.","이 사용자는 유럽 지역을 선호하고, 건조함 기후를 피하고 싶어해요. 여행 목적은 쇼핑이며, 민박에서 머무는 걸 좋아하고 오전 10시 이후쯤 기상하는 편이에요.",,
355,매우 민감,다소 완고,적다,보통,따르는 편,2,매우 민감,보통,국내,바다,즉흥 여행,적당히 봄,코골이 함,다른 곳 간다,"국내,중국&몽골,그 외","상관없음,쌀쌀함,추움","미식,사람&관계,액티비티","상관없음,콘도,에어비엔비",오전 10시 이후,300-400만원,"저는 여행 중에 청결이 떨어지는 숙소에서 머물렀던 경험이 최악으로 남아 있습니다. 이번 여행에서는 깨끗한 숙소가 꼭 필요한데, 특히 콘도나 에어비앤비를 선호합니다. 함께 여행하고 싶은 사람은 세심한 배려심이 있고 서로의 의견을 존중할 수 있는 사람입니다. 이번 여행에서 가장 기대하는 건 다양한 액티비티를 즐기며 새로운 인연을 맺는 것이고, 이를 통해 제 삶에 활력과 새로운 관계의 의미를 얻고 싶습니다. 예산은 300-400만원 범위로 계획하며, 즉흥적으로 일정을 조정할 수 있는 여유를 가지고 싶습니다.","이 사용자는 국내 지역을 선호하고, 추움 기후를 피하고 싶어해요. 여행 목적은 액티비티이며, 콘도에서 머무는 걸 좋아하고 오전 10시 이후쯤 기상하는 편이에요.",,
356,매우 둔감,다소 완고,매우 많다,보통,무조건 따름,5,보통,보통,국내,산,즉흥 여행,무조건 다 봄,코골이 안함,기다림,"동남아,일본,세계일주","쌀쌀함,추움,더움","쇼핑,미식,액티비티","에어비엔비,3성이하 호텔,펜션",오전 10시 이후,300-400만원,"저는 여행 중에 더운 날씨를 특히 피하고 싶어하며, 완벽히 준비되지 않은 계획으로 인해 불편함을 겪는 것을 최악의 경험으로 여깁니다. 그래서 이번 여행에서는 예상치 못한 상황에서 쉴 수 있는 펜션 같은 숙소가 꼭 필요합니다. 함께 여행하고 싶은 사람은 저처럼 즉흥적인 계획을 즐기고, 리더십을 발휘하여 결정을 내려주는 친구일 것입니다. 이번 여행에서 가장 기대되는 부분은 각종 액티비티와 미식 경험이며, 이를 통해 일상에서 벗어나 활력을 얻고 싶습니다. 이러한 여행이 제 삶에 새로움을 더하고, 지루한 일상에서 탈출할 수 있는 기회가 되었으면 합니다.","이 사용자는 동남아 지역을 선호하고, 더움 기후를 피하고 싶어해요. 여행 목적은 액티비티이며, 펜션에서 머무는 걸 좋아하고 오전 10시 이후쯤 기상하는 편이에요.",,
357,보통,매우 수용적,많다,자주 늦음,무조건 따름,2,매우 민감,매우 여유있게,국내,산,계획 여행,무조건 다 봄,코골이 함,다른 곳 간다,"유럽,그 외,동남아","건조함,쌀쌀함,상관없음","자연감상,미식,액티비티","에어비엔비,게스트하우스,콘도",오전 9-10시,200-300만원,"저는 여행 중 체력이 약해 너무 힘들었던 경험이 최악이었어요. 그래서 이번 여행에서는 체력을 보완할 수 있는 여유로운 일정과 시간관리가 중요하고, 편안한 에어비엔비에서 숙박하며 충분한 휴식을 취하고 싶어요. 같이 여행을 가고 싶은 사람은 유연한 판단력과 계획을 지켜줄 수 있는 협력적인 사람이면 좋겠습니다. 자연 감상과 미식 투어를 가장 기대하고 있으며, 이번 여행을 통해 새로운 경험을 쌓고 건강한 여유로움을 되찾고자 해요. 여행은 저에게 삶의 활력을 주고, 새로운 문화와 사람들을 만나는 소중한 의미가 되었으면 합니다.","이 사용자는 그 외 지역을 선호하고, 건조함 기후를 피하고 싶어해요. 여행 목적은 액티비티이며, 에어비엔비에서 머무는 걸 좋아하고 오전 9-10시쯤 기상하는 편이에요.",,
358,보통,수용적,매우 많다,종종 늦음,리드하는편,2,둔감,꽤 여유있게,국내,바다,즉흥 여행,적당히 봄,코골이 안함,다른 곳 간다,"미국,일본,중국&몽골","추움,건조함,쌀쌀함","공연&경기관람,문화&역사체험,휴식","게스트하우스,펜션,콘도",오전 10시 이후,200-300만원,"저는 여행 중 추운 날씨에서 활동해야 했던 경험이 최악이었습니다. 이번 여행에서는 여유로운 아침을 위한 늦잠과 편안한 휴식을 보장해 줄 콘도가 꼭 필요합니다. 함께 여행할 사람으로는 말이 많아 대화가 끊이지 않는 사람이면 좋겠고, 일정을 즉흥적으로 조율할 수 있는 유연함도 있었으면 합니다. 이번 여행에서는 문화와 역사 체험을 기대하고 있으며, 그런 체험이 제 삶에 새로운 시야와 여유를 가져다주길 바랍니다. 무엇보다 즐겁고 수용적인 분위기에서 공연과 경기를 관람하며 힐링하는 시간이 되기를 바랍니다.","이 사용자는 미국 지역을 선호하고, 건조함 기후를 피하고 싶어해요. 여행 목적은 휴식이며, 콘도에서 머무는 걸 좋아하고 오전 10시 이후쯤 기상하는 편이에요.",,
359,꽤 민감,매우 수용적,매우 적다,매우 정확,무조건 따름,5,보통,매우 여유있게,해외,산,계획 여행,적당히 봄,코골이 안함,다른 곳 간다,"일본,중국&몽골,세계일주","추움,쌀쌀함,더움","액티비티,휴식,도전과성장","펜션,에어비엔비,민박",오전 8-9시,400만원 이상,"여행 중 최악의 경험은 아마도 계획이 없거나 와글거리는 환경 때문에 스트레스를 받는 상황일 것 같아요. 그래서 이번에도 정확한 시간 약속과 여유로운 일정이 꼭 필요한데, 이를 통해 불필요한 웨이팅을 피하고 싶은 마음입니다. 같이 여행을 가고 싶은 사람은 의사소통이 원활하고 서로 배려할 수 있는 사람이 좋겠어요. 이번 여행에서는 새로운 문화와 액티비티를 경험할 수 있는 일본이나 중국, 몽골처럼 독특한 곳을 탐험하는 것을 기대하고 있습니다. 이번 여행이 저에게 도전과 성장을 가져다주길 바라며, 일상에서 벗어나 리프레시할 수 있는 시간이 되길 바랍니다.","이 사용자는 세계일주 지역을 선호하고, 쌀쌀함 기후를 피하고 싶어해요. 여행 목적은 액티비티이며, 에어비엔비에서 머무는 걸 좋아하고 오전 8-9시쯤 기상하는 편이에요.",,
360,매우 둔감,다소 완고,보통,매우 정확,리드하는편,4,둔감,매우 빡빡하게,국내,바다,즉흥 여행,적당히 봄,코골이 안함,다른 곳 간다,"유럽,미국,일본","더움,추움,습함","자연감상,공연&경기관람,사람&관계","3성이하 호텔,4-5성급호텔,게스트하우스",오전 9-10시,400만원 이상,"저는 여행 중 기후가 덥거나 추운 것을 싫어하기 때문에, 그러한 날씨 속에서 불편함을 겪는 것이 최악의 경험일 것입니다. 이번 여행에서는 자연을 감상하고 공연 및 경기를 관람할 수 있는 계획이 중요하다 생각합니다. 저와 함께 여행할 사람은 시간에 정확하고, 즉흥적인 여행도 즐길 수 있는 유연한 사람이면 좋겠습니다. 이번 여행에서는 새로운 사람들과 관계를 맺고, 여러 장소를 빨리 돌아다니며 많은 것을 경험하는 것을 기대합니다. 제 삶에 있어 이번 여행은 다른 문화와 사람들을 통해 더욱 넓어진 시야를 가질 수 있는 의미가 있었으면 합니다.","이 사용자는 미국 지역을 선호하고, 추움 기후를 피하고 싶어해요. 여행 목적은 사람&관계이며, 4-5성급호텔에서 머무는 걸 좋아하고 오전 9-10시쯤 기상하는 편이에요.",,
361,꽤 민감,매우 완고,매우 적다,종종 늦음,따르는 편,1,매우 민감,매우 여유있게,해외,바다,계획 여행,무조건 다 봄,코골이 안함,다른 곳 간다,"유럽,중국&몽골,일본","더움,건조함,상관없음","사람&관계,액티비티,도전과성장","민박,3성이하 호텔,4-5성급호텔",오전 9-10시,200-300만원,"저는 여행 중 가장 최악이었던 경험이 덥고 건조한 기후 때문에 힘들었던 순간들이었어요. 이번 여행에서는 여유로운 일정 속에서도 랜드마크는 꼭 보고 싶어서 꼼꼼한 계획이 필요합니다. 여행을 같이 가고 싶은 사람은 리더십을 발휘해 저를 잘 이끌어주고, 저와 비슷하게 계획적인 사람이라면 좋겠습니다. 이번 여행에서 가장 기대하는 것은 액티비티와 도전을 통해 새로운 관계를 맺고 성장하는 것이며, 이를 통해 저의 삶에 조금이나마 긍정적인 변화를 가져오길 바랍니다. 특히 유럽을 방문하며 다양한 문화를 체험하고 싶어요.","이 사용자는 유럽 지역을 선호하고, 더움 기후를 피하고 싶어해요. 여행 목적은 도전과성장이며, 3성이하 호텔에서 머무는 걸 좋아하고 오전 9-10시쯤 기상하는 편이에요.",,
362,둔감,수용적,많다,보통,리드하는편,4,매우 둔감,매우 여유있게,국내,산,계획 여행,무조건 다 봄,코골이 함,기다림,"유럽,그 외,국내","더움,쌀쌀함,추움","쇼핑,공연&경기관람,자연감상","콘도,게스트하우스,3성이하 호텔",오전 8-9시,200-300만원,"저는 여행 중에 특히 청결에 크게 민감하지 않기 때문에 숙소는 게스트하우스나 3성급 호텔도 상관없습니다. 다만 최악의 경험은 날씨가 추운 경우입니다. 이번 여행에서는 공연이나 경기 관람을 꼭 즐기고 싶고, 이를 통해 자연과의 조화 속에서 얻는 여유로움과 즐거움을 누리고 싶습니다. 여행을 함께 하고 싶은 사람은 의견을 잘 받아들이고 리더십을 발휘할 수 있는 사람이며, 저는 계획적인 여행을 좋아하므로 일정에도 그 점이 반영되길 바랍니다. 이 여행은 일상에서 벗어나 자연 속에서 잠시 쉬면서 새로운 관점과 경험을 얻는 의미 깊은 시간이 되었으면 좋겠습니다.","이 사용자는 국내 지역을 선호하고, 추움 기후를 피하고 싶어해요. 여행 목적은 공연&경기관람이며, 게스트하우스에서 머무는 걸 좋아하고 오전 8-9시쯤 기상하는 편이에요.",,
363,매우 민감,매우 수용적,보통,매우 정확,리드하는편,5,보통,꽤 여유있게,해외,산,즉흥 여행,무조건 다 봄,코골이 안함,기다림,"국내,동남아,중국&몽골","상관없음,습함,건조함","액티비티,공연&경기관람,미식","펜션,상관없음,3성이하 호텔",오전 8-9시,200-300만원,"저는 해외 여행을 선호하며, 특히 산악 지역에서의 액티비티와 공연 관람을 기대하고 있습니다. 이번 여행에서는 특히 맛있는 음식을 경험하고 싶으며, 아침 일찍 일어나 다양한 랜드마크를 꼭 방문하려고 합니다. 여행 중 최악의 경험은 아마도 습한 기후로 인해 불편함을 겪는 것이지만, 이를 피하기 위해 기후에 대한 세심한 계획을 세울 것입니다. 함께 여행을 가고 싶은 사람은 제 의견을 잘 수용하고 서로의 의견을 조율할 수 있는 사람이면 좋겠습니다. 이번 여행을 통해 삶에 새로운 활력을 불어넣고, 그간 쌓인 스트레스를 해소할 수 있기를 바랍니다.","이 사용자는 국내 지역을 선호하고, 습함 기후를 피하고 싶어해요. 여행 목적은 미식이며, 펜션에서 머무는 걸 좋아하고 오전 8-9시쯤 기상하는 편이에요.",,
364,매우 둔감,보통,보통,종종 늦음,무조건 따름,2,매우 둔감,매우 여유있게,국내,바다,계획 여행,적당히 봄,코골이 안함,다른 곳 간다,"미국,유럽,국내","쌀쌀함,습함,상관없음","사람&관계,쇼핑,공연&경기관람","상관없음,에어비엔비,펜션",오전 9-10시,300-400만원,"저는 주로 국내 여행을 계획하며 여유 있게 일정을 짜기 때문에 시간 약속에 크게 구애받지 않는 편입니다. 그래서 여행 중 최악의 경험은 대기 시간이 길어 다른 계획에 차질이 생겼을 때입니다. 이번 여행에서는 공연이나 경기 관람이 필수이며, 함께 여행할 사람은 리더십이 있어 계획을 잘 따를 수 있는 사람이라면 좋겠습니다. 이번 여행에서 가장 기대하는 것은 바다 풍경을 즐기며 사람들과 관계를 쌓는 것입니다. 여행을 통해 새로운 사람들과의 관계를 통해 삶에 활력을 주고 싶습니다.","이 사용자는 유럽 지역을 선호하고, 습함 기후를 피하고 싶어해요. 여행 목적은 공연&경기관람이며, 펜션에서 머무는 걸 좋아하고 오전 9-10시쯤 기상하는 편이에요.",,
365,보통,다소 완고,매우 적다,매우 정확,무조건 리드,5,둔감,매우 여유있게,해외,산,계획 여행,무조건 다 봄,코골이 함,기다림,"국내,세계일주,일본","쌀쌀함,추움,더움","문화&역사체험,쇼핑,사람&관계","콘도,게스트하우스,민박",오전 10시 이후,200-300만원,저는 여행 중 날씨가 추워서 고생했던 경험이 가장 최악이었습니다. 그래서 이번 여행에서는 날씨에 맞는 따뜻한 준비물은 꼭 챙기고 싶습니다. 같이 여행하고 싶은 사람은 제가 주도적으로 리드할 수 있는 여유롭고 의견을 잘 수용하는 사람입니다. 이번 여행에서는 특히 문화와 역사 체험을 가장 기대하고 있습니다. 이러한 경험을 통해 삶의 다양한 문화적 풍부함을 느끼고 새로운 시각을 얻고 싶습니다.,"이 사용자는 국내 지역을 선호하고, 추움 기후를 피하고 싶어해요. 여행 목적은 문화&역사체험이며, 게스트하우스에서 머무는 걸 좋아하고 오전 10시 이후쯤 기상하는 편이에요.",,
366,매우 둔감,매우 완고,매우 적다,꽤 정확,리드하는편,2,보통,매우 여유있게,국내,바다,계획 여행,적당히 봄,코골이 함,다른 곳 간다,"일본,동남아,그 외","상관없음,건조함,쌀쌀함","자연감상,액티비티,미식","게스트하우스,펜션,민박",오전 9-10시,400만원 이상,"제가 이번 여행에서 가장 기대하는 것은 일본을 중심으로 한 자연감상과 미식 경험입니다. 과거의 여행 중 가장 싫었던 경험은 기다리는 것을 싫어하는 성격 때문에 긴 웨이팅을 겪었던 순간들입니다. 그래서 이번 여행에는 좀 더 계획적으로 다니며 그런 상황을 피하고 싶습니다. 또한, 여행 중에는 함께하는 사람이 저와 비슷한 계획형이며, 바다를 좋아하는 사람이면 좋겠습니다. 이번 여행은 일상에서 벗어나 느긋하게 자연 속에서 휴식을 취하며, 제 삶에 새로운 활력을 줄 수 있기를 바랍니다.","이 사용자는 일본 지역을 선호하고, 쌀쌀함 기후를 피하고 싶어해요. 여행 목적은 미식이며, 펜션에서 머무는 걸 좋아하고 오전 9-10시쯤 기상하는 편이에요.",,
367,둔감,수용적,많다,자주 늦음,무조건 리드,3,매우 민감,꽤 빡빡하게,국내,바다,즉흥 여행,적당히 봄,코골이 함,기다림,"미국,중국&몽골,세계일주","추움,습함,쌀쌀함","기록,자연감상,사람&관계","펜션,3성이하 호텔,에어비엔비",오전 10시 이후,400만원 이상,"저는 세계일주를 하며 기록을 남기고 자연을 감상하는 재미를 가장 기대하고 있습니다. 여행 중 최악의 경험은 아마도 추운 기후를 만나는 것일 텐데, 이는 제가 싫어하는 기후이기 때문입니다. 이번 여행에서는 오전 10시 이후에 일어나 여유로운 시간표를 가질 수 있는 3성 이하의 호텔에서 머물며, 높은 청결을 유지할 수 있는 조건이 꼭 필요합니다. 함께 여행을 가고 싶은 사람은 수용적이고 대화를 많이 할 수 있는 사람으로, 제가 리드하는 즉흥적인 여행 스타일을 이해해주는 사람입니다. 이번 여행은 기록과 사람과의 관계, 그리고 자연 감상을 통해 제 삶에 깊은 의미를 더하고 싶습니다.","이 사용자는 세계일주 지역을 선호하고, 추움 기후를 피하고 싶어해요. 여행 목적은 기록이며, 3성이하 호텔에서 머무는 걸 좋아하고 오전 10시 이후쯤 기상하는 편이에요.",,
368,보통,보통,많다,종종 늦음,무조건 따름,2,꽤 민감,보통,국내,바다,계획 여행,무조건 다 봄,코골이 함,다른 곳 간다,"동남아,중국&몽골,미국","건조함,추움,상관없음","기록,문화&역사체험,사람&관계","펜션,3성이하 호텔,민박",오전 8-9시,100만원 이하,"저는 여행 중 계획대로 움직일 때가 가장 즐겁지만, 약속에 늦거나 청결하지 않은 숙소에 머물러야 할 때가 최악의 경험으로 꼽힙니다. 이번 여행에서 역사를 직접 체험하고 기록할 수 있는 기회를 놓치고 싶지 않아요. 같이 여행을 가고 싶은 사람은 다양한 의견을 수용할 수 있으면서도 대화가 많이 가능한 분이었으면 좋겠어요. 이번 여행에서는 미국의 문화와 역사에 깊이 빠져보는 것을 가장 기대하고 있습니다. 또한 이 여행이 저에게 새로운 사람들과의 관계를 쌓고, 제 삶의 경험을 풍부하게 만드는 특별한 의미가 있었으면 합니다.","이 사용자는 미국 지역을 선호하고, 건조함 기후를 피하고 싶어해요. 여행 목적은 문화&역사체험이며, 민박에서 머무는 걸 좋아하고 오전 8-9시쯤 기상하는 편이에요.",,
369,보통,매우 완고,보통,보통,무조건 따름,4,매우 둔감,꽤 여유있게,해외,산,즉흥 여행,적당히 봄,코골이 함,다른 곳 간다,"동남아,유럽,세계일주","쌀쌀함,건조함,상관없음","문화&역사체험,자연감상,미식","3성이하 호텔,상관없음,콘도",오전 10시 이후,100만원 이하,"저는 해외 여행에서 쌀쌀하고 건조한 기후를 피하고자 해요. 예전에 그런 기후에서 불편함을 경험했거든요. 이번 여행에서는 자연을 충분히 감상할 시간을 가지는 것이 필수적입니다. 따라서 여유로운 일정과 즉흥적인 탐험이 중요해요. 함께 여행할 사람은 저와 비슷하게 계획적이기보다는 자유로운 성향이었으면 하고, 일정을 잘 따르는 성격이면 좋겠습니다. 기대되는 것은 역사와 문화를 접하며 새로운 영감을 얻고, 제 삶에 신선함과 변화를 주는 경험을 하는 것입니다.","이 사용자는 유럽 지역을 선호하고, 상관없음 기후를 피하고 싶어해요. 여행 목적은 자연감상이며, 콘도에서 머무는 걸 좋아하고 오전 10시 이후쯤 기상하는 편이에요.",,
370,매우 민감,다소 완고,매우 많다,매우 정확,무조건 따름,5,보통,보통,국내,바다,계획 여행,무조건 다 봄,코골이 안함,기다림,"국내,일본,세계일주","더움,쌀쌀함,습함","휴식,액티비티,자연감상","4-5성급호텔,에어비엔비,상관없음",오전 9-10시,400만원 이상,"여행 중 최악의 경험은 예민함 때문에 불편한 기후나 계획대로 되지 않는 상황에서 오는 스트레스입니다. 이번 여행에서는 정확한 시간 약속을 지키며 계획대로 움직일 수 있는 일정표와 의견 수용이 잘되는 사람과 함께하는 것이 중요합니다. 함께 여행하고 싶은 사람은 명확한 규칙을 따르고 대화가 많아 소통이 원활한 사람입니다. 이번 여행에서는 국내뿐만 아니라 일본 등지를 방문하면서 다양한 랜드마크를 모두 경험할 기회를 기대하고 있으며, 무엇보다 자연을 감상하며 진정한 휴식을 얻는 것이 목표입니다. 이러한 여행은 단순한 관광을 넘어, 일상에서 벗어나 삶의 질을 올리고 싶다는 의미를 갖습니다.","이 사용자는 세계일주 지역을 선호하고, 더움 기후를 피하고 싶어해요. 여행 목적은 휴식이며, 4-5성급호텔에서 머무는 걸 좋아하고 오전 9-10시쯤 기상하는 편이에요.",,
371,매우 민감,수용적,적다,종종 늦음,무조건 따름,2,매우 둔감,꽤 여유있게,국내,바다,계획 여행,무조건 다 봄,코골이 함,다른 곳 간다,"유럽,국내,중국&몽골","습함,더움,상관없음","미식,기록,액티비티","4-5성급호텔,3성이하 호텔,게스트하우스",오전 10시 이후,100만원 이하,"저는 국내 여행을 주로 하고 장거리 대기시간을 피하는 편입니다. 그래서 여행 중 최악의 경험은 복잡한 일정 때문에 스트레스를 받을 때입니다. 여행에서 가장 기대하는 것은 다양한 맛과 새로운 경험을 기록하는 것이며, 일정은 여유롭게 계획해서 피곤함을 최소화하고 싶습니다. 함께 여행을 가고 싶은 사람은 리더십을 발휘하며 계획을 잘 따르는 사람입니다. 이번 여행이 저에게는 여유로운 일탈과 개인적인 기록으로 남았으면 합니다.","이 사용자는 국내 지역을 선호하고, 상관없음 기후를 피하고 싶어해요. 여행 목적은 기록이며, 3성이하 호텔에서 머무는 걸 좋아하고 오전 10시 이후쯤 기상하는 편이에요.",,
372,보통,매우 수용적,적다,종종 늦음,무조건 따름,4,보통,매우 빡빡하게,해외,산,즉흥 여행,무조건 다 봄,코골이 함,기다림,"일본,미국,유럽","건조함,추움,쌀쌀함","쇼핑,도전과성장,문화&역사체험","민박,4-5성급호텔,에어비엔비",오전 8-9시,400만원 이상,"저는 여행에서 빡빡한 일정으로 매번 랜드마크를 다 보려고 하지만, 가끔 시간 약속을 어기면서 여행을 방해받을 때가 있어요. 그래서 이번 여행에는 특히 체력 관리가 중요하며, 4-5성급 호텔이나 에어비엔비 같은 숙소에서 편히 쉬는 것이 꼭 필요합니다. 같이 여행을 하면 좋을 사람은 의견을 다양하게 수용할 줄 알고, 리더십보다는 함께 계획에 따라 움직이는 것을 좋아할 것 같아요. 이번 여행에서 가장 기대되는 것은 새로운 문화와 역사를 체험하는 것으로, 이를 통해 도전과 성장의 기회를 얻고 싶습니다. 마지막으로, 이 여행이 제 삶에 영향을 주어 새로운 목표와 동기를 찾는 중요한 전환점이 되기를 바랍니다.","이 사용자는 일본 지역을 선호하고, 쌀쌀함 기후를 피하고 싶어해요. 여행 목적은 문화&역사체험이며, 에어비엔비에서 머무는 걸 좋아하고 오전 8-9시쯤 기상하는 편이에요.",,
373,매우 민감,보통,매우 적다,자주 늦음,무조건 따름,4,매우 둔감,매우 여유있게,국내,산,즉흥 여행,무조건 다 봄,코골이 함,다른 곳 간다,"일본,국내,동남아","상관없음,건조함,더움","문화&역사체험,기록,액티비티","민박,3성이하 호텔,콘도",오전 10시 이후,400만원 이상,"여행 중 최악의 경험은 아무래도 정시에 맞추지 못하거나 덥고 건조한 기후에서의 불편함이겠지만, 대신 여유롭고 느긋한 일정을 선호하기에 이를 피하려고 합니다. 이번 여행에는 문화와 역사를 체험하며 기록할 수 있는 기회가 꼭 있었으면 좋겠어요. 여행을 함께할 사람으로는 리더십을 발휘하며 의견을 존중해주고 잘 이끌어갈 수 있는 사람이 이상적입니다. 특히 기대하는 것은 여러 랜드마크를 방문하며 다양한 액티비티를 즐기는 것이고, 이 모든 경험이 제 삶에 새로운 활력과 자극으로 작용했으면 합니다. 이번 여행을 통해 편안한 휴식과 함께 문화적 탐구의 기회를 얻는 것이 목표입니다.","이 사용자는 일본 지역을 선호하고, 더움 기후를 피하고 싶어해요. 여행 목적은 기록이며, 콘도에서 머무는 걸 좋아하고 오전 10시 이후쯤 기상하는 편이에요.",,
374,둔감,수용적,많다,종종 늦음,무조건 리드,5,매우 둔감,매우 빡빡하게,국내,산,즉흥 여행,무조건 다 봄,코골이 함,기다림,"일본,그 외,중국&몽골","상관없음,건조함,추움","쇼핑,액티비티,도전과성장","상관없음,민박,에어비엔비",오전 9-10시,100만원 이하,"저는 예전에 빡빡한 일정에 너무 지친 나머지 신경 쓸 체력도 여유도 부족했던 경험이 최악이었지만, 이번에는 즉흥적인 여행에서 얻는 도전과 성장을 가장 기대하고 있습니다. 여행 중 쇼핑과 여러 액티비티 경험을 위해 필요한 모든 것이 잘 갖춰져 있어야 마음이 놓입니다. 함께 여행하고 싶은 사람은 의견을 수용하면서도 유머러스하게 대화를 나눌 수 있는 동반자입니다. 이번 일본 여행에서는 새로운 문화를 체험하며 일상에서 못 누렸던 다양한 랜드마크를 방문해 많은 추억을 만들고 싶습니다. 제가 이번 여행을 통해 얻고 싶은 것은, 새로운 경험을 통해 더욱 성장하고 미래의 더 큰 도전을 준비하는 계기가 되는 것입니다.","이 사용자는 일본 지역을 선호하고, 건조함 기후를 피하고 싶어해요. 여행 목적은 도전과성장이며, 민박에서 머무는 걸 좋아하고 오전 9-10시쯤 기상하는 편이에요.",,
375,둔감,매우 수용적,적다,종종 늦음,무조건 따름,2,꽤 민감,꽤 여유있게,국내,바다,즉흥 여행,적당히 봄,코골이 안함,기다림,"동남아,그 외,중국&몽골","상관없음,습함,건조함","쇼핑,미식,공연&경기관람","게스트하우스,민박,콘도",오전 8-9시,100만원 이하,"여행 중 최악의 경험은 예정보다 시간이 많이 지체되는 상황이에요, 제가 시간을 잘 못 맞춰서 종종 늦기도 해서요. 이번 여행에서 꼭 필요한 것은 편안한 숙소, 특히 게스트하우스나 민박을 선호해요. 여행 동반자는 의견을 잘 수용하고 둔감하며, 리더쉽을 발휘하며 앞장서 주는 사람이 좋겠어요. 이번 여행에서 가장 기대하는 것은 다양한 쇼핑과 맛있는 음식입니다. 그리고 이번 여행은 제 삶에 있어 새로운 문화와 경험을 통해 저의 시야를 넓히는 기회가 되기를 바랍니다.","이 사용자는 동남아 지역을 선호하고, 건조함 기후를 피하고 싶어해요. 여행 목적은 쇼핑이며, 게스트하우스에서 머무는 걸 좋아하고 오전 8-9시쯤 기상하는 편이에요.",,
376,매우 둔감,다소 완고,매우 많다,종종 늦음,따르는 편,2,매우 둔감,보통,해외,바다,계획 여행,적당히 봄,코골이 안함,다른 곳 간다,"일본,유럽,세계일주","추움,건조함,습함","문화&역사체험,기록,공연&경기관람","펜션,콘도,에어비엔비",오전 9-10시,100만원 이하,"여행 중 최악의 경험은 아마도 종종 약속 시간을 놓치는 것 때문일 겁니다. 그래서 이번 여행에서는 공연이나 경기 관람 일정에 맞추어 도착할 수 있는 여유 있는 계획이 필수적입니다. 함께 여행하고 싶은 사람은 일정에 루즈해도 이해심이 있고, 즐겁게 대화를 나눌 수 있는 사람이면 좋겠어요. 이번 여행에서 문화와 역사를 직접 체험하는 것이 가장 기대되며 세계 곳곳의 다채로운 공연을 보는 기회를 갖고 싶습니다. 이를 통해 제 삶에 새로운 영감을 주고, 다양한 문화적 시각을 확장하는 의미 있는 시간이 되었으면 합니다.","이 사용자는 일본 지역을 선호하고, 습함 기후를 피하고 싶어해요. 여행 목적은 공연&경기관람이며, 콘도에서 머무는 걸 좋아하고 오전 9-10시쯤 기상하는 편이에요.",,
377,꽤 민감,매우 수용적,보통,매우 정확,보통,4,매우 민감,꽤 빡빡하게,해외,산,계획 여행,무조건 다 봄,코골이 함,기다림,"세계일주,중국&몽골,유럽","건조함,상관없음,쌀쌀함","자연감상,휴식,도전과성장","콘도,4-5성급호텔,상관없음",오전 9-10시,200-300만원,"저는 여행 중에 주변 환경이 너무 건조하거나 쌀쌀할 때 특히 힘들어하기 때문에 가급적 이런 기후를 피하고 싶습니다. 이번 여행에서는 자연과의 교감을 통해 휴식을 취하고 도전하는 기회를 가지고 싶고, 이를 위해 정확한 일정 계획이 필요합니다. 동행인으로는 시간을 잘 지키고 청결을 중요시하는 사람을 선호하며, 서로의 의견을 잘 조율하며 민감한 부분에 공감할 수 있는 사람이라면 더욱 좋겠습니다. 여행을 통해 자연의 아름다움과 성장을 경험하고, 최대한 많은 랜드마크를 놓치지 않고 감상하고 싶은 기대가 큽니다. 그리고 이번 여행이 제 삶에 새로운 도약의 기운을 불어넣고, 자신감을 얻는 기회가 되기를 바랍니다.","이 사용자는 세계일주 지역을 선호하고, 건조함 기후를 피하고 싶어해요. 여행 목적은 자연감상이며, 상관없음에서 머무는 걸 좋아하고 오전 9-10시쯤 기상하는 편이에요.",,
378,보통,다소 완고,보통,종종 늦음,보통,5,보통,보통,국내,바다,계획 여행,적당히 봄,코골이 함,다른 곳 간다,"세계일주,유럽,국내","더움,습함,쌀쌀함","사람&관계,공연&경기관람,기록","상관없음,에어비엔비,민박",오전 8-9시,200-300만원,"저는 여행 중 최악의 경험은 덥거나 습한 기후에서 머무를 때였던 것 같습니다. 이번 여행에서 꼭 챙기고 싶은 것은 사람들과의 소중한 관계를 맺을 수 있는 기회이며, 특히 성격이 유연하고 새로운 경험을 즐길 수 있는 사람과 함께하고 싶습니다. 그리고 공연이나 경기를 즐길 수 있는 시간을 가장 기대하고 있습니다. 이번 여행을 통해 저의 삶에는 단순한 일상에서 벗어나 새로운 경험과 기회를 통해 인간관계를 더 넓히고, 행복한 기억을 기록할 수 있는 시간이 되었으면 좋겠습니다.","이 사용자는 세계일주 지역을 선호하고, 습함 기후를 피하고 싶어해요. 여행 목적은 사람&관계이며, 상관없음에서 머무는 걸 좋아하고 오전 8-9시쯤 기상하는 편이에요.",,
379,꽤 민감,다소 완고,많다,보통,보통,3,매우 민감,꽤 여유있게,해외,바다,계획 여행,적당히 봄,코골이 안함,다른 곳 간다,"세계일주,일본,유럽","추움,쌀쌀함,상관없음","미식,공연&경기관람,도전과성장","민박,에어비엔비,4-5성급호텔",오전 9-10시,300-400만원,"저는 여행 중 청결이 부족한 숙소에 머무르는 것이 최악의 경험이라고 생각합니다. 이번 여행에서는 계획적인 일정과 함께 미식 경험이 꼭 필요하고, 이를 통해 도전과 성장을 이루고 싶습니다. 함께 여행을 가고 싶은 사람은 의견 수용에 있어 유연하고 시간 약속을 잘 지키는 사람이면 좋겠습니다. 이번 여행에서 가장 기대하는 것은 새로운 공연과 경기를 관람하는 것이며, 이를 통해 제 삶에서 색다른 경험과 문화적 풍요로움을 얻고 싶습니다. 4-5성급 호텔에서 머무르며 여유롭게 일정을 소화하는 것이 이번 여행이 제 삶에 주는 큰 의미가 될 것입니다.","이 사용자는 일본 지역을 선호하고, 추움 기후를 피하고 싶어해요. 여행 목적은 도전과성장이며, 4-5성급호텔에서 머무는 걸 좋아하고 오전 9-10시쯤 기상하는 편이에요.",,
380,매우 둔감,수용적,매우 적다,매우 정확,보통,5,꽤 민감,매우 여유있게,해외,바다,즉흥 여행,적당히 봄,코골이 함,다른 곳 간다,"유럽,미국,세계일주","쌀쌀함,습함,추움","휴식,미식,기록","3성이하 호텔,민박,펜션",오전 8-9시,300-400만원,"여행 중 최악의 경험은 쌀쌀하고 습한 기후를 만났을 때였어요. 그래서 저는 이번 여행에서 따뜻한 날씨를 꼭 즐기고 싶어요. 같이 여행을 가고 싶은 사람은 의견을 잘 수용하고 대화가 적더라도 편안한 분위기를 만들어주는 사람이에요. 이번 여행에서 가장 기대하는 것은 유럽의 바다에서 느긋하게 휴식하며 다양한 음식을 맛보는 것이에요. 이 여행이 제 삶에 가져다주길 바라는 의미는 일상에서의 휴식을 통해 새로운 활력을 찾고 이를 토대로 더 나은 기록을 남기는 것, 즉 진정한 재충전의 시간이 되기를 바랍니다.","이 사용자는 유럽 지역을 선호하고, 추움 기후를 피하고 싶어해요. 여행 목적은 휴식이며, 펜션에서 머무는 걸 좋아하고 오전 8-9시쯤 기상하는 편이에요.",,
381,보통,매우 수용적,매우 적다,보통,무조건 따름,5,매우 민감,꽤 빡빡하게,해외,산,즉흥 여행,무조건 다 봄,코골이 안함,기다림,"일본,중국&몽골,그 외","추움,상관없음,습함","도전과성장,액티비티,쇼핑","상관없음,게스트하우스,콘도",오전 8-9시,100만원 이하,"저는 여행 중에 습한 날씨를 가장 피하고 싶고, 신선한 환경이 유지되는 콘도나 게스트하우스에 머무르며 하루를 깔끔히 시작하고 싶습니다. 함께 여행하며 조용히 의견을 수용해주는 사람과의 동반을 선호하는데, 서로 자연에서의 액티비티와 랜드마크 방문 같은 도전적인 일정을 즐길 수 있으면 좋겠습니다. 무엇보다도 이번 여행에서는 새로운 경험으로 인한 성장과 자신감의 증진을 기대하고 있으며, 이러한 경험들이 저의 삶에 긍정적인 변화를 가져다주기를 바랍니다. 저의 여행에서 예기치 못한 변수와 즉흥적인 순간들이 주는 활기를 소중히 하면서도, 일정은 빡빡하게 계획하고 있습니다. hipótese de체력이 준수하니 쿨하게 기다리는 것도 편합니다.","이 사용자는 중국&몽골 지역을 선호하고, 습함 기후를 피하고 싶어해요. 여행 목적은 도전과성장이며, 콘도에서 머무는 걸 좋아하고 오전 8-9시쯤 기상하는 편이에요.",,
382,보통,매우 수용적,매우 많다,꽤 정확,따르는 편,4,둔감,꽤 빡빡하게,해외,산,즉흥 여행,무조건 다 봄,코골이 함,기다림,"세계일주,동남아,국내","추움,더움,상관없음","기록,자연감상,액티비티","펜션,민박,에어비엔비",오전 8-9시,200-300만원,"저는 해외여행을 선호하며, 추운 날씨나 더운 날씨에 크게 구애받지 않는 편입니다. 여행 중에는 즉흥적인 계획과 빡빡한 일정의 조화를 좋아하고, 랜드마크를 꼭 방문하려고 합니다. 여행 중 최악의 경험이라면 아마 약속 시간에 맞추지 못하는 상황이 가장 힘들 것 같습니다. 여행에서 가장 중요한 것은 좋은 동행인데, 말을 많이 할 수 있고, 서로 수용적인 사람과 함께하고 싶습니다. 이번 여행에서는 그동안 기록에 남긴 다양한 자연 감상을 통해 새로운 활력을 얻고 싶고, 제 삶에 의미 있는 추억을 더하고 싶습니다. 예산은 200-300만원 정도로 잡고 에어비엔비 같은 곳에서 편안하게 지내려 합니다.","이 사용자는 세계일주 지역을 선호하고, 더움 기후를 피하고 싶어해요. 여행 목적은 기록이며, 에어비엔비에서 머무는 걸 좋아하고 오전 8-9시쯤 기상하는 편이에요.",,
383,매우 민감,매우 완고,매우 적다,종종 늦음,따르는 편,5,둔감,꽤 여유있게,국내,바다,계획 여행,무조건 다 봄,코골이 안함,기다림,"중국&몽골,유럽,일본","습함,상관없음,건조함","자연감상,휴식,사람&관계","에어비엔비,콘도,3성이하 호텔",오전 8-9시,300-400만원,"저는 여행 중 계획에 어긋나거나 정시에 맞추지 못하는 상황을 최악으로 꼽습니다. 민감한 성격이기에 일정은 철저하게 준비해야 마음이 놓입니다. 동행자는 의견을 잘 조율할 수 있는 인내심 있고 침착한 사람이면 좋겠어요. 이번 여행에서는 유럽의 자연을 감상하며 휴식하는 것을 가장 기대하고 있으며, 나만의 여유롭고 의미 있는 시간을 갖고 싶습니다. 이러한 여행은 제게 다시금 삶의 여유와 새로운 관점을 제공하는 중요한 기회가 될 것입니다.","이 사용자는 유럽 지역을 선호하고, 습함 기후를 피하고 싶어해요. 여행 목적은 휴식이며, 3성이하 호텔에서 머무는 걸 좋아하고 오전 8-9시쯤 기상하는 편이에요.",,
384,꽤 민감,매우 수용적,보통,꽤 정확,보통,2,보통,매우 여유있게,해외,산,계획 여행,무조건 다 봄,코골이 안함,다른 곳 간다,"세계일주,그 외,국내","쌀쌀함,상관없음,추움","기록,휴식,사람&관계","게스트하우스,콘도,3성이하 호텔",오전 8-9시,400만원 이상,"저는 세계일주를 꿈꾸며 여행을 다니고, 여행 중에는 기록과 사람들과의 관계형성을 중요하게 여깁니다. 그래서 계획을 철저히 세우고 여유로운 일정을 선호하며, 특히 중요한 랜드마크는 꼼꼼히 챙겨보는 편이에요. 이전 여행 중 날씨가 추워 힘들었던 경험이 있어 쌀쌀한 기후는 피하고 싶습니다. 예산 제약이 적어 게스트하우스나 콘도에 머물면서 여유롭게 휴식을 취하고 싶으며, 저와 같은 계획적인 사람과의 여행을 선호합니다. 이번 여행에서는 새로운 사람들과의 관계 형성과 삶의 시야를 넓히는 의미를 찾고 기대하고 있습니다.","이 사용자는 국내 지역을 선호하고, 쌀쌀함 기후를 피하고 싶어해요. 여행 목적은 사람&관계이며, 콘도에서 머무는 걸 좋아하고 오전 8-9시쯤 기상하는 편이에요.",,
385,매우 민감,매우 수용적,매우 적다,자주 늦음,보통,3,보통,꽤 여유있게,국내,산,즉흥 여행,무조건 다 봄,코골이 안함,기다림,"동남아,그 외,유럽","건조함,습함,상관없음","사람&관계,문화&역사체험,도전과성장","4-5성급호텔,민박,상관없음",오전 9-10시,200-300만원,제가 여행 중 가장 두려워하는 것은 특정한 기후가 몸에 맞지 않거나 예기치 않게 계획에 차질이 생기는 상황입니다. 그래서 이번 여행에서는 각국의 랜드마크를 시간에 쫓기지 않고 여유롭게 돌아볼 수 있는 일정이 꼭 필요합니다. 함께 여행할 사람은 이해심이 많고 대화가 즐거운 사람이라면 좋겠습니다. 이번 여행에서 다양한 문화와 역사를 체험하고 새로운 관계를 쌓는 것을 가장 기대하고 있습니다. 이러한 경험은 제 삶의 성장을 촉진할 중요한 도전이 될 것입니다.,"이 사용자는 유럽 지역을 선호하고, 건조함 기후를 피하고 싶어해요. 여행 목적은 사람&관계이며, 상관없음에서 머무는 걸 좋아하고 오전 9-10시쯤 기상하는 편이에요.",,
386,둔감,매우 완고,매우 적다,자주 늦음,무조건 리드,3,매우 둔감,매우 여유있게,국내,산,계획 여행,무조건 다 봄,코골이 안함,다른 곳 간다,"유럽,국내,동남아","습함,추움,건조함","자연감상,휴식,미식","4-5성급호텔,게스트하우스,에어비엔비",오전 10시 이후,300-400만원,"제가 여행 중 최악의 경험으로 생각하는 것은 시간 약속에 늦어 중요한 일정을 놓치는 것이에요. 이런 상황을 피하기 위해 이번 여행에서는 꼭 필요한 것 중 하나가 여유 있고 사전에 잘 계획된 일정이에요. 함께 여행하고 싶은 사람으로는 느긋하게 자연을 즐기며 세세한 일정 변경에도 이해심 많은 사람이 있어요. 이번 여행에서는 자연을 감상하며 여유롭게 보내는 시간을 가장 기대하고 있고, 그것이 저의 삶에 활력과 새로운 시각을 가져다주기를 바라요. 특히, 산과 아름다운 자연 속에서 휴식하며 재충전을 하고 싶습니다.","이 사용자는 국내 지역을 선호하고, 건조함 기후를 피하고 싶어해요. 여행 목적은 자연감상이며, 게스트하우스에서 머무는 걸 좋아하고 오전 10시 이후쯤 기상하는 편이에요.",,
387,보통,다소 완고,적다,꽤 정확,무조건 따름,3,보통,보통,해외,바다,계획 여행,무조건 다 봄,코골이 함,기다림,"그 외,중국&몽골,국내","더움,상관없음,쌀쌀함","쇼핑,미식,기록","펜션,상관없음,민박",오전 8-9시,100만원 이하,"여행 중 최악의 경험은 계획한 일정이 어긋나거나 극심한 더위나 추위가 예상치 못하게 찾아오는 경우인 것 같습니다. 이번 여행에서 꼭 필요한 것은 명확한 기록을 위한 카메라와 메모 도구이며, 함께 여행할 사람은 의견이 강하지 않고 서로 잘 맞추어가는 사람이라면 좋겠습니다. 여행에서 가장 기대하는 부분은 현지의 독특한 미식과 쇼핑 경험이며, 이는 성실하게 계획한 모든 일정과 랜드마크를 빠짐없이 보는 데 큰 의미가 있습니다. 이번 여행을 통해 일상에서 벗어나 새로운 기록과 경험을 쌓음으로써 삶의 작은 변화를 이끌어내고 싶은 기대가 큽니다.","이 사용자는 그 외 지역을 선호하고, 상관없음 기후를 피하고 싶어해요. 여행 목적은 기록이며, 상관없음에서 머무는 걸 좋아하고 오전 8-9시쯤 기상하는 편이에요.",,
388,둔감,수용적,보통,보통,무조건 리드,5,둔감,꽤 빡빡하게,국내,바다,즉흥 여행,무조건 다 봄,코골이 안함,기다림,"동남아,유럽,미국","건조함,추움,상관없음","도전과성장,휴식,미식","게스트하우스,콘도,민박",오전 9-10시,100만원 이하,"여행 중 최악의 경험은 아마도 건조하고 추운 날씨일 것입니다. 이번 여행에서는 다양한 랜드마크를 즉흥적으로 방문하며 도전과 성장을 이루고 싶지만, 또한 충분한 휴식을 취하고 맛있는 음식도 즐기고 싶습니다. 같이 여행을 가고 싶은 사람은 수용적이며 함께 다양한 장소를 탐험할 수 있는 기쁨을 공유하는 사람이었으면 좋겠습니다. 이번 여행에서 가장 기대하는 것은 이러한 도전을 통해 성장하는 자신을 발견하는 것입니다. 이 여행을 통해 새로운 경험을 쌓고, 나의 삶에 의미 있는 변화를 더하고 싶습니다.","이 사용자는 미국 지역을 선호하고, 추움 기후를 피하고 싶어해요. 여행 목적은 도전과성장이며, 민박에서 머무는 걸 좋아하고 오전 9-10시쯤 기상하는 편이에요.",,
389,둔감,다소 완고,매우 많다,꽤 정확,보통,5,보통,꽤 빡빡하게,국내,바다,계획 여행,무조건 다 봄,코골이 안함,기다림,"세계일주,일본,중국&몽골","습함,상관없음,더움","공연&경기관람,문화&역사체험,미식","에어비엔비,펜션,콘도",오전 8-9시,200-300만원,"저는 국내 여행을 주로 계획하며 일정은 빡빡하게 세우는 편입니다. 여행 중 최악의 경험은 더운 날씨에 노출되는 것일 수 있으며, 이것을 피하는 것이 중요합니다. 꼼꼼한 계획을 좋아하는 저는 말이 많고 돋보이는 사람보다는 조용하고 여유로운 동행을 선호합니다. 이번 여행에서 문화와 역사체험을 가장 기대하며, 다양한 공연과 경기를 관람하고 싶습니다. 그런 경험이 제 인생에 풍성한 기억과 여유를 더해주기를 바랍니다.","이 사용자는 세계일주 지역을 선호하고, 더움 기후를 피하고 싶어해요. 여행 목적은 문화&역사체험이며, 에어비엔비에서 머무는 걸 좋아하고 오전 8-9시쯤 기상하는 편이에요.",,
390,꽤 민감,보통,많다,종종 늦음,무조건 리드,5,보통,매우 여유있게,국내,바다,계획 여행,적당히 봄,코골이 안함,다른 곳 간다,"동남아,국내,중국&몽골","습함,건조함,상관없음","자연감상,휴식,사람&관계","민박,콘도,게스트하우스",오전 8-9시,100만원 이하,"저는 여행 중 예전에 시간을 잘 지키지 못해 일정에 차질이 생긴 경험이 최악으로 기억에 남습니다. 그래서 이번 여행에는 여유로운 일정 속에서도 자연을 충분히 감상할 수 있는 계획이 필수적입니다. 함께 여행을 가고 싶은 사람은 대화를 잘 나눌 수 있고, 제 리더십을 존중하며 계획을 함께 세울 수 있는 사람입니다. 이번 여행에서는 특히 바다의 풍경을 보며 휴식을 취하는 것을 가장 기대하고 있습니다. 이를 통해 새로운 사람들을 만나고 관계를 형성하며, 일상에서 벗어난 힐링의 시간이 되었으면 좋겠습니다.","이 사용자는 동남아 지역을 선호하고, 습함 기후를 피하고 싶어해요. 여행 목적은 자연감상이며, 민박에서 머무는 걸 좋아하고 오전 8-9시쯤 기상하는 편이에요.",,
391,둔감,매우 수용적,적다,자주 늦음,무조건 따름,3,매우 둔감,매우 여유있게,해외,바다,즉흥 여행,무조건 다 봄,코골이 함,다른 곳 간다,"그 외,국내,세계일주","더움,추움,건조함","기록,쇼핑,자연감상","펜션,상관없음,게스트하우스",오전 9-10시,400만원 이상,"저는 여행 중 최악의 경험으로 날씨가 너무 덥거나 추워 고생했던 순간을 꼽을 수 있을 것 같아요. 이번 여행에서는 여유로운 일정 속에서도 다양한 쇼핑 기회를 놓치고 싶지 않아요. 함께 여행을 가는 사람은 저처럼 일정에 얽매이지 않고 즉흥적인 계획을 즐길 수 있는 사람이면 좋겠어요. 특히 이번 여행에서 기대하는 것은 해외의 다양한 자연을 감상하는 것이고, 이러한 경험이 저에게 더 넓은 세상을 이해하고 기록할 수 있는 기회를 주었으면 해요. 여행이 저의 삶에 새로운 시각과 영감을 주기를 바랍니다.","이 사용자는 세계일주 지역을 선호하고, 추움 기후를 피하고 싶어해요. 여행 목적은 쇼핑이며, 펜션에서 머무는 걸 좋아하고 오전 9-10시쯤 기상하는 편이에요.",,
392,매우 민감,보통,많다,꽤 정확,보통,5,매우 민감,보통,해외,바다,계획 여행,무조건 다 봄,코골이 안함,다른 곳 간다,"그 외,미국,일본","상관없음,쌀쌀함,추움","쇼핑,문화&역사체험,도전과성장","4-5성급호텔,게스트하우스,펜션",오전 10시 이후,400만원 이상,"저는 여행 중에 청결하지 않은 숙소나 계획에 어긋나는 경우가 최악의 경험으로 다가오곤 했습니다. 이번 여행에서는 철저한 계획과 함께 랜드마크를 꼭 방문하고 싶고, 아침에 일찍 일어나지 않아도 되는 일정을 기대합니다. 같이 여행을 가고 싶은 사람은 시간을 잘 지키고, 청결에 민감한 사람이라면 좋겠습니다. 이번 여행에서 기대하는 것은 새로운 문화와 역사 체험을 통해 개인적으로 도전과 성장을 이루는 것입니다. 이 여행이 큰 쇼핑 욕구를 충족하고 제 삶에 활력을 주는 특별한 경험이 되었으면 합니다.","이 사용자는 그 외 지역을 선호하고, 추움 기후를 피하고 싶어해요. 여행 목적은 쇼핑이며, 펜션에서 머무는 걸 좋아하고 오전 10시 이후쯤 기상하는 편이에요.",,
393,꽤 민감,다소 완고,적다,꽤 정확,무조건 리드,2,둔감,매우 빡빡하게,해외,산,즉흥 여행,적당히 봄,코골이 안함,기다림,"미국,세계일주,동남아","추움,쌀쌀함,상관없음","사람&관계,기록,액티비티","민박,펜션,게스트하우스",오전 10시 이후,400만원 이상,저는 세계일주를 계획하며 기록을 중시하는 여행을 즐깁니다. 과거 여행 중 계획을 따르지 않은 사람들 때문에 시간 약속이 어긋나 최악의 경험을 한 적이 있어 이번에는 시간 관리를 철저히 하고 싶습니다. 함께 여행을 가고 싶은 사람은 대화가 적더라도 일정에 충실히 따르는 사람이면 좋겠다고 생각합니다. 이번 여행에서 특히 기대하는 것은 다양한 문화 속에서 인간관계를 쌓고 기록하는 과정입니다. 이러한 경험이 저에게 새로운 시각을 제공하며 앞으로의 삶에 끊임없는 동기 부여가 되었으면 합니다.,"이 사용자는 세계일주 지역을 선호하고, 추움 기후를 피하고 싶어해요. 여행 목적은 기록이며, 게스트하우스에서 머무는 걸 좋아하고 오전 10시 이후쯤 기상하는 편이에요.",,
394,매우 둔감,보통,매우 많다,보통,무조건 리드,3,보통,꽤 빡빡하게,해외,산,계획 여행,무조건 다 봄,코골이 함,기다림,"유럽,중국&몽골,동남아","쌀쌀함,추움,습함","액티비티,도전과성장,미식","상관없음,민박,콘도",오전 8-9시,400만원 이상,"저는 해외 여행 중 쌀쌀하거나 습한 날씨 때문에 불편했던 경험이 있습니다. 이번 여행에서는 미식을 위해 다양한 음식을 맛볼 수 있는 기회를 꼭 가져야겠다고 생각합니다. 말이 많고, 리드하는 걸 좋아하는 제가 함께 여행하고 싶은 사람은 의견을 수용할 수 있는 유연한 사람입니다. 이번 여행에서 가장 기대하는 것은 액티비티를 통해 도전과 성장을 경험하는 것입니다. 이 여행이 제 삶에 새로운 활력을 주고, 더 넓은 시야와 미식을 통한 행복을 가져왔으면 좋겠습니다.","이 사용자는 유럽 지역을 선호하고, 습함 기후를 피하고 싶어해요. 여행 목적은 미식이며, 상관없음에서 머무는 걸 좋아하고 오전 8-9시쯤 기상하는 편이에요.",,
395,둔감,보통,매우 많다,종종 늦음,리드하는편,5,보통,보통,해외,산,계획 여행,적당히 봄,코골이 함,기다림,"국내,그 외,미국","더움,상관없음,쌀쌀함","사람&관계,기록,미식","상관없음,펜션,4-5성급호텔",오전 8-9시,100만원 이하,"저는 여행 중 계획대로 되지 않거나 늦는 상황을 별로 좋아하지 않아, 일정이 엉키고 지체되는 경험이 최악이라고 생각합니다. 이번 여행에서 꼭 필요한 것은 호텔에서의 편안한 숙박이며, 4-5성급 호텔에서 머무는 것을 선호합니다. 함께 여행하고 싶은 사람은 대화를 많이 나눌 수 있고, 예민함이 덜하며 여유롭게 기다릴 줄 아는 사람이면 좋겠습니다. 이번 여행에서 가장 기대하는 것은 사람들과의 교류와 경험을 통해 새로운 관계를 맺는 것이며, 기록으로 남길 특별한 순간들을 만드는 것입니다. 이러한 여행은 제 삶에 소중한 추억과 관계를 쌓는 기회가 되었으면 합니다.","이 사용자는 국내 지역을 선호하고, 쌀쌀함 기후를 피하고 싶어해요. 여행 목적은 기록이며, 4-5성급호텔에서 머무는 걸 좋아하고 오전 8-9시쯤 기상하는 편이에요.",,
396,꽤 민감,수용적,매우 적다,보통,무조건 리드,1,둔감,꽤 빡빡하게,해외,바다,계획 여행,적당히 봄,코골이 안함,기다림,"그 외,동남아,유럽","추움,습함,상관없음","기록,문화&역사체험,액티비티","3성이하 호텔,게스트하우스,펜션",오전 8-9시,400만원 이상,"저는 여행 중 가장 최악의 경험으로 추운 날씨를 겪은 것을 꼽을 수 있습니다. 그래서 이번 여행에서는 날씨가 적당히 따뜻한 동남아 지역을 선택했으며, 훌륭한 액티비티 프로그램이 꼭 포함되었으면 좋겠습니다. 저는 주로 조용하고 민감한 성격이라 함께 여행할 사람은 이해심이 많고 세심한 사람이어야 합니다. 또한 이번 여행에서 가장 기대하는 것은 다양한 문화와 역사를 체험하며 새로운 기록을 남기는 것입니다. 이런 경험을 통해 제 삶에 새로운 시각을 불어넣고 싶습니다.","이 사용자는 동남아 지역을 선호하고, 습함 기후를 피하고 싶어해요. 여행 목적은 액티비티이며, 펜션에서 머무는 걸 좋아하고 오전 8-9시쯤 기상하는 편이에요.",,
397,꽤 민감,다소 완고,매우 적다,꽤 정확,무조건 따름,5,둔감,보통,국내,산,계획 여행,무조건 다 봄,코골이 안함,기다림,"일본,동남아,중국&몽골","습함,추움,쌀쌀함","기록,미식,쇼핑","3성이하 호텔,4-5성급호텔,상관없음",오전 9-10시,200-300만원,저는 여행 중 계획이 틀어질 때 가장 큰 스트레스를 받는 편이라 정확한 시간 약속을 지키기 위해 노력합니다. 이번 여행에서 가장 중요하게 생각하는 건 미식을 제대로 즐기는 것입니다. 따라서 함께 여행할 사람도 맛있는 음식을 즐길 줄 아는 사람이었으면 좋겠습니다. 이 여행에서 제가 가장 기대하는 것은 다양한 미식을 통해 새로운 경험을 기록하는 것입니다. 제 여행이 일상에서의 탈출이자 새로운 영감을 얻는 계기가 되었으면 합니다.,"이 사용자는 동남아 지역을 선호하고, 추움 기후를 피하고 싶어해요. 여행 목적은 미식이며, 4-5성급호텔에서 머무는 걸 좋아하고 오전 9-10시쯤 기상하는 편이에요.",,
398,매우 둔감,매우 완고,보통,자주 늦음,리드하는편,3,매우 둔감,꽤 여유있게,국내,바다,계획 여행,적당히 봄,코골이 함,기다림,"동남아,유럽,그 외","상관없음,더움,추움","휴식,액티비티,공연&경기관람","민박,콘도,에어비엔비",오전 10시 이후,100만원 이하,"저는 여행 중 쉴 수 없는 상황이 최악이었는데, 예를 들면 너무 빡빡한 일정으로 편하게 쉬지 못할 때가 있었습니다. 그래서 이번 여행에서는 충분한 휴식 시간을 확보하고자 하며, 아침 여유로운 기상도 빠뜨리지 않고 싶습니다. 함께 가고 싶은 사람은 저와 비슷하게 계획적이되 융통성이 있는 사람이면 좋겠습니다. 특히 이번 여행에서는 공연이나 경기를 관람하며 새로운 경험을 기대하고 있으며, 이를 통해 일상에서 벗어나 즐거운 추억을 만드는 것이 중요합니다. 여행을 통해 삶의 활력을 되찾고 일상의 스트레스를 해소하는 의미가 있었으면 좋겠습니다.","이 사용자는 그 외 지역을 선호하고, 상관없음 기후를 피하고 싶어해요. 여행 목적은 휴식이며, 콘도에서 머무는 걸 좋아하고 오전 10시 이후쯤 기상하는 편이에요.",,
399,매우 민감,매우 완고,보통,매우 정확,무조건 따름,4,매우 둔감,매우 여유있게,해외,산,즉흥 여행,적당히 봄,코골이 함,다른 곳 간다,"일본,세계일주,유럽","추움,상관없음,건조함","도전과성장,휴식,액티비티","상관없음,민박,콘도",오전 9-10시,300-400만원,"저는 여행에서 코골이가 심해 친구들과 함께 숙면을 취하지 못했던 경험이 최악이었습니다. 그래서 이번 여행에는 편안히 잘 수 있는 조건이 꼭 있었으면 좋겠습니다. 함께 여행하고 싶은 사람은 유연하고 즉흥적인 스타일로, 무리하지 않고 여유롭게 일정을 즐길 수 있는 사람입니다. 일본을 포함한 여러 나라로 세계일주를 하며 도전과 성장을 기대하고 있으며, 특히 액티비티와 새로운 문화 경험을 통해 많은 것을 배우고 싶습니다. 이번 여행이 저에게는 새로운 도전과 성장을 통해 삶에 새로운 활력을 불어넣는 의미가 되었으면 합니다.","이 사용자는 일본 지역을 선호하고, 추움 기후를 피하고 싶어해요. 여행 목적은 도전과성장이며, 민박에서 머무는 걸 좋아하고 오전 9-10시쯤 기상하는 편이에요.",,
400,꽤 민감,매우 수용적,보통,꽤 정확,무조건 리드,5,매우 민감,매우 여유있게,국내,바다,계획 여행,무조건 다 봄,코골이 함,다른 곳 간다,"미국,그 외,동남아","건조함,추움,습함","공연&경기관람,문화&역사체험,액티비티","민박,3성이하 호텔,게스트하우스",오전 10시 이후,100만원 이하,"저는 국내 여행을 선호하며, 특히 바다를 좋아합니다. 과거 여행 중에는 약속 시간에 늦거나 코 골이로 인해 숙면을 방해받는 일이 있었던 것이 최악의 경험 중 하나였어요. 그래서 이번 여행에서는 반드시 편안한 숙소 환경을 확보하고 싶습니다. 함께 여행을 가고 싶은 사람은 서로의 의견을 잘 수용하며 여유로운 일정 가운데서 리더십을 발휘할 수 있는 사람이면 좋겠습니다. 여행에서는 다양한 문화와 역사를 체험하며, 공연이나 경기를 관람할 것을 기대하고 있습니다. 이번 여행은 일상에서 벗어나 새로운 경험을 통해 삶에 활력을 불어넣는 의미를 가지길 바랍니다.","이 사용자는 동남아 지역을 선호하고, 습함 기후를 피하고 싶어해요. 여행 목적은 액티비티이며, 민박에서 머무는 걸 좋아하고 오전 10시 이후쯤 기상하는 편이에요.",,
401,매우 둔감,수용적,적다,자주 늦음,리드하는편,5,꽤 민감,매우 빡빡하게,국내,바다,즉흥 여행,적당히 봄,코골이 함,다른 곳 간다,"국내,미국,세계일주","건조함,추움,습함","도전과성장,기록,문화&역사체험","에어비엔비,민박,3성이하 호텔",오전 10시 이후,400만원 이상,"여행 중 가장 최악의 경험은 건조하거나 추운 날씨로 인해 불편했던 순간들이었어요. 그래서 이번 여행에서는 다양한 경험을 기록할 수 있도록 적당한 날씨와 함께하는 것이 중요해요. 함께 여행할 사람이라면 수용적이고 침착하게 일정을 즐길 수 있는 사람들이 좋을 것 같아요. 이번 여행에서 가장 기대되는 것은 새로운 문화와 역사를 체험하며 개인적으로 성장하는 것입니다. 여행을 통해 제 삶에 도전과 성장을 불어넣고, 새로운 관점들을 기록해나가는 기회로 삼고 싶어요.","이 사용자는 미국 지역을 선호하고, 건조함 기후를 피하고 싶어해요. 여행 목적은 기록이며, 에어비엔비에서 머무는 걸 좋아하고 오전 10시 이후쯤 기상하는 편이에요.",,
402,꽤 민감,수용적,보통,보통,따르는 편,1,둔감,매우 빡빡하게,해외,산,즉흥 여행,적당히 봄,코골이 함,기다림,"일본,국내,그 외","상관없음,더움,습함","사람&관계,액티비티,자연감상","민박,콘도,상관없음",오전 9-10시,400만원 이상,"저는 해외 여행을 즐기는 편으로, 특히 일본에 관심이 많습니다. 여행 중 최악의 경험은 너무 더운 기후에서의 액티비티로, 이는 예민함 때문이기도 하고 체력이 낮아 힘들었기 때문입니다. 이번 여행에서는 액티비티를 위해 편안한 콘도에서의 휴식이 꼭 필요합니다. 같이 여행할 사람은 유연하고 관대해서 일정이 즉흥적으로 변경될 때도 잘 따라올 수 있는 사람이면 좋겠습니다. 이번 여행에서는 자연을 감상하며 사람들과의 관계를 맺는 것을 가장 기대하고 있습니다. 여행의 경험이 앞으로의 인간관계에 긍정적인 영향을 주고, 새로운 에너지를 얻는 기회가 되기를 바랍니다.","이 사용자는 국내 지역을 선호하고, 상관없음 기후를 피하고 싶어해요. 여행 목적은 액티비티이며, 콘도에서 머무는 걸 좋아하고 오전 9-10시쯤 기상하는 편이에요.",,
403,매우 둔감,매우 완고,매우 많다,종종 늦음,무조건 리드,4,매우 둔감,매우 여유있게,해외,산,즉흥 여행,무조건 다 봄,코골이 안함,기다림,"국내,유럽,동남아","상관없음,습함,더움","미식,액티비티,쇼핑","에어비엔비,게스트하우스,콘도",오전 8-9시,400만원 이상,"저는 여행 중 체력적으로 힘든 경험이 있었지만, 그리 큰 문제로 여기지 않습니다. 이번 여행에서 다양한 랜드마크를 즉흥적으로 즐기면서 미식 활동을 하고 싶고, 그래서 제 여행에서 절대 빠져서는 안 될 요소입니다. 함께 여행할 사람은 의견이 강하지 않아 제 리드를 따라올 수 있는 사람이면 좋겠습니다. 이번 여행이 유럽이나 동남아에서 쇼핑을 하고 많은 경험을 쌓음을 기대하고 있고, 이를 통해 제 삶에 새로운 활력을 얻고자 합니다. 다소 여유로운 일정 속에서도 다양한 즐거움을 나누고자 합니다.","이 사용자는 국내 지역을 선호하고, 상관없음 기후를 피하고 싶어해요. 여행 목적은 쇼핑이며, 게스트하우스에서 머무는 걸 좋아하고 오전 8-9시쯤 기상하는 편이에요.",,
404,매우 둔감,수용적,매우 적다,자주 늦음,리드하는편,3,매우 민감,꽤 빡빡하게,국내,바다,즉흥 여행,무조건 다 봄,코골이 함,다른 곳 간다,"세계일주,중국&몽골,동남아","상관없음,추움,습함","공연&경기관람,기록,쇼핑","게스트하우스,3성이하 호텔,상관없음",오전 9-10시,400만원 이상,"저는 여행 중 일정이 빡빡할 때 자주 늦는 편이라 시간 약속에 압박을 느끼는 것이 최악의 경험이었습니다. 여행에서는 공연이나 경기를 관람하는 것이 중요한데, 이를 놓치지 않으려면 시간 관리가 필수적이라 이번에는 더 신경 쓰고 싶어요. 청결을 중요시하기 때문에 깔끔함을 갖춘 일행과 함께 여행하는 게 좋습니다. 기대되는 점은 즉흥적으로 국내의 다양한 바다 지역을 여행하며 힐링할 수 있을 것이고, 이것이 제 삶에 색다른 여유를 줄 수 있는 의미 있는 경험이 되길 바랍니다. 웨이팅 없이 편한 숙소에서 아침 9-10시쯤 느긋하게 일어나는 여정이 제 삶에 큰 충전이 됩니다.","이 사용자는 세계일주 지역을 선호하고, 상관없음 기후를 피하고 싶어해요. 여행 목적은 공연&경기관람이며, 상관없음에서 머무는 걸 좋아하고 오전 9-10시쯤 기상하는 편이에요.",,
405,둔감,매우 수용적,많다,매우 정확,무조건 따름,1,꽤 민감,꽤 여유있게,해외,산,즉흥 여행,무조건 다 봄,코골이 안함,기다림,"국내,동남아,일본","상관없음,습함,건조함","사람&관계,미식,기록","콘도,민박,4-5성급호텔",오전 10시 이후,300-400만원,"저는 여행 중에 일정이 빡빡해서 체력이 부족해진 경험이 최악이었어요, 그래서 이번에는 여유 있는 일정을 기대하고 있어요. 여행에서 중요한 건 맛있는 음식이니 미식 체험이 꼭 있어야 합니다. 동행자는 제 의견을 지지해주고 리더 역할을 하면 좋겠어요. 이번 여행에서는 다양한 랜드마크를 보며 기록하고 싶은 기대가 큽니다. 더불어, 이 여행이 사람들과의 관계를 넓히고 제 삶에 새로운 경험과 의미를 더해주었으면 합니다.","이 사용자는 동남아 지역을 선호하고, 건조함 기후를 피하고 싶어해요. 여행 목적은 미식이며, 콘도에서 머무는 걸 좋아하고 오전 10시 이후쯤 기상하는 편이에요.",,
406,보통,매우 완고,매우 적다,매우 정확,무조건 리드,5,꽤 민감,매우 여유있게,해외,산,즉흥 여행,적당히 봄,코골이 안함,기다림,"미국,유럽,그 외","습함,더움,쌀쌀함","휴식,도전과성장,공연&경기관람","상관없음,콘도,펜션",오전 9-10시,200-300만원,"여행 중 최악의 경험은 습하고 더운 날씨로 인해 불쾌한 기분을 느끼는 것입니다. 이번 여행에서는 공연이나 경기를 관람하는 것을 꼭 하고 싶어요. 함께 여행할 사람은 책임감이 강하고 제가 리드할 수 있는 관계가 좋습니다. 이번 여행에서 가장 기대하는 것은 새로운 도전과 성장을 통해 얻는 성취감이며, 쉬면서 편안한 시간을 보내는 것도 중요합니다. 이 여행이 제 삶에 휴식과 동시에 새로운 경험을 통해 한층 더 성장할 수 있는 기회가 되기를 바랍니다.","이 사용자는 유럽 지역을 선호하고, 습함 기후를 피하고 싶어해요. 여행 목적은 도전과성장이며, 상관없음에서 머무는 걸 좋아하고 오전 9-10시쯤 기상하는 편이에요.",,
407,꽤 민감,다소 완고,많다,종종 늦음,따르는 편,2,보통,매우 여유있게,국내,산,즉흥 여행,무조건 다 봄,코골이 안함,기다림,"유럽,그 외,미국","건조함,습함,상관없음","미식,공연&경기관람,사람&관계","상관없음,게스트하우스,콘도",오전 10시 이후,100만원 이하,"여행 중 최악의 경험은 아마도 공연이나 경기 티켓을 놓쳤던 순간일 것입니다. 이번 여행에서는 현지의 미식과 함께 꼭 공연이나 경기를 관람하고 싶어요. 함께 여행을 가고 싶은 사람은 저와 비슷하게 즉흥적인 여행을 즐기며 많은 대화를 나눌 수 있는 사람입니다. 이번 여행에서 가장 기대하는 것은 새로운 사람들과의 만남을 통해 관계를 구축하는 것이고, 이러한 경험들이 삶에 새로운 영감을 주었으면 합니다. 여행의 여유로운 일정 속에서 이런 다양한 경험들을 통해 제가 한층 더 성장할 수 있기를 바랍니다.","이 사용자는 유럽 지역을 선호하고, 습함 기후를 피하고 싶어해요. 여행 목적은 공연&경기관람이며, 콘도에서 머무는 걸 좋아하고 오전 10시 이후쯤 기상하는 편이에요.",,
408,매우 민감,다소 완고,매우 많다,보통,따르는 편,5,매우 둔감,꽤 빡빡하게,국내,바다,즉흥 여행,적당히 봄,코골이 함,기다림,"국내,중국&몽골,유럽","건조함,습함,더움","휴식,기록,액티비티","콘도,민박,펜션",오전 8-9시,200-300만원,"저는 여행 중 특히 덥고 습한 기후를 싫어해서 그런 환경에서의 경험이 가장 기억에 남을 만큼 최악이라고 할 수 있습니다. 이번 여행에서는 다양한 활동을 즐길 수 있는 기회와 이를 기록할 수 있는 도구가 꼭 필요하다고 생각해요. 함께 여행하고 싶은 사람은 저처럼 즉흥적인 계획을 좋아하고, 때때로 저의 많은 말을 잘 들어줄 수 있는 사람입니다. 이번 여행에서 가장 기대하는 것은 새로운 문화와 환경에서의 활발한 액티비티입니다. 이 여행이 제 삶에 활력을 주고 새로운 시각을 열어주는 경험이 되었으면 좋겠습니다.","이 사용자는 유럽 지역을 선호하고, 건조함 기후를 피하고 싶어해요. 여행 목적은 액티비티이며, 민박에서 머무는 걸 좋아하고 오전 8-9시쯤 기상하는 편이에요.",,
409,보통,다소 완고,보통,자주 늦음,보통,5,꽤 민감,매우 여유있게,해외,바다,즉흥 여행,적당히 봄,코골이 안함,기다림,"국내,세계일주,동남아","건조함,습함,상관없음","도전과성장,공연&경기관람,사람&관계","펜션,3성이하 호텔,에어비엔비",오전 10시 이후,400만원 이상,"저는 여유로운 일정을 선호하는 즉흥 여행자로, 세계 일주 동안 공연과 경기를 관람하는 것을 기대하고 있습니다. 예전에 너무 타이트하게 짜인 일정으로 피로를 느낀 적이 있어 이번 여행에서는 충분히 휴식할 수 있는 여유를 확보하는 것이 중요합니다. 동행자로는 유연하며 기다림에 관대하고 일정을 큰 틀에서 이해하는 사람이면 좋겠고, 이는 제 의견 수용도가 다소 낮은 성향 때문입니다. 이번 여행은 삶의 새로운 도전과 성장을 위한 계기가 되기를 바라며, 숙소는 청결한 펜션이나 에어비앤비에서 편안히 쉴 수 있도록 준비하고자 합니다. 경제적으로는 400만원 이상을 준비해 부담 없이 다녀오기를 기대합니다.","이 사용자는 세계일주 지역을 선호하고, 건조함 기후를 피하고 싶어해요. 여행 목적은 공연&경기관람이며, 펜션에서 머무는 걸 좋아하고 오전 10시 이후쯤 기상하는 편이에요.",,
410,둔감,수용적,매우 적다,자주 늦음,보통,2,매우 둔감,매우 여유있게,해외,바다,계획 여행,무조건 다 봄,코골이 함,기다림,"동남아,세계일주,국내","건조함,상관없음,쌀쌀함","쇼핑,기록,문화&역사체험","콘도,상관없음,민박",오전 9-10시,100만원 이하,"저는 둔감한 성격 때문에 여행 중 겪는 불편함을 크게 신경 쓰지 않지만, 계획했던 일정을 소화하지 못하게 되면 아쉬운 마음이 듭니다. 이번 여행에서는 여유로운 일정 속에서도 모든 랜드마크를 볼 수 있도록 계획적으로 움직이는 것이 중요하다고 생각합니다. 말수가 적고 둔감한 편이라, 여행을 함께 할 사람은 열린 마음으로 소통하는 데 문제가 없는 사람일수록 좋습니다. 이번 여행에서 가장 기대하는 것은 다양한 문화와 역사를 체험하며 그 경험을 기록하는 것입니다. 이러한 여행이 제 삶에 새로운 관점과 소중한 기억을 더해줄 것으로 기대하고 있습니다.","이 사용자는 세계일주 지역을 선호하고, 상관없음 기후를 피하고 싶어해요. 여행 목적은 문화&역사체험이며, 상관없음에서 머무는 걸 좋아하고 오전 9-10시쯤 기상하는 편이에요.",,
411,매우 민감,매우 수용적,매우 많다,보통,무조건 리드,2,꽤 민감,매우 여유있게,해외,산,계획 여행,무조건 다 봄,코골이 함,다른 곳 간다,"중국&몽골,유럽,그 외","추움,쌀쌀함,더움","문화&역사체험,액티비티,미식","에어비엔비,3성이하 호텔,4-5성급호텔",오전 8-9시,400만원 이상,"저는 여행 중에서 날씨가 제 마음에 들지 않았을 때 조금 힘들었던 경험이 있습니다. 그래서 추운 기후는 최대한 피하고 싶고, 다음 여행에서는 문화와 역사 체험에 필요한 자료나 안내서가 꼭 있었으면 좋겠습니다. 말이 많은 저와 함께 여행할 사람은 대화가 많은 걸 즐기고, 제 의견에도 잘 공감해줄 수 있는 수용적인 분이면 좋겠어요. 이번 여행에서 가장 기대하는 것은 새로운 지역의 문화와 역사를 깊이 체험해보는 것이고, 이를 통해 제 삶에 좀 더 풍부한 경험과 지식을 쌓고 싶습니다. 4-5성급 호텔에서 편안하게 쉬며 여유롭게 여행 일정을 소화하는 시간이 제게 큰 의미가 될 것입니다.","이 사용자는 그 외 지역을 선호하고, 추움 기후를 피하고 싶어해요. 여행 목적은 문화&역사체험이며, 4-5성급호텔에서 머무는 걸 좋아하고 오전 8-9시쯤 기상하는 편이에요.",,
412,매우 민감,매우 수용적,보통,매우 정확,무조건 리드,4,둔감,매우 여유있게,국내,바다,즉흥 여행,무조건 다 봄,코골이 함,기다림,"중국&몽골,미국,세계일주","더움,건조함,추움","휴식,공연&경기관람,쇼핑","상관없음,4-5성급호텔,에어비엔비",오전 9-10시,300-400만원,여행 중 최악의 경험은 날씨가 너무 덥거나 춥고 건조한 환경일 때입니다. 이번 여행에서는 공연이나 경기를 편하게 즐길 수 있도록 4-5성급 호텔에서 머물기를 희망합니다. 함께 여행을 가고 싶은 사람은 계획이 바뀌어도 유연하게 대처할 수 있고 서로 의견을 잘 조율할 수 있는 사람이면 좋겠습니다. 이번 여행에서 가장 기대하는 것은 여유롭게 다양한 공연과 경기를 관람하며 휴식을 취하는 것입니다. 이 여행이 삶의 활력을 불어넣어 일상에서 벗어나 재충전할 수 있는 의미 있는 시간이 되었으면 합니다.,"이 사용자는 중국&몽골 지역을 선호하고, 추움 기후를 피하고 싶어해요. 여행 목적은 공연&경기관람이며, 4-5성급호텔에서 머무는 걸 좋아하고 오전 9-10시쯤 기상하는 편이에요.",,
413,꽤 민감,매우 완고,적다,꽤 정확,무조건 따름,4,매우 민감,매우 여유있게,해외,바다,즉흥 여행,무조건 다 봄,코골이 안함,다른 곳 간다,"미국,중국&몽골,동남아","상관없음,건조함,더움","휴식,도전과성장,기록","에어비엔비,4-5성급호텔,콘도",오전 8-9시,200-300만원,"저는 여행 중에 매우 기다리는 것이나 예정에 없던 일이 발생할 때 곤란함을 느낄 수 있습니다. 이번 여행에서는 깨끗한 숙소와 자유로운 일정, 그리고 편안한 휴식이 필수적이에요. 저는 대화를 많이 하지 않는 성향이라, 같이 여행을 가는 사람도 말수가 적고 시간을 잘 지키는 분이면 좋겠습니다. 이번 미국 여행에서는 새로운 도전과 기록을 위한 여유로운 시간을 기대하고 있습니다. 이번 여행을 통해 제 삶에서 성장을 경험하고 그 과정을 기록으로 남기는 의미를 가졌으면 합니다.","이 사용자는 미국 지역을 선호하고, 상관없음 기후를 피하고 싶어해요. 여행 목적은 휴식이며, 에어비엔비에서 머무는 걸 좋아하고 오전 8-9시쯤 기상하는 편이에요.",,
414,둔감,매우 완고,보통,매우 정확,따르는 편,2,꽤 민감,매우 빡빡하게,해외,산,즉흥 여행,적당히 봄,코골이 안함,기다림,"중국&몽골,동남아,세계일주","더움,습함,추움","사람&관계,도전과성장,쇼핑","에어비엔비,게스트하우스,펜션",오전 8-9시,300-400만원,"저는 여행 중에 날씨가 너무 덥거나 습할 때가 최악의 경험이라고 생각해요, 특히 체력이 약하기 때문에 힘들더라고요. 그래서 이번 여행에선 시원한 기후를 기대하고 있습니다. 물건 사기와 새로운 사람들을 만나며 관계를 넓히는 것이 이번 여행에서 가장 기대하는 부분입니다. 함께 여행을 가고 싶은 사람은 유연하면서도 시간을 잘 지키는 사람이면 좋겠습니다. 이 여행이 저에게 도전과 성장의 기회가 되길 바라며, 에어비엔비나 게스트하우스에서의 편안한 숙박이 필수적이라 생각합니다.","이 사용자는 동남아 지역을 선호하고, 더움 기후를 피하고 싶어해요. 여행 목적은 쇼핑이며, 펜션에서 머무는 걸 좋아하고 오전 8-9시쯤 기상하는 편이에요.",,
415,매우 둔감,매우 수용적,매우 적다,종종 늦음,따르는 편,3,매우 둔감,매우 빡빡하게,국내,바다,계획 여행,무조건 다 봄,코골이 함,다른 곳 간다,"국내,중국&몽골,일본","더움,건조함,쌀쌀함","기록,액티비티,미식","에어비엔비,4-5성급호텔,민박",오전 10시 이후,300-400만원,"여행 중 최악의 경험은 바쁜 일정에도 불구하고 예상치 못한 더운 날씨나 쌀쌀함 때문에 힘들었던 기억입니다. 그래서 이번 여행에는 충분한 기록을 남길 수 있도록 카메라는 꼭 챙기고 싶습니다. 함께 여행하고 싶은 사람은 의견을 잘 수용하면서도 많은 말을 하지 않아 편안한 여행 동행이 되었으면 합니다. 이번 여행에서 가장 기대하는 것은 다양한 액티비티와 미식을 즐기며 새로운 기록을 남기는 것이며, 이 여행은 앞으로의 삶에서 특별한 추억과 기록이 되기를 바랍니다.","이 사용자는 일본 지역을 선호하고, 건조함 기후를 피하고 싶어해요. 여행 목적은 기록이며, 민박에서 머무는 걸 좋아하고 오전 10시 이후쯤 기상하는 편이에요.",,
416,둔감,수용적,적다,꽤 정확,리드하는편,3,매우 둔감,꽤 여유있게,해외,산,계획 여행,적당히 봄,코골이 함,다른 곳 간다,"중국&몽골,유럽,일본","상관없음,더움,건조함","문화&역사체험,기록,공연&경기관람","에어비엔비,상관없음,3성이하 호텔",오전 9-10시,400만원 이상,"저는 여행 중 일정이 빡빡하게 잡히거나 덥고 건조한 날씨 속에서 오래 기다려야 하는 상황을 가장 피하고 싶습니다. 그래서 이번 여행에서 가장 기대되는 것은 역사적이고 문화적인 체험이며, 이를 기록으로 남기는 것입니다. 함께 여행을 하는 사람은 계획에 잘 따르고 조용한 분위기를 좋아하는 성향이면 좋겠습니다. 여행 중에는 느긋하게 일정을 즐기면서 공연이나 경기를 관람할 수 있는 기회를 소중히 여기고 싶습니다. 이번 여행이 제 삶에 새로운 문화와 역사를 배우고 기록하는 의미 있는 시간이 되기를 바랍니다.","이 사용자는 일본 지역을 선호하고, 건조함 기후를 피하고 싶어해요. 여행 목적은 기록이며, 3성이하 호텔에서 머무는 걸 좋아하고 오전 9-10시쯤 기상하는 편이에요.",,
417,매우 민감,보통,적다,꽤 정확,따르는 편,2,꽤 민감,보통,국내,산,계획 여행,적당히 봄,코골이 안함,다른 곳 간다,"중국&몽골,그 외,유럽","더움,상관없음,쌀쌀함","사람&관계,쇼핑,액티비티","3성이하 호텔,콘도,민박",오전 9-10시,400만원 이상,"저는 여행 중 과도한 더위나 불편한 기후를 피하고 싶어하며, 청결이 잘 유지된 숙소에서의 편안한 휴식을 중요하게 생각합니다. 여행 중 최악의 경험은 예기치 않은 일정 변경이나 더운 날씨로 인한 불편일 것입니다. 이번 여행에서 꼭 필요한 것은 체력 소모를 줄일 수 있는 적절한 계획입니다. 함께 여행하고 싶은 사람은 나와 비슷한 속도로 움직이며 계획을 잘 따르는 사람일 것입니다. 이번 여행에서는 다양한 액티비티를 통해 인간관계의 폭을 넓히고, 쇼핑을 즐기며 삶의 활력을 얻는 것을 기대합니다. 여행이 끝난 후에도 잊지 못할 긍정적인 기억과 의미를 삶에 남기길 바랍니다.","이 사용자는 그 외 지역을 선호하고, 쌀쌀함 기후를 피하고 싶어해요. 여행 목적은 액티비티이며, 민박에서 머무는 걸 좋아하고 오전 9-10시쯤 기상하는 편이에요.",,
418,보통,보통,매우 많다,종종 늦음,무조건 리드,5,매우 둔감,매우 빡빡하게,해외,바다,계획 여행,적당히 봄,코골이 안함,기다림,"세계일주,동남아,일본","더움,상관없음,습함","미식,액티비티,도전과성장","콘도,상관없음,에어비엔비",오전 10시 이후,300-400만원,"여행 중 최악의 경험은 아마도 더운 기후에서의 불쾌감일 것입니다. 이번 여행에서 꼭 필요한 것은 잘 계획된 액티비티 일정으로, 이를 통해 도전과 성장을 경험하고 싶습니다. 또한 말이 많고 리드하는 것을 좋아하는 저와 잘 어울릴 수 있는, 활발하고 적당히 의견을 수용할 수 있는 사람이 동행자로 이상적입니다. 여행에서 가장 기대되는 것은 다양한 미식 경험과 함께 바다에서의 액티비티입니다. 이번 여행은 세계 일주와 같은 큰 목표를 설정하고 지속적으로 도전하는 삶에 의미를 더하고 싶습니다.","이 사용자는 동남아 지역을 선호하고, 상관없음 기후를 피하고 싶어해요. 여행 목적은 액티비티이며, 상관없음에서 머무는 걸 좋아하고 오전 10시 이후쯤 기상하는 편이에요.",,
419,보통,다소 완고,보통,매우 정확,따르는 편,2,매우 민감,보통,해외,산,계획 여행,적당히 봄,코골이 안함,다른 곳 간다,"미국,동남아,세계일주","추움,상관없음,습함","문화&역사체험,공연&경기관람,자연감상","민박,3성이하 호텔,펜션",오전 9-10시,300-400만원,"저는 해외여행을 계획하며 특히 동남아 지역을 선호합니다. 이전 여행 중 최악의 경험은 아마도 추운 기후와 길고 긴 웨이팅이었는데, 저에게는 극복하기 힘든 부분이었습니다. 이번 여행에서는 공연과 경기를 마음껏 관람하며 자연을 감상하는 시간을 기대하고 있으며, 무엇보다도 청결한 숙소가 꼭 필요합니다. 여행을 함께할 사람으로는 시간 약속을 철저히 지키며, 일정에 따라 충실히 움직일 수 있는 성격의 동반자를 선호합니다. 이번 여행을 통해 일상에서 벗어나 새로운 문화와 역사를 체험하며 제 삶에 풍요로운 경험을 더하고 싶습니다.","이 사용자는 동남아 지역을 선호하고, 추움 기후를 피하고 싶어해요. 여행 목적은 공연&경기관람이며, 펜션에서 머무는 걸 좋아하고 오전 9-10시쯤 기상하는 편이에요.",,
420,매우 둔감,보통,보통,매우 정확,따르는 편,1,둔감,보통,국내,산,즉흥 여행,무조건 다 봄,코골이 함,다른 곳 간다,"국내,그 외,미국","더움,습함,추움","문화&역사체험,도전과성장,공연&경기관람","에어비엔비,콘도,게스트하우스",오전 10시 이후,400만원 이상,"저는 예전에 더운 날씨와 습한 환경 때문에 여행을 망쳤던 경험이 있어서, 그런 기후를 피할 수 있다면 좋겠습니다. 이번 여행에서는 에어비앤비 같은 편안한 숙소에서 아침 10시 이후에 여유롭게 기상할 수 있는 환경을 갖추고 싶어요. 함께 가고 싶은 사람은 저처럼 즉흥적인 여행을 즐길 수 있는 사람을 선호하며, 리더보다는 함께 따라가는 유형이 좋습니다. 그 이유는 저도 리더십보다는 따르는 편이기 때문이에요. 이번 여행에서는 문화와 역사를 경험하고, 새로운 도전과 성장을 이룰 수 있길 기대하고 있어요. 여행이 끝났을 때 제 삶에 하나의 특별한 경험으로 남고, 공연이나 경기를 관람하며 친구들과의 좋은 추억을 쌓고 싶습니다.","이 사용자는 국내 지역을 선호하고, 더움 기후를 피하고 싶어해요. 여행 목적은 도전과성장이며, 에어비엔비에서 머무는 걸 좋아하고 오전 10시 이후쯤 기상하는 편이에요.",,
421,둔감,보통,많다,꽤 정확,따르는 편,4,매우 민감,매우 빡빡하게,해외,산,즉흥 여행,적당히 봄,코골이 함,다른 곳 간다,"국내,중국&몽골,일본","상관없음,더움,추움","문화&역사체험,사람&관계,액티비티","3성이하 호텔,펜션,상관없음",오전 8-9시,100만원 이하,"여행 중 최악의 경험은 청결하지 못한 숙소입니다. 이번 여행에서는 깨끗한 숙소가 꼭 필요하고, 함께 여행할 사람은 의견을 잘 수용하고 많은 대화를 나눌 수 있는 사람이면 좋겠습니다. 이번 여행에서 가장 기대하는 것은 다양한 문화와 역사를 체험하고 사람들과의 관계를 쌓는 것입니다. 이러한 경험을 통해 제 삶에 새로운 활력을 불어넣고 싶습니다. 바쁜 일정 속에서도 잠깐의 여유를 즐기면서 추위를 피하고, 마음에 여유를 안긴 여행으로 남길 바랍니다.","이 사용자는 국내 지역을 선호하고, 추움 기후를 피하고 싶어해요. 여행 목적은 사람&관계이며, 펜션에서 머무는 걸 좋아하고 오전 8-9시쯤 기상하는 편이에요.",,
422,꽤 민감,수용적,적다,종종 늦음,무조건 따름,5,매우 민감,매우 여유있게,국내,바다,즉흥 여행,적당히 봄,코골이 안함,기다림,"중국&몽골,일본,동남아","상관없음,추움,쌀쌀함","사람&관계,액티비티,미식","민박,3성이하 호텔,상관없음",오전 8-9시,300-400만원,"저는 여행 중 예민한 편이라 청결하지 못한 숙소에서 불편했던 기억이 있습니다. 그래서 이번 여행에서는 청결한 환경이 꼭 필요합니다. 함께 여행할 사람은 리더십이 강한 사람을 선호하며, 여행 중의 즉흥적인 계획을 함께 즐길 수 있으면 좋겠습니다. 이번 여행에서는 사람들과 교류하고 새로운 관계를 맺는 것을 가장 기대하고 있으며, 특히 중국이나 몽골과 같은 지역에서 다양한 액티비티와 미식을 경험하고 싶습니다. 이번 여행이 제 삶에 다른 문화를 이해하고 넓은 인간관계를 형성하는 계기가 되었으면 좋겠습니다.","이 사용자는 중국&몽골 지역을 선호하고, 추움 기후를 피하고 싶어해요. 여행 목적은 사람&관계이며, 상관없음에서 머무는 걸 좋아하고 오전 8-9시쯤 기상하는 편이에요.",,
423,보통,보통,많다,자주 늦음,따르는 편,4,매우 민감,보통,해외,바다,계획 여행,적당히 봄,코골이 안함,기다림,"동남아,그 외,세계일주","건조함,더움,상관없음","공연&경기관람,사람&관계,기록","에어비엔비,4-5성급호텔,3성이하 호텔",오전 9-10시,200-300만원,"저는 해외 여행을 계획적으로 즐기며, 특히 동남아를 좋아합니다. 여행 중에는 청결이 중요해서 숙소로 에어비앤비나 4-5성급 호텔을 선호합니다. 예전에 더운 기후에서의 불편한 숙박 경험이 최악이었던 만큼 이번 여행에서는 편안한 숙소가 필수입니다. 인간관계를 중요하게 여기기 때문에 같이 여행할 사람은 의견을 조율할 수 있는 사람이면 좋겠습니다. 여행을 통해 기억에 남을 순간들을 기록하고 싶고, 삶에 의미 있는 경험으로 남았으면 합니다.","이 사용자는 동남아 지역을 선호하고, 상관없음 기후를 피하고 싶어해요. 여행 목적은 기록이며, 에어비엔비에서 머무는 걸 좋아하고 오전 9-10시쯤 기상하는 편이에요.",,
424,보통,매우 수용적,매우 많다,종종 늦음,무조건 리드,4,꽤 민감,꽤 빡빡하게,해외,바다,즉흥 여행,적당히 봄,코골이 함,기다림,"그 외,동남아,국내","건조함,추움,쌀쌀함","기록,미식,사람&관계","에어비엔비,게스트하우스,4-5성급호텔",오전 10시 이후,100만원 이하,"여행 중 최악의 경험은 계획된 것에 급하게 맞추다가 생긴 스트레스였던 것 같아요. 그래서 이번 여행에서는 즉흥적으로 움직일 수 있는 여유를 꼭 가지고 싶어요. 함께 가고 싶은 사람은 대화가 많고, 서로 리드할 수 있는 수용적인 사람이면 좋겠어요. 이번 여행에서 가장 기대하는 것은 다양한 사람들과의 관계를 통해 새로운 기록을 남기고 맛있는 음식을 탐방하는 것입니다. 이번 여행이 제 삶에 가져다주었으면 하는 의미는 새로운 인연과의 만남 그리고 개인적인 성장을 위한 중요한 기록으로 남는 것입니다.","이 사용자는 국내 지역을 선호하고, 추움 기후를 피하고 싶어해요. 여행 목적은 기록이며, 에어비엔비에서 머무는 걸 좋아하고 오전 10시 이후쯤 기상하는 편이에요.",,
425,보통,다소 완고,보통,꽤 정확,무조건 따름,1,매우 둔감,보통,해외,바다,계획 여행,무조건 다 봄,코골이 함,기다림,"동남아,일본,국내","쌀쌀함,상관없음,더움","자연감상,공연&경기관람,도전과성장","게스트하우스,펜션,3성이하 호텔",오전 10시 이후,400만원 이상,"저는 여행 중 최악의 경험으로 딱딱한 일정을 꼽습니다. 그래서 여유롭고 계획적으로 움직이는 것을 좋아해요. 동남아나 일본처럼 자연이 아름다운 곳에서 자유롭게 돌아다닐 때 가장 즐겁습니다. 함께 여행하고 싶은 사람은 계획적으로 움직이며 공감대가 있는 사람이라면 좋겠어요. 이번 여행에서 특히 자연 속에서의 감상과 새로운 공연이나 경기를 관람하는 것을 기대하고 있습니다. 이번 여행이 제 삶에 도전과 성장의 기회가 되길 바라며, 일상에서 벗어나 새로운 경험을 쌓고 싶습니다.","이 사용자는 동남아 지역을 선호하고, 쌀쌀함 기후를 피하고 싶어해요. 여행 목적은 자연감상이며, 게스트하우스에서 머무는 걸 좋아하고 오전 10시 이후쯤 기상하는 편이에요.",,
426,둔감,다소 완고,보통,매우 정확,따르는 편,5,꽤 민감,매우 여유있게,해외,바다,계획 여행,적당히 봄,코골이 안함,다른 곳 간다,"동남아,미국,국내","건조함,상관없음,더움","휴식,공연&경기관람,문화&역사체험","민박,펜션,3성이하 호텔",오전 10시 이후,100만원 이하,"여행 중 최악의 경험은 날씨가 너무 덥거나 건조할 때였어요. 그래서 이번 여행에는 시원하고 조금 습기가 있는 곳으로 가고 싶고, 무엇보다도 여유로운 일정으로 휴식을 취하고 싶습니다. 같이 여행을 가고 싶은 사람은 계획된 일정에 맞춰 잘 따라주고, 시간을 잘 지키는 사람이면 좋겠어요. 이번 여행에서는 동남아의 문화와 역사 체험을 가장 기대하고 있으며, 그런 경험이 제 삶에 새로운 시각과 여유를 더해주길 바랍니다. 여행은 보통 제가 게스트하우스나 3성 이하 호텔에서 민박으로 머무르며 적은 예산으로 하는데, 이 또한 삶의 다채로움을 느끼게 해줍니다.","이 사용자는 동남아 지역을 선호하고, 더움 기후를 피하고 싶어해요. 여행 목적은 문화&역사체험이며, 민박에서 머무는 걸 좋아하고 오전 10시 이후쯤 기상하는 편이에요.",,
427,꽤 민감,다소 완고,많다,자주 늦음,무조건 리드,5,매우 둔감,보통,국내,산,즉흥 여행,무조건 다 봄,코골이 함,기다림,"미국,유럽,일본","추움,쌀쌀함,건조함","공연&경기관람,사람&관계,문화&역사체험","상관없음,에어비엔비,3성이하 호텔",오전 10시 이후,400만원 이상,"저는 예민한 성향이라 여행 중 추운 기후 때문에 불편했던 경험이 최악이었던 것 같습니다. 그래서 이번 여행에는 따뜻한 기후가 꼭 필요합니다. 같이 여행 갈 사람은 대화가 잘 통하고, 주도적으로 리드하는 제 성향을 존중하며 함께 즉흥적으로 계획을 즐길 수 있는 사람이면 좋겠습니다. 이번 여행에서 특히 공연과 경기 관람이 기대됩니다. 이러한 경험들이 새로운 인간관계 형성과 문화적 교감을 통해 제 삶에 보다 풍요로운 의미를 줄 수 있었으면 합니다.","이 사용자는 유럽 지역을 선호하고, 추움 기후를 피하고 싶어해요. 여행 목적은 사람&관계이며, 3성이하 호텔에서 머무는 걸 좋아하고 오전 10시 이후쯤 기상하는 편이에요.",,
428,보통,매우 수용적,적다,종종 늦음,리드하는편,3,보통,보통,국내,산,즉흥 여행,무조건 다 봄,코골이 안함,기다림,"중국&몽골,유럽,세계일주","습함,추움,쌀쌀함","휴식,액티비티,도전과성장","에어비엔비,상관없음,4-5성급호텔",오전 9-10시,300-400만원,"여행 중 최악의 경험은 습하고 쌀쌀한 날씨에 일정을 소화한 것이었습니다. 이번 여행에서는 계획된 활동을 즐길 수 있도록 숙소에 빨리 정착할 수 있는 여유 시간이 있었으면 좋겠습니다. 함께 여행하고 싶은 사람은 즉흥적인 계획에도 잘 적응하고 다양한 의견을 수용할 수 있는 사람입니다. 저는 이번 여행에서 새로운 랜드마크를 모두 보고 액티비티 활동을 통해 신선한 도전과 성장을 기대하고 있습니다. 이 여행을 통해 삶의 질을 높이고, 보다 나은 나 자신으로 발전할 수 있는 계기가 되었으면 합니다.","이 사용자는 세계일주 지역을 선호하고, 쌀쌀함 기후를 피하고 싶어해요. 여행 목적은 액티비티이며, 에어비엔비에서 머무는 걸 좋아하고 오전 9-10시쯤 기상하는 편이에요.",,
429,꽤 민감,다소 완고,매우 적다,보통,무조건 따름,3,매우 둔감,꽤 빡빡하게,국내,바다,즉흥 여행,무조건 다 봄,코골이 함,기다림,"동남아,일본,미국","더움,습함,상관없음","쇼핑,자연감상,기록","에어비엔비,민박,콘도",오전 8-9시,400만원 이상,"저는 이전 여행 중 예기치 않은 코골이 때문에 잠을 잘 이루지 못했던 경험이 가장 힘들었습니다. 이번 여행에서는 편안한 숙소와 쇼핑을 통한 기록이 중요하며, 여행 친구는 함께 기다릴 수 있고 제 의견을 존중해주는 사람이면 좋겠습니다. 이번 여행에서는 동남아의 자연 경관을 감상하는 것을 가장 기대하고 있으며, 이는 제 삶에 새로운 기록과 힐링으로 남길 바랍니다. 평소 아침에 일찍 일어나는 편이므로 일정이 빡빡하더라도 알차게 계획을 채우는 즉흥 여행을 즐기고자 합니다.","이 사용자는 동남아 지역을 선호하고, 상관없음 기후를 피하고 싶어해요. 여행 목적은 기록이며, 콘도에서 머무는 걸 좋아하고 오전 8-9시쯤 기상하는 편이에요.",,
430,매우 둔감,매우 완고,적다,매우 정확,따르는 편,2,매우 민감,꽤 빡빡하게,국내,산,즉흥 여행,무조건 다 봄,코골이 함,기다림,"중국&몽골,유럽,동남아","습함,더움,상관없음","휴식,자연감상,공연&경기관람","펜션,4-5성급호텔,게스트하우스",오전 8-9시,300-400만원,"저는 여행 중 특히 습하고 더운 기후를 피하고 싶으며, 동남아와 같은 곳에서 자연 감상을 통해 휴식을 즐기고 싶습니다. 과거 여행에서 기상 조건이나 계획이 너무 빡빡했던 경험은 최악이었고, 이번에는 4-5성급 호텔에서 머무는 것을 꼭 챙기고 싶습니다. 같이 여행할 사람은 예민하지 않고 매사에 차분한 사람이 좋으며, 관광 명소는 다 보고 싶으면서도 너무 강행군이 되지 않도록 신경 쓸 것입니다. 여행을 통해 얻고 싶은 것은 일상의 피로를 잊고 자연 속에서 새로운 에너지를 얻어 돌아오는 것입니다. 이런 여행이 제 삶에 활력을 주고 더 나은 자신을 발견하게 해주길 기대합니다.","이 사용자는 동남아 지역을 선호하고, 더움 기후를 피하고 싶어해요. 여행 목적은 자연감상이며, 4-5성급호텔에서 머무는 걸 좋아하고 오전 8-9시쯤 기상하는 편이에요.",,
431,꽤 민감,다소 완고,적다,종종 늦음,리드하는편,4,매우 둔감,매우 빡빡하게,해외,산,즉흥 여행,적당히 봄,코골이 함,다른 곳 간다,"그 외,일본,유럽","더움,추움,건조함","문화&역사체험,기록,액티비티","콘도,3성이하 호텔,4-5성급호텔",오전 8-9시,100만원 이하,"저는 여행 중 날씨로 인해 불편함을 겪는 것을 싫어하기 때문에 기후가 더운 곳이나 건조한 지역에서의 경험이 최악이었습니다. 이번 여행에서는 꼭 기록할 수 있는 도구와 문화 및 역사 체험이 필요합니다. 함께 여행하고 싶은 사람은 저와 같은 성향을 이해하고 함께 즉흥적으로 움직일 수 있는 사람이면 좋겠습니다. 이번 여행에서 가장 기대하는 것은 일본의 독특한 문화와 역사를 직접 경험하고 기록하는 것입니다. 이 여행은 저에게 새로운 관점과 여유를 얻고, 삶의 다양한 측면을 더욱 풍부하게 하는 의미가 있었으면 합니다.","이 사용자는 일본 지역을 선호하고, 건조함 기후를 피하고 싶어해요. 여행 목적은 기록이며, 4-5성급호텔에서 머무는 걸 좋아하고 오전 8-9시쯤 기상하는 편이에요.",,
432,매우 민감,다소 완고,적다,꽤 정확,따르는 편,4,꽤 민감,보통,해외,산,즉흥 여행,무조건 다 봄,코골이 안함,기다림,"동남아,일본,미국","쌀쌀함,추움,더움","사람&관계,휴식,액티비티","3성이하 호텔,4-5성급호텔,콘도",오전 10시 이후,200-300만원,"저는 여행에서 꽤 민감한 체질이어서, 더운 기후에서의 불편함이 최악의 경험이 될 수 있습니다. 이번 여행에서는 휴식과 사람들과의 질 좋은 교류가 저에게 꼭 필요합니다. 그래서 의지가 강하고 활발한 성격이 아닌, 차분하고 배려심 있는 사람과 함께 여행을 하고 싶습니다. 무엇보다도 이번 여행에서는 재충전의 시간을 가질 수 있기를 기대하고 있습니다. 이러한 경험이 제 삶에 긍정적인 영향을 미치고 새로운 에너지를 주기를 바랍니다.","이 사용자는 미국 지역을 선호하고, 더움 기후를 피하고 싶어해요. 여행 목적은 휴식이며, 3성이하 호텔에서 머무는 걸 좋아하고 오전 10시 이후쯤 기상하는 편이에요.",,
433,둔감,다소 완고,매우 많다,매우 정확,무조건 따름,2,매우 민감,꽤 여유있게,국내,산,즉흥 여행,적당히 봄,코골이 안함,다른 곳 간다,"유럽,동남아,미국","더움,상관없음,건조함","쇼핑,사람&관계,자연감상","게스트하우스,3성이하 호텔,민박",오전 9-10시,300-400만원,"저는 여행 중에 웨이팅을 피하고 싶어하고 유연한 일정을 선호하기 때문에, 시간을 엄수하지 않아 계획에 차질이 생겼던 경험이 최악이었습니다. 이번 여행에서는 꼭 사람들과의 소통이 원활할 수 있는 환경이 있으면 좋겠고, 이러한 점에서 민박이나 게스트하우스가 적합할 것 같아요. 함께 여행하고 싶은 사람은 대화가 많고 시간을 잘 지키는 사람이면 좋겠다고 생각합니다. 이번 여행은 새로운 사람들과의 관계 형성에 대한 기대가 가장 크고, 일상에서 벗어나 자연을 감상하며 여유를 즐기고 싶습니다. 여행이 끝난 후에는 새로운 에너지를 얻고 제 삶에 긍정적인 변화를 가져다주었으면 합니다.","이 사용자는 미국 지역을 선호하고, 건조함 기후를 피하고 싶어해요. 여행 목적은 사람&관계이며, 민박에서 머무는 걸 좋아하고 오전 9-10시쯤 기상하는 편이에요.",,
434,둔감,매우 완고,많다,종종 늦음,따르는 편,3,매우 민감,매우 여유있게,국내,바다,계획 여행,적당히 봄,코골이 안함,다른 곳 간다,"세계일주,국내,그 외","더움,건조함,쌀쌀함","휴식,공연&경기관람,자연감상","게스트하우스,콘도,펜션",오전 9-10시,200-300만원,"저는 여행 중에는 더운 기후와 불규칙한 시간 약속 때문에 불편한 경험을 피하고자 항상 계획적으로 일정을 짜려고 합니다. 이번 여행에서는 자연 감상을 중시하며, 공연이나 경기를 관람할 기회도 놓치고 싶지 않습니다. 함께 여행할 사람이라면 저처럼 여행에 여유를 즐기고 청결함을 중요시하는 사람이면 좋겠어요. 이번 여행에서 가장 기대하는 것은 평화롭고 여유로운 기간 동안 충분한 휴식을 취하는 것입니다. 이번 여행이 제 삶에서 재충전의 기회가 되어 업무와 일상에서 벗어나 자연의 아름다움을 즐기고 싶습니다.","이 사용자는 그 외 지역을 선호하고, 더움 기후를 피하고 싶어해요. 여행 목적은 자연감상이며, 콘도에서 머무는 걸 좋아하고 오전 9-10시쯤 기상하는 편이에요.",,
435,매우 둔감,보통,매우 많다,종종 늦음,무조건 따름,4,꽤 민감,매우 빡빡하게,국내,산,즉흥 여행,무조건 다 봄,코골이 함,다른 곳 간다,"국내,동남아,세계일주","상관없음,건조함,쌀쌀함","기록,도전과성장,공연&경기관람","에어비엔비,4-5성급호텔,펜션",오전 10시 이후,200-300만원,"저는 여행 중 가장 최악의 경험은 계획한 랜드마크를 모두 보지 못했을 때였어요. 그래서 이번 여행에서는 시간 관리가 중요하다고 생각하고, 이를 위해 휴대폰이나 노트북 같은 기록 도구는 필수입니다. 같이 여행에 나설 사람은 즉흥적이고 제 말을 잘 들어주는 사람이면 좋겠어요. 이번 여행에서는 새로운 공연이나 경기 관람을 통해 성장하는 경험을 기대하고 있고, 이러한 경험이 제 삶에 도전과 성장의 의미를 더해줬으면 합니다. 제가 여행에 바라는 것은 심적으로 그리고 물리적으로 많은 것을 기록하면서도, 새로운 것을 도전하며 하루를 가득 채우는 것이에요.","이 사용자는 세계일주 지역을 선호하고, 쌀쌀함 기후를 피하고 싶어해요. 여행 목적은 공연&경기관람이며, 4-5성급호텔에서 머무는 걸 좋아하고 오전 10시 이후쯤 기상하는 편이에요.",,
436,보통,보통,많다,매우 정확,보통,2,보통,보통,국내,바다,계획 여행,무조건 다 봄,코골이 함,다른 곳 간다,"중국&몽골,일본,동남아","추움,쌀쌀함,더움","액티비티,휴식,미식","에어비엔비,콘도,4-5성급호텔",오전 10시 이후,300-400만원,"이번 여행에서 제가 가장 싫어하는 것은 더운 날씨에서의 액티비티로, 이는 여행의 피로도를 높이기 때문에 잘 피하고자 합니다. 또한, 시간을 잘 지키고 계획을 철저히 세우며 일정 내에 다양한 랜드마크를 보는 것을 중요하게 생각하기 때문에, 변화 없이 정확한 시간을 따라 움직이는 여행을 선호합니다. 이번 여행에서는 꼭 4-5성급 호텔 태운 곳에서의 편안한 숙박이 있었으면 좋겠습니다. 함께 여행을 가고 싶은 사람은 시간을 잘 지키고 많은 대화가 가능한 사람이며, 이번 여행이 좀 더 제 삶에 활력을 불어넣고 다양한 활동을 통해 에너지를 감지하게 만들었으면 합니다. 미식을 즐기는 것도 한 가지 큰 기대 요소라, 맛있는 음식을 탐방하며 훌륭한 추억을 만들고 싶습니다.","이 사용자는 일본 지역을 선호하고, 더움 기후를 피하고 싶어해요. 여행 목적은 액티비티이며, 4-5성급호텔에서 머무는 걸 좋아하고 오전 10시 이후쯤 기상하는 편이에요.",,
437,보통,매우 수용적,보통,자주 늦음,보통,4,꽤 민감,매우 여유있게,국내,바다,계획 여행,무조건 다 봄,코골이 안함,기다림,"유럽,동남아,일본","쌀쌀함,상관없음,습함","미식,기록,문화&역사체험","에어비엔비,게스트하우스,민박",오전 10시 이후,400만원 이상,"저는 여행 중에 쌀쌀하거나 습한 기후가 예상치 못하게 찾아올 때 약간 스트레스를 받습니다. 이번 여행에서는 편안한 숙소로 에어비앤비나 게스트하우스를 고르고, 느긋한 일정 속에서 미식과 문화 및 역사 체험을 즐기고 싶습니다. 여행을 함께 하고 싶은 사람은 시간 약속에 관대하고 예민하지 않은 사람이면 좋겠습니다. 가장 기대되는 부분은 일본에서의 기록을 통해 새로운 경험을 쌓는 것이며, 이 여행이 제 삶에 다양한 문화적 통찰을 주었으면 합니다. 여행 예산은 충분히 여유로워 다양한 경험을 맘껏 기록하고 싶습니다.","이 사용자는 일본 지역을 선호하고, 상관없음 기후를 피하고 싶어해요. 여행 목적은 기록이며, 에어비엔비에서 머무는 걸 좋아하고 오전 10시 이후쯤 기상하는 편이에요.",,
438,둔감,다소 완고,적다,종종 늦음,무조건 따름,3,매우 민감,꽤 빡빡하게,해외,산,계획 여행,적당히 봄,코골이 안함,다른 곳 간다,"국내,미국,그 외","쌀쌀함,더움,습함","도전과성장,미식,휴식","펜션,민박,3성이하 호텔",오전 9-10시,100만원 이하,"저는 꽤 빡빡한 일정을 계획하며 해외 여행을 자주 떠나지만, 가끔 시간 맞추기가 어려워 종종 늦는 것이 최악의 경험이었습니다. 이번 여행에서 가장 기대하는 것은 도전과 성장을 통한 개인적인 발전과 새로운 미식 경험입니다. 여행 중에는 청결이 중요한데, 민감할 정도로 깨끗한 숙소가 필수입니다. 함께 여행하고 싶은 사람은 저처럼 계획을 철저히 따르는 성향을 가진 사람입니다. 이 여행이 저에게 도전과 성장을 제공하여 삶의 변화를 가져다주기를 바랍니다.","이 사용자는 국내 지역을 선호하고, 쌀쌀함 기후를 피하고 싶어해요. 여행 목적은 도전과성장이며, 민박에서 머무는 걸 좋아하고 오전 9-10시쯤 기상하는 편이에요.",,
439,보통,수용적,보통,매우 정확,따르는 편,1,꽤 민감,매우 빡빡하게,국내,바다,즉흥 여행,무조건 다 봄,코골이 함,다른 곳 간다,"중국&몽골,동남아,일본","상관없음,더움,습함","액티비티,쇼핑,공연&경기관람","민박,3성이하 호텔,상관없음",오전 10시 이후,100만원 이하,"여행 중 최악의 경험은 너무 이른 기상과 습한 날씨 상황에서 일어나는 일들입니다. 이번 여행에서는 꼭 공연이나 스포츠 경기를 관람할 기회가 있으면 좋겠고, 이를 가장 기대하고 있습니다. 제 시간에 정확히 맞춰 움직이며 일정에 맞추어 랜드마크를 둘러보는 것을 선호합니다. 따라서 함께 여행하고 싶은 사람은 일정에 충실하며 각자의 공간을 중요시하는 사람이면 좋겠습니다. 이러한 여행은 일상에서 벗어나 새로운 문화와 활동을 통해 재충전의 의미를 가지기를 바랍니다.","이 사용자는 중국&몽골 지역을 선호하고, 습함 기후를 피하고 싶어해요. 여행 목적은 공연&경기관람이며, 상관없음에서 머무는 걸 좋아하고 오전 10시 이후쯤 기상하는 편이에요.",,
440,보통,보통,보통,종종 늦음,무조건 리드,4,매우 민감,매우 빡빡하게,해외,산,즉흥 여행,적당히 봄,코골이 안함,기다림,"중국&몽골,유럽,세계일주","상관없음,건조함,습함","공연&경기관람,사람&관계,기록","게스트하우스,민박,상관없음",오전 9-10시,300-400만원,"저는 여행 중 날씨가 너무 건조하거나 청결하지 않은 환경에서 지내는 것을 최악의 경험으로 꼽습니다. 그래서 그런 상황을 피하기 위해 더욱 청결한 상태와 적당한 기후가 준비되어 있으면 좋겠습니다. 함께 여행하고 싶은 사람은 서로 즉흥적으로 계획을 맞춰가며 예민하지 않고 시간을 보내는 데 있어 유연한 사람입니다. 이번 여행에서 가장 기대하는 것은 공연이나 경기 관람을 통해 현지인들과의 교류를 경험하는 것이고, 이를 통해 제 삶에 사람과의 관계와 소중한 추억을 기록하는 중요한 의미를 더하고 싶습니다. 해외, 특히 유럽을 여행하며 새롭고 다양한 사람들과의 관계를 맺고 소중한 추억을 만들 수 있기를 바랍니다.","이 사용자는 유럽 지역을 선호하고, 건조함 기후를 피하고 싶어해요. 여행 목적은 사람&관계이며, 상관없음에서 머무는 걸 좋아하고 오전 9-10시쯤 기상하는 편이에요.",,
441,꽤 민감,다소 완고,적다,종종 늦음,보통,2,매우 둔감,매우 빡빡하게,국내,산,즉흥 여행,적당히 봄,코골이 함,다른 곳 간다,"미국,국내,세계일주","습함,건조함,쌀쌀함","쇼핑,문화&역사체험,공연&경기관람","게스트하우스,에어비엔비,상관없음",오전 9-10시,200-300만원,"저는 여행 중 최악의 경험으로 예기치 않은 늦음을 꼽을 수 있으며, 그로 인해 일정이 꼬일 때 스트레스를 받습니다. 이번 여행에는 문화와 역사 체험을 중심으로 다양한 공연 및 경기를 관람할 수 있는 기회가 꼭 있기를 바랍니다. 함께 여행을 가고 싶은 사람은 즉흥적이고 계획에 얽매이지 않는 스타일이면 좋겠습니다. 이번 여행에서 가장 기대하는 것은 미국 지역에서의 새로운 문화 체험과 역사 탐방입니다. 이 여행이 저의 삶에 의미 있게 남기를 바라며, 특히 제 의견을 존중받고 새로운 관점을 얻는 기회가 되었으면 좋겠습니다.","이 사용자는 미국 지역을 선호하고, 건조함 기후를 피하고 싶어해요. 여행 목적은 문화&역사체험이며, 상관없음에서 머무는 걸 좋아하고 오전 9-10시쯤 기상하는 편이에요.",,
442,보통,매우 완고,매우 많다,매우 정확,무조건 따름,4,꽤 민감,매우 빡빡하게,국내,산,계획 여행,적당히 봄,코골이 안함,다른 곳 간다,"세계일주,동남아,중국&몽골","쌀쌀함,습함,더움","사람&관계,미식,액티비티","4-5성급호텔,에어비엔비,콘도",오전 8-9시,100만원 이하,"저는 여행 계획을 매우 빡빡하게 세우는 것을 좋아하며, 주로 산과 같은 자연을 즐깁니다. 이번 여행에서 가장 싫은 것은 혼란스러운 무질서와 불편한 습한 날씨일 것입니다. 여행 중에는 고급 숙소에서 머무르며, 맛있는 음식을 즐기는 것을 필수로 생각하고, 그러한 경험에서 사람들과 관계를 쌓는 것을 중요하게 여기고 있습니다. 함께 여행하고 싶은 사람은 제 의견을 존중하고, 여행 일정과 계획을 확실히 따라올 수 있는 사람이면 좋겠습니다. 이번 여행은 좀 더 다양한 사람과 관계를 맺고, 미식을 통해 새로운 활력을 얻는 기회가 되었으면 합니다.","이 사용자는 중국&몽골 지역을 선호하고, 습함 기후를 피하고 싶어해요. 여행 목적은 미식이며, 4-5성급호텔에서 머무는 걸 좋아하고 오전 8-9시쯤 기상하는 편이에요.",,
443,매우 민감,매우 완고,적다,매우 정확,따르는 편,4,매우 민감,매우 여유있게,해외,산,즉흥 여행,무조건 다 봄,코골이 함,기다림,"미국,일본,세계일주","쌀쌀함,습함,상관없음","자연감상,문화&역사체험,기록","게스트하우스,상관없음,콘도",오전 9-10시,200-300만원,"여행 중 최악의 경험은 아마도 예기치 않게 쌀쌀한 날씨를 만날 때일 것입니다. 그래서 이번 여행에서는 따뜻한 옷을 꼭 챙기고 싶습니다. 같이 여행을 가고 싶은 사람은 저처럼 정확한 시간 약속을 지킬 수 있고, 조용한 성격으로 서로의 공간을 존중할 줄 아는 사람입니다. 이번 여행에서 가장 기대하는 것은 자연과 문화, 역사를 깊이 있게 체험하며 하나하나 기록하는 것입니다. 이 여행은 저의 평소 일상에서 벗어나 새로운 시각을 열어주고, 삶의 다양한 측면에 대해 생각해볼 수 있는 계기가 되기를 바랍니다.","이 사용자는 세계일주 지역을 선호하고, 쌀쌀함 기후를 피하고 싶어해요. 여행 목적은 문화&역사체험이며, 콘도에서 머무는 걸 좋아하고 오전 9-10시쯤 기상하는 편이에요.",,
444,매우 민감,매우 수용적,적다,종종 늦음,보통,5,매우 민감,보통,국내,산,계획 여행,적당히 봄,코골이 안함,기다림,"국내,세계일주,미국","건조함,상관없음,쌀쌀함","자연감상,사람&관계,액티비티","상관없음,에어비엔비,3성이하 호텔",오전 8-9시,100만원 이하,"저는 여행 중 가장 최악의 경험으로 청결하지 못한 숙소를 꼽겠으며, 이는 제 청결에 대한 민감도 때문에 특히 불편하게 느껴질 것입니다. 이번 여행에는 자연을 감상할 수 있는 스팟이 꼭 포함되어 있었으면 좋겠습니다. 저는 함께 여행하는 사람의 특징으로는 이해심이 깊고 적당히 조용한 성향을 가진 분이 어울린다고 생각합니다. 이번 여행에서는 새로운 사람들과 관계를 맺고 다양한 자연 속에서의 액티비티를 가장 기대하고 있습니다. 이러한 경험이 제 삶에 있어 또 다른 도전과 성찰의 기회가 되길 바랍니다.","이 사용자는 세계일주 지역을 선호하고, 상관없음 기후를 피하고 싶어해요. 여행 목적은 액티비티이며, 상관없음에서 머무는 걸 좋아하고 오전 8-9시쯤 기상하는 편이에요.",,
445,둔감,수용적,많다,꽤 정확,리드하는편,4,보통,매우 빡빡하게,국내,바다,즉흥 여행,무조건 다 봄,코골이 안함,기다림,"국내,세계일주,유럽","습함,더움,쌀쌀함","휴식,액티비티,도전과성장","민박,3성이하 호텔,에어비엔비",오전 8-9시,100만원 이하,"여행 중 습하고 더운 날씨는 저에게 가장 힘든 경험이었고, 이를 피하는 것이 이번 여행에서는 중요합니다. 이번 여행에서 빼놓을 수 없는 것은 유럽의 다양한 랜드마크를 모두 방문하는 것이며, 이는 저에게 도전과 성장의 의미로 다가옵니다. 같이 여행 가고 싶은 사람은 기다림이 가능하고 다양한 의견을 수용할 수 있는 사람이라면 좋겠고, 대화를 많이 나눌 수 있는 사람이라면 더욱 좋겠습니다. 이번 여행에서는 바다 근처에서의 액티비티와 충분한 휴식에 대한 기대가 큽니다. 이를 통해 일상에서 벗어나 새로운 경험을 만들고 싶으며, 이는 내 삶에 새로운 활력을 주는 계기가 될 것입니다.","이 사용자는 유럽 지역을 선호하고, 습함 기후를 피하고 싶어해요. 여행 목적은 휴식이며, 에어비엔비에서 머무는 걸 좋아하고 오전 8-9시쯤 기상하는 편이에요.",,
446,보통,수용적,매우 적다,꽤 정확,리드하는편,5,보통,꽤 빡빡하게,국내,바다,계획 여행,적당히 봄,코골이 안함,기다림,"국내,그 외,동남아","더움,건조함,추움","기록,문화&역사체험,자연감상","에어비엔비,게스트하우스,펜션",오전 9-10시,200-300만원,"저는 일정이 빡빡한 계획 여행을 좋아하며, 자연 감상을 위해 국내나 동남아 지역을 주로 선호합니다. 코골이가 없어 조용한 동행자를 선호하며, 좋은 여행 경험을 위해 에어비앤비나 펜션에서의 쾌적한 숙박을 기대합니다. 여행 중 가장 싫었던 경험은 기온이 많이 추웠던 상황이었고, 이번 여행에서는 아늑한 숙소와 풍부한 문화 체험이 있기를 바랍니다. 제 여행의 목적은 기록과 문화 및 역사 체험에 있으며, 이번 여행이 제 삶에서 새로운 문화적 이해를 넓혀주는 계기가 되었으면 합니다. 여행 경비는 200-300만원 정도로 잡고 있으며, 정확한 시간 약속을 지키며 성실하게 일정을 수행하는 것을 중요시합니다.","이 사용자는 동남아 지역을 선호하고, 추움 기후를 피하고 싶어해요. 여행 목적은 자연감상이며, 에어비엔비에서 머무는 걸 좋아하고 오전 9-10시쯤 기상하는 편이에요.",,
447,꽤 민감,보통,매우 적다,종종 늦음,무조건 따름,2,매우 민감,매우 여유있게,해외,바다,즉흥 여행,무조건 다 봄,코골이 안함,기다림,"미국,중국&몽골,동남아","건조함,더움,추움","자연감상,도전과성장,미식","3성이하 호텔,펜션,민박",오전 8-9시,400만원 이상,"저는 여행 중 자연감상을 가장 기대하며, 이를 즐기기 위해 여유로운 일정이 필수입니다. 건조하고 더운 기후를 피하기 위해 중국이나 몽골처럼 적합한 지역을 선택하고, 숨 쉴 틈을 주지 않는 빡빡한 여행 일정은 피하고 싶습니다. 여행을 함께할 사람은 말을 많이 하지 않아도 조용히 동행할 수 있는 사람이 좋습니다. 최악의 여행 경험은 청결 상태가 불량한 숙소에 머물 때고, 깨끗한 환경을 확보하려는 노력이 필요합니다. 이번 여행을 통해 도전과 성장을 경험하며, 제 삶에 새로운 활력을 불어넣기를 바랍니다.","이 사용자는 중국&몽골 지역을 선호하고, 더움 기후를 피하고 싶어해요. 여행 목적은 자연감상이며, 민박에서 머무는 걸 좋아하고 오전 8-9시쯤 기상하는 편이에요.",,
448,매우 민감,수용적,보통,꽤 정확,리드하는편,4,매우 둔감,꽤 빡빡하게,국내,산,즉흥 여행,무조건 다 봄,코골이 안함,기다림,"국내,동남아,일본","상관없음,건조함,추움","기록,액티비티,휴식","게스트하우스,4-5성급호텔,에어비엔비",오전 9-10시,100만원 이하,"저는 여행 중 고산지대나 추운 기후에서 경험했던 불편함이 최악의 경험으로 남아 있습니다. 이번 여행에는 기록적인 활동을 할 수 있는 장비가 꼭 필요하며, 같이 여행하는 사람은 저처럼 즉흥적이고 재밌는 활동을 즐길 수 있는 사람이면 좋겠습니다. 특히 이번에는 새로운 액티비티와 현지 문화 체험을 통해 얻는 즐거움을 가장 기대하고 있습니다. 이러한 여행은 제 일상에서 벗어나 리프레시 할 수 있는 계기가 되어 스트레스를 해소하고 삶의 활력을 얻고 싶습니다. 제가 계획한 국내나 동남아 여행은 아침에 여유롭게 시작하여, 다양한 랜드마크를 탐방하면서 일정이 빡빡하더라도 즐거움과 성취감을 함께 느낄 수 있는 무대가 될 것 같습니다.","이 사용자는 동남아 지역을 선호하고, 건조함 기후를 피하고 싶어해요. 여행 목적은 휴식이며, 게스트하우스에서 머무는 걸 좋아하고 오전 9-10시쯤 기상하는 편이에요.",,
449,매우 민감,매우 완고,보통,보통,무조건 따름,4,꽤 민감,매우 빡빡하게,국내,바다,계획 여행,무조건 다 봄,코골이 함,기다림,"동남아,유럽,미국","상관없음,습함,더움","기록,문화&역사체험,쇼핑","에어비엔비,펜션,콘도",오전 10시 이후,400만원 이상,"저는 여행 중 일정이 빡빡해 여유 없이 강행군을 했던 경험이 가장 최악이었습니다. 그래서 이번 여행에서는 계획대로 움직이되 너무 무리하지 않도록 조절하는 것이 중요합니다. 함께 여행하고 싶은 사람은 새로운 문화와 역사 체험에 대해 긍정적으로 바라보고, 계획에 따라 움직이는 것을 좋아하는 사람입니다. 이번 여행에서 가장 기대하는 것은 다양한 랜드마크를 돌아보며 기록을 남기는 것입니다. 제 삶에서 이 여행이 새로운 경험과 배움을 통해 성장을 돕는 기회가 되길 바랍니다.","이 사용자는 유럽 지역을 선호하고, 상관없음 기후를 피하고 싶어해요. 여행 목적은 문화&역사체험이며, 펜션에서 머무는 걸 좋아하고 오전 10시 이후쯤 기상하는 편이에요.",,
450,둔감,매우 완고,매우 많다,자주 늦음,보통,5,보통,꽤 빡빡하게,해외,바다,즉흥 여행,적당히 봄,코골이 함,기다림,"세계일주,미국,그 외","건조함,추움,상관없음","자연감상,도전과성장,문화&역사체험","4-5성급호텔,민박,펜션",오전 9-10시,200-300만원,"저는 여행 중 날씨가 너무 건조하거나 추울 때가 최악의 경험이었는데, 다행히 그런 조건에 크게 영향을 받지 않는 편이라 다른 것에 쉽게 집중할 수 있습니다. 이번 여행에서는 고급 호텔에 머무르면서 자연 경관을 감상할 수 있는 환경이 꼭 있었으면 좋겠습니다. 같이 여행을 떠나고 싶은 사람은 의견을 잘 받아들이면서도 저처럼 즉흥적인 계획에 적응할 수 있는 사람입니다. 이번 여행에서 가장 기대하는 것은 새로운 문화와 역사 체험을 통해 도전과 성장을 경험하는 것입니다. 이 여행이 제 삶에 자연을 더 깊이 이해하고 추억을 더 풍부하게 만들어 주는 의미가 되었으면 합니다.","이 사용자는 그 외 지역을 선호하고, 상관없음 기후를 피하고 싶어해요. 여행 목적은 자연감상이며, 4-5성급호텔에서 머무는 걸 좋아하고 오전 9-10시쯤 기상하는 편이에요.",,
451,매우 둔감,다소 완고,많다,매우 정확,무조건 따름,5,둔감,꽤 빡빡하게,국내,산,계획 여행,적당히 봄,코골이 함,다른 곳 간다,"중국&몽골,미국,일본","습함,건조함,추움","도전과성장,액티비티,문화&역사체험","상관없음,4-5성급호텔,민박",오전 10시 이후,400만원 이상,"저는 여행 중 최악의 경험으로 계획했던 일정이 틀어지거나 예상치 못한 대기 상황에서 시간 낭비를 하는 것을 꼽을 수 있습니다. 그런 의미에서 이번 여행에서 시간 약속을 철저히 지키는 일정을 꼼꼼히 계획하는 것이 꼭 필요합니다. 함께 여행을 가고 싶은 사람은 계획을 따르고 새로운 도전에 긍정적인 성향이면 좋겠습니다. 이번 여행에서는 중국과 몽골에서의 새로운 문화와 역사 체험, 그리고 액티비티를 통해 도전과 성장을 경험할 수 있기를 기대하고 있습니다. 이번 여행이 제 삶에 의미 있는 성장이자 도전의 기회가 되었으면 좋겠습니다.","이 사용자는 중국&몽골 지역을 선호하고, 추움 기후를 피하고 싶어해요. 여행 목적은 도전과성장이며, 민박에서 머무는 걸 좋아하고 오전 10시 이후쯤 기상하는 편이에요.",,
452,보통,보통,많다,종종 늦음,보통,4,매우 민감,매우 여유있게,국내,산,계획 여행,적당히 봄,코골이 안함,기다림,"유럽,미국,세계일주","추움,쌀쌀함,상관없음","문화&역사체험,액티비티,기록","3성이하 호텔,에어비엔비,민박",오전 9-10시,200-300만원,"여행 중 춥고 쌀쌀한 날씨를 경험하는 것이 최악의 상황이라고 생각합니다. 그래서 이번 여행에서는 따뜻한 기후와 여유 있는 일정이 꼭 필요합니다. 함께 여행을 가고 싶은 사람은 다소 의견을 수용하고, 저의 문화와 역사 체험 욕구를 이해하여 적당히 말이 잘 통하는 사람입니다. 이번 여행에서 가장 기대하는 것은 새로운 문화와 역사를 발견하고 그 경험을 기록하는 것입니다. 이러한 여행은 저의 삶에 있어 풍부한 경험과 기억을 더해주어 더 많은 배경지식을 쌓는 계기가 되었으면 합니다.","이 사용자는 세계일주 지역을 선호하고, 쌀쌀함 기후를 피하고 싶어해요. 여행 목적은 문화&역사체험이며, 민박에서 머무는 걸 좋아하고 오전 9-10시쯤 기상하는 편이에요.",,
453,매우 둔감,매우 수용적,매우 많다,자주 늦음,무조건 따름,1,둔감,꽤 여유있게,해외,바다,계획 여행,무조건 다 봄,코골이 함,다른 곳 간다,"일본,미국,국내","쌀쌀함,건조함,상관없음","쇼핑,공연&경기관람,기록","4-5성급호텔,에어비엔비,게스트하우스",오전 9-10시,300-400만원,"저는 여행 중에 일정을 놓치거나 예상치 못한 상황 때문에 불편함을 겪는 것이 최악의 경험으로 생각합니다. 그래서 이번 여행에서는 시간을 잘 지켜줄 동행자를 찾고 싶습니다. 저와 함께 여행할 사람은 유쾌하고 열린 마음을 가진 사람이라면 좋겠어요. 이번 여행에서는 특히 일본이나 미국에서의 공연을 관람하는 것을 가장 기대하고 있습니다. 여행은 제가 일상에서 벗어나 새로운 경험을 쌓고, 그 기록을 남기는 의미가 있기를 바랍니다. 여행 중에는 계획에 맞추되 유연하게 움직이며 쇼핑과 다양한 문화를 즐기고 싶습니다.","이 사용자는 국내 지역을 선호하고, 상관없음 기후를 피하고 싶어해요. 여행 목적은 공연&경기관람이며, 에어비엔비에서 머무는 걸 좋아하고 오전 9-10시쯤 기상하는 편이에요.",,
454,꽤 민감,다소 완고,적다,꽤 정확,보통,3,보통,매우 빡빡하게,국내,산,즉흥 여행,무조건 다 봄,코골이 안함,다른 곳 간다,"유럽,일본,국내","건조함,습함,상관없음","자연감상,쇼핑,휴식","3성이하 호텔,상관없음,펜션",오전 10시 이후,300-400만원,"저는 여행 중에 시간 약속을 잘 지키지 않는 사람과 일정을 선택할 때 의견을 굽히지 않는 상황에서 스트레스를 받았던 경험이 있습니다. 이번 여행에서는 자유롭게 자연을 감상할 수 있는 일정을 필수적으로 포함하고 싶고, 함께 여행하는 사람은 즉흥적인 계획에도 잘 적응하며 서로의 의견을 존중하는 사람이었으면 좋겠습니다. 저는 일본의 자연을 감상하며 쇼핑 중심의 여행을 계획하고 있으며, 이번 여행에서의 자연과 쇼핑 경험이 제 삶에 새로운 활력을 불어넣어 주기를 기대하고 있습니다. 특히 자연 속에서의 휴식이 저에게 새로운 에너지를 제공할 것이라 믿습니다. 이러한 경험은 앞으로의 여행 기준을 설정할 수 있는 중요한 순간이 될 것입니다.","이 사용자는 일본 지역을 선호하고, 상관없음 기후를 피하고 싶어해요. 여행 목적은 쇼핑이며, 상관없음에서 머무는 걸 좋아하고 오전 10시 이후쯤 기상하는 편이에요.",,
455,둔감,매우 수용적,많다,종종 늦음,보통,2,매우 둔감,매우 여유있게,국내,산,즉흥 여행,무조건 다 봄,코골이 함,다른 곳 간다,"중국&몽골,국내,일본","더움,건조함,쌀쌀함","사람&관계,공연&경기관람,휴식","4-5성급호텔,펜션,민박",오전 10시 이후,100만원 이하,"저는 여행에서 기상 시간이 늦고 즉흥적인 스타일로 여유로운 일정을 선호합니다. 최악의 경험은 일정이 빡빡해서 충분한 휴식을 취하지 못했을 때입니다. 공연이나 경기를 관람하면서 사람들과의 교류를 즐기는 편이기에, 이번 여행에서도 이런 경험은 꼭 포함되어야 하죠. 차분하고 수용적인 동행자를 선호하는데, 이들과 함께 산을 오르며 스트레스를 풀고 싶습니다. 여행이 제 삶에 주는 의미는 관계를 맺고 활력을 충전하는 것으로, 이런 여유로움을 통해 일상에 에너지를 불어넣으려 합니다.","이 사용자는 국내 지역을 선호하고, 건조함 기후를 피하고 싶어해요. 여행 목적은 공연&경기관람이며, 민박에서 머무는 걸 좋아하고 오전 10시 이후쯤 기상하는 편이에요.",,
456,둔감,보통,보통,종종 늦음,보통,2,보통,보통,해외,산,즉흥 여행,적당히 봄,코골이 함,다른 곳 간다,"유럽,국내,그 외","추움,쌀쌀함,더움","휴식,액티비티,쇼핑","콘도,펜션,게스트하우스",오전 9-10시,300-400만원,"저는 여행 중 가장 싫었던 경험은 추운 날씨에서 여행하는 것이었어요. 그래서 이번에는 적당한 기온이 중요해요. 여행에서는 즉흥적인 활동이 좋지만, 함께할 사람은 의견을 잘 수용하고, 유연하게 기다림에 대처할 수 있는 사람이면 좋겠어요. 이번 여행에서 특히 기대하는 것은 유럽에서의 다채로운 쇼핑 경험과 휴식이며, 여행이 제 일상에 새로운 활력을 주었으면 합니다. 숙소는 게스트하우스를 선호하고, 아침 9-10시쯤 기상하여 여유로운 여행을 즐기고 싶어요.","이 사용자는 국내 지역을 선호하고, 추움 기후를 피하고 싶어해요. 여행 목적은 쇼핑이며, 게스트하우스에서 머무는 걸 좋아하고 오전 9-10시쯤 기상하는 편이에요.",,
457,매우 민감,매우 수용적,보통,보통,따르는 편,4,보통,꽤 여유있게,국내,산,즉흥 여행,무조건 다 봄,코골이 함,기다림,"유럽,국내,세계일주","쌀쌀함,건조함,더움","도전과성장,미식,자연감상","민박,4-5성급호텔,게스트하우스",오전 8-9시,100만원 이하,"저는 여행 중 쌀쌀하거나 건조한 기후에서 불편을 느끼는 경우가 많아 그 점이 최악의 경험으로 다가오곤 했습니다. 그래서 이번 여행에서는 그런 날씨를 피할 수 있는 장소나 물품이 꼭 필요합니다. 함께 여행을 가고 싶은 사람은 의견을 잘 수용하면서도 조용한 편인 사람으로, 저와 같이 자연을 감상하고 미식을 즐기는 데 흥미가 있는 사람입니다. 이번 여행에서 가장 기대하는 것은 새로운 도전과 함께 성장을 경험하는 것이며, 제 삶에 있어 이 여행이 그러한 발전의 순간으로 남길 바랍니다. 특히 국내 여행이지만 유럽풍의 미식을 맛볼 수 있는 기회를 찾는 데 큰 기대를 걸고 있습니다.","이 사용자는 유럽 지역을 선호하고, 쌀쌀함 기후를 피하고 싶어해요. 여행 목적은 미식이며, 민박에서 머무는 걸 좋아하고 오전 8-9시쯤 기상하는 편이에요.",,
458,꽤 민감,수용적,매우 적다,보통,무조건 리드,2,매우 민감,꽤 여유있게,해외,바다,계획 여행,무조건 다 봄,코골이 안함,기다림,"세계일주,국내,유럽","추움,쌀쌀함,더움","사람&관계,휴식,기록","펜션,3성이하 호텔,민박",오전 10시 이후,400만원 이상,저는 여행 중에 기후가 더운 지역에서의 불쾌한 경험을 피하고 싶습니다. 그래서 이번 여행에서는 편안한 기록을 남길 수 있는 민박과 같은 숙소가 꼭 필요합니다. 함께 여행할 사람은 매사에 수용적이며 청결함에 신경 쓸 줄 아는 사람이었으면 좋겠습니다. 이번 여행에서 가장 기대하는 것은 새로운 사람들과의 관계 형성입니다. 삶에 있어서 이 여행이 휴식과 사람들 사이의 교류를 통해 새로운 통찰력을 제공하는 의미 있는 시간이 되기를 바랍니다.,"이 사용자는 국내 지역을 선호하고, 더움 기후를 피하고 싶어해요. 여행 목적은 기록이며, 민박에서 머무는 걸 좋아하고 오전 10시 이후쯤 기상하는 편이에요.",,
459,둔감,보통,매우 많다,매우 정확,무조건 리드,4,꽤 민감,꽤 여유있게,해외,산,즉흥 여행,적당히 봄,코골이 함,다른 곳 간다,"유럽,중국&몽골,일본","상관없음,더움,쌀쌀함","문화&역사체험,기록,쇼핑","민박,상관없음,4-5성급호텔",오전 9-10시,200-300만원,"여행을 하면서 가장 최악의 경험은 아마도 일정을 미리 잡고 일처리가 제대로 되지 않는 상황일 것입니다. 이번 여행에서는 문화와 역사 체험을 위한 충분한 시간이 꼭 필요하며, 호텔에서 조금 여유롭게 머물 수 있는 시간이 있어야 합니다. 같이 여행할 사람은 대화가 많고 리드에 편안하게 따를 수 있는 사람이라면 좋겠어요. 가장 기대하는 것은 각 지역의 역사와 문화를 기록하면서 얻는 발견의 즐거움입니다. 이번 여행이 제 삶에 새로운 시각과 풍부한 경험을 제공하고, 일상에서의 활력을 불어넣기를 바랍니다.","이 사용자는 일본 지역을 선호하고, 상관없음 기후를 피하고 싶어해요. 여행 목적은 문화&역사체험이며, 4-5성급호텔에서 머무는 걸 좋아하고 오전 9-10시쯤 기상하는 편이에요.",,
460,매우 민감,매우 완고,매우 적다,보통,무조건 따름,1,매우 민감,매우 빡빡하게,국내,바다,계획 여행,적당히 봄,코골이 안함,기다림,"일본,중국&몽골,그 외","더움,상관없음,추움","미식,액티비티,도전과성장","3성이하 호텔,게스트하우스,민박",오전 8-9시,100만원 이하,"저는 여행 중에 날씨나 체력 문제로 몸이 불편했던 경험이 가장 최악의 순간이었어요. 그래서 이번 여행에서는 제 체력에 맞는 미식 경험이 꼭 필요합니다. 함께 여행을 가고 싶은 사람은 제 계획을 잘 따라주고, 청결이 중요한 사람인데 이는 저와 성향이 맞아야 하니까요. 이번 여행에서는 새로운 미식을 경험하고 싶고, 일본의 독특한 맛과 문화에 도전할 수 있기를 바랍니다. 이번 여행이 저에게 도전과 성장을 줄 수 있기를 기대하며, 그 과정에서 제 생활에 새로운 활력을 불어넣는 의미를 갖게 되기를 바랍니다.","이 사용자는 일본 지역을 선호하고, 상관없음 기후를 피하고 싶어해요. 여행 목적은 미식이며, 3성이하 호텔에서 머무는 걸 좋아하고 오전 8-9시쯤 기상하는 편이에요.",,
461,매우 둔감,매우 수용적,보통,매우 정확,리드하는편,1,매우 둔감,매우 여유있게,국내,산,계획 여행,무조건 다 봄,코골이 안함,기다림,"유럽,미국,그 외","더움,추움,습함","기록,미식,액티비티","콘도,게스트하우스,3성이하 호텔",오전 8-9시,300-400만원,"저는 여행 중에 기후가 너무 춥거나 무더운 경우를 최악의 경험으로 꼽을 것 같습니다. 이번 여행에서는 기록을 남길 만한 특별한 순간들이 꼭 있었으면 좋겠으며, 여행 친구로는 의견을 잘 수용하고 여유로운 일정을 즐길 수 있는 사람이면 좋겠습니다. 가장 기대하는 것은 다양한 미식과 액티비티를 체험하는 것이고, 정확한 시간 계획을 세워서 모든 랜드마크를 다 돌아보는 것도 목표입니다. 이 여행은 제 삶에 새로운 경험을 기록하고 풍요롭게 하는 의미를 가졌으면 합니다.","이 사용자는 그 외 지역을 선호하고, 추움 기후를 피하고 싶어해요. 여행 목적은 기록이며, 콘도에서 머무는 걸 좋아하고 오전 8-9시쯤 기상하는 편이에요.",,
462,매우 민감,수용적,많다,자주 늦음,리드하는편,5,꽤 민감,매우 빡빡하게,해외,바다,즉흥 여행,무조건 다 봄,코골이 함,다른 곳 간다,"미국,동남아,그 외","더움,추움,쌀쌀함","문화&역사체험,사람&관계,기록","콘도,게스트하우스,상관없음",오전 8-9시,300-400만원,"저는 여행 중 예민한 편이라 청결 상태나 더운 기후에서 불편함을 많이 느꼈던 경험이 최악으로 남아있습니다. 이번 여행에서 반드시 필요한 것은 촘촘한 일정 속에서도 여유로운 순간을 기록할 여유입니다. 함께 여행하고 싶은 사람은 수용적이면서도 말을 많이 하는 사람들입니다. 이번 여행에서 가장 기대하는 것은 새로운 문화와 역사를 체험하고, 다양한 사람들과 관계를 맺는 일입니다. 결국, 이번 여행은 제 삶에 특별한 사람들과의 소중한 기억을 쌓아가는 의미 있는 시간이 되었으면 합니다.","이 사용자는 그 외 지역을 선호하고, 추움 기후를 피하고 싶어해요. 여행 목적은 사람&관계이며, 게스트하우스에서 머무는 걸 좋아하고 오전 8-9시쯤 기상하는 편이에요.",,
463,둔감,매우 수용적,보통,매우 정확,리드하는편,2,둔감,꽤 여유있게,국내,바다,즉흥 여행,적당히 봄,코골이 함,기다림,"유럽,동남아,미국","상관없음,습함,쌀쌀함","자연감상,도전과성장,미식","콘도,민박,게스트하우스",오전 10시 이후,200-300만원,"저는 여행 중에 무리하게 빡빡한 일정 때문에 체력이 소진된 경험이 있어 여유 있는 여행 일정을 선호하게 되었습니다. 이번 여행에서는 넉넉한 예산 범위 내에서 쾌적한 숙소와 맛있는 음식을 통해 미식을 마음껏 즐기고 싶습니다. 함께 여행할 사람은 둔감하고 수용적인 태도로 서로의 의견 조율이 잘 되고, 시간을 정확히 지키는 책임감 있는 사람이었으면 좋겠습니다. 여행 중 가장 기대되는 것은 새로운 자연을 감상하고 도전하는 경험을 통해 성장하는 것입니다. 이번 여행은 제 삶에 도전과 성장을 가져다주며, 자연을 오롯이 즐길 수 있는 소중한 시간이 되었으면 합니다.","이 사용자는 미국 지역을 선호하고, 쌀쌀함 기후를 피하고 싶어해요. 여행 목적은 미식이며, 콘도에서 머무는 걸 좋아하고 오전 10시 이후쯤 기상하는 편이에요.",,
464,매우 둔감,매우 완고,보통,꽤 정확,따르는 편,1,매우 둔감,매우 빡빡하게,국내,산,즉흥 여행,적당히 봄,코골이 함,기다림,"유럽,그 외,세계일주","쌀쌀함,건조함,더움","액티비티,휴식,미식","에어비엔비,상관없음,펜션",오전 9-10시,200-300만원,"저는 여행 중 최악의 경험으로 무리한 일정으로 체력이 버거운 상황에 처하는 것을 꼽을 수 있어요. 그래도 꽉 찬 일정으로 여러 액티비티를 즐기는 데 방점을 두고 있으며, 이에 필요한 현지의 풍부한 정보를 꼭 챙기고 싶습니다. 함께 여행을 갈 사람은 제 의견에 공감하며 여행을 재밌게 끌어갈 수 있는 유쾌한 사람이면 좋겠어요. 이번 여행에서 가장 기대하는 것은 새로운 사람들과의 교류를 통해 유럽 문화에 깊이 빠져드는 것이고, 이를 통해 제 삶에 활력과 에너지를 줄 수 있는 특별한 추억을 만들고 싶습니다. 비록 체력이 약해 유동적인 여정을 계획하지만, 일상의 변화에 중요한 계기가 되길 바랍니다.","이 사용자는 유럽 지역을 선호하고, 쌀쌀함 기후를 피하고 싶어해요. 여행 목적은 액티비티이며, 상관없음에서 머무는 걸 좋아하고 오전 9-10시쯤 기상하는 편이에요.",,
465,둔감,보통,보통,자주 늦음,따르는 편,1,매우 민감,꽤 여유있게,국내,바다,계획 여행,적당히 봄,코골이 함,다른 곳 간다,"동남아,그 외,중국&몽골","추움,상관없음,습함","기록,자연감상,도전과성장","에어비엔비,3성이하 호텔,게스트하우스",오전 8-9시,100만원 이하,"저는 여행 중 최악의 경험으로 청결하지 않은 숙소를 들 수 있는데, 제가 매우 청결에 민감하기 때문입니다. 이번 여행에서는 청결한 숙소가 꼭 있어야 하며, 아침 일찍 공기를 마시고 싶어서 에어비앤비를 선호합니다. 함께 여행하고 싶은 사람은 시간을 잘 맞추고 서로의 의견을 존중할 수 있는 사람입니다. 바다와 자연을 감상하며 기록할 기회를 다시 가질 것을 가장 기대하고 있으며, 이번 여행은 기록과 도전을 통해 제 삶에 새로운 성장을 가져다주었으면 합니다.","이 사용자는 그 외 지역을 선호하고, 추움 기후를 피하고 싶어해요. 여행 목적은 기록이며, 에어비엔비에서 머무는 걸 좋아하고 오전 8-9시쯤 기상하는 편이에요.",,
466,매우 민감,보통,매우 적다,매우 정확,무조건 리드,1,둔감,매우 빡빡하게,해외,산,계획 여행,적당히 봄,코골이 함,기다림,"미국,유럽,중국&몽골","습함,건조함,추움","공연&경기관람,자연감상,사람&관계","에어비엔비,게스트하우스,3성이하 호텔",오전 9-10시,100만원 이하,"여행 중 최악의 경험은 날씨가 너무 습하거나 건조할 때입니다. 그래서 이번 여행에서는 기후가 쾌적한 유럽 지역을 선택했고, 자연을 충분히 감상할 수 있는 경험이 중요합니다. 함께 여행하고 싶은 사람은 저와 같이 계획적이며, 시간 약속을 잘 지키는 사람입니다. 가장 기대하는 것은 아름다운 자연을 보며 여유로운 시간을 보내는 것이며, 이 여행이 제 삶에 있어 새로운 사람들과 관계를 넓히고 소중한 추억을 만드는 계기가 되었으면 합니다. 여행을 통해 일상에서의 스트레스를 덜고, 새로운 활력을 얻고 싶습니다.","이 사용자는 유럽 지역을 선호하고, 건조함 기후를 피하고 싶어해요. 여행 목적은 자연감상이며, 에어비엔비에서 머무는 걸 좋아하고 오전 9-10시쯤 기상하는 편이에요.",,
467,매우 둔감,매우 완고,매우 적다,자주 늦음,따르는 편,3,매우 민감,꽤 여유있게,해외,바다,계획 여행,적당히 봄,코골이 함,다른 곳 간다,"그 외,유럽,미국","습함,건조함,추움","공연&경기관람,액티비티,미식","민박,3성이하 호텔,상관없음",오전 9-10시,200-300만원,"저는 여행 중 습하거나 건조한 기후에서 불편한 경험을 피하고 싶습니다. 그래서 이번 여행에서는 쾌적한 날씨가 꼭 필요하다고 생각하고, 미식 체험은 가장 기대되는 부분입니다. 여행을 함께 갈 사람은 제가 선호하는 오전 9-10시 기상 시간과 비슷한 라이프스타일을 가진 사람이면 좋겠습니다. 체력이 낮아 여유 있는 일정이 좋고, 일정한 계획과 식사 중심으로 여행을 계획하여 새로운 미식을 경험하고 싶습니다. 이러한 여행이 일상에 활력을 주고 새로운 에너지를 얻는 기회가 되었으면 합니다.","이 사용자는 미국 지역을 선호하고, 건조함 기후를 피하고 싶어해요. 여행 목적은 미식이며, 3성이하 호텔에서 머무는 걸 좋아하고 오전 9-10시쯤 기상하는 편이에요.",,
468,꽤 민감,수용적,매우 많다,보통,리드하는편,4,보통,꽤 여유있게,국내,산,계획 여행,적당히 봄,코골이 안함,기다림,"중국&몽골,일본,미국","건조함,습함,쌀쌀함","자연감상,휴식,사람&관계","3성이하 호텔,민박,펜션",오전 9-10시,400만원 이상,"저는 여행 중 날씨가 쌀쌀하거나 건조할 때를 최악의 경험으로 꼽는데, 이는 제가 민감한 편이라 기후 변화에 민감하게 반응하기 때문입니다. 이번 여행에서는 휴식을 중점에 두고 있기 때문에, 자연을 감상하며 여유로운 시간을 가질 수 있는 환경이 꼭 필요합니다. 여행을 함께 하고 싶은 사람은 화기애애하고 대화가 잘 통하는 사람으로, 저는 가족이나 친구와의 관계를 중요하게 생각합니다. 이번 여행을 통해 자연 속에서 편안함을 찾고, 일상에서 벗어난 깊은 안정을 얻기를 기대합니다. 이런 여행은 제가 삶의 새로운 관점을 얻는 계기가 되기를 희망합니다.","이 사용자는 일본 지역을 선호하고, 쌀쌀함 기후를 피하고 싶어해요. 여행 목적은 휴식이며, 민박에서 머무는 걸 좋아하고 오전 9-10시쯤 기상하는 편이에요.",,
469,둔감,매우 수용적,보통,매우 정확,보통,3,매우 둔감,매우 빡빡하게,국내,바다,계획 여행,적당히 봄,코골이 함,기다림,"국내,세계일주,미국","습함,쌀쌀함,추움","문화&역사체험,쇼핑,자연감상","3성이하 호텔,게스트하우스,펜션",오전 10시 이후,400만원 이상,"저는 여행지에서 약속 시간을 정확하게 지켜야 하는데, 최악의 경험은 이런 점이 지켜지지 않았을 때인 것 같아요. 이번 여행에서는 문화와 역사 체험이 중요한 만큼, 관련된 일정은 확실히 계획에 포함되어야 합니다. 저는 둔감하기 때문에 성격이 유연한 사람과 함께 여행을 가고 싶고, 특히 습하고 추운 기후는 피하고 싶습니다. 이번 여행을 통해 새로운 역사와 문화를 접하며, 이런 경험들이 제 삶에 긍정적인 영향을 미쳤으면 좋겠습니다. 또한 바다 풍경을 감상하는 것도 기대하고 있으며, 그렇게 얻은 평화를 제 일상에도 가져가고 싶어요.","이 사용자는 국내 지역을 선호하고, 습함 기후를 피하고 싶어해요. 여행 목적은 문화&역사체험이며, 펜션에서 머무는 걸 좋아하고 오전 10시 이후쯤 기상하는 편이에요.",,
470,꽤 민감,수용적,많다,종종 늦음,보통,1,매우 둔감,꽤 빡빡하게,해외,바다,계획 여행,적당히 봄,코골이 함,다른 곳 간다,"일본,미국,그 외","상관없음,더움,습함","공연&경기관람,문화&역사체험,미식","에어비엔비,상관없음,게스트하우스",오전 9-10시,200-300만원,"여행 중 습하고 더운 기후에서의 경험이 최악이었지만, 미식 여행을 통해 좋은 음식을 맛보는 것으로 위안을 삼고 싶습니다. 이번에는 조금 늦게 일어나도 여유롭게 일정을 소화할 수 있도록 하루의 시작을 편안하게 할 수 있는 숙소가 꼭 필요합니다. 함께하는 사람은 제가 코를 골더라도 이해심이 있고, 다양한 문화와 역사를 경험하는 것에 열린 마음을 가진 사람이라면 좋겠습니다. 특히 일본을 여행하면서 미식 탐방과 문화, 공연 관람을 기대하고 있으며, 이러한 경험을 통해 일상에서 벗어나 새로운 영감과 활력을 얻고 싶습니다. 여행의 의미는 단순한 휴가가 아닌, 저에게 새로운 시각을 열어주는 기회가 되었으면 합니다.","이 사용자는 일본 지역을 선호하고, 습함 기후를 피하고 싶어해요. 여행 목적은 미식이며, 상관없음에서 머무는 걸 좋아하고 오전 9-10시쯤 기상하는 편이에요.",,
471,꽤 민감,보통,매우 적다,매우 정확,무조건 따름,2,보통,매우 빡빡하게,해외,바다,계획 여행,적당히 봄,코골이 안함,기다림,"미국,국내,동남아","쌀쌀함,추움,더움","미식,액티비티,휴식","펜션,3성이하 호텔,게스트하우스",오전 9-10시,300-400만원,저는 과거 여행에서 이른 아침의 강행군과 갑작스러운 일정 변경으로 인해 최악의 경험을 했던 기억이 있어요. 그래서 이번 여행에서는 철저한 계획과 일정 준수가 꼭 필요하며 이를 위해 시간 약속을 잘 지킬 수 있는 사람과 함께 떠나고 싶어요. 특히 이번에는 동남아에서 미식을 즐기는 것이 가장 기대돼요. 바쁜 일정 사이에서도 맛있는 음식을 통해 새로운 문화와 사람들을 경험하며 휴식을 취하고 싶어요. 이번 여행은 저에게 일상에서 벗어나 재충전하고 활력을 얻는 의미로 다가오기를 바랍니다.,"이 사용자는 동남아 지역을 선호하고, 추움 기후를 피하고 싶어해요. 여행 목적은 미식이며, 3성이하 호텔에서 머무는 걸 좋아하고 오전 9-10시쯤 기상하는 편이에요.",,
472,둔감,매우 완고,매우 많다,자주 늦음,따르는 편,4,꽤 민감,매우 빡빡하게,국내,산,계획 여행,적당히 봄,코골이 함,다른 곳 간다,"동남아,세계일주,일본","상관없음,쌀쌀함,더움","자연감상,도전과성장,휴식","4-5성급호텔,상관없음,에어비엔비",오전 8-9시,400만원 이상,여행 중 최악의 경험은 시간을 잘 못 맞춰 낭패를 본 경우입니다. 그래서 이번 여행에서는 충분한 계획이 필수적입니다. 여행 파트너는 활발하게 대화를 나누면서도 계획적이고 청결함을 중요시하는 사람이었으면 좋겠습니다. 이번 여행에서 가장 기대되는 것은 일본의 아름다운 자연을 감상하며 쉴 수 있는 기회입니다. 저는 이 여행이 새로운 도전을 통해 제 삶에 긍정적인 성장을 가져다주었으면 합니다.,"이 사용자는 일본 지역을 선호하고, 상관없음 기후를 피하고 싶어해요. 여행 목적은 자연감상이며, 에어비엔비에서 머무는 걸 좋아하고 오전 8-9시쯤 기상하는 편이에요.",,
473,보통,매우 수용적,보통,보통,따르는 편,5,보통,매우 빡빡하게,해외,산,계획 여행,적당히 봄,코골이 함,다른 곳 간다,"그 외,세계일주,동남아","상관없음,건조함,추움","기록,자연감상,공연&경기관람","상관없음,펜션,민박",오전 8-9시,100만원 이하,"저는 해외 여행을 계획적으로 즐기는 편인데, 이번 여행에서 가장 기대하는 것은 자연을 감상하고 공연 또는 경기를 관람하는 것입니다. 특히, 빡빡한 일정 속에서 기록을 남기는 것을 중요하게 생각합니다. 여행에서 최악의 경험은 건조하거나 추운 기후를 만났을 때일 것 같아요. 같이 여행을 가고 싶은 사람은 의견을 잘 수용하며 유연하게 대처할 수 있는 사람이 좋습니다. 이번 여행은 다양한 문화를 경험하며 제 삶에 새로운 영감을 주고 싶습니다.","이 사용자는 그 외 지역을 선호하고, 건조함 기후를 피하고 싶어해요. 여행 목적은 공연&경기관람이며, 펜션에서 머무는 걸 좋아하고 오전 8-9시쯤 기상하는 편이에요.",,
474,보통,수용적,매우 많다,자주 늦음,보통,2,매우 민감,꽤 여유있게,해외,산,즉흥 여행,적당히 봄,코골이 함,다른 곳 간다,"세계일주,국내,일본","추움,쌀쌀함,더움","도전과성장,미식,휴식","펜션,민박,3성이하 호텔",오전 9-10시,200-300만원,"여행 중 가장 힘들었던 경험은 기후가 너무 추워서 불편했던 경우였어요, 그래서 따뜻한 지역을 선호해요. 이번 여행에서는 즉흥적이라도 여유롭게 맛있는 음식을 탐방할 수 있는 시간이 꼭 필요해요. 저와 같이 여행할 사람은 대화를 많이 즐기고, 예민하지 않으며 시간을 융통성 있게 맞춰줄 수 있는 사람이면 좋겠어요. 이번 여행에서는 새로운 음식과 문화를 통해 성장하고 도전하는 기회를 기대하고 있어요. 또한, 이번 여행이 더욱 풍요로운 인생 경험을 쌓는 계기가 되었으면 해요.","이 사용자는 일본 지역을 선호하고, 추움 기후를 피하고 싶어해요. 여행 목적은 미식이며, 펜션에서 머무는 걸 좋아하고 오전 9-10시쯤 기상하는 편이에요.",,
475,꽤 민감,매우 완고,매우 많다,꽤 정확,무조건 리드,5,매우 민감,매우 여유있게,해외,산,계획 여행,무조건 다 봄,코골이 함,다른 곳 간다,"중국&몽골,국내,미국","습함,상관없음,쌀쌀함","사람&관계,휴식,기록","에어비엔비,펜션,게스트하우스",오전 8-9시,100만원 이하,"저는 해외 여행지로 미국과 같은 나라를 선호하며, 기록을 남기는 것을 중요하게 생각합니다. 그래서 여행 중에 코골이가 심한 사람과 같이 지내는 것이나 불편한 숙소 환경은 최악의 경험이 될 수 있어요. 이번 여행에서는 계획적으로 랜드마크를 모두 방문하고 싶고, 청결하게 관리된 에어비엔비 같은 숙소가 꼭 필요합니다. 함께 여행할 사람은 대화가 잘 통하고 제가 리드할 때 이를 잘 따라줄 수 있는 사람이어야 합니다. 이번 여행은 새로운 사람들과의 관계를 통해 심신의 휴식을 얻고, 나중에 돌아봐도 의미 있는 기록으로 남는 시간이 되길 바랍니다.","이 사용자는 미국 지역을 선호하고, 상관없음 기후를 피하고 싶어해요. 여행 목적은 기록이며, 에어비엔비에서 머무는 걸 좋아하고 오전 8-9시쯤 기상하는 편이에요.",,
476,꽤 민감,다소 완고,적다,자주 늦음,보통,2,매우 둔감,꽤 여유있게,해외,산,즉흥 여행,적당히 봄,코골이 함,다른 곳 간다,"중국&몽골,일본,미국","추움,쌀쌀함,더움","자연감상,사람&관계,기록","3성이하 호텔,상관없음,게스트하우스",오전 9-10시,400만원 이상,"이번 여행에서는 자연 감상을 주요 목적으로 하며, 중국과 몽골 지역의 아름다운 경치를 여유롭게 즐길 계획입니다. 이전 여행에서 가장 최악이었던 경험은 쌀쌀한 날씨로 인한 불편함이었기 때문에, 이번에는 그런 상황을 피하고 싶습니다. 여행 중에는 계획보다는 즉흥적인 경험을 중요시하며, 대화가 많지 않더라도 서로 이해할 수 있는 사람과 동행하는 것을 선호합니다. 이번 여행에서 가장 기대하는 것은 새로운 사람들과의 관계 맺기이며, 이러한 만남이 제 삶에 새로운 의미를 더해 주길 바랍니다. 아침에는 9시에서 10시 사이에 일어나 여유 있게 하루를 시작할 계획입니다.","이 사용자는 중국&몽골 지역을 선호하고, 쌀쌀함 기후를 피하고 싶어해요. 여행 목적은 자연감상이며, 상관없음에서 머무는 걸 좋아하고 오전 9-10시쯤 기상하는 편이에요.",,
477,매우 둔감,다소 완고,적다,자주 늦음,리드하는편,1,꽤 민감,보통,국내,바다,즉흥 여행,적당히 봄,코골이 함,다른 곳 간다,"그 외,국내,미국","더움,쌀쌀함,건조함","문화&역사체험,도전과성장,공연&경기관람","4-5성급호텔,게스트하우스,3성이하 호텔",오전 8-9시,200-300만원,"저는 여행 중에 최대한 쾌적한 환경을 유지하고 싶기 때문에 청결하지 않거나 코골이 소음을 참아야 하는 경험을 최악으로 여깁니다. 이번 여행에서는 이러한 불편함 없이 쾌적하게 머물 수 있는 숙소가 꼭 필요합니다. 같이 여행을 가고 싶은 사람은 함께 즉흥적으로 계획을 세우면서 새로운 도전과 성장을 함께 경험하며, 이해심 있는 사람이면 좋겠습니다. 무엇보다 이번 여행에서 기대하는 것은 문화와 역사를 체험하고 공연이나 경기를 관람하는 가치 있는 시간이 될 것이라는 점입니다. 이러한 여행은 제 삶에 도전적인 경험과 동시에 문화적 교훈을 가져다주어 더 의미 있는 시간이 될 것입니다.","이 사용자는 국내 지역을 선호하고, 쌀쌀함 기후를 피하고 싶어해요. 여행 목적은 도전과성장이며, 게스트하우스에서 머무는 걸 좋아하고 오전 8-9시쯤 기상하는 편이에요.",,
478,보통,매우 수용적,적다,매우 정확,무조건 리드,5,매우 둔감,매우 여유있게,해외,산,계획 여행,적당히 봄,코골이 함,다른 곳 간다,"일본,세계일주,유럽","상관없음,더움,습함","문화&역사체험,휴식,공연&경기관람","4-5성급호텔,민박,3성이하 호텔",오전 9-10시,200-300만원,"저는 해외 여행, 특히 일본과 유럽처럼 다양한 문화와 역사를 체험할 수 있는 지역을 좋아합니다. 이번 여행에서 가장 중요한 것은 휴식과 새로운 문화 체험입니다. 이번 여행에서는 체력적인 한계를 고려해 여유로운 일정을 선호하며, 아침에는 9-10시쯤 일어나 편안한 속도로 시작하고 싶습니다. 함께 여행할 사람은 리더십을 존중하고 다양한 의견을 수용하는 사람이면 좋겠습니다. 여행은 제게 새로운 경험과 휴식을 주어 삶에 긍정적인 변화를 가져다주는 소중한 시간이 되길 바랍니다.","이 사용자는 세계일주 지역을 선호하고, 상관없음 기후를 피하고 싶어해요. 여행 목적은 휴식이며, 민박에서 머무는 걸 좋아하고 오전 9-10시쯤 기상하는 편이에요.",,
479,보통,보통,매우 적다,꽤 정확,무조건 따름,5,매우 민감,매우 여유있게,국내,바다,즉흥 여행,적당히 봄,코골이 안함,기다림,"그 외,국내,미국","추움,더움,상관없음","기록,공연&경기관람,사람&관계","상관없음,에어비엔비,펜션",오전 9-10시,400만원 이상,"저는 여행 중 청결하지 않은 숙소 때문에 불편했던 경험이 있었습니다. 그래서 이번 여행에서는 깨끗한 숙소가 반드시 필요합니다. 가까운 사람들과 관계를 더 깊게 하고 싶기 때문에, 함께 가는 사람은 소소한 대화가 가능하고 시간을 잘 지키는 사람이면 좋겠습니다. 이번 여행에서 가장 기대하는 것은 공연이나 경기를 즐기고 그 순간들을 기록하는 것입니다. 이러한 경험들을 통해 제 삶에서 새로운 사람들과의 관계를 더욱 돈독히 하고 싶습니다.","이 사용자는 미국 지역을 선호하고, 더움 기후를 피하고 싶어해요. 여행 목적은 사람&관계이며, 펜션에서 머무는 걸 좋아하고 오전 9-10시쯤 기상하는 편이에요.",,
480,매우 둔감,매우 수용적,보통,매우 정확,따르는 편,3,매우 민감,매우 여유있게,국내,바다,계획 여행,무조건 다 봄,코골이 함,기다림,"세계일주,동남아,국내","추움,건조함,상관없음","문화&역사체험,쇼핑,휴식","콘도,게스트하우스,4-5성급호텔",오전 10시 이후,400만원 이상,"여행 중 최악의 경험은 시간 약속에 늦었을 때와 청결하지 않은 숙소에 머물렀을 때였어요. 그래서 이번 여행에서는 깨끗하고 편안한 숙소가 꼭 필요해요. 저는 매우 수용적인 성격이라 함께 여행할 사람은 별다른 제약이 없지만, 시간 약속에 정확하고 계획적인 사람이라면 더욱 좋을 것 같아요. 이번 여행에서 가장 기대하는 것은 문화와 역사를 체험하고 여유롭게 휴식을 취하는 것입니다. 이 여행을 통해 일상에서 벗어나 새로운 시각을 찾고 삶의 활력을 충전하는 계기가 되었으면 해요.","이 사용자는 세계일주 지역을 선호하고, 상관없음 기후를 피하고 싶어해요. 여행 목적은 쇼핑이며, 게스트하우스에서 머무는 걸 좋아하고 오전 10시 이후쯤 기상하는 편이에요.",,
481,매우 둔감,다소 완고,많다,종종 늦음,따르는 편,4,매우 둔감,꽤 빡빡하게,국내,산,즉흥 여행,무조건 다 봄,코골이 안함,기다림,"중국&몽골,미국,그 외","쌀쌀함,습함,더움","공연&경기관람,휴식,기록","4-5성급호텔,3성이하 호텔,게스트하우스",오전 9-10시,300-400만원,"여행 중 최악의 경험은 쌀쌀하고 습한 날씨 때문이었을 것입니다. 이번 여행에서 가장 기대하는 것은 다양한 공연과 경기를 관람하며 기록을 남기는 것입니다. 저와 함께 여행을 갈 사람은 여유 있고 기다릴 줄 아는 분이라면 좋겠습니다. 이번 여행이 삶에 가져다 주길 바라는 의미는 새로운 경험을 통해 기록을 남기고, 일상에서 벗어나 즐거운 휴식을 취하는 것입니다. 또한, 여행 중에는 즉흥적인 계획을 즐기며 다양한 랜드마크를 돌아다니고 싶습니다.","이 사용자는 중국&몽골 지역을 선호하고, 쌀쌀함 기후를 피하고 싶어해요. 여행 목적은 기록이며, 게스트하우스에서 머무는 걸 좋아하고 오전 9-10시쯤 기상하는 편이에요.",,
482,둔감,보통,적다,보통,리드하는편,3,매우 둔감,보통,국내,산,계획 여행,적당히 봄,코골이 안함,기다림,"중국&몽골,세계일주,일본","습함,더움,쌀쌀함","자연감상,사람&관계,기록","펜션,4-5성급호텔,게스트하우스",오전 10시 이후,200-300만원,"여행 중 최악의 경험은 습하고 더운 날씨를 만나는 것이기 때문에 그런 기후를 피하고 싶습니다. 이번 여행에서는 자연을 감상하면서 기록활동을 하려고 하며, 편안한 휴식을 위해 펜션이나 고급 호텔에 머무르는 것을 중요하게 여깁니다. 여행을 함께 할 사람은 많은 말을 하지 않아도 편안하고 조화롭게 시간을 보낼 수 있는 사람이면 좋겠습니다. 이번 여행에서 가장 기대하는 것은 다양한 자연 경관을 직접 접하며 감동을 기록하는 것이며, 삶에서 새로운 영감을 얻고 싶습니다. 여행을 통해 새로운 사람들과 관계를 맺고, 세상을 보는 시야를 넓히는 의미를 가지길 바랍니다.","이 사용자는 세계일주 지역을 선호하고, 더움 기후를 피하고 싶어해요. 여행 목적은 기록이며, 펜션에서 머무는 걸 좋아하고 오전 10시 이후쯤 기상하는 편이에요.",,
483,둔감,매우 수용적,많다,매우 정확,보통,5,둔감,꽤 여유있게,국내,산,계획 여행,적당히 봄,코골이 함,기다림,"동남아,미국,중국&몽골","상관없음,더움,쌀쌀함","자연감상,쇼핑,문화&역사체험","펜션,상관없음,4-5성급호텔",오전 8-9시,300-400만원,"저는 여행에서 최악의 경험으로 계획된 일정을 맞추지 못할 때가 가장 힘들었어요, 그래서 시간약속을 잘 지키는 사람과 함께 여행하고 싶습니다. 이번 여행에서 꼭 필요한 것은 주변을 즐겁게 감상할 수 있는 여유로운 일정과 계획입니다. 저는 자연과 문화, 역사를 체험하는 것을 매우 기대하고 있으며, 이러한 경험들이 삶에 새로운 활기를 불어넣길 바랍니다. 자연을 감상하며 산을 주로 방문하고 펜션이나 4-5성급 호텔에서 묵으면서 충분한 쉼을 취하고 싶습니다. 따라서 이번 여행이 저에게는 여유와 즐거움을 주는 시간이 되기를 바랍니다.","이 사용자는 동남아 지역을 선호하고, 상관없음 기후를 피하고 싶어해요. 여행 목적은 문화&역사체험이며, 펜션에서 머무는 걸 좋아하고 오전 8-9시쯤 기상하는 편이에요.",,
484,둔감,수용적,매우 많다,매우 정확,따르는 편,5,매우 둔감,보통,해외,바다,즉흥 여행,무조건 다 봄,코골이 함,기다림,"중국&몽골,그 외,일본","추움,쌀쌀함,습함","자연감상,미식,쇼핑","민박,3성이하 호텔,콘도",오전 9-10시,300-400만원,"저는 여행에서 쌀쌀한 날씨를 피하고 싶어 중국과 몽골 같은 지역을 선호하는 편입니다. 과거 여행 중 기후가 쌀쌀하고 습한 곳에서 머물러야 했던 경험은 별로였는데, 이번 여행에서는 쾌적한 날씨를 기대하고 있습니다. 쇼핑과 자연 감상이 저의 주된 여행 목적이기 때문에 이 두 가지를 놓치고 싶지 않아요. 함께 여행하고 싶은 사람이라면 수용적이고 말이 많은 성향을 가진 사람이라면 좋겠습니다. 예측할 수 없는 즉흥적인 여행 속에서 매일 새로운 경험을 하는 것이 제가 이번 여행에서 기대하는 바입니다. 이번 여행을 통해 삶에 새로운 활력을 얻고 싶고, 다양한 문화를 경험하면서 시야를 넓힐 수 있기를 바랍니다.","이 사용자는 중국&몽골 지역을 선호하고, 쌀쌀함 기후를 피하고 싶어해요. 여행 목적은 쇼핑이며, 민박에서 머무는 걸 좋아하고 오전 9-10시쯤 기상하는 편이에요.",,
485,매우 둔감,매우 완고,보통,종종 늦음,무조건 리드,3,둔감,보통,국내,산,계획 여행,적당히 봄,코골이 함,기다림,"세계일주,국내,일본","습함,상관없음,추움","미식,쇼핑,자연감상","게스트하우스,4-5성급호텔,3성이하 호텔",오전 8-9시,100만원 이하,"저는 여행 중 습한 날씨에서 최악의 경험을 한 적이 있어요. 이번 여행에서는 미식을 위한 현지 음식과 자연을 감상할 수 있는 장소를 꼭 포함시키고 싶습니다. 함께 여행하고 싶은 사람은 계획된 일정을 잘 따르고, 제가 리드하는 것을 편하게 생각하는 사람이면 좋겠어요. 이번 여행은 특히 자연을 감상하는 것에 대한 기대가 큽니다. 또한, 이 여행이 일상에서 벗어나 새로운 시각으로 삶을 바라볼 수 있는 기회가 되었으면 합니다.","이 사용자는 세계일주 지역을 선호하고, 습함 기후를 피하고 싶어해요. 여행 목적은 자연감상이며, 4-5성급호텔에서 머무는 걸 좋아하고 오전 8-9시쯤 기상하는 편이에요.",,
486,꽤 민감,매우 완고,보통,종종 늦음,보통,4,꽤 민감,꽤 여유있게,국내,산,계획 여행,적당히 봄,코골이 함,다른 곳 간다,"국내,중국&몽골,미국","상관없음,건조함,쌀쌀함","문화&역사체험,휴식,도전과성장","콘도,민박,에어비엔비",오전 9-10시,400만원 이상,"저는 여행 중 최악의 경험으로는 계획한 대로 진행되지 않는 상황에서 의견을 잘 조정하지 못하는 경우가 있습니다. 이번 여행에서 꼭 챙기고 싶은 것은 여유 있는 일정과 문화 및 역사 체험을 위해 필요한 자료입니다. 같이 여행을 가고 싶은 사람은 제가 중요하게 여기는 청결에 민감하고 성장이 중요하다는 가치를 공유하는 사람이면 좋겠습니다. 이번 여행에서는 새로운 도전과 성장을 기대하며, 이는 제 삶에 있어 큰 의미를 지니고, 저를 더 나은 방향으로 이끌어 줄 것입니다. 또한, 미국과 같은 선호 지역에서의 여행은 저에게 큰 휴식과 동시에 도약의 기회가 될 것입니다.","이 사용자는 미국 지역을 선호하고, 건조함 기후를 피하고 싶어해요. 여행 목적은 도전과성장이며, 민박에서 머무는 걸 좋아하고 오전 9-10시쯤 기상하는 편이에요.",,
487,꽤 민감,보통,많다,꽤 정확,따르는 편,1,둔감,매우 여유있게,해외,바다,계획 여행,무조건 다 봄,코골이 안함,기다림,"세계일주,중국&몽골,미국","건조함,더움,습함","자연감상,휴식,문화&역사체험","4-5성급호텔,상관없음,에어비엔비",오전 8-9시,100만원 이하,"저는 꽤 민감한 편이라 여행 중 최대한 불편함을 피하려고 합니다. 이전 여행에서 더운 날씨 때문에 곤란했던 경험이 있었기에 이번에는 기후에 주의하려고 합니다. 여행을 계획적으로 하며 여유롭게 즐기는 것을 선호하고, 함께 여행 갈 사람은 배려심 많고 이해심 있는 사람이면 좋겠습니다. 이번 여행에서는 바다와 자연 경관을 감상하며 휴식을 취하고 싶고, 랜드마크를 방문하는 것에도 많은 기대를 갖고 있습니다. 이러한 경험을 통해 여행이 저에게 또 다른 문화와 역사를 체험하고 삶의 작은 행복을 찾는 의미가 있기를 바랍니다.","이 사용자는 미국 지역을 선호하고, 더움 기후를 피하고 싶어해요. 여행 목적은 휴식이며, 상관없음에서 머무는 걸 좋아하고 오전 8-9시쯤 기상하는 편이에요.",,
488,매우 민감,보통,매우 적다,매우 정확,따르는 편,1,매우 둔감,꽤 빡빡하게,국내,바다,즉흥 여행,무조건 다 봄,코골이 안함,다른 곳 간다,"중국&몽골,유럽,미국","더움,습함,상관없음","미식,사람&관계,자연감상","콘도,3성이하 호텔,민박",오전 10시 이후,100만원 이하,"저는 여행 중 가장 끔찍한 경험으로, 예기치 않게 긴 줄에서 오랜 시간을 기다려야 했던 상황을 떠올립니다. 그래서 이번 여행에서는 기다리는 시간을 최소화하고 대신 다양한 미식을 즐기는 시간을 더하고 싶습니다. 함께 여행할 사람은 말이 많지 않지만 충실하고 여유로운 성향을 가져주었으면 좋겠습니다. 가장 기대되는 것은 새로운 음식을 시도해보는 것이며, 여행을 통해 사람들과의 관계를 더욱 깊게 만들고 자연의 아름다움을 느끼고 싶습니다. 이번 여행이 제 삶에 영감을 주고 새로운 연결을 맺는 기회가 되었으면 합니다.","이 사용자는 미국 지역을 선호하고, 상관없음 기후를 피하고 싶어해요. 여행 목적은 미식이며, 콘도에서 머무는 걸 좋아하고 오전 10시 이후쯤 기상하는 편이에요.",,
489,매우 둔감,수용적,적다,보통,따르는 편,2,보통,꽤 여유있게,국내,산,계획 여행,무조건 다 봄,코골이 안함,기다림,"미국,중국&몽골,동남아","건조함,상관없음,습함","미식,액티비티,공연&경기관람","3성이하 호텔,게스트하우스,콘도",오전 9-10시,300-400만원,"저는 여행 중에 건조한 기후를 싫어하고 따라서 편안한 기후의 장소를 찾곤 합니다. 예전 여행에서 지나치게 건조한 날씨를 겪었던 게 최악의 경험이었어요. 이번 여행에서는 미식과 공연, 특히 액티비티를 즐기고 싶고 그래서 일정에 꼭 포함하려고 해요. 함께 여행하고 싶은 사람은 의사소통이 잘 되고 유연하게 의견을 조율할 수 있는 사람입니다. 또 이번 여행이 저에게 휴식과 새로운 영감을 줄 수 있기를 바라며, 준비된 일정 속에서 편안하게 산과 자연을 만끽할 생각에 기대가 큽니다. 이 여행이 제 삶에 작은 활력소가 됐으면 합니다.","이 사용자는 동남아 지역을 선호하고, 상관없음 기후를 피하고 싶어해요. 여행 목적은 액티비티이며, 3성이하 호텔에서 머무는 걸 좋아하고 오전 9-10시쯤 기상하는 편이에요.",,
490,보통,보통,많다,보통,무조건 따름,1,보통,매우 여유있게,해외,산,즉흥 여행,적당히 봄,코골이 함,기다림,"유럽,미국,세계일주","쌀쌀함,건조함,추움","문화&역사체험,휴식,미식","펜션,민박,콘도",오전 9-10시,200-300만원,"저는 여행 중에 쌀쌀하고 건조한 기후를 경험할 때가 가장 힘들었어요. 그래서 이번 여행에서 따뜻한 날씨와 함께할 수 있는 것을 기대합니다. 여행할 때는 정말 대화가 잘 통하고 동시에 일행을 잘 따를 수 있는 사람이 있으면 좋겠어요. 이번 여행에서는 유럽에서 문화와 역사를 체험하면서도, 여유롭게 맛있는 음식을 즐기고 싶습니다. 이 여행이 제 삶에서 휴식을 제공하고 힐링할 수 있는 시간이 되었으면 해요.","이 사용자는 유럽 지역을 선호하고, 추움 기후를 피하고 싶어해요. 여행 목적은 미식이며, 민박에서 머무는 걸 좋아하고 오전 9-10시쯤 기상하는 편이에요.",,
491,꽤 민감,수용적,보통,보통,보통,4,보통,보통,국내,산,즉흥 여행,적당히 봄,코골이 함,기다림,"유럽,미국,일본","상관없음,쌀쌀함,추움","미식,사람&관계,도전과성장","상관없음,펜션,4-5성급호텔",오전 8-9시,200-300만원,"저는 사람들과의 관계를 중요하게 여기기에 이번 여행에서는 실질적인 교류를 기대합니다. 과거에는 쌀쌀한 기후에 대한 준비 부족으로 힘든 경험을 한 적이 있어, 이번 여행에서는 날씨에 대한 대비가 필요합니다. 여행을 함께할 동행자는 의견을 수용하는 사람이라면 좋겠고, 필수적인 것은 편안한 숙소, 특히 4-5성급 호텔에서의 숙박입니다. 이번 여행을 통해 새로운 미식 경험과 개인적인 도전을 통해 성장할 수 있기를 바라며, 일과 삶의 균형을 다시금 다잡는 계기가 되기를 희망합니다.","이 사용자는 일본 지역을 선호하고, 상관없음 기후를 피하고 싶어해요. 여행 목적은 사람&관계이며, 4-5성급호텔에서 머무는 걸 좋아하고 오전 8-9시쯤 기상하는 편이에요.",,
492,꽤 민감,매우 완고,매우 적다,종종 늦음,따르는 편,3,매우 둔감,꽤 여유있게,국내,바다,계획 여행,적당히 봄,코골이 안함,기다림,"그 외,세계일주,미국","더움,상관없음,쌀쌀함","액티비티,기록,쇼핑","3성이하 호텔,4-5성급호텔,상관없음",오전 10시 이후,300-400만원,"여행 중 최악의 경험은 일정을 벗어난 예상치 못한 상황일 수 있으며, 이는 제가 민감하고 계획적인 성향을 지닌 때문일 겁니다. 이번 여행에서는 4-5성급 호텔처럼 편안한 숙소와 기록을 위한 충분한 휴식을 꼭 필요로 합니다. 함께하는 사람은 제가 말을 많이 하지 않고 민감한 부분이 있어 차분하며 저를 잘 이해하고 배려해주는 사람이어야 좋습니다. 이번 여행에서 가장 기대하는 것은 쇼핑과 더불어 편안하고 여유 있는 일정을 즐기는 것입니다. 이번 여행이 제 삶에 작은 활력소가 되어 주었으면 하는데, 이는 새로운 경험을 통해 에너지를 얻고 싶기 때문입니다.","이 사용자는 그 외 지역을 선호하고, 상관없음 기후를 피하고 싶어해요. 여행 목적은 쇼핑이며, 4-5성급호텔에서 머무는 걸 좋아하고 오전 10시 이후쯤 기상하는 편이에요.",,
493,꽤 민감,보통,매우 많다,매우 정확,보통,1,매우 민감,보통,해외,산,즉흥 여행,적당히 봄,코골이 함,다른 곳 간다,"세계일주,일본,국내","습함,추움,더움","사람&관계,미식,도전과성장","4-5성급호텔,상관없음,민박",오전 8-9시,300-400만원,"여행 중 최악의 경험은 습하거나 너무 추운 기후에서 머무는 것이 가장 기억에 남습니다. 이번 여행에서는 기후를 잘 피할 수 있는 조건과 양질의 숙소를 꼭 확보하고 싶습니다. 사람들과 관계 맺는 것을 좋아하므로, 긍정적이며 말이 많은 저와 소통이 잘 되는 여행 동반자를 선호합니다. 여행을 통해 다양한 음식을 즐기고, 새로운 도전을 통해 개인적으로 성장할 수 있는 기회를 가장 기대하고 있습니다. 이번 여행이 제 삶에 의미 있는 도전과 성장이 되길 바라며 이를 통해 사람들과의 관계도 더욱 풍요로워지기를 희망합니다.","이 사용자는 세계일주 지역을 선호하고, 습함 기후를 피하고 싶어해요. 여행 목적은 미식이며, 상관없음에서 머무는 걸 좋아하고 오전 8-9시쯤 기상하는 편이에요.",,
494,둔감,매우 수용적,적다,보통,무조건 따름,4,꽤 민감,매우 여유있게,국내,바다,계획 여행,무조건 다 봄,코골이 함,기다림,"그 외,세계일주,유럽","건조함,습함,상관없음","자연감상,휴식,문화&역사체험","상관없음,콘도,게스트하우스",오전 8-9시,200-300만원,"저는 여행 중 큰 불편함을 겪은 적은 없지만, 예민하지 않아서 사소한 불편함이 있는 여행도 크게 신경 쓰이지 않았던 것 같아요. 이번 여행에서는 여유 있게 자연 속에서 휴식을 취하며 문화와 역사를 체험하는 것이 중요하다고 생각해요. 함께 여행할 사람으로는 제가 하는 계획을 잘 따라주고, 다양한 의견을 수용할 수 있는 사람이면 좋겠어요. 이번 여행에서는 자연 감상과 휴식을 통해 일상에서 벗어나 재충전할 수 있기를 기대합니다. 제 삶에서 이 여행이 쉼과 힐링의 의미로 남기를 바랍니다.","이 사용자는 그 외 지역을 선호하고, 상관없음 기후를 피하고 싶어해요. 여행 목적은 휴식이며, 콘도에서 머무는 걸 좋아하고 오전 8-9시쯤 기상하는 편이에요.",,
495,매우 둔감,매우 수용적,적다,꽤 정확,리드하는편,3,매우 둔감,매우 여유있게,해외,산,계획 여행,적당히 봄,코골이 함,기다림,"국내,동남아,중국&몽골","추움,쌀쌀함,건조함","기록,쇼핑,자연감상","상관없음,게스트하우스,4-5성급호텔",오전 10시 이후,200-300만원,"저는 여행 중에 건조한 기후에서 고생했던 기억이 있지만, 그런 상황에서도 책이나 기록을 남기는 물건은 꼭 챙기고 싶습니다. 동행자와의 여행에서는 대화를 많이 하지 않더라도 서로 이해하고 수용적인 사람과 함께하길 바랍니다. 이번 여행에서 가장 기대되는 것은 여유롭게 자연을 감상하며 이를 기록으로 남길 수 있는 시간이 많다는 것이고, 이를 통해 제 일상에 새로운 영감을 불어넣길 희망합니다. 제가 아침에 늦게 일어나는 편이라 여유로운 일정을 선호하며, 적당한 예산 범위 내에서 기분 좋고 안정적인 시간을 보내고 싶습니다.","이 사용자는 동남아 지역을 선호하고, 건조함 기후를 피하고 싶어해요. 여행 목적은 기록이며, 게스트하우스에서 머무는 걸 좋아하고 오전 10시 이후쯤 기상하는 편이에요.",,
496,꽤 민감,다소 완고,많다,꽤 정확,보통,5,보통,보통,국내,산,계획 여행,적당히 봄,코골이 함,다른 곳 간다,"중국&몽골,미국,일본","더움,습함,추움","액티비티,공연&경기관람,자연감상","게스트하우스,펜션,에어비엔비",오전 8-9시,200-300만원,"저는 여행 중에 가장 최악의 경험으로 날씨가 너무 덥고 습했던 것을 꼽을 수 있어요. 그래서 이번에는 기후적으로 쾌적한 중국이나 몽골 지역으로 떠나고 싶습니다. 여행 중에는 자연을 감상하는 것을 가장 기대하고 있으며, 계획적인 여행을 중요시하기에 일정과 관련된 모든 것을 미리 철저히 준비하려 합니다. 같이 여행하고 싶은 사람은 의견이 잘 맞고, 시간을 정확히 지킬 수 있는 사람이면 좋겠어요. 이번 여행이 제 삶에 긍정적인 에너지를 더해주고, 일상의 스트레스에서 벗어날 수 있는 소중한 시간이 되기를 바랍니다.","이 사용자는 중국&몽골 지역을 선호하고, 더움 기후를 피하고 싶어해요. 여행 목적은 자연감상이며, 게스트하우스에서 머무는 걸 좋아하고 오전 8-9시쯤 기상하는 편이에요.",,
497,둔감,수용적,보통,보통,따르는 편,2,보통,꽤 빡빡하게,해외,바다,계획 여행,적당히 봄,코골이 안함,기다림,"그 외,세계일주,중국&몽골","더움,습함,쌀쌀함","액티비티,사람&관계,도전과성장","에어비엔비,3성이하 호텔,민박",오전 9-10시,400만원 이상,"저는 여행 중에 쌀쌀한 기후를 만나면 최악의 경험으로 생각합니다. 이번 여행에서는 사람과의 관계와 도전, 성장을 중시하므로 그런 경험을 풍성히 해줄 수 있는 액티비티가 꼭 필요합니다. 함께 여행을 가고 싶은 사람이라면 계획적인 성향을 가지고, 예정된 일정에 맞춰 신체적으로 잘 따라올 수 있는 정도라면 좋겠습니다. 이번 여행에서는 다양한 사람들과의 교류와 새로운 도전에 대한 기대가 큽니다. 이 여행이 저에게 사람들과의 깊은 관계를 쌓고, 도전과 성장을 경험하는 중요한 계기가 되었으면 합니다.","이 사용자는 중국&몽골 지역을 선호하고, 쌀쌀함 기후를 피하고 싶어해요. 여행 목적은 사람&관계이며, 3성이하 호텔에서 머무는 걸 좋아하고 오전 9-10시쯤 기상하는 편이에요.",,
498,보통,보통,많다,꽤 정확,따르는 편,1,매우 둔감,꽤 빡빡하게,해외,산,계획 여행,적당히 봄,코골이 함,다른 곳 간다,"동남아,그 외,일본","더움,습함,상관없음","액티비티,미식,휴식","4-5성급호텔,상관없음,에어비엔비",오전 9-10시,100만원 이하,"저는 여행 중에 체력이 떨어지는 경험이 최악이었지만, 더운 기후에도 비교적 잘 적응합니다. 이번 여행에서 미식과 액티비티를 즐기기 위한 계획된 여행 일정을 우선으로 하고 싶습니다. 동행자는 제가 따를 수 있는 리더십을 가진 사람이거나, 서로 대화가 잘 통하는 사람이었으면 합니다. 여행을 통해 새로운 음식과 문화를 경험하며 휴식을 취하면서도 삶에 활력을 불어넣고 싶습니다. 4-5성급 호텔에서의 편안한 숙박이 이 여행을 더욱 의미 있게 만들어 주기를 기대합니다.","이 사용자는 동남아 지역을 선호하고, 상관없음 기후를 피하고 싶어해요. 여행 목적은 미식이며, 상관없음에서 머무는 걸 좋아하고 오전 9-10시쯤 기상하는 편이에요.",,
499,매우 둔감,매우 수용적,매우 많다,꽤 정확,무조건 따름,3,둔감,꽤 빡빡하게,해외,바다,즉흥 여행,무조건 다 봄,코골이 함,기다림,"미국,그 외,국내","건조함,습함,추움","자연감상,액티비티,쇼핑","4-5성급호텔,게스트하우스,3성이하 호텔",오전 10시 이후,200-300만원,"저는 여행 중에서는 무엇보다 바다와 액티비티를 즐기는 것이 중요하기 때문에, 뭔가 다이내믹한 경험을 놓치는 것이 최악의 경험일 수 있습니다. 이번 여행에서 꼭 필요한 것은 계획되지 않은 재미를 위한 여유며, 특히 미국 같은 곳에서 자연과 쇼핑을 경험하고 싶습니다. 함께 여행하고 싶은 사람은 유연하고 수용적인 성향을 가진 사람으로, 제 터프한 일정에 잘 맞춰줄 수 있으면 좋겠습니다. 이번 여행에서 가장 기대되는 것은 다양한 랜드마크를 탐험하고 즉흥적인 활동들을 경험하는 것이며, 이는 제 삶에 풍부하고 새로운 시각과 활력을 주는 의미를 가지게 할 것입니다.","이 사용자는 미국 지역을 선호하고, 추움 기후를 피하고 싶어해요. 여행 목적은 액티비티이며, 게스트하우스에서 머무는 걸 좋아하고 오전 10시 이후쯤 기상하는 편이에요.",,
500,매우 둔감,수용적,매우 적다,자주 늦음,리드하는편,3,매우 둔감,보통,국내,바다,계획 여행,무조건 다 봄,코골이 함,기다림,"중국&몽골,동남아,미국","추움,더움,상관없음","휴식,자연감상,기록","게스트하우스,민박,3성이하 호텔",오전 9-10시,100만원 이하,"여행 중 최악의 경험은 아마 일정에 맞추지 못해 불필요한 스트레스를 받는 상황일 것입니다. 이번 여행에서는 코골이 탓에 불편할 수 있어도 편안히 쉴 수 있는 숙소가 꼭 필요합니다. 여행을 함께할 사람은 의견을 잘 수용하며 함께 여유로운 분위기를 즐길 수 있는 사람이면 좋겠고, 저는 사람들보다 여행 자체에 더욱 초점을 맞추며 자연감상을 기대하고 있습니다. 이번 여행에서는 스스로에게 주체적인 여유와 기록을 통해 의미를 부여하고 싶습니다. 삶 속에서 또다른 추억과 휴식을 찾는 것이 이번 여행의 목표입니다.","이 사용자는 미국 지역을 선호하고, 상관없음 기후를 피하고 싶어해요. 여행 목적은 자연감상이며, 3성이하 호텔에서 머무는 걸 좋아하고 오전 9-10시쯤 기상하는 편이에요.",,
501,매우 민감,매우 수용적,매우 적다,자주 늦음,따르는 편,1,매우 둔감,매우 빡빡하게,해외,산,계획 여행,적당히 봄,코골이 안함,다른 곳 간다,"유럽,일본,동남아","추움,더움,상관없음","쇼핑,사람&관계,공연&경기관람","4-5성급호텔,펜션,콘도",오전 8-9시,300-400만원,저는 여행 중에 시간을 잘 지키지 못해 계획이 어긋나곤 했던 경험이 가장 힘들었습니다. 이번 여행에서는 공연과 경기를 필수적으로 즐기고 싶기 때문에 정확한 일정 계획이 꼭 필요합니다. 저와 함께 여행할 사람은 상황에 민감하지 않고 이해심이 많았으면 좋겠습니다. 유럽의 다양한 문화를 체험하고 싶어 이 여행이 특별히 기대됩니다. 새로운 인연과 추억을 쌓아 제 삶에 긍정적인 활력과 영감을 주는 여행이 되기를 바랍니다.,"이 사용자는 유럽 지역을 선호하고, 상관없음 기후를 피하고 싶어해요. 여행 목적은 공연&경기관람이며, 4-5성급호텔에서 머무는 걸 좋아하고 오전 8-9시쯤 기상하는 편이에요.",,
502,둔감,다소 완고,매우 적다,종종 늦음,리드하는편,1,매우 둔감,매우 빡빡하게,해외,바다,즉흥 여행,적당히 봄,코골이 함,기다림,"동남아,유럽,미국","건조함,습함,쌀쌀함","사람&관계,공연&경기관람,문화&역사체험","4-5성급호텔,게스트하우스,에어비엔비",오전 8-9시,100만원 이하,저는 여행 중 최악의 경험으로 여행 일정이 너무 느슨했거나 예상치 못한 불편을 겪었던 때를 떠올립니다. 그래서 이번 여행에서는 시간 계획을 빡빡하게 하여 효율적으로 다니고 싶습니다. 함께 여행하고 싶은 사람은 즉흥적인 상황에서도 즐겁고 다른 문화에 대한 관심이 많은 사람이었으면 좋겠어요. 제가 이번 여행에서 가장 기대하는 것은 새로운 사람들과의 관계 형성과 다양한 문화와 역사 체험입니다. 또한 이번 여행이 제 삶에 있어 사람들과의 교류를 통해 폭넓은 시각을 갖게 하는 의미 있는 시간이 되었으면 합니다.,"이 사용자는 유럽 지역을 선호하고, 건조함 기후를 피하고 싶어해요. 여행 목적은 사람&관계이며, 게스트하우스에서 머무는 걸 좋아하고 오전 8-9시쯤 기상하는 편이에요.",,
503,매우 둔감,보통,보통,종종 늦음,무조건 따름,3,보통,꽤 빡빡하게,해외,산,계획 여행,적당히 봄,코골이 안함,기다림,"동남아,국내,중국&몽골","추움,상관없음,건조함","미식,액티비티,도전과성장","펜션,콘도,4-5성급호텔",오전 9-10시,400만원 이상,"여행 중 최악의 경험은 아마도 시간 약속을 잘 지키지 못해 불편했던 순간일 것 같습니다. 이번 여행에서는 특히 도전과 성장을 목표로 하며 액티비티와 미식을 즐길 계획이므로, 일정이 꽤 빡빡하게 짜일 것입니다. 따라서 시간 관리가 잘 되는 동반자와 함께 해야 마음이 편하고 좋을 것 같아요. 제게 여행은 새로운 경험과 성장을 의미하기 때문에 이번 여행이 저의 삶에 큰 변화를 줄 수 있기를 기대합니다. 또한, 콘도나 호텔에서 편안히 머물며 여유 있는 아침을 시작하고 싶은 것은 고되면서도 의미 있는 여행 경험을 충전할 수 있는 필수 요소라고 생각합니다.","이 사용자는 동남아 지역을 선호하고, 건조함 기후를 피하고 싶어해요. 여행 목적은 도전과성장이며, 콘도에서 머무는 걸 좋아하고 오전 9-10시쯤 기상하는 편이에요.",,
504,보통,매우 완고,보통,보통,무조건 따름,5,보통,매우 빡빡하게,국내,바다,계획 여행,무조건 다 봄,코골이 함,기다림,"국내,그 외,동남아","건조함,상관없음,습함","미식,쇼핑,공연&경기관람","3성이하 호텔,4-5성급호텔,민박",오전 8-9시,100만원 이하,"저는 여행에서 많은 일정을 소화하는 것을 좋아하기 때문에, 빡빡한 일정 속에서도 다양한 랜드마크를 모두 보고 미식과 쇼핑, 공연 관람도 빠뜨리지 않으려 합니다. 그렇지만 계획과 다르게 일정을 소화하지 못했거나 리더십을 발휘할 기회가 없어 흐름을 놓쳤던 경험은 최악의 여행 경험으로 남아 있습니다. 이번 여행에서는 예산을 준수하면서도 필요한 만큼의 여유로움을 즐길 수 있는 계획이 중요하며, 아침 8-9시쯤 기상하여 피곤을 덜어줄 숙소도 필요합니다. 동행인은 저의 의견을 존중해주고 정해진 계획을 잘 따를 수 있는 사람이라면 좋겠고, 이번 여행이 저의 일상에 새로운 활력을 불어넣는 계기가 되었으면 합니다. 여행을 통해 저는 일상의 스트레스를 해소하며 다양한 즐거움을 경험하고 싶습니다.","이 사용자는 동남아 지역을 선호하고, 상관없음 기후를 피하고 싶어해요. 여행 목적은 쇼핑이며, 민박에서 머무는 걸 좋아하고 오전 8-9시쯤 기상하는 편이에요.",,
505,매우 민감,매우 수용적,매우 적다,보통,따르는 편,5,둔감,매우 빡빡하게,해외,바다,즉흥 여행,적당히 봄,코골이 함,다른 곳 간다,"동남아,유럽,세계일주","습함,더움,쌀쌀함","미식,액티비티,휴식","4-5성급호텔,민박,콘도",오전 10시 이후,400만원 이상,"저는 여행 중 코골이 때문에 숙면을 방해받았던 경험이 최악이었습니다. 그래서 이번 여행에서는 푹 쉴 수 있는 조용한 숙소가 꼭 필요합니다. 여행은 주로 의견을 잘 수용하는 조용한 사람과 함께 가고 싶으며, 이번 여행에서는 미식과 새로운 액티비티를 가장 기대하고 있습니다. 삶에 있어 이번 여행이 일종의 휴식과 충전의 시간이 되었으면 합니다. 결국 해외 여행지, 특히 유럽에서 쾌적한 기후 속에서의 여행은 제가 정말로 원하는 방향입니다.","이 사용자는 유럽 지역을 선호하고, 습함 기후를 피하고 싶어해요. 여행 목적은 휴식이며, 4-5성급호텔에서 머무는 걸 좋아하고 오전 10시 이후쯤 기상하는 편이에요.",,
506,둔감,수용적,많다,자주 늦음,따르는 편,3,보통,보통,국내,산,계획 여행,무조건 다 봄,코골이 안함,다른 곳 간다,"유럽,국내,미국","상관없음,습함,건조함","공연&경기관람,문화&역사체험,도전과성장","콘도,4-5성급호텔,민박",오전 10시 이후,400만원 이상,"저는 주로 계획적인 여행을 선호하며, 4-5성급 호텔에서 머무는 편안함을 중요시합니다. 여행 중 최악의 경험은 여행 일정에 늦거나 열악한 숙소를 만나는 것이었습니다. 이번 여행에서는 특히 공연이나 경기 관람의 기회를 놓치지 않으려고 하며, 다양한 문화와 역사 체험을 기대하고 있습니다. 같이 여행을 가는 사람으로는 유연하게 계획을 따르는 수용적인 사람을 선호합니다. 이번 여행이 새로운 도전과 성장을 통해 제 삶에 긍정적인 영향을 미치기를 바랍니다.","이 사용자는 미국 지역을 선호하고, 건조함 기후를 피하고 싶어해요. 여행 목적은 문화&역사체험이며, 4-5성급호텔에서 머무는 걸 좋아하고 오전 10시 이후쯤 기상하는 편이에요.",,
507,보통,매우 완고,매우 많다,매우 정확,따르는 편,1,둔감,매우 여유있게,국내,바다,계획 여행,적당히 봄,코골이 안함,기다림,"동남아,중국&몽골,일본","추움,더움,쌀쌀함","문화&역사체험,휴식,도전과성장","4-5성급호텔,상관없음,콘도",오전 9-10시,100만원 이하,"일본 여행을 계획하면서 저는 문화와 역사 체험을 가장 기대하고 있어요. 여유로운 일정을 선호하고, 기상은 오전 9-10시쯤 하기 때문에 지나치게 빡빡한 여행보다는 여유롭게 즐길 수 있는 계획이 필요해요. 제 체력이 높지 않아 무리한 일정은 최악의 경험으로 이어질 수 있어 피하려 하고 있습니다. 여행 동반자는 저와 의견 충돌이 덜하고 계획 여행을 좋아하는 사람이면 좋겠어요. 이번 여행이 제 삶에서 도전과 성장의 기회가 되기를 바랍니다. 4-5성급 호텔에서의 편안한 숙박도 중요하게 생각하고 있으며, 더운 기후는 피하고 싶어하니 이를 고려하여 준비하겠습니다.","이 사용자는 일본 지역을 선호하고, 더움 기후를 피하고 싶어해요. 여행 목적은 문화&역사체험이며, 4-5성급호텔에서 머무는 걸 좋아하고 오전 9-10시쯤 기상하는 편이에요.",,
508,매우 민감,매우 완고,많다,보통,무조건 리드,4,보통,보통,해외,바다,계획 여행,적당히 봄,코골이 안함,기다림,"미국,동남아,중국&몽골","더움,습함,추움","휴식,도전과성장,쇼핑","펜션,상관없음,콘도",오전 10시 이후,100만원 이하,"저는 여행 중에 날씨가 덥거나 습한 환경에서 힘들었던 경험이 있어 그런 기후를 피하려고 합니다. 이번 여행에 꼭 필요한 것은 쇼핑과 편하게 쉴 수 있는 펜션이며, 기상 시간도 여유롭게 조절하려고 합니다. 제가 함께 여행하고 싶은 사람은 논리적으로 토론이 가능하고, 저처럼 계획을 철저히 따라주는 사람입니다. 이번 여행에서 가장 기대하는 것은 새로운 경험과 도전, 그리고 성장을 통해 얻는 만족감입니다. 삶의 일부로서 여행은 단순한 휴식 이상의 의미를 가지고 있으며, 무언가 새로운 것을 발견하는 계기가 되었으면 합니다.","이 사용자는 미국 지역을 선호하고, 습함 기후를 피하고 싶어해요. 여행 목적은 쇼핑이며, 펜션에서 머무는 걸 좋아하고 오전 10시 이후쯤 기상하는 편이에요.",,
509,꽤 민감,매우 수용적,적다,자주 늦음,보통,2,보통,매우 여유있게,해외,산,계획 여행,적당히 봄,코골이 함,기다림,"미국,그 외,일본","건조함,상관없음,쌀쌀함","쇼핑,기록,문화&역사체험","상관없음,게스트하우스,4-5성급호텔",오전 8-9시,200-300만원,"여행 중 최악의 경험은 아마도 일정에 맞추지 못하고 늦게 도착하는 경우일 것입니다. 이번 여행에서는 쇼핑을 충분히 즐길 수 있는 여유 있는 계획이 꼭 필요합니다. 함께 여행하고 싶은 사람은 의견을 잘 수용하며, 저처럼 말을 많이 하지 않아도 편안한 사람이면 좋겠습니다. 이번 여행에서 가장 기대되는 건 미국의 문화와 역사를 체험하며 새로운 것들을 기록하는 것입니다. 이번 여행이 제 삶에 주는 의미는 새로운 경험을 통해 자신을 좀 더 깊이 이해하고, 다양한 문화를 수용할 수 있는 기회를 갖는 것입니다.","이 사용자는 미국 지역을 선호하고, 건조함 기후를 피하고 싶어해요. 여행 목적은 쇼핑이며, 상관없음에서 머무는 걸 좋아하고 오전 8-9시쯤 기상하는 편이에요.",,
510,매우 둔감,수용적,적다,꽤 정확,리드하는편,4,꽤 민감,꽤 여유있게,국내,바다,즉흥 여행,무조건 다 봄,코골이 함,다른 곳 간다,"중국&몽골,유럽,일본","더움,쌀쌀함,건조함","쇼핑,문화&역사체험,공연&경기관람","3성이하 호텔,에어비엔비,4-5성급호텔",오전 9-10시,100만원 이하,"여행 중 최악의 경험은 더운 날씨와 쌀쌀한 기후에서 오는 불편함이었습니다. 이번 여행에서는 여행 예산 100만원 이하로 일본의 문화와 역사를 체험하고, 공연도 관람할 기회를 찾고 있습니다. 꼭 챙기고 싶은 것은 감성을 만족시킬 에어비엔비인 것 같습니다. 적은 말로도 서로 이해할 수 있는 수용적이고 둔감한 사람과 함께 여행하기를 좋아하며, 이번 여행이 일상의 쉼표가 되는 동시에 새로운 문화에 대한 열린 마음을 갖도록 하는 계기가 되기를 바랍니다. 특히 일본 바다 근처에서의 여유로운 일정이 기대됩니다.","이 사용자는 일본 지역을 선호하고, 건조함 기후를 피하고 싶어해요. 여행 목적은 문화&역사체험이며, 에어비엔비에서 머무는 걸 좋아하고 오전 9-10시쯤 기상하는 편이에요.",,
511,꽤 민감,수용적,적다,꽤 정확,따르는 편,3,보통,보통,국내,바다,계획 여행,적당히 봄,코골이 안함,다른 곳 간다,"중국&몽골,동남아,미국","건조함,추움,습함","기록,자연감상,문화&역사체험","에어비엔비,3성이하 호텔,4-5성급호텔",오전 9-10시,200-300만원,"저는 여행 중에 기후가 너무 건조하거나 추운 곳에서 머무는 것이 가장 힘들었습니다. 그래서 이번 여행에서는 반드시 쾌적한 환경이 중요하며, 이는 여행을 더 즐길 수 있는 필수 조건이라고 생각합니다. 함께 여행을 떠나고 싶은 사람은 시간 약속을 잘 지키고 의견 수용이 좋은 사람입니다. 이번 여행에서는 다양한 문화와 역사를 체험하고 자연을 감상하며 기록을 남기고 싶습니다. 이러한 경험이 제 삶의 새로운 영감이 되고, 보다 풍부한 문화적 시야를 넓히는 데 의미가 있기를 바라고 있습니다.","이 사용자는 중국&몽골 지역을 선호하고, 건조함 기후를 피하고 싶어해요. 여행 목적은 문화&역사체험이며, 3성이하 호텔에서 머무는 걸 좋아하고 오전 9-10시쯤 기상하는 편이에요.",,
512,매우 둔감,매우 완고,많다,매우 정확,무조건 리드,5,둔감,매우 여유있게,국내,산,계획 여행,적당히 봄,코골이 안함,기다림,"미국,일본,유럽","건조함,습함,더움","쇼핑,휴식,도전과성장","3성이하 호텔,민박,콘도",오전 10시 이후,400만원 이상,"저는 여행에서 시간 약속이 정확하지 않은 사람들과의 불협화음을 최악의 경험으로 꼽습니다. 이번 여행에서는 느긋한 일정 속에서도 쇼핑과 휴식을 반드시 포함하고 싶어요. 함께 여행을 가고 싶은 사람은 저와 같이 계획을 세심히 지킬 수 있는 사람이어야 합니다. 이번 여행에서 가장 기대하는 것은 새로운 도전과 성장의 기회를 찾는 것이며, 특히 미국의 다양한 문화를 경험하고 싶습니다. 저는 이 여행이 저에게 새로운 시각을 열어줄 기회가 되길 바라며, 제 삶에 긍정적 변화를 가져다 줄 의미 있는 시간이 되기를 기대합니다.","이 사용자는 미국 지역을 선호하고, 건조함 기후를 피하고 싶어해요. 여행 목적은 도전과성장이며, 민박에서 머무는 걸 좋아하고 오전 10시 이후쯤 기상하는 편이에요.",,
513,꽤 민감,보통,많다,보통,따르는 편,4,매우 민감,매우 여유있게,해외,산,계획 여행,무조건 다 봄,코골이 함,기다림,"일본,미국,중국&몽골","습함,더움,상관없음","미식,사람&관계,문화&역사체험","펜션,에어비엔비,게스트하우스",오전 9-10시,100만원 이하,"저는 여행 중 코골이로 불편한 상황을 겪은 적이 있어 숙소 선택에 매우 신중합니다. 이번 여행에서는 여러 랜드마크를 계획적으로 방문하면서 다양한 사람들과 교류할 수 있는 기회를 특히 기대하고 있습니다. 친구나 가족 중심으로 대화가 잘 통하고 배려심이 많은 사람과 함께 여유로운 여행을 하고 싶습니다. 이번 여행에서는 일본, 미국, 중국 등의 지역에서 역사와 문화를 체험하면서 미식 탐방을 할 생각이고, 이 경험을 통해 제 삶에 새로운 시야를 넓히는 계기가 되었으면 합니다. 습하고 더운 날씨를 피해 가능한 쾌적하게 머물 수 있는 펜션이나 게스트하우스에 주로 머물 계획입니다.","이 사용자는 미국 지역을 선호하고, 더움 기후를 피하고 싶어해요. 여행 목적은 사람&관계이며, 게스트하우스에서 머무는 걸 좋아하고 오전 9-10시쯤 기상하는 편이에요.",,
514,매우 둔감,매우 수용적,적다,자주 늦음,따르는 편,4,매우 민감,꽤 여유있게,국내,바다,즉흥 여행,무조건 다 봄,코골이 함,다른 곳 간다,"세계일주,중국&몽골,일본","쌀쌀함,추움,상관없음","액티비티,사람&관계,공연&경기관람","4-5성급호텔,3성이하 호텔,게스트하우스",오전 8-9시,100만원 이하,여행 중 최악의 경험은 보통 특정 시간에 맞추지 못해 약속에 늦었을 때가 많습니다. 그래서 이번 여행에서는 시간을 철저히 지키기 위한 계획은 없지만 필요한 물품들을 잘 챙기는 것을 중요시합니다. 함께 여행을 가고 싶은 사람은 불필요한 갈등 없이 의견을 조율할 수 있는 사람입니다. 이번 여행의 가장 기대되는 부분은 새로운 사람들과의 만남과 관계 형성을 통해 더욱 풍부한 경험을 쌓는 것입니다. 이러한 여행이 제 삶에 새로운 인간관계를 형성하고 새로운 문화에 대한 이해를 넓힐 수 있는 의미 있는 시간이 되기를 바랍니다.,"이 사용자는 일본 지역을 선호하고, 쌀쌀함 기후를 피하고 싶어해요. 여행 목적은 사람&관계이며, 게스트하우스에서 머무는 걸 좋아하고 오전 8-9시쯤 기상하는 편이에요.",,
515,매우 민감,다소 완고,적다,매우 정확,무조건 따름,1,꽤 민감,매우 여유있게,해외,산,계획 여행,적당히 봄,코골이 함,기다림,"세계일주,미국,동남아","상관없음,추움,쌀쌀함","공연&경기관람,자연감상,도전과성장","콘도,에어비엔비,게스트하우스",오전 10시 이후,100만원 이하,"여행 중 최악의 경험은 체력적인 부분에서 힘들었던 순간일 것입니다. 그래서 이번 여행에서는 체력을 보완할 수 있는 여유로운 일정이 꼭 필요합니다. 함께 여행하고 싶은 사람은 협력적이고 시간 약속을 잘 지키며, 불필요한 갈등을 피할 수 있는 성향이어야 합니다. 이번 여행에서 가장 기대하는 것은 자연을 감상하며 공연이나 경기를 관람하는 것이며, 이는 새로운 도전과 성장을 이룰 기회로 삼고 싶습니다. 결국 이번 여행은 나에게 있어 더 나은 자기 발견과 발전의 중요한 디딤돌이 되기를 바랍니다.","이 사용자는 미국 지역을 선호하고, 추움 기후를 피하고 싶어해요. 여행 목적은 도전과성장이며, 에어비엔비에서 머무는 걸 좋아하고 오전 10시 이후쯤 기상하는 편이에요.",,
516,매우 둔감,보통,매우 적다,꽤 정확,무조건 따름,1,둔감,보통,해외,산,계획 여행,적당히 봄,코골이 안함,기다림,"그 외,국내,세계일주","상관없음,더움,추움","사람&관계,도전과성장,기록","에어비엔비,게스트하우스,민박",오전 9-10시,100만원 이하,"저는 여행 중 코골이나 청결과 같은 소소한 데서 문제를 겪기보다는 체력 부족이 최악의 경험으로 기억에 남습니다. 이번 여행에서 계획과 시간약속을 잘 지키는 것이 필수적으로 필요하며, 리더십이 강한 사람과 함께 있다면 좋겠어요. 특히 다양한 사람들과의 관계를 쌓고 도전과 성장을 통해 기록으로 남기는 것을 가장 기대하고 있습니다. 저에게 이번 여행은 혼자보다는 함께하는 이들과의 유대와 새로운 경험으로 의미 있는 기록을 남기고자 하는 기회가 되기를 바랍니다. 또한 일정한 예산 내에서 세계 곳곳을 탐험하며 흥미로운 인연과 성장을 꿈꿉니다.","이 사용자는 세계일주 지역을 선호하고, 상관없음 기후를 피하고 싶어해요. 여행 목적은 사람&관계이며, 게스트하우스에서 머무는 걸 좋아하고 오전 9-10시쯤 기상하는 편이에요.",,
517,꽤 민감,매우 수용적,매우 적다,자주 늦음,무조건 리드,3,매우 민감,꽤 빡빡하게,해외,바다,계획 여행,무조건 다 봄,코골이 함,다른 곳 간다,"국내,세계일주,그 외","쌀쌀함,습함,추움","미식,기록,휴식","3성이하 호텔,4-5성급호텔,펜션",오전 10시 이후,100만원 이하,여행 중 최악의 경험은 추운 날씨와 같이 불편한 기후에서의 시간일 것입니다. 이를 피하기 위해 이번 여행에서는 따뜻하고 청결한 숙소가 꼭 필요합니다. 저는 말수가 적고 민감한 편이라 함께 여행할 사람도 이해심이 많고 수용적인 성격이면 좋겠습니다. 이번 여행에서 가장 기대하는 것은 다양한 음식을 맛보는 미식과 커다란 랜드마크들을 볼 수 있는 기록입니다. 이러한 경험들이 쌓여 다음 여행에 대한 더 큰 기대와 휴식을 통해 새로운 삶의 활력을 얻을 수 있기를 바랍니다.,"이 사용자는 세계일주 지역을 선호하고, 추움 기후를 피하고 싶어해요. 여행 목적은 휴식이며, 펜션에서 머무는 걸 좋아하고 오전 10시 이후쯤 기상하는 편이에요.",,
518,둔감,매우 완고,매우 적다,종종 늦음,보통,5,꽤 민감,매우 여유있게,해외,바다,계획 여행,무조건 다 봄,코골이 함,다른 곳 간다,"세계일주,유럽,미국","상관없음,쌀쌀함,더움","사람&관계,기록,미식","민박,에어비엔비,4-5성급호텔",오전 8-9시,400만원 이상,"이번 여행에서 쌀쌀한 기후를 피하고 세계 곳곳을 돌아보며 기록을 남기는 것을 목표로 하고 있어요. 저는 주로 민박에 머물면서 자유롭게 일정을 즐기는 편입니다. 이전 여행에서 예약이 꼬이거나 계획적이지 않은 부분에서 좀 실망을 한 적이 있어서, 이번에는 철저한 계획과 여유로운 일정을 고수하면서 리더십을 발휘해보고 싶어요. 함께 여행하고 싶은 사람은 말수가 적더라도 서로의 의견을 존중하며 관계를 잘 형성할 수 있는 사람입니다. 이번 여행이 다른 문화와 사람을 만나며 제 삶에 새로운 의미를 더해주는 계기가 되었으면 합니다.","이 사용자는 세계일주 지역을 선호하고, 쌀쌀함 기후를 피하고 싶어해요. 여행 목적은 기록이며, 민박에서 머무는 걸 좋아하고 오전 8-9시쯤 기상하는 편이에요.",,
519,보통,매우 수용적,적다,꽤 정확,리드하는편,2,보통,매우 빡빡하게,국내,산,계획 여행,적당히 봄,코골이 안함,다른 곳 간다,"중국&몽골,일본,세계일주","상관없음,습함,추움","도전과성장,사람&관계,자연감상","4-5성급호텔,콘도,3성이하 호텔",오전 10시 이후,200-300만원,저는 중국과 몽골 지역으로의 여행을 계획하고 있으며 그동안 빡빡한 일정으로 인해 피로감을 느꼈던 경험이 있었던 것 같습니다. 그래서 이번 여행에서는 저의 수면 및 기상 패턴을 고려해 아침 10시 이후로 계획을 잡고자 합니다. 사람과의 관계를 중요시하는 만큼 함께 여행할 사람은 의견이 수용적이고 대화가 잘 통하는 사람이면 좋겠습니다. 도전과 성장을 목적으로 삼은 이번 여행은 새로운 자연을 감상하며 삶의 활력을 얻고 싶습니다. 따라서 여행이 끝난 후 새로운 인연과 경험을 통해 개인적으로 더욱 성장하기를 기대하고 있습니다.,"이 사용자는 중국&몽골 지역을 선호하고, 상관없음 기후를 피하고 싶어해요. 여행 목적은 사람&관계이며, 콘도에서 머무는 걸 좋아하고 오전 10시 이후쯤 기상하는 편이에요.",,
520,보통,매우 완고,적다,종종 늦음,리드하는편,2,꽤 민감,매우 여유있게,해외,바다,즉흥 여행,무조건 다 봄,코골이 함,다른 곳 간다,"일본,미국,국내","쌀쌀함,추움,습함","미식,휴식,도전과성장","3성이하 호텔,4-5성급호텔,게스트하우스",오전 8-9시,300-400만원,"저는 여행 중 날씨가 쌀쌀하거나 습할 때 몸이 금방 지쳐버려 그럴 때가 가장 힘들었습니다. 이번 여행에서는 부드럽고 깨끗한 숙소가 중요하다 싶으며, 게스트하우스에서의 묵음도 좋아해요. 같이 여행 가고 싶은 사람은 계획에 맞춰 움직여주고, 탄력적인 성향을 가졌으면 좋겠습니다. 이번 여행에서 미식과 휴식을 즐기면서도 새로운 도전과 성장을 이뤄보고 싶습니다. 이를 통해 좀 더 여유로운 마음을 얻어 삶에 긍정적인 자극을 주고 싶습니다.","이 사용자는 미국 지역을 선호하고, 추움 기후를 피하고 싶어해요. 여행 목적은 도전과성장이며, 게스트하우스에서 머무는 걸 좋아하고 오전 8-9시쯤 기상하는 편이에요.",,
521,둔감,매우 수용적,매우 많다,보통,리드하는편,3,매우 민감,매우 여유있게,국내,산,계획 여행,적당히 봄,코골이 안함,기다림,"국내,중국&몽골,유럽","습함,추움,상관없음","자연감상,사람&관계,기록","민박,상관없음,게스트하우스",오전 9-10시,300-400만원,"저는 국내 여행을 선호하며, 습하거나 추운 기후를 피하고 싶습니다. 체력이 좋은 편은 아니지만 여행 동안에는 자연을 감상하고 이를 기록하려는 목적에 집중하고자 합니다. 여유로운 일정을 선호하므로 셀프 리더십을 발휘해 계획적인 여행을 즐깁니다. 최악의 여행 경험으로는 더러움이 꼽히며, 그래서 깨끗한 숙소는 필수적입니다. 함께 여행할 사람은 의견을 잘 수용하고 대화가 활발한 사람이 좋으며, 이번 여행을 통해 새로운 사람들과의 관계를 형성하고 싶습니다. 여행은 저에게 삶의 기록이자, 활력소 같은 의미가 있기를 바랍니다.","이 사용자는 국내 지역을 선호하고, 추움 기후를 피하고 싶어해요. 여행 목적은 기록이며, 상관없음에서 머무는 걸 좋아하고 오전 9-10시쯤 기상하는 편이에요.",,
522,보통,다소 완고,매우 적다,자주 늦음,무조건 따름,5,매우 둔감,꽤 여유있게,해외,바다,즉흥 여행,적당히 봄,코골이 안함,다른 곳 간다,"동남아,일본,국내","건조함,습함,쌀쌀함","도전과성장,액티비티,문화&역사체험","3성이하 호텔,게스트하우스,펜션",오전 10시 이후,200-300만원,"저는 해외, 특히 동남아 지역으로 여행을 갈 때, 습한 기후를 피하면서 액티비티에 집중하고 싶습니다. 숙소는 3성이하 호텔이나 게스트하우스에서 머무는 것을 선호하고, 오전 10시 이후에 기상해 여유로운 일정을 즐기고 싶어요. 여행 중 비위생적인 환경에서 활동해야 했던 경험이 최악이었기 때문에, 청결은 덜 신경 쓰지만 기본적인 위생은 중요합니다. 함께 여행하고 싶은 사람은 저와 비슷하게 즉흥적인 계획을 즐길 수 있고 시간을 맞추는 데 너그러운 사람이면 좋겠습니다. 이번 여행에서는 새로운 문화와 역사 체험을 통해 도전과 성장을 이루고, 이러한 경험이 제 삶에 긍정적인 변화를 줄 수 있길 기대하고 있습니다.","이 사용자는 동남아 지역을 선호하고, 습함 기후를 피하고 싶어해요. 여행 목적은 액티비티이며, 3성이하 호텔에서 머무는 걸 좋아하고 오전 10시 이후쯤 기상하는 편이에요.",,
523,보통,매우 완고,매우 적다,종종 늦음,무조건 리드,5,꽤 민감,꽤 여유있게,국내,산,계획 여행,적당히 봄,코골이 안함,다른 곳 간다,"중국&몽골,유럽,일본","쌀쌀함,상관없음,습함","사람&관계,휴식,액티비티","상관없음,펜션,에어비엔비",오전 10시 이후,100만원 이하,"저는 이번 여행에서 가장 기대하는 것이 액티비티와 관련된 경험이며, 사람과의 관계를 중요시합니다. 쌀쌀한 기후를 피하고 싶기 때문에 날씨 조건도 꼼꼼히 체크할 것입니다. 여행 중 최악의 경험은 약속 시간에 늦거나 필요한 물건이 없는 경우이므로, 이번에는 계산된 계획을 통해 이런 상황을 방지하려고 합니다. 같이 여행할 사람은 말이 많지 않고 제 의견을 존중해주는 사람이면 좋겠습니다. 이번 여행을 통해 즐거운 액티비티 한 부분으로 삶의 활력소가 되기를 바랍니다.","이 사용자는 유럽 지역을 선호하고, 쌀쌀함 기후를 피하고 싶어해요. 여행 목적은 액티비티이며, 상관없음에서 머무는 걸 좋아하고 오전 10시 이후쯤 기상하는 편이에요.",,
524,매우 민감,수용적,보통,매우 정확,무조건 따름,1,매우 민감,꽤 빡빡하게,국내,바다,즉흥 여행,무조건 다 봄,코골이 함,다른 곳 간다,"세계일주,유럽,일본","추움,건조함,상관없음","문화&역사체험,미식,기록","민박,펜션,에어비엔비",오전 9-10시,100만원 이하,"저는 일본을 선호하며, 여행 기록을 중요하게 생각합니다. 추운 기후를 피하고 적당히 계획하는 즉흥 여행을 좋아하는 저는 일정이 너무 빡빡하거나 웨이팅이 길어지는 것을 싫어합니다. 그래서 여행 중 최악의 경험은 오래 기다리다가 계획이 어긋나는 것입니다. 함께 여행을 갈 사람이라면 서로의 의견을 수용할 수 있고 약속 시간에 정확한 사람이면 좋겠습니다. 이번 여행에서는 현지의 문화와 역사를 깊이 체험하며 미식을 즐기는 것을 기대하고, 이를 통해 제 삶에 새로운 경험과 시각을 더하고 싶습니다.","이 사용자는 일본 지역을 선호하고, 건조함 기후를 피하고 싶어해요. 여행 목적은 기록이며, 펜션에서 머무는 걸 좋아하고 오전 9-10시쯤 기상하는 편이에요.",,
525,매우 둔감,매우 수용적,매우 적다,자주 늦음,리드하는편,2,꽤 민감,보통,해외,산,즉흥 여행,무조건 다 봄,코골이 안함,기다림,"일본,동남아,유럽","상관없음,쌀쌀함,습함","미식,쇼핑,공연&경기관람","콘도,에어비엔비,펜션",오전 8-9시,100만원 이하,"저는 여행 중 랜드마크를 놓치는 상황을 최악이라 생각하며, 이번 여행에서는 일정에 맞춰 모든 랜드마크를 꼭 보고 싶습니다. 동행으로는 수용적이고 인내심 있는 사람이 좋을 것 같고, 콘도나 에어비앤비 같은 깨끗한 숙소에서 머무는 것도 중요합니다. 특히 이번 여행에서는 유럽을 방문해 다양한 공연과 경기를 관람하는 것을 매우 기대하고 있습니다. 이 여행이 제 삶에 있어 새로운 경험을 통해 세상을 바라보는 시야를 넓히는 기회가 되었으면 좋겠습니다.","이 사용자는 유럽 지역을 선호하고, 쌀쌀함 기후를 피하고 싶어해요. 여행 목적은 공연&경기관람이며, 펜션에서 머무는 걸 좋아하고 오전 8-9시쯤 기상하는 편이에요.",,
526,매우 둔감,보통,적다,자주 늦음,리드하는편,2,매우 민감,꽤 빡빡하게,국내,바다,즉흥 여행,적당히 봄,코골이 함,기다림,"동남아,국내,유럽","추움,상관없음,쌀쌀함","사람&관계,문화&역사체험,공연&경기관람","콘도,4-5성급호텔,민박",오전 8-9시,300-400만원,"저는 여행 중에 너무 추운 날씨를 경험한 것이 최악의 기억으로 남아 있습니다. 이번 여행에서는 역사와 문화를 체험하고 공연을 관람하는 것이 중요하며, 4-5성급 호텔에서 편안하게 머무는 것을 최우선으로 합니다. 같이 여행할 사람은 관계 중심적이고 민박이나 높은 청결을 중요시하는 분이 좋습니다. 이번 여행에서 사람들과의 관계를 통해 새로운 인연을 맺고, 문화적 깊이를 더하는 것이 가장 기대됩니다. 이 여행을 통해 제 삶에 새로운 의미를 더하고, 일상에서 벗어난 기억을 쌓고 싶습니다.","이 사용자는 유럽 지역을 선호하고, 추움 기후를 피하고 싶어해요. 여행 목적은 사람&관계이며, 4-5성급호텔에서 머무는 걸 좋아하고 오전 8-9시쯤 기상하는 편이에요.",,
527,매우 둔감,매우 완고,매우 많다,꽤 정확,보통,3,매우 둔감,꽤 여유있게,해외,바다,즉흥 여행,적당히 봄,코골이 함,다른 곳 간다,"동남아,유럽,세계일주","상관없음,습함,건조함","미식,도전과성장,공연&경기관람","에어비엔비,3성이하 호텔,펜션",오전 10시 이후,300-400만원,"저는 여행 중 최악의 경험으로는 뜨겁고 건조한 기후나 습한 날씨를 피하고 싶어요. 이번 여행에서는 공연과 경기 관람을 꼭 하고 싶고, 이러한 경험이 제 미식 도전과 성장을 동반했으면 좋겠습니다. 같이 여행을 가고 싶은 사람은 의견이 맞지 않더라도 이를 잘 받아들일 수 있는 개방적인 태도를 가졌으면 합니다. 여행에서는 새로운 문화를 접하고 다양한 미식을 즐기는 것을 가장 기대하고 있습니다. 또한 이번 여행이 저에게는 새로운 도전과 성장의 기회가 되었으면 하며, 삶의 다채로운 경험을 더욱 풍부하게 만들고 싶어요.","이 사용자는 유럽 지역을 선호하고, 건조함 기후를 피하고 싶어해요. 여행 목적은 공연&경기관람이며, 에어비엔비에서 머무는 걸 좋아하고 오전 10시 이후쯤 기상하는 편이에요.",,
528,매우 민감,수용적,적다,매우 정확,무조건 리드,5,매우 둔감,꽤 빡빡하게,해외,산,계획 여행,무조건 다 봄,코골이 안함,다른 곳 간다,"미국,국내,세계일주","추움,상관없음,건조함","문화&역사체험,도전과성장,사람&관계","콘도,3성이하 호텔,상관없음",오전 10시 이후,200-300만원,저는 여행 중에 시간 약속을 어기는 상황이나 예기치 않은 웨이팅이 최악의 경험이라고 생각합니다. 그래서 이번 여행에서는 매우 정확한 일정 관리와 시간 약속을 지킬 수 있도록 계획적인 부분이 꼭 필요합니다. 여행 동반자도 시간을 잘 지키고 수용적인 성향을 가진 사람이라면 좋겠습니다. 이번 여행에서 가장 기대하는 것은 새로운 문화와 역사를 체험하며 개인적으로 도전하고 성장하는 것입니다. 이러한 경험을 통해 제 삶에서 더 깊은 이해와 새로운 관계를 맺을 수 있는 계기가 되기를 바랍니다.,"이 사용자는 세계일주 지역을 선호하고, 추움 기후를 피하고 싶어해요. 여행 목적은 도전과성장이며, 3성이하 호텔에서 머무는 걸 좋아하고 오전 10시 이후쯤 기상하는 편이에요.",,
529,매우 민감,다소 완고,매우 적다,보통,보통,4,매우 둔감,보통,국내,산,즉흥 여행,적당히 봄,코골이 안함,기다림,"유럽,일본,동남아","습함,쌀쌀함,더움","사람&관계,휴식,기록","펜션,콘도,4-5성급호텔",오전 8-9시,200-300만원,"저는 여행 중에 기후가 습하거나 쌀쌀한 경우가 최악의 경험이었어요, 그래서 이번 여행에서는 이러한 날씨를 피하고 싶습니다. 여행 중에는 사람과 관계를 중요시하기 때문에 조용하고 이해심이 있는 사람과 함께하는 것을 선호합니다. 이번 여행에서는 마음 편히 휴식할 수 있는 시간이 가장 기대되며, 이를 통해 새롭게 얻은 경험들을 기록하고 싶습니다. 여행이 끝난 후에는 스트레스에서 벗어난 휴식을 통해 제 삶에 긍정적인 영향을 주었으면 합니다.","이 사용자는 유럽 지역을 선호하고, 쌀쌀함 기후를 피하고 싶어해요. 여행 목적은 사람&관계이며, 펜션에서 머무는 걸 좋아하고 오전 8-9시쯤 기상하는 편이에요.",,
530,보통,다소 완고,적다,자주 늦음,무조건 따름,3,매우 민감,매우 빡빡하게,해외,바다,즉흥 여행,적당히 봄,코골이 안함,기다림,"동남아,미국,그 외","습함,건조함,쌀쌀함","쇼핑,공연&경기관람,기록","4-5성급호텔,콘도,민박",오전 9-10시,400만원 이상,"저는 여행 중 가장 힘들었던 경험은 습하거나 건조한 날씨로 컨디션이 나빠졌던 순간들이었어요. 그래서 이번 여행에서는 이런 기후를 피하며 공연이나 스포츠 경기 관람을 꼭 포함시키고 싶습니다. 또한, 말수가 적고 일정에 얽매이지 않는 저와 비슷한 성향의 사람과 함께 여행하면 좋겠어요. 이번 여행에서 가장 기대하는 것은 새로운 문화를 즐기면서 기록도 남기는 것이고, 일상에서 벗어나 제 삶에 새로운 활력을 불어넣기를 바랍니다. 이러한 여행을 통해 새로운 시각을 얻고 싶습니다.","이 사용자는 그 외 지역을 선호하고, 건조함 기후를 피하고 싶어해요. 여행 목적은 공연&경기관람이며, 콘도에서 머무는 걸 좋아하고 오전 9-10시쯤 기상하는 편이에요.",,
531,보통,보통,매우 많다,꽤 정확,무조건 따름,3,보통,매우 여유있게,국내,산,즉흥 여행,무조건 다 봄,코골이 함,기다림,"국내,세계일주,중국&몽골","상관없음,건조함,추움","액티비티,기록,공연&경기관람","펜션,게스트하우스,3성이하 호텔",오전 8-9시,400만원 이상,"여행 중 가장 최악의 경험은 불규칙하거나 건조한 날씨가 탐방 계획에 차질을 준 경우였습니다. 저는 이번 여행에서 꼭 다양한 액티비티와 공연을 기록할 수 있는 기회를 기대하고 있으며, 따라서 액티비티 관련 장비나 공연 티켓은 필수입니다. 함께 여행하고 싶은 사람은 시간 약속을 잘 지키고 계획에 충실한 사람일 것입니다. 이번 여행에서는 다양한 랜드마크를 돌아보며 여유로운 일정을 즐길 것을 기대합니다. 이 여행이 제 삶에 새로운 기록과 경험의 의미를 더해주길 바라고 있습니다.","이 사용자는 중국&몽골 지역을 선호하고, 건조함 기후를 피하고 싶어해요. 여행 목적은 기록이며, 펜션에서 머무는 걸 좋아하고 오전 8-9시쯤 기상하는 편이에요.",,
532,매우 둔감,매우 수용적,많다,종종 늦음,따르는 편,5,둔감,보통,국내,산,계획 여행,무조건 다 봄,코골이 함,다른 곳 간다,"그 외,동남아,국내","더움,상관없음,건조함","공연&경기관람,기록,사람&관계","4-5성급호텔,상관없음,민박",오전 10시 이후,400만원 이상,"여행 중 최악의 경험은 공연이나 경기 관람을 위해 서둘렀으나 시간약속을 지키지 못해 놓쳤던 일입니다. 특히 이번 여행에서는 시간이 더 여유로운 만큼 공연이나 경기와 같은 이벤트를 놓치고 싶지 않으며, 잘 계획된 일정을 통해 랜드마크를 무조건 다 보고 싶습니다. 동행할 사람은 유연하고 포용력이 있으며, 무엇보다 함께 많은 대화를 나눌 수 있기를 바랍니다. 이번 여행에서 가장 기대하는 것은 사람들과의 관계와 소중한 기억을 쌓는 것이며, 그것이 제 삶에 더 많은 의미 있는 순간들을 가져다주기를 바랍니다. 또한 깨끗한 숙소에서 느긋한 아침 시간을 즐기는 것도 중요한 요소라고 생각합니다.","이 사용자는 그 외 지역을 선호하고, 상관없음 기후를 피하고 싶어해요. 여행 목적은 사람&관계이며, 4-5성급호텔에서 머무는 걸 좋아하고 오전 10시 이후쯤 기상하는 편이에요.",,
533,둔감,수용적,보통,매우 정확,무조건 리드,4,둔감,꽤 빡빡하게,해외,바다,계획 여행,적당히 봄,코골이 함,다른 곳 간다,"그 외,세계일주,국내","더움,상관없음,습함","미식,사람&관계,기록","4-5성급호텔,민박,콘도",오전 9-10시,200-300만원,"여행 중 최악의 경험은 더운 날씨와 혼잡한 웨이팅일 때가 많아서 이를 피하기 위해 노력합니다. 이번 여행에서는 미식 경험이 빠질 수 없고, 사람들과 관계를 맺으며 기록으로 남길 수 있는 시간을 기대합니다. 함께 여행을 가고 싶은 사람은 서로 이해하고 배려할 수 있는 수용적인 성향의 사람이며, 시간을 정확히 지키는 사람이라면 더욱 좋습니다. 이번 여행에서 가장 기대하는 것은 세계 각국을 살펴보며 색다른 문화와 음식을 즐기는 것이고, 삶에 새로운 활력을 불어넣고 다양한 인연을 만들어가고 싶은 의미를 가지고 있습니다. 여행 일정은 계획적이고 빡빡하게 진행하지만, 여유로운 아침을 시작으로 고급스러운 호텔에서 편안한 휴식을 취하기를 기대합니다.","이 사용자는 국내 지역을 선호하고, 더움 기후를 피하고 싶어해요. 여행 목적은 사람&관계이며, 4-5성급호텔에서 머무는 걸 좋아하고 오전 9-10시쯤 기상하는 편이에요.",,
534,보통,수용적,매우 많다,자주 늦음,무조건 따름,1,매우 민감,보통,국내,산,즉흥 여행,적당히 봄,코골이 함,다른 곳 간다,"세계일주,동남아,중국&몽골","상관없음,습함,건조함","기록,휴식,액티비티","에어비엔비,게스트하우스,펜션",오전 8-9시,300-400만원,"저는 여행 중 최악의 경험으로 청결이 유지되지 않은 숙소에 머문 것을 꼽습니다, 그래서 이번 여행에서는 깨끗한 에어비엔비나 게스트하우스 선택이 중요해요. 같이 여행을 가고 싶은 사람은 의견을 잘 수용하고 리더십을 발휘하여 계획 없이 즉흥적인 일정에도 잘 대처하는 사람이면 좋겠어요. 이번 여행에서는 액티비티와 휴식의 균형을 기대하며, 주로 산을 찾고 싶습니다. 삶에 있어 이번 여행은 기록으로 남을 특별한 추억이 되었으면 합니다. 웨이팅을 피하기 위해 다른 곳으로 쉽게 방향을 바꿀 수 있는 유연함도 저에게는 큰 의미가 있을 겁니다.","이 사용자는 동남아 지역을 선호하고, 습함 기후를 피하고 싶어해요. 여행 목적은 휴식이며, 게스트하우스에서 머무는 걸 좋아하고 오전 8-9시쯤 기상하는 편이에요.",,
535,둔감,매우 수용적,보통,자주 늦음,보통,2,보통,보통,국내,바다,계획 여행,적당히 봄,코골이 함,다른 곳 간다,"동남아,유럽,중국&몽골","습함,더움,상관없음","자연감상,공연&경기관람,기록","에어비엔비,펜션,4-5성급호텔",오전 8-9시,200-300만원,"여행 중 가장 최악의 경험은 습하고 더운 날씨에서의 불편함이었는데, 이번 여행에서는 이를 피하기 위해 다양한 기록을 남기려는 목적에 집중하고 싶습니다. 무엇보다 에어비앤비나 높은 등급의 호텔에서 편안하게 머물면서 자연을 감상하고 싶고, 적당한 계획 하에 움직이며 여유를 즐기는 것을 중요하게 생각합니다. 함께 여행할 사람은 의견을 잘 수용하고 둔감한 성향을 지녀서 조화롭게 지낼 수 있는 사람이면 좋겠습니다. 이번 여행에서는 자연 감상과 공연 및 경기 관람을 가장 기대하며, 여행을 통해 새로운 경험을 기록하고 삶의 풍부함을 느끼고 싶습니다. 또한, 여행이 끝날 때 제 일상 속에서 소중한 기록과 의미 있는 추억으로 자리 잡기를 바랍니다.","이 사용자는 동남아 지역을 선호하고, 습함 기후를 피하고 싶어해요. 여행 목적은 기록이며, 4-5성급호텔에서 머무는 걸 좋아하고 오전 8-9시쯤 기상하는 편이에요.",,
536,꽤 민감,매우 수용적,매우 적다,보통,무조건 따름,2,매우 민감,꽤 여유있게,해외,바다,계획 여행,적당히 봄,코골이 함,기다림,"세계일주,그 외,일본","건조함,습함,상관없음","기록,미식,휴식","에어비엔비,4-5성급호텔,펜션",오전 9-10시,100만원 이하,저는 여행 중 코골이 때문에 민망했던 경험이 가장 기억에 남아요. 이번 여행에서는 제가 민감한 청결을 유지할 수 있는 깨끗한 숙소가 꼭 필요합니다. 함께 여행하고 싶은 사람은 의견을 잘 수용하고 저처럼 말이 많지 않은 사람이면 좋겠어요. 이번 여행에서는 다양한 미식 경험과 기록할 수 있는 멋진 순간들을 가장 기대하고 있습니다. 이 여행이 제 삶에 의미 있는 휴식과 새로운 시각을 줄 수 있기를 바랍니다.,"이 사용자는 세계일주 지역을 선호하고, 건조함 기후를 피하고 싶어해요. 여행 목적은 기록이며, 에어비엔비에서 머무는 걸 좋아하고 오전 9-10시쯤 기상하는 편이에요.",,
537,매우 둔감,다소 완고,많다,매우 정확,따르는 편,3,매우 민감,꽤 빡빡하게,해외,산,계획 여행,적당히 봄,코골이 안함,기다림,"세계일주,미국,동남아","더움,건조함,습함","공연&경기관람,액티비티,쇼핑","게스트하우스,펜션,민박",오전 8-9시,200-300만원,"여행 중 최악의 경험은 아마도 더운 기후나 습한 날씨에 부딪혔을 때일 것입니다. 이는 제가 불편하게 여기는 환경 중 하나라서, 이번 여행에서는 꼭 시원하고 쾌적한 날씨를 만날 수 있기를 바랍니다. 여행 중 함께하고 싶은 사람은 책임감 있고 계획대로 움직이는 성향을 가진 사람이면 좋겠습니다. 이번 여행에서 가장 기대하는 부분은 다양한 공연과 경기 관람, 그리고 액티비티를 통해 새로운 경험을 쌓는 것입니다. 이번 여행이 제 삶에 주는 의미는 세계 각국의 문화를 체험하며 시야를 넓히고, 그것이 저를 한층 더 성장시킬 수 있기를 바라는 것입니다.","이 사용자는 세계일주 지역을 선호하고, 습함 기후를 피하고 싶어해요. 여행 목적은 액티비티이며, 펜션에서 머무는 걸 좋아하고 오전 8-9시쯤 기상하는 편이에요.",,
538,보통,수용적,적다,자주 늦음,리드하는편,1,꽤 민감,매우 빡빡하게,국내,바다,계획 여행,무조건 다 봄,코골이 함,다른 곳 간다,"동남아,일본,미국","쌀쌀함,상관없음,더움","도전과성장,기록,사람&관계","콘도,민박,상관없음",오전 10시 이후,400만원 이상,"저는 여행 중 쌀쌀한 기후에서의 경험이 가장 나빴던 것 같아요, 그래서 따뜻한 지역을 선호하죠. 계획적인 여행을 좋아해 준비물은 철저하지만, 이번에는 기록할 수 있는 카메라가 필수라고 생각해요. 같이 여행을 가는 사람은 여유롭고 수용적인 성향을 가진 이가 좋습니다. 이번 여행에서는 새로운 관계를 만들고 다양한 랜드마크를 도전적으로 방문해 성장할 기회를 기대하고 있습니다. 제 여행이 삶의 중요한 기록과 도전의 순간으로 남았으면 합니다.","이 사용자는 일본 지역을 선호하고, 쌀쌀함 기후를 피하고 싶어해요. 여행 목적은 기록이며, 콘도에서 머무는 걸 좋아하고 오전 10시 이후쯤 기상하는 편이에요.",,
539,매우 둔감,매우 완고,적다,종종 늦음,따르는 편,1,보통,매우 빡빡하게,해외,바다,계획 여행,적당히 봄,코골이 함,기다림,"유럽,동남아,세계일주","상관없음,쌀쌀함,추움","미식,액티비티,쇼핑","펜션,4-5성급호텔,3성이하 호텔",오전 9-10시,100만원 이하,"저는 여행에서 쇼핑을 중점적으로 즐기기 때문에, 인터넷 연결이 제대로 되지 않는 상황이 최악의 경험이었어요. 비록 저는 둔감한 성격이긴 하지만 계획적으로 움직이는 것을 선호하기 때문에, 꼼꼼한 일정 관리가 중요합니다. 함께 여행을 가고 싶은 사람은 일정에 따라줄 수 있는 사람입니다. 이번 여행에서 가장 기대하는 것은 새로운 문화를 경험하고 다양한 음식을 맛보는 것이며, 이러한 경험들이 제 삶에 있어 새로운 활력소가 되길 바랍니다. 4-5성급 호텔에서의 안락한 밤과 함께, 예산 내에서 만족스러운 여행을 하는 것이 목표입니다.","이 사용자는 유럽 지역을 선호하고, 추움 기후를 피하고 싶어해요. 여행 목적은 쇼핑이며, 3성이하 호텔에서 머무는 걸 좋아하고 오전 9-10시쯤 기상하는 편이에요.",,
540,매우 민감,수용적,적다,종종 늦음,리드하는편,1,보통,매우 여유있게,국내,산,즉흥 여행,무조건 다 봄,코골이 안함,기다림,"유럽,미국,동남아","추움,상관없음,습함","휴식,도전과성장,사람&관계","펜션,민박,에어비엔비",오전 8-9시,200-300만원,"저는 예민하기 때문에 여행 중 가장 피하고 싶은 것은 예기치 않은 추운 날씨나 습한 환경입니다. 여행 중 꼭 챙기는 것은 여유 있고 느긋하게 즐길 수 있는 일정입니다. 함께 여행하고 싶은 사람은 제가 편안함을 느끼고 잘 맞는, 부드럽고 이해심 많은 사람입니다. 이번 여행에서 가장 기대하는 것은 새로운 곳에서의 도전과 성장을 통해 새로운 사람들과 관계를 형성하는 것입니다. 또한 이 여행을 통해 제 삶에 더욱 의미 있는 휴식을 찾고, 이를 통해 삶의 질을 더욱 향상시키고자 합니다.","이 사용자는 유럽 지역을 선호하고, 상관없음 기후를 피하고 싶어해요. 여행 목적은 휴식이며, 민박에서 머무는 걸 좋아하고 오전 8-9시쯤 기상하는 편이에요.",,
541,둔감,보통,보통,매우 정확,리드하는편,1,매우 둔감,매우 여유있게,국내,바다,계획 여행,무조건 다 봄,코골이 안함,기다림,"중국&몽골,국내,동남아","습함,쌀쌀함,건조함","문화&역사체험,사람&관계,도전과성장","4-5성급호텔,3성이하 호텔,게스트하우스",오전 9-10시,400만원 이상,"저는 문화와 역사를 체험하고 사람들과의 관계를 중요시하기에, 이번 여행이 이러한 목표를 충족시켜주길 바랍니다. 여행 중 가장 최악의 경험은 예기치 않은 상황들로 여행 일정이 차질을 빚었던 경우였으며, 이번에는 계획적인 여행을 통해 이를 피하고자 합니다. 제게 여행에서 중요한 것은 여유로운 일정 속에서 랜드마크를 모두 볼 수 있는 기회이며, 이를 위해 주위 환경에 둔감한 제가 편안하게 쉴 수 있는 숙소도 필수적입니다. 저와 함께 여행할 사람은 시간을 잘 지키고 계획을 함께 즐길 수 있는 사람이면 좋겠습니다. 이번 여행이 제게 도전과 성장을 통해 삶에서 새로운 시야를 넓히는 계기가 되었으면 합니다.","이 사용자는 중국&몽골 지역을 선호하고, 쌀쌀함 기후를 피하고 싶어해요. 여행 목적은 사람&관계이며, 3성이하 호텔에서 머무는 걸 좋아하고 오전 9-10시쯤 기상하는 편이에요.",,
542,매우 둔감,매우 완고,많다,매우 정확,리드하는편,4,꽤 민감,매우 여유있게,국내,바다,계획 여행,무조건 다 봄,코골이 함,기다림,"유럽,그 외,세계일주","상관없음,추움,습함","문화&역사체험,도전과성장,사람&관계","콘도,펜션,상관없음",오전 8-9시,200-300만원,"저는 여행 중 코골이로 인해 다른 사람들과 불편한 경험을 한 적이 있어요. 그래서 여행 중에는 꼭 귀마개를 준비하려고 합니다. 함께 여행하고 싶은 사람으로는 계획적이고, 시간 약속을 잘 지키며, 문화와 역사에 관심이 있는 사람이면 좋겠어요. 이번 여행에서는 새로운 문화를 체험하면서 많은 것을 배우고 성장할 수 있는 기회를 기대하고 있습니다. 이러한 도전과 성장을 통해 제 삶에 긍정적인 변화와 의미를 부여하고 싶습니다.","이 사용자는 그 외 지역을 선호하고, 습함 기후를 피하고 싶어해요. 여행 목적은 도전과성장이며, 상관없음에서 머무는 걸 좋아하고 오전 8-9시쯤 기상하는 편이에요.",,
543,매우 둔감,매우 완고,매우 많다,꽤 정확,리드하는편,4,매우 둔감,매우 빡빡하게,국내,산,계획 여행,무조건 다 봄,코골이 함,기다림,"그 외,중국&몽골,동남아","추움,더움,건조함","자연감상,액티비티,쇼핑","민박,콘도,3성이하 호텔",오전 9-10시,200-300만원,"저는 여행 중에는 일정이 빡빡하게 계획되어 있기 때문에 무엇이든 즉흥적으로 하는 것을 좋아하지 않습니다. 그래서 최악의 경험은 계획이 어긋나거나 불필요한 지연을 겪을 때입니다. 이번 여행에서 빠뜨릴 수 없는 것은 다양한 랜드마크와 자연 감상이 가능한 일정입니다. 함께 여행하고 싶은 사람은 저와 잘 맞아서 대화를 많이 나눌 수 있고, 계획적인 일정을 함께 즐길 수 있는 사람입니다. 이번 여행에서 가장 기대하는 것은 아직 경험하지 못한 문화와 자연을 보고 배우는 것입니다. 마지막으로, 이번 여행이 제 삶에 의미 있는 이유는 새로운 경험들을 통해 제 삶의 활력을 더해주는 계기가 되기를 바라기 때문입니다.","이 사용자는 중국&몽골 지역을 선호하고, 건조함 기후를 피하고 싶어해요. 여행 목적은 쇼핑이며, 3성이하 호텔에서 머무는 걸 좋아하고 오전 9-10시쯤 기상하는 편이에요.",,
544,매우 민감,수용적,매우 많다,종종 늦음,무조건 따름,3,매우 둔감,꽤 빡빡하게,국내,바다,계획 여행,무조건 다 봄,코골이 안함,기다림,"유럽,미국,일본","추움,건조함,더움","휴식,문화&역사체험,공연&경기관람","게스트하우스,콘도,3성이하 호텔",오전 8-9시,400만원 이상,"저는 과거 여행에서 더운 날씨 때문에 불편했던 경험이 있어 기후가 쾌적한 일본을 주로 선호합니다. 이번 여행에서는 각종 랜드마크를 빠짐없이 방문하고 싶어서 꽤 빡빡한 일정을 계획했어요. 함께 여행할 사람은 솔직하게 의견을 수용하면서도 리더십을 발휘해 주면 좋겠지만, 저는 그저 따라가기를 더 선호합니다. 기대하는 것은 문화와 역사를 깊이 체험하고, 다양한 공연이나 경기를 관람하는 것입니다. 이번 여행이 스트레스를 해소하고 새로움을 받아들이는 기회가 되었으면 하고, 삶 속에서 의미 있는 휴식과 체험의 장이 되기를 바랍니다.","이 사용자는 일본 지역을 선호하고, 더움 기후를 피하고 싶어해요. 여행 목적은 문화&역사체험이며, 게스트하우스에서 머무는 걸 좋아하고 오전 8-9시쯤 기상하는 편이에요.",,
545,꽤 민감,매우 완고,매우 적다,종종 늦음,보통,4,보통,매우 여유있게,해외,바다,즉흥 여행,무조건 다 봄,코골이 함,다른 곳 간다,"국내,그 외,일본","쌀쌀함,추움,습함","액티비티,휴식,미식","펜션,상관없음,에어비엔비",오전 10시 이후,300-400만원,"저는 여행 중에 예민한 편이라 습하고 쌀쌀한 날씨를 가장 싫어하며, 이러한 기후에서의 경험이 최악의 순간이 될 수 있어요. 이번 여행에서 가장 기대하는 것은 편안한 휴식과 맛있는 음식을 즐기는 것이고, 특히 여유롭게 여행할 수 있는 환경이었으면 좋겠어요. 여행 중에는 즉흥적인 계획을 선호하기 때문에 무조건적인 일정 부담은 없었으면 합니다. 함께 여행하고 싶은 사람은 조용하고 차분한 성격이며, 잘 맞는 의견을 가진 사람이면 좋겠어요. 이번 여행이 저의 삶에 여유로움과 새로운 활력을 불어넣는 기회가 되었으면 합니다.","이 사용자는 국내 지역을 선호하고, 습함 기후를 피하고 싶어해요. 여행 목적은 휴식이며, 펜션에서 머무는 걸 좋아하고 오전 10시 이후쯤 기상하는 편이에요.",,
546,꽤 민감,수용적,매우 적다,매우 정확,보통,4,매우 둔감,매우 빡빡하게,국내,산,즉흥 여행,적당히 봄,코골이 안함,다른 곳 간다,"그 외,세계일주,일본","더움,상관없음,쌀쌀함","미식,공연&경기관람,쇼핑","펜션,게스트하우스,4-5성급호텔",오전 10시 이후,200-300만원,"여행 중 최악의 경험은 시간 약속을 지킬 수 없는 상황에 처하는 것이고, 이번 여행에서 꼭 필요하다고 여기는 것은 맛있는 음식을 즐길 기회입니다. 저는 말수가 적고 예민한 편이지만, 다양한 공연이나 경기를 관람하며 자극을 받고 싶습니다. 함께 여행을 하고 싶은 사람은 저처럼 다소 여유롭게 즉흥적인 여행을 계획하는 사람입니다. 무엇보다 이번 여행에서 가장 기대하는 것은 새로운 문화와 음식을 접하고, 삶에 대한 시야를 넓힐 수 있는 기회입니다. 이 여행은 제게 일상의 스트레스를 덜어내고, 새로운 에너지를 충전하는 의미를 지니고 있습니다.","이 사용자는 그 외 지역을 선호하고, 쌀쌀함 기후를 피하고 싶어해요. 여행 목적은 공연&경기관람이며, 4-5성급호텔에서 머무는 걸 좋아하고 오전 10시 이후쯤 기상하는 편이에요.",,
547,둔감,수용적,매우 많다,자주 늦음,무조건 리드,2,둔감,꽤 여유있게,해외,산,즉흥 여행,적당히 봄,코골이 안함,기다림,"국내,세계일주,중국&몽골","건조함,쌀쌀함,상관없음","기록,휴식,사람&관계","상관없음,4-5성급호텔,게스트하우스",오전 9-10시,100만원 이하,"여행 중 최악의 경험은 보통 시간 약속에 자주 늦어 일행에게 불편을 끼칠 때입니다. 그래서 이번 여행에서는 휴대용 알람이나 시간 관리 도구가 꼭 필요하다고 생각합니다. 함께 여행하고 싶은 사람은 이야기 나누기를 좋아하고, 기다림이 가능하며 제 리더십을 존중해 주는 사람입니다. 이번 여행에서 가장 기대하는 것은 새로운 사람들과의 만남과 그를 통해 기록하고 기억할 경험들이고, 휴식을 통해 제 삶에 여유와 활력을 불어넣는 시간이 되었으면 합니다. 특히 여행 후에는 새로운 인연과 관계가 생겨 제 삶에 긍정적인 영향을 주기를 바랍니다.","이 사용자는 국내 지역을 선호하고, 상관없음 기후를 피하고 싶어해요. 여행 목적은 기록이며, 4-5성급호텔에서 머무는 걸 좋아하고 오전 9-10시쯤 기상하는 편이에요.",,
548,매우 민감,보통,많다,매우 정확,따르는 편,3,보통,보통,국내,산,즉흥 여행,무조건 다 봄,코골이 안함,다른 곳 간다,"국내,중국&몽골,일본","상관없음,추움,더움","휴식,미식,쇼핑","4-5성급호텔,펜션,3성이하 호텔",오전 8-9시,200-300만원,"저는 국내와 일본을 선호하며, 미식과 쇼핑을 즐기는 여행을 좋아합니다. 예민한 편이라 여행 중 웨이팅이 길거나 일정이 어긋나면 피곤함을 느껴 최악의 경험으로 다가올 수 있지만, 오히려 즉흥적인 계획으로 새로운 즐거움을 찾기도 합니다. 함께 여행하고 싶은 사람은 약속 시간을 잘 지키며, 저처럼 계획에 얽매이지 않고 자연스럽게 시간을 보낼 수 있는 사람이었으면 합니다. 이번 여행에서는 새로운 음식과 풍경을 경험하는 것을 가장 기대하고 있으며, 이를 통해 일상에서 벗어나 진정한 휴식을 만끽하길 바랍니다. 결국 여행은 저에게 삶의 활력소이자 새로움을 얻는 소중한 기회입니다.","이 사용자는 일본 지역을 선호하고, 더움 기후를 피하고 싶어해요. 여행 목적은 미식이며, 펜션에서 머무는 걸 좋아하고 오전 8-9시쯤 기상하는 편이에요.",,
549,매우 민감,수용적,매우 많다,꽤 정확,무조건 리드,4,꽤 민감,꽤 여유있게,국내,산,즉흥 여행,적당히 봄,코골이 안함,기다림,"미국,동남아,유럽","추움,건조함,습함","휴식,자연감상,미식","민박,3성이하 호텔,콘도",오전 10시 이후,200-300만원,"저는 예전에 춥고 건조한 날씨로 인해 여행 중 불편했던 경험이 있어 이번 여행에서는 쾌적한 기후가 꼭 필요합니다. 여행 중에는 자연을 감상하며 휴식을 취하는 것을 기대하고, 함께하는 사람은 대화를 좋아하고 리더십이 있는 사람이라면 좋겠습니다. 저는 오전 10시 이후 여유롭게 시작하는 시간을 선호하고, 민박에서 머무르며 다양한 사람들과 교류하고 싶어요. 이번 여행은 제가 일상에서 벗어나 새로운 경험으로 삶의 활력을 얻는 계기가 되었으면 합니다.","이 사용자는 유럽 지역을 선호하고, 건조함 기후를 피하고 싶어해요. 여행 목적은 자연감상이며, 민박에서 머무는 걸 좋아하고 오전 10시 이후쯤 기상하는 편이에요.",,
550,꽤 민감,보통,적다,보통,무조건 따름,3,매우 민감,꽤 여유있게,국내,바다,즉흥 여행,무조건 다 봄,코골이 안함,기다림,"유럽,그 외,일본","습함,추움,더움","사람&관계,쇼핑,자연감상","펜션,4-5성급호텔,게스트하우스",오전 8-9시,300-400만원,"저는 여행 중에 무작정 계획을 세우지 않고 즉흥적으로 움직이는 걸 좋아하지만, 특히 더운 기후는 피하고 싶어요. 그래서 함께 여행할 사람은 저처럼 즉흥적인 성향이지만, 너무 떠들지 않는 사람이 좋습니다. 이번 여행에서는 유럽이나 일본같이 새로운 사람들을 만날 수 있는 기회를 기대하고 있으며, 숙소는 4-5성급 호텔을 선호합니다. 이전에 습한 날씨 때문에 끈적거리는 느낌을 참기 어려웠던 게 최악의 경험이었어요. 앞으로의 여행이 저에게 소중한 사람들과 관계를 맺고, 자연 속에서 여유로운 시간을 가질 기회를 제공하기를 바랍니다.","이 사용자는 일본 지역을 선호하고, 더움 기후를 피하고 싶어해요. 여행 목적은 사람&관계이며, 4-5성급호텔에서 머무는 걸 좋아하고 오전 8-9시쯤 기상하는 편이에요.",,
551,매우 둔감,매우 수용적,매우 적다,꽤 정확,따르는 편,5,매우 민감,매우 여유있게,해외,산,즉흥 여행,적당히 봄,코골이 안함,기다림,"동남아,유럽,미국","쌀쌀함,건조함,습함","공연&경기관람,사람&관계,쇼핑","펜션,3성이하 호텔,4-5성급호텔",오전 8-9시,400만원 이상,"저는 예전에 쌀쌀하고 건조한 기후 때문에 고생했던 경험이 있어, 이번 여행에서는 쾌적한 날씨를 기대하고 있습니다. 그래서 공연이나 경기를 보면서 여유 있게 쉬는 것이 제 여행의 필수 요소입니다. 함께 여행하고 싶은 사람은 말수가 적고 저처럼 서로의 의견을 잘 수용할 수 있는 사람이면 좋겠습니다. 이번 여행을 통해 다양한 공연을 관람하며 새로운 사람들과 인연을 맺는 것이 가장 기대됩니다. 이러한 경험이 제 삶에 신선한 자극이 되어 새로운 관점과 기회를 열어 주길 바랍니다.","이 사용자는 동남아 지역을 선호하고, 습함 기후를 피하고 싶어해요. 여행 목적은 공연&경기관람이며, 펜션에서 머무는 걸 좋아하고 오전 8-9시쯤 기상하는 편이에요.",,
552,둔감,다소 완고,보통,자주 늦음,보통,3,매우 둔감,매우 여유있게,국내,산,계획 여행,무조건 다 봄,코골이 안함,기다림,"국내,세계일주,유럽","추움,더움,건조함","자연감상,기록,도전과성장","펜션,콘도,게스트하우스",오전 10시 이후,400만원 이상,"여행 중 가장 최악의 경험은 기후가 너무 춥거나 더워서 불편했던 순간들이에요. 그래서 이번 여행에서는 날씨에 구애받지 않고 자연을 편하게 감상할 수 있는 여유로운 일정이 필수라고 생각해요. 저는 계획적인 여행을 좋아하고, 산을 볼 수 있는 자연경관을 선호하기 때문에, 함께 여행하고 싶은 사람은 이러한 요소를 이해하고 기다림에 대해 관대한 사람이면 좋겠어요. 이번 여행에서 가장 기대하는 것은 새로운 도전과 성장을 경험하는 것이에요. 제 삶에 이 여행은 새로운 기록을 남기고, 여유를 만끽하며 한층 성장할 수 있는 계기가 되었으면 합니다.","이 사용자는 세계일주 지역을 선호하고, 건조함 기후를 피하고 싶어해요. 여행 목적은 도전과성장이며, 콘도에서 머무는 걸 좋아하고 오전 10시 이후쯤 기상하는 편이에요.",,
553,매우 둔감,매우 완고,매우 적다,꽤 정확,따르는 편,5,보통,꽤 빡빡하게,국내,산,즉흥 여행,적당히 봄,코골이 안함,기다림,"세계일주,동남아,그 외","쌀쌀함,상관없음,더움","사람&관계,미식,자연감상","펜션,4-5성급호텔,게스트하우스",오전 8-9시,200-300만원,"저는 여행 중 불필요한 기다림이나 예상치 못한 변수로 인해 일정이 어긋나는 것을 최악의 경험으로 생각합니다. 이번 여행에서는 특히 미식 경험을 중시하며, 만족스러운 식사를 보장할 수 있는 일정이 꼭 필요해요. 같이 여행하고 싶은 사람은 제가 거의 말을 하지 않더라도 배려해주고, 일정을 너무 지나치게 제어하지 않으며 자연스럽게 흐름을 타는 성향이면 좋겠어요. 이번 여행에서 가장 기대하는 것은 다양한 음식을 맛보고 그것을 통해 사람들과의 관계를 풍부하게 하는 것입니다. 또한, 이 여행이 삶에 가져다줄 의미는 일상의 피로와 스트레스를 잊고 자연 속에서 힐링하며 삶의 활력을 찾는 기회로 삼는 것입니다.","이 사용자는 그 외 지역을 선호하고, 상관없음 기후를 피하고 싶어해요. 여행 목적은 미식이며, 4-5성급호텔에서 머무는 걸 좋아하고 오전 8-9시쯤 기상하는 편이에요.",,
554,보통,보통,적다,꽤 정확,리드하는편,1,매우 둔감,매우 여유있게,해외,바다,즉흥 여행,무조건 다 봄,코골이 안함,기다림,"국내,동남아,유럽","쌀쌀함,더움,상관없음","도전과성장,액티비티,기록","펜션,민박,4-5성급호텔",오전 10시 이후,400만원 이상,"저는 해외여행을 통해 도전과 성장을 추구하며 다양한 액티비티를 즐깁니다. 여행 중에는 랜드마크를 모두 방문하려고 노력하지만 일정은 매우 여유롭게 운영합니다. 동행자로는 조용하면서도 리더십 있는 사람이 좋고, 최악의 경험은 일정이 꼬이는 경우나 체력이 부족할 때입니다. 여유로운 여행과 맞는 숙소에서 머물고 아침에는 조금 늦게 일어나는 것을 선호합니다. 이번 여행을 통해 새로운 것을 배우고 기록을 남기며 삶의 새로운 영감을 얻고 싶습니다.","이 사용자는 국내 지역을 선호하고, 더움 기후를 피하고 싶어해요. 여행 목적은 도전과성장이며, 펜션에서 머무는 걸 좋아하고 오전 10시 이후쯤 기상하는 편이에요.",,
555,둔감,보통,매우 적다,매우 정확,보통,1,매우 둔감,보통,국내,바다,즉흥 여행,무조건 다 봄,코골이 함,기다림,"미국,그 외,국내","더움,건조함,상관없음","문화&역사체험,미식,휴식","상관없음,에어비엔비,게스트하우스",오전 10시 이후,100만원 이하,"저는 여행 중 더운 날씨에서의 불쾌함을 최악의 경험으로 꼽을 수 있어요. 이번 여행에서는 문화와 역사 체험이 중점이기에, 랜드마크 방문은 필수입니다. 저는 말수가 적고 체력이 낮아 차분하게 기다릴 수 있는 사람과의 여행을 선호합니다. 바다를 배경으로 한 미식과 휴식은 이번 여행의 큰 기대 요소입니다. 이 여행이 제 삶에 여유와 새로운 문화를 접하는 기회로 남았으면 좋겠어요.","이 사용자는 미국 지역을 선호하고, 더움 기후를 피하고 싶어해요. 여행 목적은 문화&역사체험이며, 에어비엔비에서 머무는 걸 좋아하고 오전 10시 이후쯤 기상하는 편이에요.",,
556,매우 민감,매우 완고,많다,보통,리드하는편,3,둔감,매우 여유있게,해외,산,계획 여행,무조건 다 봄,코골이 안함,기다림,"중국&몽골,유럽,그 외","습함,쌀쌀함,건조함","쇼핑,기록,자연감상","3성이하 호텔,펜션,에어비엔비",오전 10시 이후,200-300만원,"저는 여행 중 특히 습한 기후를 몹시 싫어해서 그러한 날씨를 맞닥뜨리면 최악의 경험이 될 것입니다. 이번 여행에서는 모든 랜드마크를 챙겨 보는 것이 필수인데, 여유롭게 움직일 수 있도록 계획을 철저히 세우고 싶습니다. 함께 여행하고 싶은 사람은 계획적인 자세를 갖고 있으며, 웨이팅에 별로 신경 쓰지 않는 사람이면 좋겠어요. 이번 여행에서 가장 기대하는 것은 자연을 감상하고 그 순간들을 기록하는 것입니다. 이 여행이 제 삶에 새로운 경험과 시야를 넓혀주는 의미 있는 시간이 되었으면 합니다.","이 사용자는 그 외 지역을 선호하고, 습함 기후를 피하고 싶어해요. 여행 목적은 기록이며, 3성이하 호텔에서 머무는 걸 좋아하고 오전 10시 이후쯤 기상하는 편이에요.",,
557,매우 둔감,매우 수용적,적다,종종 늦음,무조건 리드,5,꽤 민감,꽤 빡빡하게,국내,바다,즉흥 여행,적당히 봄,코골이 함,다른 곳 간다,"중국&몽골,동남아,세계일주","추움,더움,습함","액티비티,도전과성장,미식","게스트하우스,민박,상관없음",오전 8-9시,300-400만원,"저는 여행 중 추운 기후로 인해 몸이 굳었던 경험이 최악이었습니다. 그래서 이번 여행에서는 날씨에 맞는 적절한 옷차림이 꼭 필요합니다. 여행은 보통 즉흥적으로 계획하지만, 새로운 문화와 음식을 함께 즐길 수 있는 수용적인 사람이 동행자로 있으면 좋겠습니다. 이번 여행에서는 다양한 액티비티를 통해 도전과 성장을 경험하는 것이 가장 기대됩니다. 그리하여 이 여행이 제 삶에 새로운 자극과 의미 있는 성취감을 주기를 바랍니다.","이 사용자는 중국&몽골 지역을 선호하고, 추움 기후를 피하고 싶어해요. 여행 목적은 도전과성장이며, 민박에서 머무는 걸 좋아하고 오전 8-9시쯤 기상하는 편이에요.",,
558,매우 민감,다소 완고,많다,매우 정확,무조건 따름,3,꽤 민감,매우 빡빡하게,국내,산,즉흥 여행,적당히 봄,코골이 안함,다른 곳 간다,"미국,중국&몽골,그 외","더움,습함,상관없음","쇼핑,자연감상,기록","에어비엔비,펜션,민박",오전 8-9시,400만원 이상,"저는 여행 중 시간 약속에 정확하지 않은 사람들과의 경험을 최악으로 생각합니다. 그래서 같이 여행을 가고 싶은 사람은 시간 약속을 잘 지키는 성향이어야 하며, 일정이 빡빡하게 계획되어도 따라와 줄 수 있는 리더십을 가진 사람이면 좋겠습니다. 이번 여행에서는 자연을 감상할 수 있는 기회를 특히 기대하며, 아침에는 조용히 시작할 수 있는 여유로운 숙소, 특히 에어비엔비 같은 곳이 꼭 있었으면 합니다. 이번 여행은 기록을 남기고 쇼핑도 즐길 수 있는 기회를 제공하길 바랍니다. 여행이 저의 삶에 있어 새로운 영감을 주고 일상에서 벗어난 편안함을 주었으면 하는 바람이 있습니다.","이 사용자는 중국&몽골 지역을 선호하고, 상관없음 기후를 피하고 싶어해요. 여행 목적은 자연감상이며, 에어비엔비에서 머무는 걸 좋아하고 오전 8-9시쯤 기상하는 편이에요.",,
559,꽤 민감,다소 완고,매우 적다,매우 정확,리드하는편,2,매우 민감,꽤 여유있게,해외,산,계획 여행,적당히 봄,코골이 안함,다른 곳 간다,"미국,일본,동남아","더움,습함,쌀쌀함","도전과성장,액티비티,휴식","4-5성급호텔,민박,콘도",오전 10시 이후,100만원 이하,"저는 여행 중에 더운 날씨 때문에 불쾌했던 경험이 있어 기후에 특히 신경을 씁니다. 따라서 이번에는 시원한 기후를 기대하며 편안한 4-5성급 호텔에서의 숙박이 꼭 필요합니다. 여행 일정은 여유롭게 계획하되 시간 약속을 정확하게 지키며 리드하는 성향이라, 같이 가는 사람도 일정에 잘 맞추고 청결에 신경 쓰는 사람이면 좋겠습니다. 여행의 목적은 도전과 성장인데, 이런 경험들이 저에게 큰 의미로 남길 희망하며, 일정 마지막에는 충분한 휴식을 취할 수 있기를 바랍니다. 이러한 점들은 이번 여행이 제 삶에 긍정적이고 기억에 남을 경험으로 남기를 기대하게 합니다.","이 사용자는 동남아 지역을 선호하고, 쌀쌀함 기후를 피하고 싶어해요. 여행 목적은 도전과성장이며, 4-5성급호텔에서 머무는 걸 좋아하고 오전 10시 이후쯤 기상하는 편이에요.",,
560,매우 둔감,매우 완고,많다,꽤 정확,보통,3,매우 둔감,꽤 빡빡하게,국내,산,즉흥 여행,적당히 봄,코골이 함,기다림,"세계일주,동남아,국내","쌀쌀함,추움,상관없음","공연&경기관람,사람&관계,미식","3성이하 호텔,게스트하우스,콘도",오전 9-10시,400만원 이상,저는 예전에 여행 일정이 너무 헐겁고 기대 이상으로 조용한 곳에서의 일정으로 지루했던 게 최악의 경험이었습니다. 그래서 이번 여행에서는 활동적인 공연이나 경기를 꼭 보고 싶어요. 함께 여행할 사람은 적당히 대화가 잘 통하고 계획에 너무 연연하지 않는 즉흥적인 성향이면 좋겠습니다. 가장 기대하는 것은 다양한 사람들과의 새로운 인연과 교류입니다. 이번 여행을 통해 저는 일상에서 벗어나 다양한 문화와 사람들을 접하면서 저 자신을 더욱 넓게 이해하고 싶습니다.,"이 사용자는 세계일주 지역을 선호하고, 추움 기후를 피하고 싶어해요. 여행 목적은 사람&관계이며, 3성이하 호텔에서 머무는 걸 좋아하고 오전 9-10시쯤 기상하는 편이에요.",,
561,둔감,보통,적다,종종 늦음,리드하는편,2,매우 민감,매우 빡빡하게,국내,바다,계획 여행,무조건 다 봄,코골이 안함,다른 곳 간다,"동남아,일본,그 외","상관없음,더움,습함","미식,도전과성장,자연감상","게스트하우스,펜션,3성이하 호텔",오전 10시 이후,400만원 이상,"저는 계획에 맞추어 모든 랜드마크를 방문하는 빡빡한 일정의 여행을 좋아합니다. 다른 곳에서 대기하는 걸 좋아하지 않아 웨이팅이 길면 다른 곳으로 향하곤 합니다. 예민하지 않으나, 청결에 민감하여 깨끗한 숙소가 필수적입니다. 함께 여행을 가는 사람도 정리정돈이 잘 된 사람이라면 좋겠습니다. 이번 여행을 통해 미식을 즐기고 동남아나 일본의 자연을 경험하며 나 자신을 성장시키고 싶고, 이런 의미가 제 삶에 새로운 활력을 불어넣길 바랍니다. 그러나 종종 늦기도 하므로 시간 관리에 주의해야 하며, 게스트하우스나 펜션에 머무르면서 언제나 새로운 도전을 즐기고자 합니다.","이 사용자는 동남아 지역을 선호하고, 더움 기후를 피하고 싶어해요. 여행 목적은 자연감상이며, 펜션에서 머무는 걸 좋아하고 오전 10시 이후쯤 기상하는 편이에요.",,
562,매우 민감,보통,많다,꽤 정확,따르는 편,2,둔감,매우 빡빡하게,해외,산,계획 여행,적당히 봄,코골이 함,다른 곳 간다,"유럽,중국&몽골,세계일주","습함,추움,쌀쌀함","문화&역사체험,휴식,액티비티","펜션,민박,게스트하우스",오전 10시 이후,300-400만원,"저는 여행 중 일정을 빡빡하게 소화하다가 체력이 떨어져 피곤했던 경험이 최악이었어요. 이번 여행에서는 문화와 역사를 충분히 느낄 수 있는 장소 탐방을 꼭 하고 싶습니다. 함께 여행하고 싶은 사람은 시간을 잘 지키고, 다소 예민한 저의 성향을 이해해줄 수 있는 사람이면 좋겠어요. 역사적인 유럽과 중국, 몽골의 문화 체험을 가장 기대하고 있으며, 이번 여행이 제 삶에 새로운 경험과 휴식을 가져다주길 바랍니다. 습하고 추운 기후는 피하고 싶고, 숙소는 민박에서 편안하게 지내며 새로운 사람과의 만남도 기대하고 있습니다.","이 사용자는 중국&몽골 지역을 선호하고, 습함 기후를 피하고 싶어해요. 여행 목적은 문화&역사체험이며, 민박에서 머무는 걸 좋아하고 오전 10시 이후쯤 기상하는 편이에요.",,
563,보통,매우 수용적,보통,종종 늦음,무조건 리드,5,보통,매우 여유있게,해외,산,즉흥 여행,무조건 다 봄,코골이 안함,다른 곳 간다,"그 외,유럽,미국","상관없음,더움,추움","도전과성장,자연감상,사람&관계","에어비엔비,펜션,4-5성급호텔",오전 8-9시,200-300만원,"저는 여행 중에 가장 여유롭게 보내고 싶지만 종종 늦는 버릇이 있어 일정이 틀어졌을 때 조금 당황스러워요. 그래서 이번 여행에서 시간 관리가 잘 되었으면 좋겠고 꼭 가보고 싶은 랜드마크는 다 둘러볼 계획입니다. 함께 여행을 가고 싶은 사람은 유연하고 자연을 사랑하는 사람으로, 저와 함께 즉흥적인 순간들을 즐길 수 있기를 바랍니다. 이번 여행에서는 자연을 감상하면서 도전과 성장을 기대하고 있으며, 제 삶 속에서 새로운 사람들과 관계를 쌓는 의미를 가져오길 바랍니다. 미국 여행에서 저는 자연을 통해 새로운 영감을 얻고 싶고, 틀에 얽매이지 않은 자유로운 시간이 제가 원하는 행복을 주기를 바랍니다.","이 사용자는 미국 지역을 선호하고, 상관없음 기후를 피하고 싶어해요. 여행 목적은 자연감상이며, 에어비엔비에서 머무는 걸 좋아하고 오전 8-9시쯤 기상하는 편이에요.",,
564,꽤 민감,수용적,매우 많다,종종 늦음,무조건 리드,1,둔감,보통,국내,산,계획 여행,무조건 다 봄,코골이 안함,기다림,"중국&몽골,그 외,국내","습함,추움,쌀쌀함","미식,자연감상,문화&역사체험","4-5성급호텔,3성이하 호텔,에어비엔비",오전 9-10시,100만원 이하,"저는 여행 중에 습하고 추운 날씨가 매우 불쾌했으며, 이 때문에 국내 여행을 선호하는 편입니다. 이번 여행에서는 산에서의 자연 감상과 다양한 문화 및 역사 체험을 매우 기대하고 있습니다. 여행 중에는 편안하게 머물 수 있는 합리적인 가격의 호텔이 필요하며, 시간 약속에 여유가 있는 친구와 함께한다면 좋겠습니다. 끊임없이 이야기를 나누며 계획한 모든 랜드마크를 방문하고 싶습니다. 이번 여행이 제 삶에 새로운 문화와 자연의 아름다움을 느끼고 공유할 수 있는 특별한 의미를 더해주기를 바랍니다.","이 사용자는 국내 지역을 선호하고, 습함 기후를 피하고 싶어해요. 여행 목적은 문화&역사체험이며, 3성이하 호텔에서 머무는 걸 좋아하고 오전 9-10시쯤 기상하는 편이에요.",,
565,매우 둔감,보통,매우 많다,꽤 정확,따르는 편,3,꽤 민감,꽤 빡빡하게,국내,산,계획 여행,무조건 다 봄,코골이 함,기다림,"중국&몽골,동남아,유럽","쌀쌀함,추움,더움","문화&역사체험,기록,공연&경기관람","게스트하우스,상관없음,콘도",오전 10시 이후,400만원 이상,"저는 여행 중 추운 기후에서의 불편함이 최악의 경험이라고 생각하며, 그래서 이번 여행에서는 따뜻한 곳이 필수적이에요. 동행할 사람은 저처럼 말이 많고 시간을 잘 지킬 수 있는 사람이 좋겠어요. 이번 여행에서는 문화와 역사체험에 특히 기대하며, 다양한 기록을 남길 계획이에요. 여행이 제 삶에 새로운 문화적 영감을 주고 큰 즐거움을 가져다주었으면 좋겠어요. 아침에 일찍 일어나지 않고 여유 있는 일정으로 산을 오르며 각종 랜드마크를 빠짐없이 즐기고 싶습니다.","이 사용자는 동남아 지역을 선호하고, 추움 기후를 피하고 싶어해요. 여행 목적은 기록이며, 게스트하우스에서 머무는 걸 좋아하고 오전 10시 이후쯤 기상하는 편이에요.",,
566,둔감,매우 완고,매우 적다,보통,따르는 편,2,매우 민감,매우 여유있게,해외,산,즉흥 여행,적당히 봄,코골이 함,다른 곳 간다,"국내,일본,세계일주","쌀쌀함,추움,더움","쇼핑,기록,공연&경기관람","상관없음,게스트하우스,콘도",오전 9-10시,300-400만원,"저는 여행 중에도 청결에 매우 민감해서 게스트하우스에 머무를 때도 청결 상태가 나쁘면 최악이라고 느껴요. 이번 여행에서는 공연이나 경기를 관람할 기회를 놓치고 싶지 않기 때문에 그런 프로그램이 꼭 포함되었으면 좋겠어요. 함께 여행하고 싶은 사람은 의견이 맞고 계획이 즉흥적인 것을 이해해주는 사람이면 좋겠어요. 이번 여행에서 가장 기대하는 것은 공연과 기록을 통해 새로운 시각을 얻는 것이고, 이 여행이 제 삶에 새로운 에너지를 가져다주는 의미가 있었으면 해요. 세계를 여행하면서 각 지역의 독특한 매력을 느끼고, 기억에 남는 순간들을 기록하고자 합니다.","이 사용자는 세계일주 지역을 선호하고, 쌀쌀함 기후를 피하고 싶어해요. 여행 목적은 공연&경기관람이며, 게스트하우스에서 머무는 걸 좋아하고 오전 9-10시쯤 기상하는 편이에요.",,
567,꽤 민감,수용적,매우 적다,보통,무조건 따름,2,매우 민감,꽤 빡빡하게,해외,바다,즉흥 여행,무조건 다 봄,코골이 안함,다른 곳 간다,"세계일주,그 외,동남아","건조함,습함,상관없음","기록,휴식,자연감상","콘도,에어비엔비,민박",오전 8-9시,300-400만원,"저는 해외여행을 즐기는데 여행 중 최악의 경험은 청결하지 않은 숙소였어요, 청결에 민감하다 보니 그런 경우가 정말 힘들었죠. 이번 여행에서는 바다를 보며 기록을 남길 수 있는 시간이 꼭 필요해요. 제가 말수가 적고 상대방의 의견을 수용하는 편이라 리더십이 강한 사람과 함께 여행을 가면 좋을 것 같습니다. 특히 이번 여행에서는 자연 감상에 대한 기대가 크며, 기록을 통해 휴식과 새로운 영감을 얻고 싶어요. 이 여행이 저에게는 새로운 시각을 열고 다양한 문화를 접하는 기회로, 제 삶에 의미 있는 경험으로 남기를 바랍니다.","이 사용자는 그 외 지역을 선호하고, 상관없음 기후를 피하고 싶어해요. 여행 목적은 기록이며, 민박에서 머무는 걸 좋아하고 오전 8-9시쯤 기상하는 편이에요.",,
568,매우 민감,매우 완고,매우 많다,꽤 정확,보통,5,매우 둔감,꽤 여유있게,국내,바다,계획 여행,적당히 봄,코골이 함,다른 곳 간다,"그 외,세계일주,중국&몽골","상관없음,추움,쌀쌀함","사람&관계,미식,쇼핑","콘도,4-5성급호텔,펜션",오전 10시 이후,200-300만원,"저는 여행에서 사람들과의 관계를 중요하게 생각하고, 중국과 몽골 지역을 탐험하고 싶습니다. 여행 중 최악의 경험은 예민한 성격 때문에 주변 상황에 민감하게 반응한 경우인데, 이를 피하기 위해 여행 계획을 철저히 세우고 여유롭게 일정을 조정하려 합니다. 이번 여행에서 반드시 필요한 것은 일정의 여유로움과 계획적인 진행이며, 아침 시간은 보통 오전 10시 이후에 맞춰 여유롭게 시작하고 싶습니다. 함께 여행할 사람은 저처럼 말이 많고 계획 여행을 선호하며, 상호 의견을 존중하는 사람이라면 좋겠습니다. 이번 여행은 삶에서 새로운 관계를 형성하고 소중한 미식과 쇼핑 경험을 통해 제 삶에 작은 활력을 불어넣는 기회가 되길 기대합니다.","이 사용자는 중국&몽골 지역을 선호하고, 상관없음 기후를 피하고 싶어해요. 여행 목적은 사람&관계이며, 4-5성급호텔에서 머무는 걸 좋아하고 오전 10시 이후쯤 기상하는 편이에요.",,
569,매우 둔감,보통,매우 많다,종종 늦음,보통,4,보통,꽤 여유있게,해외,바다,계획 여행,무조건 다 봄,코골이 안함,기다림,"미국,국내,일본","습함,추움,더움","미식,문화&역사체험,도전과성장","3성이하 호텔,펜션,게스트하우스",오전 8-9시,400만원 이상,여행 중 최악의 경험은 습하거나 너무 추운 날씨와 맞닥뜨렸을 때인 것 같아요. 그래서 이번 여행에서는 날씨가 쾌적한 미국이나 일본 같은 지역에서 충분한 물과 미식이 꼭 있었으면 합니다. 제가 여행을 떠날 때는 수다스럽고 시간을 잘 지켜줄 수 있는 사람과 함께 가고 싶어요. 이번 여행에서 가장 기대하는 것은 지역의 문화와 역사를 깊이 있게 체험하면서 스스로의 도전과 성장을 느끼는 것이구요. 이번 여행은 삶의 여유를 찾고 다양한 경험을 통해 더 나은 자신으로 발전하는 계기가 되었으면 해요.,"이 사용자는 미국 지역을 선호하고, 추움 기후를 피하고 싶어해요. 여행 목적은 문화&역사체험이며, 3성이하 호텔에서 머무는 걸 좋아하고 오전 8-9시쯤 기상하는 편이에요.",,
570,둔감,수용적,보통,보통,리드하는편,3,매우 둔감,꽤 빡빡하게,해외,산,계획 여행,적당히 봄,코골이 함,기다림,"국내,동남아,유럽","건조함,상관없음,추움","기록,쇼핑,사람&관계","콘도,3성이하 호텔,에어비엔비",오전 8-9시,400만원 이상,"여행 중 최악의 경험이라면 과거의 빡빡한 일정에도 불구하고 시간이 부족해 원하는 만큼 기록하거나 쇼핑을 못 했을 때가 떠오릅니다. 이번 여행에서는 특히 기록하는 시간을 충분히 가질 수 있는 스케줄이 중요합니다. 여행 파트너로는 수용적인 태도로 대화를 즐기고 계획된 일정에 잘 따라오는 사람이 이상적이며, 이런 사람과 함께하는 여행을 기대하고 있습니다. 이번에는 사람들과의 관계를 돈독히 하거나 새로운 인연을 맺는 것에 큰 기대를 두고 있습니다. 여행을 통해 생활의 작은 기록들이 모여 나만의 소중한 추억과 의미 있는 시간이 되었으면 하는 바람입니다.","이 사용자는 동남아 지역을 선호하고, 건조함 기후를 피하고 싶어해요. 여행 목적은 사람&관계이며, 에어비엔비에서 머무는 걸 좋아하고 오전 8-9시쯤 기상하는 편이에요.",,
571,매우 둔감,다소 완고,매우 많다,보통,보통,3,보통,매우 여유있게,해외,바다,즉흥 여행,무조건 다 봄,코골이 함,기다림,"중국&몽골,국내,유럽","건조함,더움,쌀쌀함","사람&관계,자연감상,도전과성장","콘도,4-5성급호텔,민박",오전 8-9시,100만원 이하,"저는 여행 중에 날씨 때문에 고생한 경험이 있어요, 건조하거나 덥거나 쌀쌀한 기후가 특히 힘들었죠. 그래서 다음 여행에는 날씨가 쾌적한 것이 꼭 있었으면 좋겠어요. 함께 여행하고 싶은 사람은 말이 많고 자유로운 즉흥 여행을 즐길 수 있는 성격이라면 좋겠어요. 이번 여행에서는 새로운 사람들과의 교류와 성장을 기대하고 있어요. 여행이 제게 새로운 인연과 도전의 기회가 되길 바랍니다. 호텔 같은 숙소에서 쾌적하게 머물며 중국과 몽골의 다양한 풍경을 즐기는 것이 목표랍니다.","이 사용자는 중국&몽골 지역을 선호하고, 건조함 기후를 피하고 싶어해요. 여행 목적은 도전과성장이며, 4-5성급호텔에서 머무는 걸 좋아하고 오전 8-9시쯤 기상하는 편이에요.",,
572,보통,수용적,매우 많다,꽤 정확,무조건 리드,3,둔감,꽤 빡빡하게,해외,바다,즉흥 여행,무조건 다 봄,코골이 안함,기다림,"그 외,국내,일본","쌀쌀함,건조함,습함","도전과성장,쇼핑,문화&역사체험","펜션,에어비엔비,게스트하우스",오전 10시 이후,200-300만원,"저는 여행 중 예기치 못한 날씨나 체력이 약한 편임에도 불구하고 빡빡한 일정 속에서 많은 랜드마크를 보는 것이 부담스러울 수 있습니다. 이번 여행에서 가장 필요한 것은 좋은 숙소에서 충분한 휴식을 취할 수 있는 여유입니다. 따라서 함께 여행할 사람은 말이 많고 의견을 적극 수용하는 성격을 가져 저와 소통이 원활한 사람이었으면 합니다. 무엇보다도 이번 여행에서 문화와 역사체험을 통해 새로운 도전과 성장을 경험하고 싶고, 쇼핑을 통해 즐거움을 더하고 싶습니다. 이번 여행이 저의 삶에 있어 새로운 시각을 열어주고 의미 있는 변화를 가져오기를 기대합니다.","이 사용자는 그 외 지역을 선호하고, 습함 기후를 피하고 싶어해요. 여행 목적은 쇼핑이며, 펜션에서 머무는 걸 좋아하고 오전 10시 이후쯤 기상하는 편이에요.",,
573,보통,매우 수용적,많다,종종 늦음,따르는 편,4,둔감,매우 빡빡하게,해외,바다,즉흥 여행,무조건 다 봄,코골이 함,다른 곳 간다,"세계일주,그 외,미국","건조함,더움,추움","기록,도전과성장,자연감상","4-5성급호텔,콘도,게스트하우스",오전 8-9시,100만원 이하,저는 여행 중에 시간이 맞지 않거나 일정이 빡빡하여 준비 없이 이동하게 될 때 최악의 경험을 했던 것 같아요. 이번 여행에서는 특히 기록을 남기는 것이 중요하기 때문에 이를 위해 필요한 도구가 꼭 있으면 합니다. 같은 여행을 친구처럼 편하게 함께 움직일 수 있는 유연한 사람과 가고 싶어요. 이번 여행에서 가장 기대하는 것은 각국의 다양한 문화와 자연을 직접 체험하며 도전과 성장을 이루는 것입니다. 삶의 새로운 방식이나 관점을 얻게 되어 제 삶에 긍정적인 변화를 가져오기를 바랍니다.,"이 사용자는 미국 지역을 선호하고, 추움 기후를 피하고 싶어해요. 여행 목적은 기록이며, 게스트하우스에서 머무는 걸 좋아하고 오전 8-9시쯤 기상하는 편이에요.",,
574,보통,다소 완고,매우 많다,꽤 정확,따르는 편,4,매우 둔감,매우 여유있게,국내,산,계획 여행,무조건 다 봄,코골이 안함,기다림,"유럽,미국,동남아","상관없음,습함,건조함","도전과성장,자연감상,액티비티","게스트하우스,3성이하 호텔,에어비엔비",오전 8-9시,100만원 이하,"저는 여행 중 날씨나 환경 때문에 예기치 못한 피곤함이 최고로 싫은 경험인데, 주로 습한 날씨가 그런 불편함을 주곤 했어요. 그래서 이번 여행에서는 편안한 호텔 숙소와 충분한 계획이 꼭 필요해요. 같이 여행하고 싶은 사람은 대화를 즐기지만 조금은 차분하게 계획을 따를 줄 아는 사람이면 좋겠어요. 이번 여행에서는 다양한 액티비티와 새로운 환경에서의 도전을 가장 기대하고 있습니다. 이러한 경험이 제게는 신체적 도전을 넘어 정신적인 성장을 이루는 기회가 되었으면 해요.","이 사용자는 미국 지역을 선호하고, 습함 기후를 피하고 싶어해요. 여행 목적은 액티비티이며, 3성이하 호텔에서 머무는 걸 좋아하고 오전 8-9시쯤 기상하는 편이에요.",,
575,매우 민감,수용적,매우 많다,매우 정확,따르는 편,3,둔감,꽤 빡빡하게,해외,바다,즉흥 여행,적당히 봄,코골이 함,기다림,"그 외,유럽,미국","쌀쌀함,더움,추움","쇼핑,문화&역사체험,도전과성장","펜션,상관없음,게스트하우스",오전 9-10시,100만원 이하,"저는 이번 유럽 여행에서 더운 기후를 피하면서도 도전과 성장을 경험할 수 있기를 기대하고 있습니다. 여행 중 코골이 때문에 다른 사람의 수면을 방해했던 것이 최악의 경험이었고, 이번에는 그런 불편함을 줄이는 방법을 찾고 싶습니다. 또한, 쇼핑과 문화&역사 체험을 통해 새로운 것을 배우고 싶고 즉흥적인 여행 스타일을 즐길 계획입니다. 여행을 같이 가는 사람은 유연하고 긍정적인 태도를 가진 분이면 좋겠으며, 저와 같이 문화 체험을 공유할 수 있기를 바랍니다. 이번 여행은 새로운 문화에 대한 이해를 깊게 하면서 저 자신에게 긍정적인 변화를 가져올 수 있는 기회가 되었으면 합니다.","이 사용자는 유럽 지역을 선호하고, 더움 기후를 피하고 싶어해요. 여행 목적은 도전과성장이며, 게스트하우스에서 머무는 걸 좋아하고 오전 9-10시쯤 기상하는 편이에요.",,
576,매우 둔감,다소 완고,많다,매우 정확,리드하는편,1,매우 민감,매우 여유있게,국내,바다,계획 여행,적당히 봄,코골이 함,다른 곳 간다,"일본,중국&몽골,미국","쌀쌀함,상관없음,더움","액티비티,사람&관계,기록","콘도,에어비엔비,3성이하 호텔",오전 9-10시,100만원 이하,"저는 여행 중에 예기치 않은 코골이 소음이나 일정 변경 같은 계획에 어긋나는 상황을 특히 싫어합니다. 그래서 여행 계획을 꼼꼼히 세우고, 여유로운 일정 속에 깨끗한 3성 이하의 숙소에서 머무는 것을 선호합니다. 이번 여행에서는 사람들과의 깊은 교류와 새로운 액티비티를 즐기는 것이 가장 기대됩니다. 같이 여행을 가고 싶은 사람은 시간을 잘 지키고 청결에 민감한 사람이었으면 좋겠습니다. 이번 여행을 통해 일상에서 벗어나 새로운 기록을 남기고, 사람들과 관계를 돈독히 하며 의미 있는 시간이 되었으면 합니다.","이 사용자는 미국 지역을 선호하고, 쌀쌀함 기후를 피하고 싶어해요. 여행 목적은 액티비티이며, 3성이하 호텔에서 머무는 걸 좋아하고 오전 9-10시쯤 기상하는 편이에요.",,
577,꽤 민감,보통,매우 적다,꽤 정확,무조건 따름,3,보통,꽤 빡빡하게,국내,바다,즉흥 여행,무조건 다 봄,코골이 안함,다른 곳 간다,"세계일주,중국&몽골,동남아","더움,상관없음,습함","휴식,자연감상,도전과성장","펜션,게스트하우스,민박",오전 10시 이후,200-300만원,"여행 중 가장 최악의 경험은 더운 날씨와 고된 일정 때문일 것입니다. 그래서 이번 여행에서는 꼭 시원하고 쾌적한 환경이 있어야 한다고 생각합니다. 저와 함께 여행을 떠날 사람은 계획 없이 즉흥적인 여행을 받아줄 수 있는 사람이어야 합니다. 이번 여행에서는 일상의 스트레스에서 벗어나 자연 속에서 휴식을 취하는 것을 가장 기대하고 있습니다. 궁극적으로, 이번 여행이 도전과 성장을 통해 제 삶에 긍정적인 변화를 가져오기를 바랍니다.","이 사용자는 동남아 지역을 선호하고, 습함 기후를 피하고 싶어해요. 여행 목적은 자연감상이며, 펜션에서 머무는 걸 좋아하고 오전 10시 이후쯤 기상하는 편이에요.",,
578,보통,다소 완고,적다,매우 정확,리드하는편,4,둔감,꽤 빡빡하게,국내,산,즉흥 여행,무조건 다 봄,코골이 안함,기다림,"중국&몽골,동남아,세계일주","쌀쌀함,추움,더움","자연감상,미식,기록","상관없음,3성이하 호텔,에어비엔비",오전 10시 이후,100만원 이하,"저는 여행 중에 시간 약속이 정확하지 않거나 너무 추운 기후를 만나는 것을 최악으로 생각합니다, 그래서 이번 여행에서 따뜻한 날씨가 꼭 필요합니다. 같이 여행 가고 싶은 사람은 조금 완고한 저와도 의견이 잘 맞고 리더십을 발휘할 수 있는 사람이었으면 합니다. 이번 여행에서는 자연 감상을 통해 새로운 경험을 기대하고 있으며, 이는 제 삶에 있어 기억할 만한 기록이며 힐링의 기회가 되었으면 좋겠습니다. 여행 일정은 즉흥적으로 하되 모든 랜드마크는 꼭 보려고 하며, 100만원 이하의 예산으로 미식을 즐기는 것을 목표로 하고 있습니다.","이 사용자는 세계일주 지역을 선호하고, 쌀쌀함 기후를 피하고 싶어해요. 여행 목적은 자연감상이며, 3성이하 호텔에서 머무는 걸 좋아하고 오전 10시 이후쯤 기상하는 편이에요.",,
579,매우 민감,매우 수용적,적다,매우 정확,무조건 리드,4,꽤 민감,매우 빡빡하게,국내,산,즉흥 여행,적당히 봄,코골이 함,기다림,"국내,세계일주,미국","쌀쌀함,건조함,습함","쇼핑,자연감상,문화&역사체험","에어비엔비,3성이하 호텔,민박",오전 8-9시,200-300만원,"여행 중 최악의 경험은 약속 시간에 늦었거나 일정이 어긋났을 때였어요, 왜냐하면 저는 시간약속을 매우 중요하게 생각하거든요. 이번 여행에서 꼭 가져가고 싶은 것은 민박이나 에어비앤비 같은 편안한 숙소예요, 이는 청결에도 신경을 많이 쓰는 저에게 중요한 부분이죠. 함께 여행하고 싶은 사람은 제 의견에 수용적이고 조용한 사람이면 좋겠어요. 여행에서 가장 기대하는 것은 자연을 감상하고 문화와 역사 체험을 통해 새로운 시각을 얻는 것입니다. 이번 여행이 저의 삶에 주는 의미는 일상 속에서 벗어나 즉흥적인 재미와 함께 내면의 휴식을 찾는 것입니다.","이 사용자는 국내 지역을 선호하고, 건조함 기후를 피하고 싶어해요. 여행 목적은 자연감상이며, 민박에서 머무는 걸 좋아하고 오전 8-9시쯤 기상하는 편이에요.",,
580,매우 민감,수용적,보통,자주 늦음,리드하는편,2,둔감,매우 빡빡하게,국내,산,계획 여행,적당히 봄,코골이 안함,기다림,"그 외,동남아,일본","더움,쌀쌀함,습함","자연감상,기록,도전과성장","민박,에어비엔비,3성이하 호텔",오전 10시 이후,400만원 이상,여행 중 최악의 경험은 습하거나 더운 기후로 인한 불편함이었습니다. 다음 여행에서는 기록할 수 있는 도구를 꼭 챙기고 싶습니다. 함께 여행하고 싶은 사람은 수용적이며 일정에 잘 맞춰줄 수 있는 사람입니다. 이번 여행에서는 자연을 감상하고 도전하면서 새로운 성장을 기대합니다. 이 여행을 통해 제 삶에 더 많은 기록과 성장을 남기고 싶습니다.,"이 사용자는 일본 지역을 선호하고, 습함 기후를 피하고 싶어해요. 여행 목적은 기록이며, 에어비엔비에서 머무는 걸 좋아하고 오전 10시 이후쯤 기상하는 편이에요.",,
581,보통,수용적,보통,종종 늦음,무조건 리드,2,꽤 민감,꽤 빡빡하게,해외,산,즉흥 여행,적당히 봄,코골이 함,다른 곳 간다,"그 외,미국,유럽","쌀쌀함,습함,건조함","문화&역사체험,공연&경기관람,쇼핑","4-5성급호텔,에어비엔비,민박",오전 8-9시,100만원 이하,"여행 중 최악의 경험은 쌀쌀하고 습한 기후 때문일 가능성이 큽니다. 특히 공연 관람을 중요시하는 만큼, 이번 여행에서는 문화와 역사 체험을 풍부하게 할 수 있는 지역 방문을 기대하고 있습니다. 여행 동반자는 서로 의견을 잘 수용하고, 함께 즉흥적인 계획에도 즐겁게 참여할 수 있는 사람이었으면 좋겠습니다. 미국이나 유럽에서의 여행은 제 삶에 있어 새로운 영감을 줄 수 있을 것 같습니다. 또한, 여행 예산이 100만원 이하로 제한된 상황에서 알뜰한 예산 안에 맞출 수 있기를 바랍니다.","이 사용자는 그 외 지역을 선호하고, 쌀쌀함 기후를 피하고 싶어해요. 여행 목적은 공연&경기관람이며, 에어비엔비에서 머무는 걸 좋아하고 오전 8-9시쯤 기상하는 편이에요.",,
582,매우 둔감,매우 수용적,많다,꽤 정확,보통,2,꽤 민감,보통,국내,산,계획 여행,무조건 다 봄,코골이 안함,기다림,"국내,동남아,그 외","건조함,더움,습함","휴식,기록,문화&역사체험","3성이하 호텔,민박,4-5성급호텔",오전 10시 이후,400만원 이상,"저는 여행 중 덥고 습한 기후를 피하고 싶지만, 과거 가장 힘들었던 경험은 그러한 환경에서 장시간 이동이었어요. 이번 여행에서는 무엇보다 편안한 숙소와 휴식을 확보하고 싶으며, 특히 기록과 문화 역사 체험을 중요시합니다. 같이 여행하고 싶은 사람은 다양한 의견에 열린 태도를 가진 사람이고, 함께하는 시간이 즐겁고 풍성하게 채워질 수 있는 사람이면 좋겠습니다. 이번 여행에서 가장 기대하는 것은 자연과의 교감과 새로운 문화 탐방으로, 특히 산과 역사적인 랜드마크를 모두 둘러볼 계획이에요. 이 여행은 제 삶에 새로운 활력을 불어넣고, 평화로운 여유를 통해 저 자신을 재충전하는 의미를 갖기를 희망합니다.","이 사용자는 그 외 지역을 선호하고, 습함 기후를 피하고 싶어해요. 여행 목적은 휴식이며, 3성이하 호텔에서 머무는 걸 좋아하고 오전 10시 이후쯤 기상하는 편이에요.",,
583,둔감,수용적,많다,꽤 정확,따르는 편,4,꽤 민감,매우 여유있게,해외,산,즉흥 여행,적당히 봄,코골이 함,기다림,"그 외,동남아,유럽","상관없음,더움,추움","사람&관계,쇼핑,기록","게스트하우스,에어비엔비,민박",오전 8-9시,200-300만원,"이번 여행에서 가장 기대하는 것은 새로운 사람들과의 교류와 쇼핑이지만, 지난번 여행에서 있었던 혼잡한 일정이나 예상치 못한 상황은 피하고 싶습니다. 그래서 이번 여행에서는 여유로운 일정 속에서 즉흥성을 즐기며 생활할 것이고, 함께 여행할 사람들은 대화가 많고 적당한 리더십 있는 사람으로 편안함을 더해주는 이를 선호합니다. 여행 중에는 기록을 남기기 위한 도구나 환경이 꼭 필요하며, 민박이나 에어비엔비 같은 곳에서 머물며 현지 문화를 좀 더 직접적으로 느끼고 싶습니다. 이번 여행이 제 삶에 남기는 의미는 더욱 다양한 사람을 만나고, 새로운 시각을 가지는 기회가 되었으면 합니다.","이 사용자는 그 외 지역을 선호하고, 상관없음 기후를 피하고 싶어해요. 여행 목적은 쇼핑이며, 민박에서 머무는 걸 좋아하고 오전 8-9시쯤 기상하는 편이에요.",,
584,보통,매우 완고,적다,자주 늦음,무조건 따름,5,매우 둔감,보통,해외,산,즉흥 여행,무조건 다 봄,코골이 안함,다른 곳 간다,"중국&몽골,그 외,국내","추움,쌀쌀함,상관없음","기록,자연감상,휴식","상관없음,3성이하 호텔,펜션",오전 8-9시,400만원 이상,"저는 즉흥적인 여행을 즐기지만 종종 약속 시간에 늦기도 하는 스타일입니다. 그래서 여행 중 최악의 경험은 계획된 랜드마크를 놓친 경우가 있었습니다. 이번 여행에서는 자연을 감상할 수 있는 환경이 꼭 필요하다고 생각하며, 함께 여행할 사람은 준비성은 좋지만 완고하지 않은 사람이면 좋겠습니다. 가장 기대하는 것은 중국이나 몽골의 아름다운 자연을 조용히 즐기며 기록하는 것입니다. 이번 여행이 저에게는 일상에서 벗어나 자연 속에서 휴식을 취하고 재충전하는 의미가 되었으면 합니다.","이 사용자는 국내 지역을 선호하고, 상관없음 기후를 피하고 싶어해요. 여행 목적은 자연감상이며, 상관없음에서 머무는 걸 좋아하고 오전 8-9시쯤 기상하는 편이에요.",,
585,꽤 민감,다소 완고,보통,자주 늦음,보통,5,매우 둔감,매우 빡빡하게,해외,바다,계획 여행,무조건 다 봄,코골이 함,기다림,"유럽,세계일주,동남아","더움,습함,쌀쌀함","쇼핑,사람&관계,공연&경기관람","3성이하 호텔,펜션,상관없음",오전 10시 이후,300-400만원,"저는 여행 중 더운 기후를 매우 싫어하기 때문에 무더위에 시달렸던 경험은 최악이었어요. 이번 여행에서는 땀을 많이 흘려도 적합한 옷과 장비가 필수적이며, 이런 점에서 함께 여행할 사람도 저와 취향이 잘 맞아야 해요. 특히 쇼핑과 사람들과의 관계를 중요시하는 만큼 이번 여행에서 다양한 지역의 문화를 접하고 새로운 사람들과의 교류를 가장 기대하고 있어요. 이 여행을 통해 저는 더욱 넓어진 시야와 풍부한 경험을 쌓아 삶의 질을 높이고 싶습니다.","이 사용자는 유럽 지역을 선호하고, 더움 기후를 피하고 싶어해요. 여행 목적은 쇼핑이며, 펜션에서 머무는 걸 좋아하고 오전 10시 이후쯤 기상하는 편이에요.",,
586,둔감,보통,매우 적다,보통,보통,3,둔감,보통,국내,산,계획 여행,적당히 봄,코골이 함,기다림,"미국,일본,동남아","더움,습함,추움","사람&관계,문화&역사체험,휴식","펜션,게스트하우스,상관없음",오전 9-10시,200-300만원,"저는 추운 날씨를 피하고 싶어하며, 일본 같은 지역을 여행하는 걸 선호합니다. 여행 중 최악의 경험은 아마도 예상치 못한 기후로 인한 불편함일 것 같습니다. 이번 여행에서는 사람들과의 관계가 중요하기 때문에, 친절하고 이해심 있는 여행 동반자가 함께 해주면 좋겠습니다. 이번 여행에서 가장 기대하는 것은 지역 문화와 역사를 체험하고 새로운 사람들을 만나는 것입니다. 여행은 저에게 휴식과 동시에 사람들과의 연결을 강화하는 의미를 가집니다.","이 사용자는 일본 지역을 선호하고, 추움 기후를 피하고 싶어해요. 여행 목적은 사람&관계이며, 펜션에서 머무는 걸 좋아하고 오전 9-10시쯤 기상하는 편이에요.",,
587,매우 둔감,다소 완고,적다,보통,따르는 편,3,둔감,꽤 여유있게,해외,바다,계획 여행,적당히 봄,코골이 함,기다림,"중국&몽골,미국,그 외","건조함,쌀쌀함,더움","쇼핑,미식,기록","민박,4-5성급호텔,게스트하우스",오전 8-9시,400만원 이상,"미국 여행을 계획하면서 이번 여행에서 가장 기대하는 것은 쇼핑과 미식, 그리고 기록을 남기는 것입니다. 호화로운 것보다는 민박 같은 실용적인 숙소를 선호하는 만큼, 너무 건조하거나 더운 기후는 피하고 싶습니다. 예전 여행에서는 계획에 따라 움직이지 않았던 순간이 최악의 경험이었고, 이번에는 시간 약속을 잘 지키면서 여유로운 일정 속에서 만족스러운 쇼핑과 맛있는 음식을 즐기고 싶습니다. 말수가 적고 둔감한 성향이지만 완고하며, 여행 스타일이 비슷한 사람과 함께라면 좋겠습니다. 이번 여행이 일상을 벗어나 새로운 관점을 얻고, 삶의 소중한 추억이 되길 바랍니다.","이 사용자는 미국 지역을 선호하고, 건조함 기후를 피하고 싶어해요. 여행 목적은 기록이며, 민박에서 머무는 걸 좋아하고 오전 8-9시쯤 기상하는 편이에요.",,
588,둔감,매우 완고,매우 적다,매우 정확,무조건 따름,5,매우 민감,매우 빡빡하게,해외,산,계획 여행,적당히 봄,코골이 함,다른 곳 간다,"일본,동남아,그 외","쌀쌀함,건조함,추움","기록,휴식,문화&역사체험","민박,펜션,상관없음",오전 10시 이후,200-300만원,"여행 중 최악의 경험은 빡빡한 일정에도 불구하고 예기치 않은 기다림이 발생했을 때였습니다, 그래서 필요한 경우 다른 곳으로 이동하는 편입니다. 이번 여행에는 기록을 위한 도구가 꼭 필요하며, 함께 여행을 간다면 의견을 굽히지 않고 계획을 잘 따르는 사람이 이상적일 것입니다. 가장 기대하는 것은 동남아의 따뜻한 기후에서 문화와 역사 체험을 통해 느끼는 휴식과 기록의 시간입니다. 이번 여행은 제 생활 속에서 새로운 경험과 문화적 풍요로움을 더해주는 중요한 역할을 했으면 합니다.","이 사용자는 동남아 지역을 선호하고, 쌀쌀함 기후를 피하고 싶어해요. 여행 목적은 기록이며, 민박에서 머무는 걸 좋아하고 오전 10시 이후쯤 기상하는 편이에요.",,
589,매우 둔감,수용적,매우 많다,매우 정확,리드하는편,1,보통,꽤 여유있게,국내,산,즉흥 여행,적당히 봄,코골이 안함,기다림,"유럽,중국&몽골,동남아","건조함,습함,추움","미식,사람&관계,쇼핑","3성이하 호텔,4-5성급호텔,콘도",오전 8-9시,200-300만원,"여행 중 최악의 경험은 추운 기후에서의 불편함이었고, 이번 여행에는 미식과 쇼핑을 충분히 즐기기 위해 적당한 예산 범위 내에서 4-5성급 호텔에서의 숙박이 꼭 필요합니다. 함께 여행을 떠날 사람은 다양한 의견을 수용하면서도 적당히 이끌어줄 수 있는 성향을 가진 사람이면 좋겠어요. 이번 여행에서 가장 기대되는 것은 새로운 사람들과의 만남과 그들과의 관계를 통해 얻는 다양한 경험입니다. 이번 여행이 제 삶에 가져다줄 의미는 새로운 문화와 미식을 통해 개인적인 성장과 즐거움을 느끼는 것입니다.","이 사용자는 유럽 지역을 선호하고, 습함 기후를 피하고 싶어해요. 여행 목적은 쇼핑이며, 4-5성급호텔에서 머무는 걸 좋아하고 오전 8-9시쯤 기상하는 편이에요.",,
590,꽤 민감,매우 수용적,매우 많다,종종 늦음,무조건 리드,5,보통,매우 빡빡하게,해외,산,계획 여행,무조건 다 봄,코골이 안함,기다림,"미국,유럽,세계일주","더움,건조함,습함","휴식,미식,공연&경기관람","게스트하우스,4-5성급호텔,콘도",오전 9-10시,400만원 이상,"저는 세계일주를 계획하며, 휴식을 주목적으로 하는 이번 여행에서 미식과 공연, 경기를 관람할 기회를 가지기를 기대합니다. 더운 기후와 건조함은 피하고 싶지만 웨이팅에는 인내심이 있으며, 깨끗하고 편안한 숙소에서 느긋한 아침을 시작하고 싶습니다. 여행을 함께할 사람은 대화가 활발하고, 다양한 의견에 개방적인 성격을 가진 사람을 선호합니다. 여행 중 최악의 경험은 아마도 빡빡한 일정 속에서 계획대로 진행되지 않을 때일 것입니다. 이번 여행은 제 삶에 새로운 자극과 활력을 불어넣으며, 세계 곳곳의 사람들과 경험들을 통해 넓은 시야를 얻고 싶습니다.","이 사용자는 세계일주 지역을 선호하고, 습함 기후를 피하고 싶어해요. 여행 목적은 휴식이며, 콘도에서 머무는 걸 좋아하고 오전 9-10시쯤 기상하는 편이에요.",,
591,꽤 민감,수용적,매우 많다,보통,따르는 편,4,둔감,꽤 여유있게,해외,산,계획 여행,무조건 다 봄,코골이 안함,다른 곳 간다,"동남아,세계일주,미국","쌀쌀함,상관없음,더움","자연감상,사람&관계,쇼핑","4-5성급호텔,상관없음,게스트하우스",오전 9-10시,300-400만원,"저는 여행 중 웨이팅 없이 계획대로 여유롭게 모든 랜드마크를 보지 못할 때 최악이라고 느껴요. 이번 여행에서는 자연 감상을 중요한 목적 중 하나로 삼고 있어, 이를 충분히 즐길 수 있는 시간이 꼭 필요합니다. 저와 함께 여행을 할 사람은 수용적으로 제 경험을 함께 나누며 대화를 많이 나눌 수 있는 사람이었으면 좋겠어요. 이번 여행에서 가장 기대하는 것은 동남아, 미국 같은 다양한 지역에서의 새로운 자연과 사람들을 경험하는 것입니다. 이번 여행은 저에게 새로운 세계를 접하고 관계를 확장함으로써 삶에 신선한 활력을 불어넣어주는 의미를 가졌으면 해요.","이 사용자는 미국 지역을 선호하고, 쌀쌀함 기후를 피하고 싶어해요. 여행 목적은 자연감상이며, 4-5성급호텔에서 머무는 걸 좋아하고 오전 9-10시쯤 기상하는 편이에요.",,
592,꽤 민감,매우 수용적,매우 많다,자주 늦음,리드하는편,5,매우 둔감,매우 빡빡하게,국내,산,즉흥 여행,적당히 봄,코골이 함,다른 곳 간다,"그 외,일본,미국","건조함,추움,상관없음","도전과성장,기록,문화&역사체험","민박,3성이하 호텔,게스트하우스",오전 9-10시,200-300만원,"저는 여행 중에 코를 골아서 다른 사람에게 피해를 줄까봐 걱정이 많았던 적이 많아요. 이번 여행에서는 즉흥적으로 움직이면서도 문화와 역사적 체험을 많이 하고 싶은데, 중요한 건꼭 문화적 도전과 성장을 기록할 수 있는 기회를 갖는 것이에요. 함께 여행할 사람은 말이 많고 저처럼 이야기를 주고받을 수 있는 사람이라면 좋겠어요. 무엇보다도 이번 여행에서 다양한 문화를 접하고 역사 속에서 배우며 삶의 의미를 되새길 수 있기를 기대해요. 이 여행을 통해 단순한 휴식을 넘어 새로운 도전과 개인적인 성장을 이룰 수 있기를 바랍니다.","이 사용자는 미국 지역을 선호하고, 상관없음 기후를 피하고 싶어해요. 여행 목적은 문화&역사체험이며, 3성이하 호텔에서 머무는 걸 좋아하고 오전 9-10시쯤 기상하는 편이에요.",,
593,매우 둔감,매우 완고,매우 많다,매우 정확,리드하는편,5,보통,매우 여유있게,해외,산,즉흥 여행,무조건 다 봄,코골이 안함,다른 곳 간다,"세계일주,동남아,미국","상관없음,쌀쌀함,습함","공연&경기관람,기록,도전과성장","상관없음,콘도,펜션",오전 8-9시,100만원 이하,"저는 즉흥적으로 해외 여행을 즐기며 공연과 경기를 관람하는 것을 좋아합니다. 여행 중에는 꼭 다녀야 할 랜드마크를 모두 둘러보며, 웨이팅이 길면 다른 곳을 찾기도 합니다. 제 시간 엄수는 중요하기 때문에 여행 중 약속은 철저히 지키고자 하며 여유 있는 일정을 선호합니다. 함께 여행할 사람은 리드할 수 있는 이유로 의견을 잘 따라주는 사람이라면 좋겠어요. 이번 여행은 다양한 장소에서 새로운 도전과 성장을 경험하는 것이 목표입니다.","이 사용자는 미국 지역을 선호하고, 습함 기후를 피하고 싶어해요. 여행 목적은 공연&경기관람이며, 펜션에서 머무는 걸 좋아하고 오전 8-9시쯤 기상하는 편이에요.",,
594,매우 둔감,보통,매우 많다,보통,따르는 편,1,매우 둔감,보통,국내,바다,즉흥 여행,적당히 봄,코골이 안함,다른 곳 간다,"국내,중국&몽골,유럽","쌀쌀함,습함,추움","문화&역사체험,도전과성장,액티비티","3성이하 호텔,펜션,상관없음",오전 8-9시,400만원 이상,"저는 여행 중에 습하고 쌀쌀한 날씨를 겪는 것이 최악이라고 느낄 수 있습니다. 이번 여행에서는 문화와 역사 체험이 꼭 필요하며, 갑작스러운 변화에도 유연하게 적응할 수 있는 즉흥 여행을 즐기고 싶습니다. 같이 여행을 가는 사람은 제 말이 많아도 잘 들어주고, 함께 도전과 성장을 추구하는 것을 좋아하는 사람이라면 좋겠습니다. 이번 여행에서 가장 기대하는 것은 국내의 아름다운 바다를 보며 새로운 경험을 쌓는 것이며, 여행이 제 삶에 새로운 활력과 의미 있는 도전의 시간이 되기를 바랍니다. 또한 이번 여행은 제 체력에 맞춰 무리하지 않으면서도 충분히 즐길 수 있는 일정으로 계획하고 싶습니다.","이 사용자는 국내 지역을 선호하고, 쌀쌀함 기후를 피하고 싶어해요. 여행 목적은 문화&역사체험이며, 펜션에서 머무는 걸 좋아하고 오전 8-9시쯤 기상하는 편이에요.",,
595,꽤 민감,수용적,보통,보통,무조건 따름,1,매우 둔감,보통,해외,바다,계획 여행,무조건 다 봄,코골이 안함,다른 곳 간다,"세계일주,미국,유럽","쌀쌀함,건조함,추움","공연&경기관람,사람&관계,문화&역사체험","펜션,상관없음,콘도",오전 10시 이후,400만원 이상,"저는 개인적으로 여행 중 최악의 경험은 추운 날씨일 때가 많은데, 특히 몸이 약해서 더욱 힘들게 느껴집니다. 이번 여행에서는 공연이나 경기를 꼭 관람하고 싶고, 따라서 일정 내내 따뜻한 날씨가 필요합니다. 함께 여행할 사람은 리더십을 발휘하고 계획을 잘 따라갈 수 있는 사람이면 좋겠어요. 이번 여행에서 가장 기대되는 것은 다양한 문화를 체험하고 새로운 사람들과의 관계를 맺는 것입니다. 이 여행이 제 삶에 있어 세계를 더 넓게 이해하고 다양한 문화적 시각을 경험할 기회가 되었으면 합니다.","이 사용자는 세계일주 지역을 선호하고, 건조함 기후를 피하고 싶어해요. 여행 목적은 공연&경기관람이며, 펜션에서 머무는 걸 좋아하고 오전 10시 이후쯤 기상하는 편이에요.",,
596,둔감,매우 수용적,매우 적다,보통,무조건 따름,3,꽤 민감,매우 빡빡하게,국내,바다,즉흥 여행,무조건 다 봄,코골이 안함,기다림,"세계일주,그 외,유럽","습함,더움,건조함","공연&경기관람,사람&관계,휴식","게스트하우스,상관없음,4-5성급호텔",오전 10시 이후,100만원 이하,"저는 여행 중에 습하고 더운 기후를 정말 싫어하기 때문에, 이런 날씨에서의 경험이 최악이었습니다. 이번 여행에는 꼭 공연이나 경기 관람이 포함되어 있어야 하며, 저는 사람과의 관계를 중요시하기 때문에, 같이 여행을 가고 싶은 사람은 노련하게 함께 계획할 수 있는 수용적인 사람입니다. 여행에서는 주로 여러 랜드마크를 돌아보며 바쁜 일정을 기대하고 있으며, 새로운 사람들을 만나는 것에 대한 기대도 큽니다. 이러한 여행이 제 삶에 새로운 경험과 인연들을 더해 주길 바라며, 이는 궁극적으로 저에게 휴식과 활력을 불어넣어 주는 시간이 될 것이라 생각합니다.","이 사용자는 세계일주 지역을 선호하고, 습함 기후를 피하고 싶어해요. 여행 목적은 공연&경기관람이며, 4-5성급호텔에서 머무는 걸 좋아하고 오전 10시 이후쯤 기상하는 편이에요.",,
597,둔감,수용적,매우 적다,보통,보통,5,꽤 민감,매우 빡빡하게,해외,바다,즉흥 여행,무조건 다 봄,코골이 함,기다림,"세계일주,그 외,미국","건조함,습함,상관없음","자연감상,쇼핑,공연&경기관람","펜션,콘도,게스트하우스",오전 9-10시,200-300만원,"해외 여행을 즐기는 저는 이번 여행에서 세계 일주의 일환으로 여러 랜드마크를 방문할 예정입니다. 여행 중 습하거나 건조한 기후를 피하려 하지만, 여기에 크게 예민하지는 않습니다. 게스트하우스에 머물며 자연 감상이나 쇼핑을 즐기는 것이 기대되며, 혼자 조용히 시간을 보내는 것을 선호하지만, 수용적인 성격 덕분에 타인과의 여행도 문제없어요. 무엇보다도 여행지에서 기상 후 바로 활동할 수 있는 조건이 중요하며, 이번 여행을 통해 삶에 새로운 활력과 추억을 더하고 싶습니다. 최악의 경험은 보통 시간 약속의 어려움이며, 이번 여행에서는 빡빡한 일정 속에서도 여유로움을 찾고 싶습니다.","이 사용자는 그 외 지역을 선호하고, 습함 기후를 피하고 싶어해요. 여행 목적은 쇼핑이며, 게스트하우스에서 머무는 걸 좋아하고 오전 9-10시쯤 기상하는 편이에요.",,
598,매우 민감,수용적,많다,매우 정확,보통,4,매우 둔감,꽤 여유있게,해외,산,계획 여행,적당히 봄,코골이 함,기다림,"세계일주,국내,그 외","추움,습함,건조함","미식,문화&역사체험,사람&관계","상관없음,펜션,게스트하우스",오전 8-9시,100만원 이하,"저는 해외 여행을 즐기지만 추운 기후를 피하고 싶어하며 미식과 문화, 역사를 체험하는 것을 중요하게 생각합니다. 여행 중 최악의 경험은 계획이 틀어져 일정이 엉망이 되는 것이며, 이번 여행에서 꼭 필요한 것은 미식 체험입니다. 같이 여행하고 싶은 사람은 수용적이고 대화가 많은 사람으로 시간을 잘 지키는 사람이면 좋겠습니다. 이번 여행에서 가장 기대하는 것은 각 지역의 고유 음식을 즐기는 것이고, 이를 통해 새로운 문화와 사람들과의 관계를 형성하고 싶습니다. 제 삶에서 이번 여행이 의미 있는 이유는 이러한 경험이 다양한 시각을 제공하고 삶의 풍요로움을 더해줄 것이라고 믿기 때문입니다.","이 사용자는 그 외 지역을 선호하고, 추움 기후를 피하고 싶어해요. 여행 목적은 미식이며, 펜션에서 머무는 걸 좋아하고 오전 8-9시쯤 기상하는 편이에요.",,
599,보통,보통,적다,종종 늦음,따르는 편,4,매우 둔감,보통,국내,바다,즉흥 여행,적당히 봄,코골이 함,기다림,"그 외,미국,세계일주","상관없음,쌀쌀함,추움","사람&관계,자연감상,공연&경기관람","민박,상관없음,에어비엔비",오전 10시 이후,400만원 이상,"저는 여행 중에 체온 유지에 신경을 많이 쓰기 때문에, 쌀쌀한 날씨에서 몸이 추운 상태로 계속 있었던 것이 최악의 경험 중 하나였습니다. 그래서 이번 여행에는 따뜻하게 입을 수 있는 옷을 꼭 챙기고 싶습니다. 함께 여행을 가고 싶은 사람으로는 유연한 계획과 즉흥적인 상황을 잘 즐기는 사람을 선호합니다. 이번 여행에서는 특히 새로운 사람들과의 관계 형성 및 자연 감상을 가장 기대하고 있으며, 에어비앤비나 민박 같은 숙소에서의 독특한 경험도 중요합니다. 이 여행이 저에게는 단순한 휴식의 목적을 넘어 삶에 활력을 더해주고 사람들과의 소중한 추억을 만들 수 있는 의미가 되었으면 합니다.","이 사용자는 세계일주 지역을 선호하고, 쌀쌀함 기후를 피하고 싶어해요. 여행 목적은 자연감상이며, 에어비엔비에서 머무는 걸 좋아하고 오전 10시 이후쯤 기상하는 편이에요.",,
600,보통,다소 완고,매우 많다,매우 정확,무조건 따름,4,매우 둔감,보통,국내,바다,즉흥 여행,무조건 다 봄,코골이 함,기다림,"동남아,유럽,국내","습함,건조함,쌀쌀함","쇼핑,미식,자연감상","게스트하우스,4-5성급호텔,3성이하 호텔",오전 8-9시,300-400만원,"저는 여행 중에 습한 기후를 특히 피하고 싶어요, 왜냐하면 그것이 저에게는 최악의 경험으로 여겨지기 때문입니다. 이번 여행에서 꼭 필요한 것은 명소를 모두 방문할 수 있는 유연한 일정이고, 다양한 쇼핑 기회를 놓치고 싶지 않아요. 함께 여행할 사람은 예민하지 않고 여유롭게 기다릴 줄 아는 사람이면 좋겠어요. 이번 여행에서는 유럽의 바다를 감상하며 자연의 아름다움에 기대하고 있으며, 이는 제 삶에 새로운 시각과 안식을 가져다주길 희망합니다.","이 사용자는 유럽 지역을 선호하고, 습함 기후를 피하고 싶어해요. 여행 목적은 쇼핑이며, 4-5성급호텔에서 머무는 걸 좋아하고 오전 8-9시쯤 기상하는 편이에요.",,
601,매우 민감,다소 완고,매우 적다,자주 늦음,따르는 편,5,꽤 민감,매우 여유있게,해외,산,계획 여행,무조건 다 봄,코골이 안함,다른 곳 간다,"유럽,그 외,일본","쌀쌀함,추움,건조함","액티비티,기록,문화&역사체험","민박,3성이하 호텔,콘도",오전 8-9시,400만원 이상,"저는 여행 중에는 감성이 예민해 날씨가 쌀쌀할 경우 매우 힘들어합니다. 그래서 날씨가 따뜻한 지역을 선호하며, 이번 여행에서는 온화한 기후가 꼭 필요합니다. 함께 여행할 사람은 침착하고 조용한 성격이었으면 좋겠고, 불필요한 소음이 없는 평화로운 여행을 기대합니다. 여행의 주요 목적은 활기찬 액티비티나 새로운 문화와 역사를 체험하는 것인데, 특히 유럽과 같은 지역에서 다양한 랜드마크를 방문하며 기록으로 남기고 싶습니다. 이번 여행은 저에게 일상의 반복에서 벗어나 새로운 에너지를 얻고, 앞으로의 생활에 영감을 줄 수 있는 중요한 경험이었으면 합니다.","이 사용자는 그 외 지역을 선호하고, 쌀쌀함 기후를 피하고 싶어해요. 여행 목적은 문화&역사체험이며, 민박에서 머무는 걸 좋아하고 오전 8-9시쯤 기상하는 편이에요.",,
602,매우 민감,보통,적다,종종 늦음,리드하는편,4,꽤 민감,매우 여유있게,국내,바다,즉흥 여행,무조건 다 봄,코골이 안함,기다림,"미국,동남아,세계일주","추움,상관없음,습함","미식,쇼핑,기록","에어비엔비,상관없음,민박",오전 10시 이후,200-300만원,"저는 동남아 지역에서 여유로운 여행을 계획하고 있는데, 이번 여행에서 가장 중요한 것은 미식과 쇼핑, 그리고 여행 기록입니다. 무엇보다 여행 중 필요한 요소는 아늑한 숙소와 처음 보는 명소들을 돌아보는 것인데, 그동안 정말 최악이었던 경험은 여행 동료와의 불화 때문이었습니다. 따라서 함께 여행할 사람은 저의 즉흥적인 여행 스타일을 이해하고 상호 존중할 수 있는 사람이었으면 해요. 이번 여행에서 기대하는 바는 새로운 경험과 감정들을 담은 풍부한 기록을 남겨 제 삶에 소중한 추억으로 남기는 것입니다. 또한, 이번 여행이 제 일상에 작은 활력을 불어넣고 새로운 영감을 찾을 수 있는 기회가 되었으면 합니다.","이 사용자는 동남아 지역을 선호하고, 추움 기후를 피하고 싶어해요. 여행 목적은 기록이며, 민박에서 머무는 걸 좋아하고 오전 10시 이후쯤 기상하는 편이에요.",,
603,매우 둔감,수용적,많다,매우 정확,따르는 편,3,매우 둔감,꽤 빡빡하게,해외,바다,계획 여행,적당히 봄,코골이 안함,다른 곳 간다,"세계일주,국내,그 외","상관없음,습함,건조함","도전과성장,문화&역사체험,기록","콘도,에어비엔비,상관없음",오전 10시 이후,100만원 이하,"저는 여행 중 최악의 경험으로 습하고 불쾌한 날씨를 꼽고 싶습니다. 그래서 이번 여행에서는 날씨에 크게 영향을 받지 않도록 철저한 계획이 필수적입니다. 또한 같이 여행을 가고 싶은 사람은 약속 시간에 정확하고, 저처럼 많은 대화를 즐기며 수용적인 태도를 가진 사람이면 좋겠습니다. 이번 여행에서 가장 기대하는 것은 새로운 문화와 역사를 체험하며, 그 모든 과정을 기록하는 것입니다. 이 여행이 제 삶에 도전과 성장을 의미할 수 있도록 노력할 것입니다.","이 사용자는 그 외 지역을 선호하고, 습함 기후를 피하고 싶어해요. 여행 목적은 기록이며, 상관없음에서 머무는 걸 좋아하고 오전 10시 이후쯤 기상하는 편이에요.",,
604,매우 민감,다소 완고,적다,꽤 정확,무조건 따름,3,보통,매우 빡빡하게,해외,산,계획 여행,무조건 다 봄,코골이 안함,다른 곳 간다,"미국,중국&몽골,국내","더움,상관없음,건조함","휴식,공연&경기관람,도전과성장","펜션,3성이하 호텔,4-5성급호텔",오전 8-9시,400만원 이상,"저는 해외여행을 좋아하며, 특히 중국과 몽골 같은 곳을 선호하고, 체력이 많이 소모되는 빡빡한 일정을 주로 즐깁니다. 여행을 하면서 가장 싫어하는 것은 더운 날씨와 일정이 제대로 지켜지지 않는 상황이며, 이로 인해 계획이 어긋난 경험은 최악으로 꼽을 수 있습니다. 여행 중 꼭 필요한 것은 공연이나 경기를 볼 수 있는 기회와 여행 중 체력 유지를 도와줄 쾌적한 숙소입니다. 함께 여행을 가고 싶은 사람은 리더십이 강하지 않더라도 시간을 잘 지키고 계획적으로 행동하는 사람입니다. 이번 여행을 통해 새로운 도전과 성장을 경험하면서 삶의 활력을 얻고 싶습니다.","이 사용자는 중국&몽골 지역을 선호하고, 상관없음 기후를 피하고 싶어해요. 여행 목적은 공연&경기관람이며, 3성이하 호텔에서 머무는 걸 좋아하고 오전 8-9시쯤 기상하는 편이에요.",,
605,보통,수용적,매우 적다,보통,보통,4,둔감,매우 빡빡하게,국내,산,계획 여행,무조건 다 봄,코골이 함,다른 곳 간다,"일본,유럽,동남아","더움,습함,쌀쌀함","미식,액티비티,문화&역사체험","펜션,4-5성급호텔,콘도",오전 9-10시,100만원 이하,"저는 여행 중에 가장 최악의 경험으로 불편한 기후에서의 활동을 꼽습니다. 더운 지역을 선호하면서도, 지나친 습기나 쌀쌀한 날씨는 피하고 싶습니다. 그래서 적절한 기후에서의 미식 경험과 액티비티를 꼭 포함하고 싶어요. 제가 함께 여행할 사람은 말수가 많지 않더라도 서로 의사소통이 잘 되며, 일정에 맞춰 계획적으로 행동할 수 있는 사람들이었으면 좋겠습니다. 이번 여행에서 가장 기대하는 것은 다양한 문화와 역사를 체험하면서 미식을 즐기는 것이며, 이를 통해 제 삶에 새로운 영감을 얻고 싶습니다.","이 사용자는 동남아 지역을 선호하고, 쌀쌀함 기후를 피하고 싶어해요. 여행 목적은 미식이며, 4-5성급호텔에서 머무는 걸 좋아하고 오전 9-10시쯤 기상하는 편이에요.",,
606,매우 둔감,매우 완고,적다,꽤 정확,따르는 편,1,보통,꽤 여유있게,국내,바다,즉흥 여행,적당히 봄,코골이 안함,다른 곳 간다,"그 외,세계일주,국내","습함,상관없음,건조함","사람&관계,도전과성장,공연&경기관람","4-5성급호텔,민박,콘도",오전 8-9시,300-400만원,"여행 중 최악의 경험은 습한 기후 때문이었으나, 이번 여행에서는 그런 걱정 없이 다른 일정을 즐기고 싶습니다. 이번 여행에서 꼭 필요한 것은 한적함과 여유로움으로, 바로 즐길 수 있는 즉흥적인 계획이 중요합니다. 함께 여행하고 싶은 사람은 저의 계획에 유연하게 따라오면서 불필요한 기대나 요구를 하지 않는 사람입니다. 이번 여행에서 가장 기대하는 것은 사람과의 관계 속에서 도전하고 성장할 수 있는 기회입니다. 이번 여행이 제 삶에 새로운 도전의 의미를 부여하고 다양한 경험을 통해 개인적으로 성장할 수 있는 기반이 되었으면 합니다.","이 사용자는 세계일주 지역을 선호하고, 습함 기후를 피하고 싶어해요. 여행 목적은 도전과성장이며, 4-5성급호텔에서 머무는 걸 좋아하고 오전 8-9시쯤 기상하는 편이에요.",,
607,매우 둔감,매우 완고,매우 적다,꽤 정확,보통,4,매우 민감,꽤 여유있게,국내,산,계획 여행,적당히 봄,코골이 안함,기다림,"유럽,중국&몽골,일본","추움,쌀쌀함,더움","자연감상,미식,사람&관계","펜션,에어비엔비,3성이하 호텔",오전 8-9시,400만원 이상,"저는 여행 중 추운 날씨를 특히 피하고 싶어합니다. 일본 같은 곳에서 에어비엔비에 머물면서 여유있는 일정을 즐기는 것을 선호하며 이전 여행에서 불편한 숙소나 일정의 변경 없이 계획대로 진행되지 않았던 경험이 최악이었습니다. 이번 여행에서는 여행이 사람과의 관계를 강화하는 역할을 했으면 좋겠고, 저는 사람들과의 교류를 중요하게 여깁니다. 여행을 함께하고 싶은 사람이라면 말이 많지 않더라도 시간을 잘 지키고 청결을 유지할 수 있는 사람이 좋습니다. 무엇보다 자연 경관을 감상하며 휴식을 취하는 여유로움을 기대하고 있으며, 이렇게 얻은 경험이 제 삶에 긍정적인 영향을 주기를 바랍니다.","이 사용자는 일본 지역을 선호하고, 추움 기후를 피하고 싶어해요. 여행 목적은 사람&관계이며, 에어비엔비에서 머무는 걸 좋아하고 오전 8-9시쯤 기상하는 편이에요.",,
608,매우 둔감,보통,매우 적다,매우 정확,보통,3,보통,꽤 여유있게,해외,산,즉흥 여행,적당히 봄,코골이 함,기다림,"미국,중국&몽골,세계일주","상관없음,건조함,습함","사람&관계,휴식,미식","게스트하우스,3성이하 호텔,4-5성급호텔",오전 9-10시,300-400만원,"여행 중 최악의 경험은 아마도 건조한 기후와의 만남일 것 같아요. 이번 여행에서는 미식을 통해 다양한 음식을 즐길 수 있는 기회를 놓치지 않고 싶습니다. 여행을 함께하는 사람은 말이 많지 않아도 서로의 시간을 존중할 줄 아는 사람이라면 좋겠습니다. 이번 여행에서 가장 기대되는 것은 편안한 휴식을 통해 재충전하는 것이며, 동시에 새롭고 다채로운 맛을 경험하는 것입니다. 삶에 있어서 이번 여행은 나에게 돌아온 후 풍부한 관계와 새로운 미각의 발견으로 남기를 바랍니다.","이 사용자는 중국&몽골 지역을 선호하고, 건조함 기후를 피하고 싶어해요. 여행 목적은 미식이며, 게스트하우스에서 머무는 걸 좋아하고 오전 9-10시쯤 기상하는 편이에요.",,
609,둔감,수용적,많다,종종 늦음,따르는 편,4,보통,꽤 여유있게,해외,산,즉흥 여행,무조건 다 봄,코골이 안함,다른 곳 간다,"동남아,유럽,일본","습함,상관없음,추움","사람&관계,미식,공연&경기관람","3성이하 호텔,4-5성급호텔,펜션",오전 10시 이후,300-400만원,"저는 여행 중에 날씨가 너무 추웠던 경험이 최악이었어요, 일본처럼 기후가 적당한 곳이 더 좋거든요. 이번 여행에서는 공연이나 경기 관람이 꼭 있었으면 좋겠고, 사람들과 관계를 맺을 수 있는 기회를 많이 찾고 싶어요. 함께 여행을 가고 싶은 사람은 말이 많아서 다양한 대화를 나눌 수 있는 사람이에요. 이번 여행에서 기대하는 것은 여유로운 일정 속에서 다양한 랜드마크를 보는 것이고, 즉흥적인 즐거움을 찾아가는 것입니다. 이 여행을 통해 제 삶에 풍성한 추억과 사람 간 관계의 깊이를 더하고 싶어요.","이 사용자는 일본 지역을 선호하고, 추움 기후를 피하고 싶어해요. 여행 목적은 공연&경기관람이며, 3성이하 호텔에서 머무는 걸 좋아하고 오전 10시 이후쯤 기상하는 편이에요.",,
610,둔감,다소 완고,많다,꽤 정확,따르는 편,4,매우 둔감,매우 빡빡하게,국내,산,즉흥 여행,적당히 봄,코골이 안함,기다림,"그 외,국내,동남아","상관없음,쌀쌀함,건조함","사람&관계,쇼핑,문화&역사체험","상관없음,콘도,에어비엔비",오전 9-10시,200-300만원,"저는 국내 여행을 선호하고 즉흥적으로 계획하며, 무엇보다 사람들과의 관계를 중요하게 여깁니다. 여행 중 최악의 경험은 아마도 예상치 못한 쌀쌀한 기후일 것입니다. 이번 여행에서는 쇼핑을 놓칠 수 없으며, 아침 9시에서 10시 사이에 시작하며 에어비엔비와 같은 숙소에서 머무르기를 선호합니다. 같이 여행하고 싶은 사람은 저처럼 의견이 명확하고 활발하게 소통할 수 있는 사람이면 좋겠습니다. 이번 여행이 제 삶에 주는 의미는 새로운 문화와 역사를 체험하고, 중요한 사람들과의 관계를 더욱 돈독히 하는 기회를 제공하는 것입니다.","이 사용자는 그 외 지역을 선호하고, 상관없음 기후를 피하고 싶어해요. 여행 목적은 쇼핑이며, 에어비엔비에서 머무는 걸 좋아하고 오전 9-10시쯤 기상하는 편이에요.",,
611,매우 둔감,수용적,적다,보통,따르는 편,3,꽤 민감,매우 여유있게,국내,바다,즉흥 여행,무조건 다 봄,코골이 안함,다른 곳 간다,"세계일주,국내,중국&몽골","더움,추움,상관없음","미식,도전과성장,자연감상","4-5성급호텔,게스트하우스,민박",오전 10시 이후,300-400만원,"여행 중에는 보통 일정이 여유롭게 짜여져 있기를 바랍니다. 계획했던 랜드마크를 제대로 보지 못하게 되는 경우는 최악의 경험으로 손꼽을 수 있습니다. 여행을 하면서 미식과 자연 감상을 중요시하기 때문에 맛있는 현지 음식 경험이 필수적입니다. 혼자서도 잘 다니지만, 함께 여행하게 된다면 둔감하고 수용적인 태도를 가진 사람과 어울리기 좋습니다. 이번 여행에서는 새로운 도전과 성장을 기대하며, 이는 제 삶에 소중한 의미로 남길 바랍니다. 무엇보다 깨끗한 숙소에서의 편안한 휴식과 적당한 예산 내에서 알찬 경험을 계획하고 있습니다.","이 사용자는 중국&몽골 지역을 선호하고, 추움 기후를 피하고 싶어해요. 여행 목적은 도전과성장이며, 4-5성급호텔에서 머무는 걸 좋아하고 오전 10시 이후쯤 기상하는 편이에요.",,
612,보통,매우 완고,매우 적다,꽤 정확,무조건 리드,1,매우 민감,매우 여유있게,국내,바다,계획 여행,적당히 봄,코골이 안함,다른 곳 간다,"유럽,중국&몽골,국내","쌀쌀함,추움,습함","도전과성장,공연&경기관람,자연감상","3성이하 호텔,4-5성급호텔,에어비엔비",오전 8-9시,200-300만원,"저는 여행 중에 시간이 안 맞거나 사람들과의 의사소통이 어려웠던 경험이 가장 힘들었습니다. 이번 여행에서는 자연을 감상할 수 있는 기회를 놓치지 않는 것이 중요합니다. 함께 여행하고 싶은 사람은 계획적으로 움직이면서도 청결함을 유지할 수 있는 사람입니다. 자연과의 교감과 공연 관람을 통해 마음의 여유를 찾는 것이 이번 여행에서 가장 기대되는 부분입니다. 이번 여행이 저에게 새로운 도전과 성장을 의미하며, 보다 풍요롭고 의미 있는 시간을 만들어 주기를 바랍니다.","이 사용자는 국내 지역을 선호하고, 습함 기후를 피하고 싶어해요. 여행 목적은 자연감상이며, 에어비엔비에서 머무는 걸 좋아하고 오전 8-9시쯤 기상하는 편이에요.",,
613,보통,보통,매우 많다,매우 정확,리드하는편,1,보통,매우 여유있게,국내,바다,계획 여행,무조건 다 봄,코골이 함,다른 곳 간다,"그 외,유럽,미국","건조함,더움,습함","자연감상,도전과성장,사람&관계","3성이하 호텔,게스트하우스,콘도",오전 9-10시,200-300만원,"저는 여행 중에 건조하고 더운 기후에서 불편한 경험을 한 적이 있습니다. 그래서 이번 여행에서는 편안한 숙소와 함께 여유 있게 자연을 감상할 수 있는 환경이 정말 중요하다고 생각합니다. 함께 여행할 사람은 제가 리드하는 데 부담스럽지 않으며, 협력적이고 새로운 사람과의 관계 형성을 즐기는 사람이었으면 합니다. 이번 여행에서는 미국을 탐방하며 다양한 랜드마크를 계획적으로 방문하는 것을 가장 기대하고 있습니다. 이 여행이 저는 자연을 감상하며 새로운 관계를 형성하고, 도전과 성장을 경험할 수 있는 기회로 작용했으면 합니다.","이 사용자는 미국 지역을 선호하고, 습함 기후를 피하고 싶어해요. 여행 목적은 사람&관계이며, 콘도에서 머무는 걸 좋아하고 오전 9-10시쯤 기상하는 편이에요.",,
614,꽤 민감,다소 완고,매우 많다,매우 정확,무조건 따름,5,매우 민감,보통,해외,바다,계획 여행,무조건 다 봄,코골이 함,다른 곳 간다,"미국,중국&몽골,세계일주","상관없음,건조함,추움","쇼핑,휴식,기록","민박,콘도,상관없음",오전 10시 이후,200-300만원,"저는 예민함이 있기 때문에 여행 중 최악의 경험은 청결이 부족한 숙소나 시간 약속을 어기는 상황입니다. 이번 여행에서 꼭 필요한 것은 철저하게 계획된 일정과 다양한 랜드마크 방문입니다. 함께 여행 가고 싶은 사람은 제가 리더십 스타일을 잘 따라주고, 대화가 많은 저와 잘 어울릴 수 있는 사람입니다. 가장 기대하는 것은 쇼핑과 휴식을 즐기며 새로운 문화를 기록하는 것이고, 이번 여행이 제 삶에 휴식과 활력을 줄 수 있기를 바랍니다. 늘 다양한 지역을 경험하고 싶어하기에 여행을 통해 세계 각국을 느끼고 싶습니다.","이 사용자는 세계일주 지역을 선호하고, 상관없음 기후를 피하고 싶어해요. 여행 목적은 휴식이며, 민박에서 머무는 걸 좋아하고 오전 10시 이후쯤 기상하는 편이에요.",,
615,꽤 민감,보통,매우 많다,종종 늦음,보통,4,보통,보통,국내,산,계획 여행,무조건 다 봄,코골이 안함,기다림,"유럽,일본,미국","더움,습함,건조함","미식,사람&관계,공연&경기관람","펜션,에어비엔비,콘도",오전 9-10시,400만원 이상,저는 여행 중 최악의 경험으로 더운 날씨와 긴 대기 시간을 꼽겠어요. 그래서 이번 여행에서는 에어컨이 잘 되는 숙소나 공연장이 꼭 필요합니다. 함께 여행할 사람은 예민한 저와 잘 맞을 수 있는 유연하고 수용적인 성격을 가진 사람이면 좋겠어요. 이번 여행에서는 특히 공연이나 경기를 관람하는 순간을 가장 기대하고 있어요. 이런 경험들이 저에게는 사람들과의 관계를 돈독하게 하고 새로운 에너지를 주는 중요한 의미를 가집니다.,"이 사용자는 미국 지역을 선호하고, 건조함 기후를 피하고 싶어해요. 여행 목적은 공연&경기관람이며, 콘도에서 머무는 걸 좋아하고 오전 9-10시쯤 기상하는 편이에요.",,
616,꽤 민감,다소 완고,많다,자주 늦음,무조건 따름,5,매우 둔감,매우 빡빡하게,해외,바다,즉흥 여행,무조건 다 봄,코골이 안함,다른 곳 간다,"미국,동남아,유럽","더움,쌀쌀함,상관없음","휴식,공연&경기관람,쇼핑","게스트하우스,3성이하 호텔,에어비엔비",오전 9-10시,400만원 이상,"저는 여행 중에 무리한 일정으로 피곤해지는 경험을 최악으로 꼽습니다. 이번 여행에서는 쇼핑할 시간이 꼭 필요하며, 이를 위해 시간을 잘 맞출 수 있는 동행자를 선호합니다. 미국 같은 대륙에서 다양한 공연과 스포츠 경기를 관람하는 걸 기대하고 있습니다. 이번 여행이 저에게 휴식과 새로움을 선사하며, 일상에서 벗어나는 기회를 제공했으면 합니다. 예산은 충분히 마련했으니, 계획에 얽매이지 않고 즉흥적으로 다니고 싶습니다.","이 사용자는 미국 지역을 선호하고, 더움 기후를 피하고 싶어해요. 여행 목적은 쇼핑이며, 3성이하 호텔에서 머무는 걸 좋아하고 오전 9-10시쯤 기상하는 편이에요.",,
617,둔감,보통,많다,보통,무조건 따름,4,보통,보통,국내,산,즉흥 여행,무조건 다 봄,코골이 안함,기다림,"미국,세계일주,그 외","상관없음,추움,더움","액티비티,도전과성장,미식","콘도,4-5성급호텔,3성이하 호텔",오전 9-10시,300-400만원,"저는 여행 중에 리더쉽을 가지기보다는 다른 사람의 계획을 따르며 즐기는 편입니다. 그러다 보니 누군가가 주도적으로 계획을 잘 이끌어주길 바라는 동시에, 즉흥적으로 계획을 바꿀 수 있는 유연함도 중요하게 생각합니다. 이번 여행에서는 다양한 미식 체험과 산을 오르는 도전적인 액티비티를 경험하면서 성장하고 싶습니다. 여행 중 최악의 경험으로는 청결하지 못한 숙소에 묵는 경우를 꼽을 수 있겠지만, 다행히 저는 청결에 민감하지 않아 큰 문제는 아닙니다. 이 여행이 제 삶에 새로운 도전과 성장을 가져다주는 의미 깊은 시간이 되었으면 좋겠습니다.","이 사용자는 세계일주 지역을 선호하고, 더움 기후를 피하고 싶어해요. 여행 목적은 미식이며, 3성이하 호텔에서 머무는 걸 좋아하고 오전 9-10시쯤 기상하는 편이에요.",,
618,꽤 민감,다소 완고,매우 적다,보통,무조건 리드,3,매우 둔감,보통,해외,산,계획 여행,적당히 봄,코골이 함,기다림,"유럽,미국,동남아","상관없음,습함,쌀쌀함","도전과성장,자연감상,액티비티","펜션,에어비엔비,민박",오전 9-10시,200-300만원,"저는 과거 여행 중 예민한 성향 때문에 불편했던 환경에서 최악의 경험을 했던 기억이 있습니다. 그래서 이번 여행에서는 마음의 여유와 안정감을 주는 공간인 에어비엔비가 필수라고 생각합니다. 함께 여행하고 싶은 사람은 저와 같은 계획적인 성향을 가지고, 리더십을 존중하며 의견이 충돌하더라도 이해심이 있는 사람이면 좋겠습니다. 이번 여행에서는 자연 속에서의 액티비티와 새로운 도전을 통해 개인적으로 성장할 수 있는 시간을 가장 기대하고 있습니다. 궁극적으로 이번 여행은 제가 일상에서 벗어나 나 자신을 돌아보고 개발할 수 있는 의미 있는 시간이 되기를 바랍니다.","이 사용자는 유럽 지역을 선호하고, 상관없음 기후를 피하고 싶어해요. 여행 목적은 도전과성장이며, 에어비엔비에서 머무는 걸 좋아하고 오전 9-10시쯤 기상하는 편이에요.",,
619,보통,다소 완고,적다,꽤 정확,보통,3,보통,꽤 빡빡하게,해외,바다,즉흥 여행,무조건 다 봄,코골이 안함,기다림,"일본,미국,유럽","더움,상관없음,쌀쌀함","액티비티,미식,기록","3성이하 호텔,콘도,4-5성급호텔",오전 9-10시,400만원 이상,"저는 이번 여행에서 시간 약속을 잘 지키고 미식을 즐길 수 있는 친구와 함께 하고 싶습니다. 특히 일본, 미국, 유럽처럼 다양한 나라의 음식을 경험할 수 있는 기회를 기대하고 있으며, 대부분 랜드마크를 다 돌아보는 빡빡한 일정을 소화하더라도 기록과 액티비티를 중요하게 생각합니다. 여행 중 최악의 경험은 덥거나 예기치 않은 상황에서 계획이 틀어지는 것일 수 있지만, 저는 그런 문제를 즉흥적으로 대처하려고 합니다. 이번 여행에서는 여러 액티비티와 좋은 음식을 경험하면서 구체적인 기록을 남기는 것이 목표입니다. 삶의 의미로는 새로운 문화와 경험을 통해 견문을 넓히고 싶습니다.","이 사용자는 미국 지역을 선호하고, 쌀쌀함 기후를 피하고 싶어해요. 여행 목적은 미식이며, 콘도에서 머무는 걸 좋아하고 오전 9-10시쯤 기상하는 편이에요.",,
620,둔감,보통,매우 적다,종종 늦음,무조건 리드,1,둔감,보통,해외,바다,계획 여행,적당히 봄,코골이 안함,다른 곳 간다,"미국,중국&몽골,국내","더움,습함,추움","문화&역사체험,미식,쇼핑","콘도,4-5성급호텔,상관없음",오전 9-10시,200-300만원,"여행 중 최악의 경험은 빨리 움직이거나 더운 기후에 있을 때인데, 시간이 촉박해질 때 스트레스를 받기 때문입니다. 이번 여행에서는 문화와 역사를 체험할 수 있는 곳과 함께 미식을 다양하게 즐길 수 있는 기회가 꼭 있었으면 합니다. 같이 여행을 가고 싶은 사람은 꾸준히 리드를 따라주고 새로운 것들에 개방적인 태도를 가진 사람이면 좋겠어요. 이번 여행에서 가장 기대하는 것은 자유로운 분위기 속에서의 문화 탐방이며, 이를 통해 나의 삶에 새로운 시각과 풍요로움을 가져다주기를 바랍니다.","이 사용자는 미국 지역을 선호하고, 더움 기후를 피하고 싶어해요. 여행 목적은 미식이며, 콘도에서 머무는 걸 좋아하고 오전 9-10시쯤 기상하는 편이에요.",,
621,매우 민감,다소 완고,적다,종종 늦음,보통,3,둔감,보통,국내,바다,계획 여행,무조건 다 봄,코골이 함,기다림,"국내,동남아,일본","더움,상관없음,습함","쇼핑,공연&경기관람,기록","펜션,3성이하 호텔,상관없음",오전 9-10시,200-300만원,저는 여행 중 더운 날씨나 습한 환경에서의 불쾌한 경험을 피하고 싶습니다. 그래서 이번 여행에서는 날씨에 맞는 편안한 의류와 개인적인 편의성이 중요합니다. 함께 여행할 사람은 불필요한 지시 없이 계획에 따라 움직이려는 성향이 맞으면 좋겠습니다. 이번 여행에서 가장 기대하는 것은 국내의 새로운 쇼핑 장소를 탐방하고 공연이나 경기를 관람하는 것입니다. 이런 경험은 일상에서 벗어나 저에게 새로운 활력을 주는 의미가 있기를 바랍니다.,"이 사용자는 국내 지역을 선호하고, 습함 기후를 피하고 싶어해요. 여행 목적은 쇼핑이며, 상관없음에서 머무는 걸 좋아하고 오전 9-10시쯤 기상하는 편이에요.",,
622,매우 둔감,매우 수용적,적다,꽤 정확,무조건 리드,5,매우 둔감,매우 빡빡하게,해외,산,즉흥 여행,무조건 다 봄,코골이 함,기다림,"동남아,세계일주,일본","건조함,습함,추움","미식,도전과성장,휴식","상관없음,에어비엔비,게스트하우스",오전 10시 이후,400만원 이상,"여행 중 최악의 경험은 건조하거나 추운 기후로 인해 불편했던 순간일 것입니다. 이번 여행에서는 여러 나라를 다니며 다양한 음식을 맛보는 것이 가장 기대됩니다. 저는 상대방의 의견을 잘 수용하며 리드할 수 있는 편이라, 함께 여행할 사람도 유연하고 소통이 잘 되는 사람이면 좋겠습니다. 여행에서는 새로운 도전을 통해 자신이 성장했다고 느끼기를 바랍니다. 무엇보다 이 여행이 미식 경험을 풍부하게 하고 휴식을 취할 수 있는 특별한 시간이 되기를 바랍니다.","이 사용자는 동남아 지역을 선호하고, 건조함 기후를 피하고 싶어해요. 여행 목적은 미식이며, 에어비엔비에서 머무는 걸 좋아하고 오전 10시 이후쯤 기상하는 편이에요.",,
623,매우 민감,매우 수용적,많다,자주 늦음,따르는 편,3,보통,꽤 빡빡하게,해외,바다,계획 여행,무조건 다 봄,코골이 함,기다림,"중국&몽골,동남아,유럽","상관없음,건조함,더움","도전과성장,쇼핑,문화&역사체험","상관없음,펜션,콘도",오전 8-9시,400만원 이상,"저는 해외 여행을 계획할 때 문화와 역사를 체험하고 쇼핑을 즐기는 것에 큰 기대를 가지고 있으며, 중국과 몽골 같은 지역을 특히 선호합니다. 여행 중 가장 피하고 싶은 것은 기후적으로 더운 날씨와 불필요한 지연이며, 과거 여행에서는 예상치 못한 대기 시간이 최악의 경험이었습니다. 이번 여행에서는 일정이 빡빡하게 짜여 있어도 시간이 잘 맞춰져 계획대로 진행되는 것이 중요하다고 생각하며, 동반자로는 의견을 잘 수용하고 대화가 많은 사람과 같이 가고 싶습니다. 이런 경험을 통해 제 삶에 있어 새로운 도전과 성장을 이루고, 여행 후 더 넓은 시각과 가치관을 갖게 되길 바랍니다.","이 사용자는 중국&몽골 지역을 선호하고, 더움 기후를 피하고 싶어해요. 여행 목적은 쇼핑이며, 펜션에서 머무는 걸 좋아하고 오전 8-9시쯤 기상하는 편이에요.",,
624,보통,보통,많다,종종 늦음,보통,5,둔감,매우 빡빡하게,해외,바다,계획 여행,무조건 다 봄,코골이 함,다른 곳 간다,"동남아,일본,그 외","건조함,상관없음,추움","쇼핑,공연&경기관람,자연감상","상관없음,민박,3성이하 호텔",오전 9-10시,200-300만원,"저는 여행 중 최악의 경험으로 계획했던 일정을 놓치거나 랜드마크를 놓친 경우를 꼽습니다. 그래서 이번 여행에서는 반드시 모든 일정이 차질 없이 진행되는 것이 중요합니다. 함께 여행하고 싶은 사람은 저처럼 계획적인 성향을 가지고 일정 관리에 능한 사람이면 좋겠습니다. 특히 이번 여행에서는 쇼핑과 공연 및 자연 감상을 가장 기대하고 있으며, 이러한 경험을 통해 삶에 활력을 얻고 일상에서 벗어난 즐거움을 느끼고 싶습니다. 동시에, 여행이 끝난 뒤에도 오래도록 기억에 남을 소중한 추억을 만들길 바랍니다.","이 사용자는 일본 지역을 선호하고, 추움 기후를 피하고 싶어해요. 여행 목적은 쇼핑이며, 민박에서 머무는 걸 좋아하고 오전 9-10시쯤 기상하는 편이에요.",,
625,둔감,수용적,적다,종종 늦음,무조건 리드,2,꽤 민감,매우 빡빡하게,해외,산,즉흥 여행,적당히 봄,코골이 안함,다른 곳 간다,"국내,일본,유럽","습함,쌀쌀함,상관없음","공연&경기관람,기록,문화&역사체험","3성이하 호텔,펜션,콘도",오전 10시 이후,200-300만원,"여행 중에 습하고 쌀쌀한 날씨는 제가 피하고 싶어하는 조건이라 최악의 경험은 아마 그런 기후를 만날 때일 것입니다. 이번 여행에서 문화와 역사 체험은 물론 공연과 경기관람이 중요하기 때문에 일정은 다소 빡빡할 것 같고, 충분한 기록을 남기고 싶어요. 함께 여행하고 싶은 사람은 의견을 잘 수용하고 즉흥적인 계획에도 유연하게 대응할 수 있는 사람이면 좋겠어요. 가장 기대하는 것은 새로운 공연과 경기를 보는 것이며, 이 여행이 제 삶에 있어 새로운 문화와 역사를 경험하는 의미 있는 시간이 되기를 바랍니다.","이 사용자는 유럽 지역을 선호하고, 습함 기후를 피하고 싶어해요. 여행 목적은 공연&경기관람이며, 3성이하 호텔에서 머무는 걸 좋아하고 오전 10시 이후쯤 기상하는 편이에요.",,
626,둔감,보통,적다,꽤 정확,리드하는편,2,보통,매우 빡빡하게,국내,바다,계획 여행,무조건 다 봄,코골이 함,다른 곳 간다,"세계일주,국내,동남아","습함,상관없음,추움","문화&역사체험,사람&관계,공연&경기관람","콘도,3성이하 호텔,상관없음",오전 9-10시,200-300만원,"이번 여행에서 가장 기대하는 것은 다양한 문화와 역사 체험이며, 특히 많은 랜드마크를 방문할 계획입니다. 과거 여행에서 습한 기후로 인한 불쾌한 경험이 있었기 때문에, 이번에는 그런 기후를 피하고자 합니다. 여행 중에는 계획을 철저히 따르고자 하며, 체력적으로는 조금 힘들 수 있지만 이를 통해 새로운 사람들과 관계를 맺을 수 있는 기회를 기대하고 있습니다. 함께 여행을 갈 사람은 말수는 적지만 의견을 잘 수용하고 리드할 줄 아는 성격일 것입니다. 이번 여행을 통해 제 삶에 더 많은 경험과 인간관계의 깊이를 더하고 싶습니다.","이 사용자는 세계일주 지역을 선호하고, 습함 기후를 피하고 싶어해요. 여행 목적은 문화&역사체험이며, 콘도에서 머무는 걸 좋아하고 오전 9-10시쯤 기상하는 편이에요.",,
627,매우 둔감,보통,매우 적다,매우 정확,무조건 리드,4,보통,매우 빡빡하게,해외,바다,계획 여행,무조건 다 봄,코골이 함,다른 곳 간다,"유럽,미국,일본","상관없음,습함,쌀쌀함","사람&관계,액티비티,자연감상","4-5성급호텔,게스트하우스,3성이하 호텔",오전 10시 이후,400만원 이상,"저는 예전에 여행 중에 코를 골아 숙소에서 불편한 경험을 한 적이 있어요. 그래서 이번 여행에서는 편안한 잠자리가 매우 중요하며 4-5성급 호텔에 머무르길 원합니다. 여행을 함께하고 싶은 사람은 서로 조용하게 지낼 수 있는 사람이며, 꼭 체계적으로 계획된 일정을 소화할 수 있는 사람이면 좋겠어요. 이번 여행에서 가장 기대하는 것은 자연을 감상하는 것이며, 특히 유명한 랜드마크를 빠짐없이 방문하고 싶습니다. 이 여행이 저에게는 새로운 관계와의 연결을 찾아주고, 저의 삶에서 활력을 충전하는 의미가 되었으면 합니다.","이 사용자는 미국 지역을 선호하고, 쌀쌀함 기후를 피하고 싶어해요. 여행 목적은 자연감상이며, 3성이하 호텔에서 머무는 걸 좋아하고 오전 10시 이후쯤 기상하는 편이에요.",,
628,꽤 민감,다소 완고,매우 많다,꽤 정확,무조건 따름,2,둔감,매우 빡빡하게,해외,산,즉흥 여행,적당히 봄,코골이 함,기다림,"중국&몽골,동남아,유럽","건조함,습함,추움","공연&경기관람,기록,사람&관계","4-5성급호텔,상관없음,민박",오전 8-9시,400만원 이상,"저는 예전에 여행 중에 과하게 습한 날씨로 불편함을 겪었던 적이 있어요, 그래서 이번 여행에는 그런 기후를 피하려고 합니다. 꼭 있어야 하는 것은 공연이나 경기를 관람할 기회이고, 이는 제가 가장 기대하는 부분입니다. 함께 여행하고 싶은 사람은 계획보다는 즉흥적인 결정에 열려 있는 사람으로, 서로 이야기를 많이 나눌 수 있었으면 좋겠어요. 이번 여행이 새로운 사람들과의 관계 형성에 중요한 역할을 하길 바라며, 제 삶의 즐거운 기록으로 남았으면 합니다.","이 사용자는 중국&몽골 지역을 선호하고, 습함 기후를 피하고 싶어해요. 여행 목적은 공연&경기관람이며, 민박에서 머무는 걸 좋아하고 오전 8-9시쯤 기상하는 편이에요.",,
629,둔감,다소 완고,많다,매우 정확,리드하는편,5,매우 둔감,매우 여유있게,국내,산,즉흥 여행,적당히 봄,코골이 안함,기다림,"미국,유럽,중국&몽골","더움,상관없음,추움","액티비티,사람&관계,문화&역사체험","펜션,상관없음,3성이하 호텔",오전 8-9시,400만원 이상,"저는 여행 중 최악의 경험으로 여행 일정을 촉박하게 잡고 다니는 것을 꼽습니다. 그래서 이번 여행은 여유롭게 즐길 수 있는 시간이 꼭 필요합니다. 함께 여행하고 싶은 사람은 둔감한 청결 민감도나 즉흥적인 계획을 좋아하는 스타일이면 좋겠습니다. 이번 여행에서는 문화와 역사 체험을 통해 새로운 관계를 형성하는 것을 가장 기대하고 있습니다. 이러한 경험들이 삶에 새로운 활력을 주고, 다양한 시각을 열어줄 수 있기를 바랍니다.","이 사용자는 중국&몽골 지역을 선호하고, 추움 기후를 피하고 싶어해요. 여행 목적은 액티비티이며, 펜션에서 머무는 걸 좋아하고 오전 8-9시쯤 기상하는 편이에요.",,
630,꽤 민감,매우 완고,매우 많다,꽤 정확,보통,2,매우 민감,보통,해외,바다,즉흥 여행,무조건 다 봄,코골이 함,다른 곳 간다,"유럽,중국&몽골,국내","추움,쌀쌀함,상관없음","자연감상,공연&경기관람,사람&관계","민박,3성이하 호텔,콘도",오전 9-10시,200-300만원,"저는 여행 중 추운 날씨와 예측하지 못한 상황에 매우 민감하기 때문에, 과거에 기후가 쌀쌀하고 생각했던 대로 진행되지 않았던 여행이 최악의 경험이었어요. 따라서 이번 여행에서는 따뜻한 기후와 더불어 충분한 휴식을 취할 수 있는 공연이나 경기를 관람하며 감정을 충전하고 싶어요. 또한 함께 여행할 사람은 대화를 많이 나눌 수 있으며, 기다림이 싫어 즉흥적으로 움직일 수 있는 성향이길 바랍니다. 이번 여행에서 예술과 자연 풍경을 감상함으로써 삶에 새로운 활력을 더하고 싶습니다. 여행이 끝난 후에는 일상에 돌아가더라도 여행에서 얻은 에너지를 통해 조금 더 밝고 적극적으로 생활할 수 있기를 기대합니다.","이 사용자는 중국&몽골 지역을 선호하고, 쌀쌀함 기후를 피하고 싶어해요. 여행 목적은 공연&경기관람이며, 민박에서 머무는 걸 좋아하고 오전 9-10시쯤 기상하는 편이에요.",,
631,보통,매우 완고,많다,보통,무조건 따름,2,둔감,꽤 빡빡하게,해외,바다,즉흥 여행,적당히 봄,코골이 안함,다른 곳 간다,"유럽,국내,미국","추움,건조함,상관없음","기록,공연&경기관람,미식","펜션,게스트하우스,4-5성급호텔",오전 8-9시,200-300만원,"저는 유럽으로의 즉흥적인 여행을 계획할 때, 빡빡한 일정이라도 항상 기대되는 것은 다양한 미식을 경험하는 기회입니다. 이러한 여행 중 최악의 경험은 아마도 추운 날씨를 만나 여행의 즐거움이 반감되는 상황일 것입니다. 그럼에도 불구하고, 저는 매일 아침 8-9시에 일어나 활기차게 일정을 소화하고 싶습니다. 이 여행에서는 맛있는 음식을 맛볼 기회를 반드시 얻고 싶고, 예술 공연이나 스포츠 경기를 관람하며 풍부한 문화적 경험을 기대합니다. 함께 여행을 가고 싶은 사람은 저처럼 사소한 것에 크게 민감하지 않고 즉흥적인 계획을 즐길 수 있는 유쾌한 성격의 사람이면 좋겠습니다. 결국, 이번 여행이 저의 일상에 새로운 활력을 불어넣고 신선한 기록들로 가득 찬 추억을 남겨주기를 바랍니다.","이 사용자는 유럽 지역을 선호하고, 추움 기후를 피하고 싶어해요. 여행 목적은 미식이며, 게스트하우스에서 머무는 걸 좋아하고 오전 8-9시쯤 기상하는 편이에요.",,
632,보통,매우 수용적,많다,보통,무조건 리드,4,둔감,꽤 여유있게,국내,바다,즉흥 여행,적당히 봄,코골이 안함,다른 곳 간다,"동남아,그 외,국내","상관없음,더움,습함","휴식,문화&역사체험,사람&관계","에어비엔비,4-5성급호텔,3성이하 호텔",오전 8-9시,100만원 이하,"저는 여행 중에 더운 날씨와 관련된 경험이 가장 싫습니다. 그래서 동남아의 습한 기후를 피하고자 노력합니다. 이번 여행에서는 안정적인 숙소와 함께 사람들과의 관계 형성이 중요하기에, 편안함을 제공하는 4-5성급 호텔이 특히 중요합니다. 이왕이면 제 의견을 잘 수용하고 활발한 대화를 나눌 수 있는 사람과 함께 여행하고 싶습니다. 이번 여행에서는 문화와 역사를 체험하고 휴식을 취하는 것이 가장 기대됩니다. 이런 여행이 제 삶에 여유와 새로운 인연을 가져다주길 기대합니다.","이 사용자는 동남아 지역을 선호하고, 더움 기후를 피하고 싶어해요. 여행 목적은 사람&관계이며, 3성이하 호텔에서 머무는 걸 좋아하고 오전 8-9시쯤 기상하는 편이에요.",,
633,매우 둔감,보통,매우 적다,매우 정확,따르는 편,3,매우 민감,꽤 빡빡하게,해외,바다,즉흥 여행,적당히 봄,코골이 함,다른 곳 간다,"세계일주,그 외,미국","건조함,상관없음,추움","액티비티,휴식,도전과성장","펜션,상관없음,3성이하 호텔",오전 9-10시,200-300만원,"저는 해외 여행을 선호하며, 특히 미국이나 다양한 지역을 여행하고 싶습니다. 여행 중에는 코골이 문제로 인해 숙면을 방해받았던 경험이 최악이었어요. 그래서 숙소 선택에 더 신경을 쓰는 편입니다. 이번 여행에서는 액티비티와 휴식을 동시에 즐길 수 있는 일정을 기대하고, 함께 여행할 사람이라면 시간을 잘 지키고 깔끔함을 중요시하는 사람이면 좋겠어요. 여행을 통해 새로운 도전과 성장을 경험하며 제 삶에 활력을 불어넣고 싶습니다. 즉흥적으로 떠나지만 웨이팅은 피하고 다양한 장소를 탐험하는 것도 중요하게 생각합니다.","이 사용자는 미국 지역을 선호하고, 상관없음 기후를 피하고 싶어해요. 여행 목적은 휴식이며, 상관없음에서 머무는 걸 좋아하고 오전 9-10시쯤 기상하는 편이에요.",,
634,둔감,매우 완고,매우 적다,자주 늦음,리드하는편,3,매우 민감,매우 여유있게,국내,바다,계획 여행,적당히 봄,코골이 함,다른 곳 간다,"동남아,그 외,미국","상관없음,건조함,쌀쌀함","쇼핑,사람&관계,도전과성장","콘도,4-5성급호텔,상관없음",오전 10시 이후,200-300만원,"여행 중 최악의 경험은 시간 약속에 자주 늦는 편이라 다른 일정에 영향을 미치는 상황입니다. 이번 여행에서는 계획적인 일정과 청결한 숙소가 꼭 필요하며, 바로 이런 점에서 콘도나 4-5성급 호텔을 선호합니다. 여행을 함께할 사람은 매사에 예민하지 않고, 안정적으로 리드할 수 있는 사람이면 좋겠습니다. 여행에서 가장 기대하는 것은 쇼핑을 통해 새로운 지역 문화를 직접 경험하고, 이를 통해 성장하는 것입니다. 이번 여행은 저에게 도전과 성장의 기회이며, 사람 간의 관계와 소중한 순간들을 통해 의미 있는 시간을 갖길 바랍니다.","이 사용자는 그 외 지역을 선호하고, 건조함 기후를 피하고 싶어해요. 여행 목적은 쇼핑이며, 콘도에서 머무는 걸 좋아하고 오전 10시 이후쯤 기상하는 편이에요.",,
635,둔감,보통,적다,종종 늦음,보통,5,꽤 민감,매우 여유있게,국내,바다,계획 여행,무조건 다 봄,코골이 안함,다른 곳 간다,"중국&몽골,국내,일본","쌀쌀함,습함,건조함","액티비티,기록,사람&관계","민박,3성이하 호텔,에어비엔비",오전 8-9시,200-300만원,"저는 여행 중 최악의 경험으로 계획을 지키지 못할 때를 떠올릴 수 있습니다. 이번 여행에서는 기록할 수 있는 순간을 남기는 것이 중요하며, 이를 위해 여유로운 시간이 꼭 필요합니다. 사람과 관계를 중시하면서도 적게 말하는 성향이므로, 함께 여행할 사람은 대체로 계획적인 사람이면 좋겠습니다. 무엇보다 액티비티를 통한 새로운 경험을 기대하고 있으며, 이를 통해 제 삶이 조금 더 풍요로워지기를 바랍니다.","이 사용자는 일본 지역을 선호하고, 건조함 기후를 피하고 싶어해요. 여행 목적은 기록이며, 에어비엔비에서 머무는 걸 좋아하고 오전 8-9시쯤 기상하는 편이에요.",,
636,보통,수용적,매우 많다,매우 정확,리드하는편,5,둔감,꽤 여유있게,국내,산,계획 여행,무조건 다 봄,코골이 안함,다른 곳 간다,"세계일주,국내,중국&몽골","상관없음,습함,건조함","쇼핑,사람&관계,공연&경기관람","에어비엔비,콘도,3성이하 호텔",오전 9-10시,200-300만원,"저는 여행 중에 습하고 불편한 환경이 가장 최악의 경험으로 남습니다. 이번 여행에서는 공연과 경기 관람을 꼭 하고 싶으며, 모든 랜드마크를 놓치지 않기 위해 계획적인 일정을 중요하게 생각합니다. 함께 여행하고 싶은 사람은 대화가 많고 약속을 잘 지키는 사람이며, 리더십을 발휘할 수 있는 동행이면 좋겠습니다. 이번 여행에서는 다양한 사람들과 관계를 맺고 새로운 공연을 관람하는 것이 매우 기대됩니다. 제 삶에 있어 이번 여행이 새로운 경험과 인간관계를 넓히는 의미 있는 시간이 되기를 바랍니다.","이 사용자는 세계일주 지역을 선호하고, 습함 기후를 피하고 싶어해요. 여행 목적은 공연&경기관람이며, 에어비엔비에서 머무는 걸 좋아하고 오전 9-10시쯤 기상하는 편이에요.",,
637,둔감,보통,많다,꽤 정확,따르는 편,5,꽤 민감,매우 빡빡하게,국내,산,즉흥 여행,적당히 봄,코골이 안함,기다림,"동남아,국내,세계일주","추움,더움,상관없음","기록,쇼핑,문화&역사체험","콘도,펜션,민박",오전 8-9시,100만원 이하,"저는 여행 중 계획이 빡빡하게 진행될수록 잘 맞추는 편이며, 예전에 너무 추운 날씨에서 불편했던 기억이 있습니다. 그래서 이번 여행에서는 무엇보다 따뜻한 기후에서 문화와 역사 체험을 포함하여 다양한 기록을 남길 수 있기를 기대하고 있습니다. 또한, 함께 여행을 갈 사람은 즉흥적인 계획에도 잘 적응할 수 있고, 청결을 중요시하는 사람이었으면 좋겠습니다. 숙소는 편리한 콘도나 펜션을 선호하며, 쇼핑도 중요한 부분 중 하나입니다. 이번 여행을 통해 나만의 역사를 기록하고, 새로운 경험들이 제 삶에 작은 변화와 다채로운 추억을 가져다주길 바랍니다.","이 사용자는 동남아 지역을 선호하고, 더움 기후를 피하고 싶어해요. 여행 목적은 쇼핑이며, 콘도에서 머무는 걸 좋아하고 오전 8-9시쯤 기상하는 편이에요.",,
638,매우 둔감,매우 수용적,많다,꽤 정확,보통,5,보통,보통,해외,바다,계획 여행,적당히 봄,코골이 안함,다른 곳 간다,"미국,중국&몽골,세계일주","건조함,추움,더움","기록,미식,액티비티","상관없음,민박,에어비엔비",오전 10시 이후,300-400만원,"저는 세계 여행을 좋아하며, 이번 여행에서도 다양한 미식을 즐기는 것을 가장 기대하고 있습니다. 여행 중 최악의 경험은 날씨 때문인 경우가 많은데, 특히 너무 덥거나 추운 날씨를 피하고 싶습니다. 동행 여행자는 유연하면서도 재미있는 사람을 선호하며, 함께 많은 대화를 나눌 수 있으면 좋겠습니다. 이번 여행에서는 기록을 남기고 싶고, 새로운 문화와 사람들을 만나면서 제 삶에 새로운 시각을 더하고 싶습니다. 특히 에어비앤비나 민박 같은 곳에서 여유롭게 머물며, 기본적인 편안함과 일정한 계획이 있기를 바랍니다.","이 사용자는 세계일주 지역을 선호하고, 더움 기후를 피하고 싶어해요. 여행 목적은 미식이며, 민박에서 머무는 걸 좋아하고 오전 10시 이후쯤 기상하는 편이에요.",,
639,매우 둔감,매우 수용적,적다,매우 정확,따르는 편,4,보통,보통,국내,산,즉흥 여행,적당히 봄,코골이 안함,기다림,"그 외,유럽,세계일주","추움,건조함,더움","공연&경기관람,기록,도전과성장","상관없음,4-5성급호텔,콘도",오전 9-10시,300-400만원,"여행 중 최악의 경험은 아마도 건조한 기후에서의 불편함일 것 같아요, 그래서 유럽 같은 시원하고 쾌적한 기후의 장소를 선호합니다. 이번 여행에서는 오전 9-10시쯤 일어나 공연이나 경기를 관람하며 도전과 성장을 이루고 싶어요. 이러한 경험들을 기록에 남기고 싶기에 간단한 기록 도구가 필수적입니다. 함께 가는 사람은 리더보다는 저처럼 온순하게 따라올 수 있는 사람이라면 좋겠고, 시간 약속에 정확한 사람이라면 더욱 좋겠어요. 여행을 통해 나는 새로운 도전과 성장을 이루고 싶습니다, 그래서 더 큰 목표를 위한 발판이 되었으면 합니다.","이 사용자는 유럽 지역을 선호하고, 건조함 기후를 피하고 싶어해요. 여행 목적은 도전과성장이며, 4-5성급호텔에서 머무는 걸 좋아하고 오전 9-10시쯤 기상하는 편이에요.",,
640,매우 민감,매우 완고,적다,매우 정확,무조건 따름,2,매우 민감,꽤 빡빡하게,해외,바다,즉흥 여행,적당히 봄,코골이 안함,기다림,"일본,동남아,미국","상관없음,더움,추움","액티비티,휴식,공연&경기관람","4-5성급호텔,펜션,민박",오전 10시 이후,300-400만원,"저는 여행 중 최악의 경험으로 한 번의 실수가 전체 일정을 훼손했던 적이 있습니다. 이런 일이 다시 일어나지 않도록 이번 여행에서는 시간이 정확히 맞춰져 진행되었으면 합니다. 함께 여행을 가고 싶은 사람의 특징은 자신의 계획을 고수하는 성향이 강한 사람이며, 이렇게 선명한 성격이 저와 맞을 것입니다. 이번 여행에서는 일본이나 동남아, 특히 미국 같은 지역에서 액티비티와 휴식, 그리고 공연 관람을 통해 기대를 충족하고 싶습니다. 저는 이 여행이 바쁜 일상에서 벗어나 힐링할 수 있는 기회가 되었으면 하며, 특히 오전 10시 이후의 여유로운 시작을 간절히 원합니다. 이러한 여행을 통해 삶에 새로운 에너지를 얻고 싶습니다.","이 사용자는 미국 지역을 선호하고, 더움 기후를 피하고 싶어해요. 여행 목적은 휴식이며, 민박에서 머무는 걸 좋아하고 오전 10시 이후쯤 기상하는 편이에요.",,
641,매우 민감,다소 완고,매우 많다,종종 늦음,따르는 편,4,매우 민감,꽤 빡빡하게,해외,산,계획 여행,적당히 봄,코골이 함,다른 곳 간다,"일본,유럽,동남아","추움,더움,습함","도전과성장,액티비티,쇼핑","콘도,에어비엔비,게스트하우스",오전 8-9시,400만원 이상,"저는 일본 여행을 자주 다니며 도전과 성장을 중시하여 치열한 일정 속에서도 새로운 액티비티와 쇼핑을 즐깁니다. 여행 중 가장 싫어하는 것은 불편한 날씨, 특히 습하거나 더운 기후로 인해 예민해지는 상황입니다. 이번 여행에서는 체력적인 부담을 줄이기 위해 꼭 쾌적한 숙소, 예를 들어 콘도나 에어비엔비 같은 공간이 필요합니다. 함께 여행하는 사람은 다양한 경험에 열린 마음을 가지고 있으면서도 고집이 덜한 사람이면 좋겠습니다. 이 여행을 통해 제 삶에 긍정적인 변화를 가져오는 계기가 되기를 바라며, 특히 리더십을 발휘하느라 스트레스를 받을 필요 없이 서로 이해하고 존중하며 성장하는 기회가 되기를 기대합니다.","이 사용자는 일본 지역을 선호하고, 습함 기후를 피하고 싶어해요. 여행 목적은 도전과성장이며, 콘도에서 머무는 걸 좋아하고 오전 8-9시쯤 기상하는 편이에요.",,
642,둔감,매우 수용적,많다,보통,무조건 리드,3,보통,매우 여유있게,국내,바다,계획 여행,무조건 다 봄,코골이 안함,기다림,"일본,그 외,미국","쌀쌀함,상관없음,추움","사람&관계,휴식,자연감상","상관없음,콘도,게스트하우스",오전 10시 이후,300-400만원,"저는 여행 중 추운 기후를 좋아하지 않아서, 추운 날씨 때문에 불편했던 경험이 최악이었습니다. 이번 여행에서는 자연을 여유롭게 감상하며 휴식을 취하고 싶기 때문에, 무엇보다도 여유 있는 일정이 중요합니다. 함께 여행하고 싶은 사람은 다양한 의견을 수용할 수 있는 개방적이며 대화가 활발한 성격의 사람입니다. 이번 여행에서 가장 기대하는 것은 친구나 가족들과의 인간관계를 새롭게 발전시키는 것입니다. 여행이 제 삶에 사람들과의 관계를 더욱 풍부하게 하며, 제 자신을 충전하고 힐링할 수 있는 계기가 되었으면 합니다.","이 사용자는 그 외 지역을 선호하고, 추움 기후를 피하고 싶어해요. 여행 목적은 휴식이며, 상관없음에서 머무는 걸 좋아하고 오전 10시 이후쯤 기상하는 편이에요.",,
643,보통,보통,적다,종종 늦음,무조건 리드,2,꽤 민감,꽤 여유있게,해외,산,계획 여행,적당히 봄,코골이 안함,다른 곳 간다,"유럽,중국&몽골,동남아","상관없음,추움,습함","문화&역사체험,쇼핑,기록","콘도,상관없음,4-5성급호텔",오전 9-10시,200-300만원,"여행 중 최악의 경험은 상황에 맞지 않는 갑작스러운 일정 변화였어요. 저는 계획적인 여행을 좋아하거든요. 이번 여행에는 꼭 일정에 맞는 문화와 역사 체험을 포함하고 싶습니다. 함께 여행하고 싶은 사람은 저처럼 계획적인 데다 여유롭게 일정을 즐길 수 있는 사람이에요. 이번 여행에서 가장 기대하는 것은 유럽이나 중국, 몽골의 역사적인 장소들을 방문하면서 얻는 깊이 있는 문화 체험입니다. 이번 여행을 통해 삶에 다양한 경험을 기록하고, 새로운 시각으로 생활에 활력을 더하고 싶습니다.","이 사용자는 중국&몽골 지역을 선호하고, 추움 기후를 피하고 싶어해요. 여행 목적은 기록이며, 콘도에서 머무는 걸 좋아하고 오전 9-10시쯤 기상하는 편이에요.",,
644,둔감,보통,매우 많다,종종 늦음,무조건 따름,3,꽤 민감,꽤 여유있게,해외,바다,즉흥 여행,무조건 다 봄,코골이 함,다른 곳 간다,"중국&몽골,유럽,미국","습함,더움,쌀쌀함","액티비티,쇼핑,문화&역사체험","3성이하 호텔,에어비엔비,4-5성급호텔",오전 8-9시,400만원 이상,"이번 여행에서는 불편한 숙소 환경이나 일정에 쫓기는 상황을 피하고 싶습니다. 이전에 많이 걸어야 했던 여행에서 체력적으로 힘들었던 기억이 있기 때문에, 이번에는 여유로운 일정과 함께 적절한 숙소 환경을 중요하게 생각합니다. 따라서 함께 여행할 사람은 의견을 존중하면서도 리더십을 발휘하는 사람이면 좋겠습니다. 특히 이번 여행에서는 미국의 다양한 문화와 역사 체험을 기대하며, 일상적인 삶에서 벗어나 새로운 활력소를 얻고 싶습니다. 오는 여행은 제 삶에 활력을 주고 다양한 경험을 쌓는 기회로 삼고 싶습니다.","이 사용자는 미국 지역을 선호하고, 쌀쌀함 기후를 피하고 싶어해요. 여행 목적은 액티비티이며, 에어비엔비에서 머무는 걸 좋아하고 오전 8-9시쯤 기상하는 편이에요.",,
645,매우 민감,매우 완고,많다,꽤 정확,보통,3,둔감,꽤 빡빡하게,국내,바다,즉흥 여행,적당히 봄,코골이 안함,다른 곳 간다,"국내,그 외,중국&몽골","더움,추움,습함","자연감상,도전과성장,문화&역사체험","상관없음,콘도,게스트하우스",오전 9-10시,100만원 이하,"저는 여행 중 습한 기후를 가장 싫어하기 때문에 그런 날씨를 맞닥뜨리는 것이 최악의 경험일 것입니다. 이번 여행에서는 자유롭게 일정 관리가 가능한 즉흥 여행을 계획하고 있어서 꽉 찬 일정 속에서도 유연함을 유지하고 싶습니다. 함께 여행을 가고 싶은 사람은 제가 말이 많은 편인데도 불구하고 의견이 잘 맞고 함께 자연을 감상하거나 문화와 역사 체험을 즐길 수 있는 사람입니다. 이번 여행에서 가장 기대하는 것은 저 자신을 도전하고 성장할 수 있는 기회를 얻는 것이며, 이를 통해 제 삶에 새로운 활력을 불어넣는 것입니다. 여행을 통해 일상에서 벗어난 경험을 쌓고, 더 나아가 중국과 몽골의 새로운 면모를 발견하며 개인적으로 중요한 의미를 찾고 싶습니다.","이 사용자는 중국&몽골 지역을 선호하고, 습함 기후를 피하고 싶어해요. 여행 목적은 도전과성장이며, 상관없음에서 머무는 걸 좋아하고 오전 9-10시쯤 기상하는 편이에요.",,
646,매우 민감,다소 완고,매우 적다,매우 정확,무조건 따름,1,매우 민감,꽤 빡빡하게,국내,바다,즉흥 여행,무조건 다 봄,코골이 함,다른 곳 간다,"국내,미국,중국&몽골","더움,추움,건조함","사람&관계,액티비티,자연감상","게스트하우스,4-5성급호텔,에어비엔비",오전 10시 이후,400만원 이상,"저는 여행 중에 다른 사람과의 의견 충돌이나 불필요한 웨이팅을 가장 싫어하는데, 그래서 견디기 힘들었던 경험이 있습니다. 이번 여행에서는 여유롭게 자연을 감상할 수 있는 일정을 꼭 갖고 싶으며, 같이 가는 사람은 저와 비슷한 일정과 취향을 공유할 수 있는 사람이어야 합니다. 이번 여행에서 가장 기대하는 것은 미국 지역의 자연을 체험하는 것이며, 바다를 포함한 여러 랜드마크를 빠짐없이 방문하고 싶습니다. 저는 여행이 사람과의 관계를 쌓고, 액티비티를 통해 새로운 경험을 얻는 의미를 가지길 바랍니다. 코골이나 청결 문제는 신경 쓰일 수 있어 조심하고 싶고, 이런 모든 요소가 조화를 이루어 저에게 뜻깊은 시간이 되었으면 좋겠습니다.","이 사용자는 미국 지역을 선호하고, 추움 기후를 피하고 싶어해요. 여행 목적은 자연감상이며, 에어비엔비에서 머무는 걸 좋아하고 오전 10시 이후쯤 기상하는 편이에요.",,
647,둔감,보통,보통,보통,무조건 따름,5,둔감,보통,해외,산,즉흥 여행,무조건 다 봄,코골이 함,기다림,"동남아,세계일주,미국","쌀쌀함,습함,추움","액티비티,휴식,자연감상","3성이하 호텔,상관없음,게스트하우스",오전 9-10시,100만원 이하,"저는 여행 중 최악의 경험으로는 긴 대기 시간이었지만, 기다리는 것 자체는 크게 문제가 되지 않습니다. 이번 여행에서 꼭 필요하다고 생각하는 것은 자연을 감상할 기회와 다양한 액티비티의 참여입니다. 함께 여행하고 싶은 사람은 계획을 잘 따르고 즉흥적인 여행을 즐길 수 있는 사람입니다. 이번 여행에서 특히 기대하는 것은 미국의 다양한 자연경관을 보고 느끼는 것입니다. 여행이 제 삶에 가져다주었으면 하는 의미는 새로운 환경에서의 자연스러운 휴식과 활력을 찾는 것입니다.","이 사용자는 미국 지역을 선호하고, 습함 기후를 피하고 싶어해요. 여행 목적은 자연감상이며, 상관없음에서 머무는 걸 좋아하고 오전 9-10시쯤 기상하는 편이에요.",,
648,보통,보통,적다,보통,리드하는편,4,매우 민감,꽤 빡빡하게,해외,바다,계획 여행,적당히 봄,코골이 안함,다른 곳 간다,"중국&몽골,일본,국내","상관없음,더움,쌀쌀함","문화&역사체험,공연&경기관람,기록","민박,펜션,콘도",오전 9-10시,300-400만원,"여행 중 최악의 경험은 청결이 제대로 유지되지 않는 숙소에서의 체류일 것입니다. 이번 여행에서는 문화와 역사를 체험할 수 있는 다양한 활동을 계획적으로 즐기고 싶으며, 이런 경험들을 기록할 수 있는 여유가 중요합니다. 동반자는 의견을 잘 수용하고, 청결에 민감한 사람이라면 좋겠습니다. 이번 여행에서 특히 기대하는 것은 그 지역의 공연이나 경기를 직접 관람하는 것이고, 이는 제 삶에 독특한 문화적 경험을 더하고 싶다는 의미를 가집니다. 저는 체력적으로 큰 무리는 없지만 꽤 빡빡한 일정으로 움직일 계획이며, 여행 중 기상 시간도 고려해 오전 9-10시쯤 하루를 시작할 것입니다.","이 사용자는 중국&몽골 지역을 선호하고, 더움 기후를 피하고 싶어해요. 여행 목적은 문화&역사체험이며, 콘도에서 머무는 걸 좋아하고 오전 9-10시쯤 기상하는 편이에요.",,
649,둔감,수용적,적다,꽤 정확,따르는 편,4,매우 둔감,보통,해외,바다,즉흥 여행,적당히 봄,코골이 안함,기다림,"중국&몽골,국내,일본","더움,습함,쌀쌀함","문화&역사체험,액티비티,쇼핑","4-5성급호텔,게스트하우스,펜션",오전 10시 이후,300-400만원,저는 여행 중 가장 싫었던 경험은 더운 기후에 노출된 것이었습니다. 그래서 이번 여행에서는 날씨가 적당한 곳에서 문화와 역사를 체험할 기회를 놓치지 않고 싶습니다. 여행 파트너로는 조용하고 저처럼 즉흥적인 것을 즐길 줄 아는 사람을 선호합니다. 특히 펜션에서 편안하게 머물며 현지의 문화를 느끼고 쇼핑도 즐길 생각에 기대가 큽니다. 이번 여행을 통해 일상의 스트레스를 벗어나고 삶에 새로워진 에너지를 불어넣는 기회가 되었으면 합니다.,"이 사용자는 국내 지역을 선호하고, 더움 기후를 피하고 싶어해요. 여행 목적은 문화&역사체험이며, 펜션에서 머무는 걸 좋아하고 오전 10시 이후쯤 기상하는 편이에요.",,
650,매우 둔감,다소 완고,보통,보통,보통,5,둔감,보통,국내,바다,즉흥 여행,무조건 다 봄,코골이 안함,기다림,"일본,유럽,미국","건조함,추움,상관없음","도전과성장,사람&관계,자연감상","게스트하우스,3성이하 호텔,상관없음",오전 8-9시,100만원 이하,"저는 여행 중 최악의 경험으로 지나치게 건조하거나 추운 기후를 만나는 것을 꼽을 수 있을 것 같아요. 이번 여행에서는 즉흥적인 여정 속에서도 최소한의 계획을 가지고 다양한 랜드마크를 놓치지 않고 보고 싶습니다. 함께 여행하고 싶은 사람은 너무 예민하지 않고, 즉흥적인 일정에도 잘 적응할 수 있는 사람이었으면 좋겠어요. 가장 기대되는 것은 새로운 사람들과의 만남을 통해 관계를 형성하고 자연을 감상하며 도전과 성장을 이루는 것이에요. 이번 여행이 제 삶에 새로운 경험을 통해 성장하고 더욱 풍부한 인간관계를 쌓는 의미가 있었으면 좋겠습니다.","이 사용자는 유럽 지역을 선호하고, 건조함 기후를 피하고 싶어해요. 여행 목적은 도전과성장이며, 3성이하 호텔에서 머무는 걸 좋아하고 오전 8-9시쯤 기상하는 편이에요.",,
651,매우 민감,수용적,보통,자주 늦음,보통,1,보통,매우 빡빡하게,해외,바다,계획 여행,적당히 봄,코골이 안함,기다림,"그 외,일본,중국&몽골","습함,쌀쌀함,더움","쇼핑,자연감상,액티비티","에어비엔비,펜션,상관없음",오전 10시 이후,400만원 이상,"저는 여행 중에 날씨가 쌀쌀해지거나 습하면 최악의 경험으로 느낍니다. 이번 여행에서는 숙소가 에어비앤비나 펜션이었으면 좋겠고, 꼭 필요한 것은 철저하게 계획된 일정입니다. 함께 여행하고 싶은 사람은 여유롭게 기다릴 수 있고, 민감한 부분을 잘 이해해주는 사람입니다. 이번 여행에서 가장 기대하는 것은 자연을 감상하며 쇼핑을 즐기는 것이며, 이 여행을 통해 삶의 활력을 되찾고 싶습니다. 바쁜 일정 속에서도 새로운 경험과 즐거움을 얻기를 기대합니다.","이 사용자는 그 외 지역을 선호하고, 쌀쌀함 기후를 피하고 싶어해요. 여행 목적은 쇼핑이며, 펜션에서 머무는 걸 좋아하고 오전 10시 이후쯤 기상하는 편이에요.",,
652,매우 민감,매우 완고,많다,종종 늦음,리드하는편,1,둔감,꽤 여유있게,국내,산,계획 여행,적당히 봄,코골이 안함,다른 곳 간다,"국내,유럽,중국&몽골","상관없음,습함,더움","휴식,사람&관계,기록","에어비엔비,3성이하 호텔,상관없음",오전 8-9시,400만원 이상,"저는 여행 중엔 체력이 약해 긴 대기 시간이 있는 곳은 피하고, 계획된 일정이 깨질 때 속상해서 시간 관리를 신경 써요. 최악의 경험은 예상치 못한 기후 때문에 불쾌했던 기억이며, 꼭 필요한 것은 나만의 시간을 보낼 수 있는 곳입니다. 같이 여행할 사람은 제가 많은 이야기를 할 수 있지만 저의 예민함을 이해해주는 사람을 선호합니다. 이번 여행에서는 새로운 사람들과의 관계 형성과 충분한 휴식을 기대하고 있으며, 삶에 의미 있는 기록을 남기고 싶습니다. 국내 여행을 통해 편안하고 여유로운 시간을 가지면서도 스스로의 삶에 중요한 순간들을 만들어가길 바랍니다.","이 사용자는 유럽 지역을 선호하고, 더움 기후를 피하고 싶어해요. 여행 목적은 휴식이며, 에어비엔비에서 머무는 걸 좋아하고 오전 8-9시쯤 기상하는 편이에요.",,
653,매우 둔감,보통,적다,매우 정확,따르는 편,1,보통,꽤 빡빡하게,해외,산,즉흥 여행,무조건 다 봄,코골이 함,다른 곳 간다,"유럽,일본,동남아","습함,더움,상관없음","자연감상,문화&역사체험,기록","펜션,4-5성급호텔,게스트하우스",오전 8-9시,400만원 이상,"여행 중 최악의 경험은 습하고 더운 날씨라고 생각합니다. 이번 여행에서는 자연 감상과 문화 및 역사 체험을 통해 다양한 기록을 남기고 싶어요. 함께 여행을 가고 싶은 사람은 여유로운 성격을 지녔고 계획보다 즉흥적인 활동에 가볍게 따라올 수 있는 분이었으면 해요. 가장 기대하는 것은 유럽이나 일본의 산과도 같은 자연에서 평소에 접하지 못한 경치를 보는 것입니다. 이번 여행이 제 삶에 가져다주길 바라는 의미는 새로운 경험을 기록하며 소중한 추억을 쌓고, 일상의 스트레스가 해소되는 것입니다.","이 사용자는 일본 지역을 선호하고, 상관없음 기후를 피하고 싶어해요. 여행 목적은 문화&역사체험이며, 4-5성급호텔에서 머무는 걸 좋아하고 오전 8-9시쯤 기상하는 편이에요.",,
654,꽤 민감,매우 완고,매우 많다,보통,리드하는편,5,매우 민감,꽤 빡빡하게,국내,바다,즉흥 여행,무조건 다 봄,코골이 함,기다림,"일본,국내,세계일주","더움,상관없음,쌀쌀함","기록,자연감상,휴식","4-5성급호텔,민박,콘도",오전 8-9시,400만원 이상,"저는 국내 여행을 선호하며 기록을 남기는 것을 중요하게 여깁니다. 여행 중 최악의 경험은 계획된 일정을 소화하지 못할 때로, 무조건 일정한 시간에 일어나지 않으면 안된다고 생각합니다. 기대하는 것은 자연을 감상하며 휴식을 취하는 것이며, 여행 중에는 청결이 중요하기 때문에 깔끔한 숙소가 필요합니다. 여행을 함께하고 싶은 사람은 저와 같이 바다를 좋아하고 즉흥적인 여행을 즐길 수 있는 사람이면 좋겠습니다. 이번 여행이 저에게는 일상의 스트레스를 잊고 새로운 시각으로 삶을 바라보게 해주는 의미 있는 시간이었으면 합니다.","이 사용자는 국내 지역을 선호하고, 상관없음 기후를 피하고 싶어해요. 여행 목적은 기록이며, 콘도에서 머무는 걸 좋아하고 오전 8-9시쯤 기상하는 편이에요.",,
655,보통,수용적,보통,자주 늦음,무조건 리드,2,매우 둔감,꽤 빡빡하게,해외,바다,계획 여행,적당히 봄,코골이 함,기다림,"유럽,미국,동남아","상관없음,습함,추움","공연&경기관람,기록,도전과성장","민박,상관없음,게스트하우스",오전 9-10시,300-400만원,"저는 여행 중 시간 약속에 맞추지 못해 예상보다 긴 웨이팅을 경험한 적이 있는데, 이는 최악의 경험 중 하나였어요. 그래서 이번 여행에서는 시간을 잘 지킬 수 있도록 철저한 계획이 필수적이라고 생각해요. 공연과 경기 관람을 위한 여행이라 함께 가는 사람은 새로운 경험을 즐기고 예측 가능한 일정에 수용적인 사람이라면 좋을 것 같아요. 미국에서의 다양한 공연 관람이 이번 여행의 가장 큰 기대 포인트이며, 이를 통해 도전과 성장을 경험하고 싶어요. 이 여행이 제 삶에 새로운 기록을 남기고, 일상에서의 성장의 발판이 되길 바랍니다.","이 사용자는 미국 지역을 선호하고, 습함 기후를 피하고 싶어해요. 여행 목적은 공연&경기관람이며, 게스트하우스에서 머무는 걸 좋아하고 오전 9-10시쯤 기상하는 편이에요.",,
656,보통,매우 수용적,적다,보통,보통,5,꽤 민감,매우 빡빡하게,국내,산,즉흥 여행,무조건 다 봄,코골이 함,기다림,"동남아,유럽,미국","건조함,습함,추움","휴식,사람&관계,액티비티","민박,4-5성급호텔,상관없음",오전 9-10시,400만원 이상,여행 중 최악의 경험은 날씨가 추워 제대로 즐기지 못한 날들이었어요. 그래서 이번 여행에서는 편안한 날씨가 필수적이에요. 함께 여행할 사람은 의견을 잘 받아들이고 기다림에 여유가 있는 사람이면 좋겠어요. 이번 여행에서는 다채로운 액티비티와 사람들과의 교류를 가장 기대하고 있습니다. 이 여행은 새로운 관계를 맺고 제 삶에 특별한 휴식과 활기를 불어넣는 기회가 되었으면 해요.,"이 사용자는 미국 지역을 선호하고, 추움 기후를 피하고 싶어해요. 여행 목적은 사람&관계이며, 민박에서 머무는 걸 좋아하고 오전 9-10시쯤 기상하는 편이에요.",,
657,둔감,매우 완고,보통,보통,보통,4,보통,꽤 빡빡하게,국내,바다,즉흥 여행,적당히 봄,코골이 함,기다림,"유럽,세계일주,미국","더움,추움,상관없음","도전과성장,미식,휴식","게스트하우스,상관없음,콘도",오전 9-10시,200-300만원,"저는 여행 중 시간약속을 지키지 않는 사람들과의 갈등을 최악의 경험으로 꼽습니다. 따라서, 함께 여행하고 싶은 사람은 계획에 융통성이 있지만 기본적인 약속은 지킬 수 있는 사람입니다. 이번 여행에서 가장 필요한 것은 미식을 즐길 수 있는 곳에서의 자유로운 시간입니다. 특히 이번 여행에서는 다양한 음식을 경험하는 것을 가장 기대하고 있습니다. 또한, 저는 이번 여행이 새로운 도전과 성장의 기회가 되길 바랍니다. 이를 통해 일상에서 벗어나 새로운 시각을 얻고 싶습니다.","이 사용자는 세계일주 지역을 선호하고, 상관없음 기후를 피하고 싶어해요. 여행 목적은 미식이며, 상관없음에서 머무는 걸 좋아하고 오전 9-10시쯤 기상하는 편이에요.",,
658,매우 둔감,다소 완고,많다,꽤 정확,리드하는편,4,꽤 민감,매우 여유있게,국내,산,즉흥 여행,무조건 다 봄,코골이 안함,다른 곳 간다,"세계일주,국내,동남아","추움,습함,상관없음","사람&관계,휴식,미식","4-5성급호텔,게스트하우스,3성이하 호텔",오전 9-10시,100만원 이하,"저는 국내 여행을 선호하며, 휴식을 목적으로 여유로운 일정을 즐깁니다. 여행 중 가장 최악의 경험은 습한 날씨에서의 불편함이었고, 청결한 숙소가 꼭 필요합니다. 함께 여행하고 싶은 사람은 말이 많고 적극적인 성향을 가진 사람이면 좋겠어요. 이번 여행에서 사람들과의 관계를 통해 즐거운 시간을 보내는 것을 가장 기대하며, 이는 제 일상에 새로운 활력을 불어넣어줄 의미가 있습니다. 즉흥적인 계획을 통해 다양한 랜드마크를 탐방하는 즐거움을 놓치고 싶지 않습니다.","이 사용자는 국내 지역을 선호하고, 상관없음 기후를 피하고 싶어해요. 여행 목적은 휴식이며, 3성이하 호텔에서 머무는 걸 좋아하고 오전 9-10시쯤 기상하는 편이에요.",,
659,꽤 민감,보통,매우 많다,자주 늦음,보통,3,꽤 민감,꽤 빡빡하게,국내,바다,계획 여행,무조건 다 봄,코골이 함,기다림,"미국,일본,동남아","추움,습함,건조함","자연감상,도전과성장,쇼핑","게스트하우스,상관없음,콘도",오전 9-10시,100만원 이하,"저는 여행 중 추운 기후를 피하는 것을 중요하게 여기는데, 예전에 날씨 때문에 고생했던 것이 최악의 경험이었습니다. 이번 여행에서 만큼은 쾌적한 기후에서 자연을 감상할 계획이라 매우 기대하고 있으며, 여행 경비는 100만원 이하로 효율적으로 사용하고 싶습니다. 여행은 도전과 성장을 목적으로 하며, 쇼핑을 즐길 기회를 놓치고 싶지 않습니다. 함께 여행할 사람은 말을 많이 나눌 수 있는 사람으로, 서로의 의견을 존중할 수 있는 사람이면 좋겠습니다. 이번 여행이 저에게 또 다른 삶의 도전이자, 자연을 통해 치유 받을 수 있는 시간이 되었으면 합니다.","이 사용자는 동남아 지역을 선호하고, 추움 기후를 피하고 싶어해요. 여행 목적은 자연감상이며, 콘도에서 머무는 걸 좋아하고 오전 9-10시쯤 기상하는 편이에요.",,
660,꽤 민감,매우 수용적,많다,매우 정확,보통,2,매우 민감,꽤 여유있게,해외,바다,즉흥 여행,적당히 봄,코골이 안함,기다림,"일본,그 외,국내","습함,추움,더움","도전과성장,미식,사람&관계","4-5성급호텔,에어비엔비,3성이하 호텔",오전 9-10시,300-400만원,"저는 여행을 통해 도전하고 성장하는 것을 중요시하며, 이번 여행에서도 새로운 사람들과의 만남과 미식을 통해 많은 걸 얻고 싶습니다. 상대적으로 청결에 민감한 편이라, 숙소를 선택할 때는 4-5성급 호텔이나 에어비앤비를 선호하지만, 특별한 경험을 위해 3성급 이하의 숙소도 고려합니다. 예전에 날씨가 덥거나 습한 곳에서 고생했던 적이 있어서 그런 기후를 피하고 싶습니다. 이번 여행에서 중요한 것은 스케줄을 여유롭게 잡고, 제가 수용적인 만큼 다양한 의견을 존중하며 여행 동반자와 좋은 관계를 유지하는 것입니다. 시간이 정확한 사람과 함께 여행하면서 서로의 계획을 잘 맞추고, 여행이 끝난 후에도 삶에 긍정적인 변화를 가져오기를 기대합니다.","이 사용자는 그 외 지역을 선호하고, 더움 기후를 피하고 싶어해요. 여행 목적은 도전과성장이며, 3성이하 호텔에서 머무는 걸 좋아하고 오전 9-10시쯤 기상하는 편이에요.",,
661,매우 민감,매우 수용적,매우 많다,매우 정확,리드하는편,1,매우 둔감,매우 여유있게,해외,바다,계획 여행,적당히 봄,코골이 함,다른 곳 간다,"그 외,미국,세계일주","더움,쌀쌀함,습함","사람&관계,쇼핑,미식","상관없음,펜션,콘도",오전 10시 이후,400만원 이상,"저는 여행 중에 일정이 빡빡하거나 덥고 습한 날씨를 경험하는 것을 힘들어합니다. 그래서 이번 여행에서는 여유로운 일정과 적당한 기후가 꼭 필요합니다. 함께 여행을 가고 싶은 사람은 수용적이고 대화를 많이 할 수 있는 사람이었으면 좋겠고, 그들과 함께 미국을 포함한 여러 곳을 여행하며 쇼핑과 미식을 즐기는 것이 기대됩니다. 이번 여행은 사람들과의 관계를 돈독히 하고 새로운 경험을 쌓아 삶의 다양성을 넓히는 의미가 있기를 바랍니다. 예약 시간에 맞춰 정확하게 움직이고, 체력적으로는 무리가 가지 않는 선에서 여유를 즐기고자 합니다.","이 사용자는 미국 지역을 선호하고, 더움 기후를 피하고 싶어해요. 여행 목적은 사람&관계이며, 펜션에서 머무는 걸 좋아하고 오전 10시 이후쯤 기상하는 편이에요.",,
662,보통,수용적,적다,종종 늦음,무조건 따름,3,매우 민감,보통,해외,바다,즉흥 여행,무조건 다 봄,코골이 함,기다림,"중국&몽골,국내,유럽","건조함,쌀쌀함,더움","미식,공연&경기관람,휴식","펜션,콘도,민박",오전 10시 이후,300-400만원,"이번 여행에서 기대하는 가장 큰 부분은 공연과 경기 관람입니다. 여행 중 최고로 기대하는 것은 중국과 몽골을 돌아다니며 다양한 공연을 경험하는 것이고, 목적 자체가 휴식과 미식 탐방이기 때문에 여유로운 일정을 추구합니다. 여행 중 최악의 경험은 아마도 기후가 건조하고 쌀쌀해서 불편했던 순간일 것이며, 이러한 이유로 적당한 날씨가 확보되는 것이 중요합니다. 함께 여행할 사람으로는 계획적이고 청결함을 중요시하면서도 여유로운 성격을 가진 사람과 동행하고 싶습니다. 이번 여행은 일상에서 벗어나 새로운 경험을 통해 삶을 더 풍부하게 하는 계기가 되었으면 합니다.","이 사용자는 중국&몽골 지역을 선호하고, 쌀쌀함 기후를 피하고 싶어해요. 여행 목적은 공연&경기관람이며, 민박에서 머무는 걸 좋아하고 오전 10시 이후쯤 기상하는 편이에요.",,
663,매우 민감,다소 완고,적다,꽤 정확,리드하는편,5,보통,보통,해외,바다,계획 여행,무조건 다 봄,코골이 함,기다림,"국내,중국&몽골,미국","추움,더움,상관없음","자연감상,도전과성장,문화&역사체험","에어비엔비,콘도,상관없음",오전 8-9시,200-300만원,"저는 여행 중 계획이 어그러지는 것을 최악의 경험으로 여깁니다. 그래서 항상 스케줄과 시간 약속을 철저히 지키고자 합니다. 이번 여행에서는 자연 감상을 위한 충분한 시간이 꼭 필요하며, 동행자도 계획을 잘 따르고 배려심 있는 사람이면 좋겠습니다. 이번 여행에서 가장 기대하는 것은 새로운 문화와 역사에 대한 체험이고, 이를 통해 개인적으로 도전과 성장의 기회를 얻고 싶습니다. 이 여행이 제 삶에서 새로운 관점을 얻고 스스로 발전할 수 있는 중요한 발판이 되기를 바랍니다.","이 사용자는 국내 지역을 선호하고, 상관없음 기후를 피하고 싶어해요. 여행 목적은 문화&역사체험이며, 상관없음에서 머무는 걸 좋아하고 오전 8-9시쯤 기상하는 편이에요.",,
664,매우 둔감,수용적,매우 많다,자주 늦음,따르는 편,1,매우 민감,매우 여유있게,해외,산,계획 여행,적당히 봄,코골이 함,다른 곳 간다,"동남아,유럽,그 외","건조함,더움,추움","휴식,쇼핑,문화&역사체험","3성이하 호텔,게스트하우스,민박",오전 9-10시,200-300만원,"여행 중 최악의 경험은 기후가 갑작스럽게 건조해졌을 때였는데, 이런 환경은 정말 싫어합니다. 그래서 이번 여행에서는 쾌적한 기후가 꼭 필요합니다. 여행을 함께 가고 싶은 사람은 말이 많고 수용적인 성격을 가진 사람으로, 서로 많은 이야기를 나눌 수 있기를 바랍니다. 이번 여행에서 가장 기대하는 것은 휴식과 쇼핑, 그리고 문화 및 역사 체험을 통해 일상의 스트레스를 날리는 것입니다. 여행이 제 삶에 주는 의미는 새로운 시각을 얻고 일상으로부터 벗어나 재충전할 수 있는 기회를 제공하는 것이죠. 이를 통해 저는 일상의 반복에서 벗어나 좀 더 여유롭고 계획된 시간을 가질 수 있기를 바랍니다.","이 사용자는 그 외 지역을 선호하고, 추움 기후를 피하고 싶어해요. 여행 목적은 쇼핑이며, 민박에서 머무는 걸 좋아하고 오전 9-10시쯤 기상하는 편이에요.",,
665,꽤 민감,다소 완고,보통,종종 늦음,보통,3,매우 민감,꽤 빡빡하게,해외,산,계획 여행,무조건 다 봄,코골이 함,기다림,"중국&몽골,미국,유럽","상관없음,추움,습함","쇼핑,휴식,자연감상","에어비엔비,게스트하우스,4-5성급호텔",오전 9-10시,100만원 이하,"저는 여행 중에 가장 최악의 경험으로는 불편한 숙소와 너무 추운 기후에서의 체류를 꼽을 수 있습니다. 그래서 이번 여행에서는 깨끗한 4-5성급 호텔에서 머무는 것을 꼭 원합니다. 같이 여행을 가고 싶은 사람이라면 계획을 잘 따르면서도 여행 명소를 하나도 빠뜨리지 않고 함께 즐길 수 있는 사람을 선호합니다. 이번 여행에서 가장 기대되는 것은 자연의 아름다움을 감상하며 휴식을 취하는 것입니다. 이러한 여행이 제 삶에 새로운 활력을 주고, 스트레스 해소의 기회가 되었으면 하는 바람입니다.","이 사용자는 미국 지역을 선호하고, 추움 기후를 피하고 싶어해요. 여행 목적은 휴식이며, 4-5성급호텔에서 머무는 걸 좋아하고 오전 9-10시쯤 기상하는 편이에요.",,
666,매우 둔감,다소 완고,적다,종종 늦음,무조건 따름,1,꽤 민감,매우 여유있게,국내,바다,계획 여행,무조건 다 봄,코골이 함,기다림,"유럽,일본,동남아","상관없음,쌀쌀함,추움","문화&역사체험,액티비티,도전과성장","상관없음,게스트하우스,민박",오전 10시 이후,300-400만원,"여행 중 최악의 경험은 계획에 없던 상황에서 스트레스를 받을 때입니다. 이번 여행에서 꼭 챙겨야 하는 것은 문화와 역사 체험을 위한 준비물이며, 이런 여정을 함께할 사람은 계획적으로 움직이고 스트레스 없이 여유롭게 상황을 받아들이는 사람일 것입니다. 이번 여행에서 가장 기대하는 것은 새로운 액티비티를 경험하고 문화적으로 성장하는 것으로, 제 삶에 의미 있는 도전과 성장을 가져다주길 바랍니다. 여행의 여유로움을 만끽하며 여러 랜드마크를 모두 보면서도 쌀쌀한 기후를 피할 수 있기를 바랍니다.","이 사용자는 일본 지역을 선호하고, 쌀쌀함 기후를 피하고 싶어해요. 여행 목적은 액티비티이며, 게스트하우스에서 머무는 걸 좋아하고 오전 10시 이후쯤 기상하는 편이에요.",,
667,둔감,매우 수용적,매우 많다,종종 늦음,리드하는편,5,둔감,보통,국내,바다,계획 여행,적당히 봄,코골이 함,기다림,"동남아,세계일주,일본","상관없음,쌀쌀함,더움","사람&관계,기록,도전과성장","3성이하 호텔,상관없음,펜션",오전 8-9시,300-400만원,"저는 여행을 통해 새로운 사람들과의 만남과 관계를 쌓는 것을 중요하게 생각합니다. 예전에 여행 중 예기치 못한 상황으로 계획이 어그러진 경험이 있었는데, 그것이 최악의 경험이었습니다. 그래서 이번 여행에서는 신뢰할 수 있는 사람들과 동행하여 함께 리드하고, 대화가 잘 통하는 사람과의 유쾌한 소통을 기대합니다. 특히 이번 여행에서 얻고 싶은 것은 자신감과 도전정신이며, 삶의 한 페이지에 의미 있는 기록으로 남기고 싶습니다. 따라서 여행이 끝난 후 성장한 자신을 발견할 수 있기를 바랍니다.","이 사용자는 세계일주 지역을 선호하고, 상관없음 기후를 피하고 싶어해요. 여행 목적은 사람&관계이며, 상관없음에서 머무는 걸 좋아하고 오전 8-9시쯤 기상하는 편이에요.",,
668,매우 둔감,다소 완고,많다,자주 늦음,따르는 편,5,매우 민감,꽤 여유있게,해외,바다,계획 여행,무조건 다 봄,코골이 안함,다른 곳 간다,"중국&몽골,국내,미국","습함,추움,쌀쌀함","휴식,액티비티,문화&역사체험","4-5성급호텔,콘도,에어비엔비",오전 9-10시,300-400만원,"여행 중 최악의 경험은 아마 지나치게 촉박한 일정 때문에 스트레스를 받았던 순간들이었을 것입니다. 그래서 이번 여행에서는 여유로운 일정 속에서 모든 랜드마크를 찾아보는 것과 함께 편안하게 휴식할 수 있는 고급 숙소가 필수적입니다. 같이 여행을 가고 싶은 사람은, 저와 비슷한 둔감한 성향을 가졌으며 성급하게 움직이기보다는 계획을 함께 즐길 수 있는 사람일 것입니다. 이번 여행에서 가장 기대되는 것은 미국의 문화와 역사를 체험하는 것이고, 이런 경험이 일상에서 얻기 힘든 새로운 에너지를 줄 것이라 믿습니다. 이번 여행이 저의 삶에 휴식과 활력을 더하는 의미 있는 시간이 되길 바랍니다.","이 사용자는 미국 지역을 선호하고, 쌀쌀함 기후를 피하고 싶어해요. 여행 목적은 휴식이며, 4-5성급호텔에서 머무는 걸 좋아하고 오전 9-10시쯤 기상하는 편이에요.",,
669,꽤 민감,수용적,매우 많다,자주 늦음,보통,1,꽤 민감,매우 여유있게,해외,바다,즉흥 여행,적당히 봄,코골이 안함,다른 곳 간다,"유럽,동남아,그 외","더움,건조함,추움","쇼핑,미식,기록","3성이하 호텔,상관없음,콘도",오전 8-9시,300-400만원,"저는 여행 중 최악의 경험으로 기후가 매우 건조하거나 덥고 추운 곳을 만나 몸이 힘들었던 때를 떠올립니다. 이번 여행에서는 쇼핑과 미식을 기록하는데 집중하고 싶기 때문에 여유롭고 즉흥적으로 일정을 짜되 꼭 카메라를 챙겨야 할 것 같아요. 함께 여행을 가고 싶은 사람은 말을 많이 나누며 제 이야기를 잘 들어주고, 예민한 부분에 이해심이 많은 사람이었으면 좋겠습니다. 이번 여행에서 가장 기대하는 것은 다양한 음식을 체험하고 그 경험을 기록으로 남기는 것입니다. 이 여행이 제 삶에서는 특별한 추억을 남기는 동시에 일상에서 벗어나 조금 더 여유롭게 삶을 즐길 수 있는 기회가 되었으면 합니다.","이 사용자는 그 외 지역을 선호하고, 건조함 기후를 피하고 싶어해요. 여행 목적은 기록이며, 상관없음에서 머무는 걸 좋아하고 오전 8-9시쯤 기상하는 편이에요.",,
670,꽤 민감,매우 수용적,많다,자주 늦음,리드하는편,2,매우 민감,보통,국내,바다,계획 여행,적당히 봄,코골이 함,기다림,"일본,세계일주,유럽","상관없음,건조함,추움","휴식,공연&경기관람,문화&역사체험","게스트하우스,에어비엔비,콘도",오전 8-9시,400만원 이상,"저는 여행 중에 체력이 약해 자주 늦는 편이라 함께 여행하는 사람이 이해심 많고 유연한 사람이라면 좋겠습니다. 또한, 청결에 민감해 에어비엔비와 같은 깨끗한 숙소에서 머무는 것이 필수적입니다. 이번 여행에서는 휴식과 문화, 역사 체험, 그리고 공연 관람을 통해 새로운 영감을 얻고자 합니다. 가장 기대하는 것은 세계 일주와 같은 장기 여정을 통해 제 삶의 다양한 관점을 얻고, 이를 통해 삶의 의미를 새롭게 발견하는 것입니다. 추운 기후는 피하면서도 유럽의 풍부한 문화적 경험을 즐기고 싶습니다.","이 사용자는 유럽 지역을 선호하고, 추움 기후를 피하고 싶어해요. 여행 목적은 휴식이며, 에어비엔비에서 머무는 걸 좋아하고 오전 8-9시쯤 기상하는 편이에요.",,
671,매우 민감,수용적,많다,꽤 정확,무조건 리드,2,매우 민감,꽤 빡빡하게,국내,산,계획 여행,적당히 봄,코골이 안함,다른 곳 간다,"세계일주,그 외,유럽","더움,상관없음,건조함","기록,미식,자연감상","콘도,3성이하 호텔,펜션",오전 10시 이후,400만원 이상,"저는 여행 중에 더운 기후에서 불편을 가장 많이 느꼈던 경험이 있습니다. 그래서 이번 여행에서는 자연을 감상할 수 있는 유럽 지역을 편안하게 즐기고 싶어, 아늑한 콘도 숙소가 꼭 필요합니다. 함께할 여행 동반자는 제 의견과 계획을 잘 수용하고, 대화가 활발히 이루어지는 사람이라면 더 좋을 것 같아요. 이번 여행에서 자연의 아름다움을 기록하며 새로운 미식을 경험하는 것을 가장 기대하고 있습니다. 저는 이번 여행을 통해 일상의 루틴에서 벗어나 제 삶에 새로운 활력을 불어넣는 의미를 찾고자 합니다.","이 사용자는 유럽 지역을 선호하고, 건조함 기후를 피하고 싶어해요. 여행 목적은 자연감상이며, 콘도에서 머무는 걸 좋아하고 오전 10시 이후쯤 기상하는 편이에요.",,
672,꽤 민감,매우 수용적,매우 적다,보통,따르는 편,3,보통,매우 여유있게,국내,산,계획 여행,무조건 다 봄,코골이 함,기다림,"미국,동남아,유럽","추움,쌀쌀함,상관없음","사람&관계,휴식,문화&역사체험","3성이하 호텔,에어비엔비,콘도",오전 8-9시,100만원 이하,"저는 여행 중 잡음이나 예기치 못한 변동으로 스트레스를 받는 편이라, 이전에 플랜 없이 진행된 여행에서 혼란을 겪은 것이 최악의 경험이었습니다. 그래서 이번 여행에는 반드시 사전에 계획된 일정이 필요합니다. 조용히 서로의 공간을 배려하면서도 대화를 즐길 수 있는, 이해심 많고 수용적인 친구와 함께 하는 것을 선호합니다. 이번 여행에서는 유럽의 문화와 역사를 체험하며 새로운 관점을 얻는 것을 기대하고 있습니다. 여행을 통해 다양한 사람들과의 관계를 다지며 제 삶에 휴식과 활력을 불어넣고자 합니다.","이 사용자는 유럽 지역을 선호하고, 쌀쌀함 기후를 피하고 싶어해요. 여행 목적은 휴식이며, 콘도에서 머무는 걸 좋아하고 오전 8-9시쯤 기상하는 편이에요.",,
673,보통,수용적,많다,매우 정확,리드하는편,1,매우 둔감,매우 빡빡하게,국내,산,즉흥 여행,무조건 다 봄,코골이 안함,기다림,"그 외,일본,중국&몽골","쌀쌀함,습함,더움","쇼핑,사람&관계,문화&역사체험","콘도,3성이하 호텔,상관없음",오전 9-10시,400만원 이상,"저는 국내 여행을 주로 다니지만, 더운 기후를 피하고 싶습니다. 이전 여행에서 계획된 일정을 놓친 것은 최악의 경험이었죠, 그래서 정확한 시간 약속을 중시합니다. 여행에서 꼭 필요한 것은 다양한 문화와 역사 체험인데, 쇼핑이나 사람들과의 관계도 중요합니다. 저는 함께 여행할 사람을 선택할 때 수용적인 태도와 리더십을 가진, 대화가 잘 통하는 사람이면 좋겠어요. 이번 여행이 제 삶에 주는 의미는 새로운 사람들과의 관계를 형성하고, 다른 문화에 대한 이해를 확장하는 데 있습니다.","이 사용자는 그 외 지역을 선호하고, 더움 기후를 피하고 싶어해요. 여행 목적은 문화&역사체험이며, 콘도에서 머무는 걸 좋아하고 오전 9-10시쯤 기상하는 편이에요.",,
674,둔감,매우 수용적,많다,자주 늦음,무조건 따름,2,매우 민감,매우 여유있게,국내,바다,즉흥 여행,무조건 다 봄,코골이 안함,다른 곳 간다,"중국&몽골,미국,세계일주","습함,쌀쌀함,추움","액티비티,미식,도전과성장","3성이하 호텔,게스트하우스,4-5성급호텔",오전 9-10시,100만원 이하,"여행 중 최악의 경험은 시간 약속에 자주 늦어 다른 사람들에게 민폐를 끼치거나, 습하고 쌀쌀한 기후를 마주치는 것입니다. 그래서 이번 여행에서는 날씨에 맞는 준비물과 여유 있는 일정을 만들어 쾌적한 여행을 유지하고 싶습니다. 함께 여행할 사람은 청결에 민감하고 다양한 의견을 수용할 줄 아는 사람이 좋습니다. 이번 여행에서 가장 기대하는 것은 새로운 맛을 경험하며 미식의 즐거움을 누리고자 하는 것이며, 이를 통해 성장과 도전을 경험하고 싶습니다. 이러한 여행이 저에게는 일상에서 탈출하여 저만의 자유로운 순간을 느끼고 삶에 새로운 활력을 불어넣는 계기가 되었으면 합니다.","이 사용자는 세계일주 지역을 선호하고, 습함 기후를 피하고 싶어해요. 여행 목적은 미식이며, 3성이하 호텔에서 머무는 걸 좋아하고 오전 9-10시쯤 기상하는 편이에요.",,
675,매우 둔감,매우 수용적,보통,종종 늦음,보통,5,보통,매우 빡빡하게,해외,바다,즉흥 여행,적당히 봄,코골이 함,다른 곳 간다,"세계일주,유럽,중국&몽골","건조함,더움,습함","액티비티,문화&역사체험,휴식","민박,상관없음,4-5성급호텔",오전 8-9시,400만원 이상,"저는 이번 여행에서 다양한 액티비티와 문화, 역사 체험을 가장 기대하고 있으며, 이 여행이 제 삶에 활력과 새로운 시각을 선사했으면 합니다. 이전 여행에서 최악의 경험은 더운 날씨였기 때문에 이번에는 쾌적한 기후가 필수입니다. 또한, 여행 중에는 편안한 분위기를 즐길 수 있는 사람과 함께하는 것이 중요한데, 감정적으로 수용적이고 즉흥적인 여행 스타일에 잘 맞는 사람이면 좋겠습니다. 저는 보통 8-9시에 일어나므로 아침 식사를 충분히 즐길 수 있는 숙소에서 머무르는 것도 중요합니다. 여행 계획은 즉흥적이지만 유럽의 명소를 적당히 둘러보면서 예산 내에서 다채로운 경험을 쌓을 계획입니다.","이 사용자는 유럽 지역을 선호하고, 더움 기후를 피하고 싶어해요. 여행 목적은 액티비티이며, 상관없음에서 머무는 걸 좋아하고 오전 8-9시쯤 기상하는 편이에요.",,
676,매우 민감,다소 완고,많다,매우 정확,무조건 리드,3,둔감,꽤 여유있게,국내,바다,즉흥 여행,적당히 봄,코골이 안함,기다림,"중국&몽골,그 외,일본","상관없음,쌀쌀함,추움","자연감상,도전과성장,쇼핑","3성이하 호텔,에어비엔비,게스트하우스",오전 10시 이후,300-400만원,저는 여행 중 기온이 너무 쌀쌀하거나 추운 상황을 최악의 경험으로 꼽아요. 그래서 이번 여행에서 따뜻한 옷은 꼭 챙기고 싶습니다. 함께 여행을 떠나고 싶은 사람은 시간 약속을 잘 지키고 의견을 강하게 제시할 수 있는 리더십 있는 사람이면 좋겠습니다. 이번 여행에서는 자연 감상과 쇼핑을 통해 스트레스를 해소하고 도전과 성장을 기대하고 있습니다. 이러한 여행이 저에게 중요한 이유는 새로운 경험을 통해 제 삶에 작지만 의미 있는 변화를 주고자 하기 때문입니다.,"이 사용자는 그 외 지역을 선호하고, 상관없음 기후를 피하고 싶어해요. 여행 목적은 쇼핑이며, 게스트하우스에서 머무는 걸 좋아하고 오전 10시 이후쯤 기상하는 편이에요.",,
677,매우 민감,수용적,보통,꽤 정확,리드하는편,1,둔감,매우 여유있게,해외,바다,즉흥 여행,적당히 봄,코골이 함,기다림,"그 외,미국,동남아","쌀쌀함,습함,건조함","도전과성장,액티비티,미식","게스트하우스,펜션,콘도",오전 10시 이후,100만원 이하,"여행 중 최악의 경험은 쌀쌀하거나 습한 기후에서의 불편함일 것 같습니다. 이번 여행에서는 느긋한 일정과 여유로운 펜션 숙소가 꼭 필요합니다. 함께 여행하기 좋은 사람은 수용적이고 기다림에 여유로운 사람일 것입니다. 이번 여행에서 가장 기대하는 것은 액티비티와 미식 탐험을 통한 도전과 성장입니다. 이러한 여행은 제 삶에 활력을 주고, 일상의 스트레스를 해소하는 의미가 있기를 바랍니다.","이 사용자는 동남아 지역을 선호하고, 습함 기후를 피하고 싶어해요. 여행 목적은 액티비티이며, 펜션에서 머무는 걸 좋아하고 오전 10시 이후쯤 기상하는 편이에요.",,
678,둔감,보통,많다,매우 정확,무조건 따름,4,보통,꽤 빡빡하게,국내,산,계획 여행,적당히 봄,코골이 안함,다른 곳 간다,"중국&몽골,유럽,그 외","습함,추움,더움","액티비티,공연&경기관람,도전과성장","4-5성급호텔,게스트하우스,3성이하 호텔",오전 9-10시,300-400만원,"저는 계획적으로 빡빡한 국내 여행을 선호하며, 여행 중에는 액티비티와 공연 및 경기 관람을 통해 도전과 성장을 느끼고 싶습니다. 예전에 매우 더운 날씨를 피하지 못해 불쾌했던 경험이 있어 이번 여행에서는 적정 기후가 무엇보다 중요합니다. 여행에는 시간 약속을 잘 지키는 사람과 같이 가고 싶고, 청결을 적당히 유지하는 게스트하우스나 4-5성급 호텔에서 편안히 지내고 싶습니다. 아침은 보통 9시쯤 시작하여 활기차게 하루를 보내고 싶으며, 이번 여행이 저에게 새로운 도전과 성장의 기회가 되었으면 합니다. 300-400만 원의 예산으로 최대한 알차고 보람된 경험을 하고자 합니다.","이 사용자는 그 외 지역을 선호하고, 더움 기후를 피하고 싶어해요. 여행 목적은 액티비티이며, 게스트하우스에서 머무는 걸 좋아하고 오전 9-10시쯤 기상하는 편이에요.",,
679,매우 민감,보통,보통,자주 늦음,무조건 따름,2,꽤 민감,매우 여유있게,국내,산,계획 여행,무조건 다 봄,코골이 함,기다림,"국내,유럽,세계일주","쌀쌀함,건조함,상관없음","휴식,공연&경기관람,사람&관계","4-5성급호텔,3성이하 호텔,에어비엔비",오전 8-9시,400만원 이상,"저는 국내 여행을 주로 계획하고, 여유로운 일정 속에서 휴식을 중요시합니다. 사람 간 관계를 소중히 여겨 함께 여행할 사람으로는 조용하고 배려심 있는 동반자를 선호합니다. 이번 여행에서 기대하는 것은 랜드마크를 모두 둘러보며 얻는 소소한 기쁨과 공연 관람의 즐거움입니다. 과거 여행에서 시간 약속을 어겨 실망한 경험이 있어, 이번에는 여유 있는 일정과 좋은 숙소에서의 편안한 휴식이 필수입니다. 이번 여행을 통해 일상의 스트레스를 해소하고 인간관계를 보다 깊게 발전시키고자 합니다.","이 사용자는 유럽 지역을 선호하고, 상관없음 기후를 피하고 싶어해요. 여행 목적은 사람&관계이며, 에어비엔비에서 머무는 걸 좋아하고 오전 8-9시쯤 기상하는 편이에요.",,
680,꽤 민감,수용적,보통,종종 늦음,따르는 편,5,보통,꽤 빡빡하게,국내,바다,계획 여행,적당히 봄,코골이 함,다른 곳 간다,"동남아,유럽,그 외","상관없음,쌀쌀함,건조함","자연감상,휴식,쇼핑","상관없음,게스트하우스,3성이하 호텔",오전 8-9시,200-300만원,"저는 여행 중 계획대로 움직이는 것을 좋아하는 편이라, 시간에 쫓기거나 준비가 미흡했을 때 최악의 경험을 할 수 있어요. 이번 여행에서는 자연감상을 위한 충분한 여유 시간이 꼭 필요하며, 여행 동반자는 수용적이고 함께 계획적으로 움직일 수 있는 사람이라면 좋겠습니다. 이번 여행에서는 특히 자연 속에서의 휴식을 기대하고 있으며, 이를 통해 더 나은 삶의 균형을 찾고 재충전하는 시간을 갖고 싶습니다. 예산 내에서 게스트하우스나 3성급 이하의 편안한 숙소를 이용하며, 일정을 빡빡하게 소화할 예정이에요. 유럽의 다채로운 자연을 경험하며 삶에 긍정적인 에너지를 얻고 싶습니다.","이 사용자는 유럽 지역을 선호하고, 상관없음 기후를 피하고 싶어해요. 여행 목적은 자연감상이며, 게스트하우스에서 머무는 걸 좋아하고 오전 8-9시쯤 기상하는 편이에요.",,
681,꽤 민감,매우 수용적,매우 적다,자주 늦음,보통,2,매우 둔감,매우 빡빡하게,해외,산,계획 여행,무조건 다 봄,코골이 함,기다림,"중국&몽골,유럽,그 외","더움,건조함,추움","자연감상,도전과성장,미식","4-5성급호텔,게스트하우스,콘도",오전 9-10시,400만원 이상,"저는 유럽과 같은 해외 지역에서 빡빡한 일정으로 여행을 즐기는 편이나, 예민함 탓에 체력적으로 지칠 수 있는 환경적 요인들이 걱정됩니다. 이번 여행에서 가장 중요하게 생각하는 것은 자연과 문화 감상을 통한 도전과 성장의 경험이며, 이러한 경험을 통해 제 삶에 긍정적인 변화를 가져오길 기대합니다. 함꼐 여행할 사람이라면 의견을 잘 수용하고, 덜 예민하며, 청결에 너무 예민하지 않은 사람이면 좋겠습니다. 최악의 경험은 체력이 많이 소진되어 건강을 해칠 때인데, 이를 피하기 위해 좋은 자연 환경과 편안한 4-5성급 호텔이나 게스트하우스에서 숙박하는 것이 중요합니다. 결국, 이번 여행이 저에게 성장의 기회가 되기를 바라며, 미식으로도 다양한 즐거움을 얻고 싶습니다.","이 사용자는 유럽 지역을 선호하고, 더움 기후를 피하고 싶어해요. 여행 목적은 도전과성장이며, 게스트하우스에서 머무는 걸 좋아하고 오전 9-10시쯤 기상하는 편이에요.",,
682,둔감,매우 수용적,많다,꽤 정확,무조건 리드,1,둔감,매우 여유있게,국내,산,계획 여행,적당히 봄,코골이 안함,다른 곳 간다,"세계일주,일본,미국","더움,상관없음,건조함","액티비티,공연&경기관람,사람&관계","상관없음,게스트하우스,에어비엔비",오전 8-9시,300-400만원,"저는 여행 중 더운 기후에서 힘든 경험을 해본 적이 있어 이번 여행에서는 되도록 피하고 싶습니다. 이번에는 계획적으로 여유롭게 일정을 준비하고 싶고, 특히 액티비티와 공연 및 경기를 즐길 수 있는 기회를 놓치고 싶지 않습니다. 사람들과의 관계를 중시하여 같은 의견을 수용할 수 있고, 대화가 많은 사람들과 함께 여행을 떠나는 것이 제일 좋을 것 같습니다. 게스트하우스나 에어비엔비에 머물며 8-9시쯤 기상해 일정을 시작할 계획이며, 이번 여행이 새로운 사람들과의 관계를 넓히는 의미 있는 시간이 되었으면 합니다. 제게 여행은 삶의 다양한 측면을 경험하고 이해하는데 큰 가치를 두고 있습니다.","이 사용자는 일본 지역을 선호하고, 더움 기후를 피하고 싶어해요. 여행 목적은 사람&관계이며, 에어비엔비에서 머무는 걸 좋아하고 오전 8-9시쯤 기상하는 편이에요.",,
683,꽤 민감,수용적,많다,매우 정확,무조건 리드,3,꽤 민감,꽤 빡빡하게,국내,산,즉흥 여행,무조건 다 봄,코골이 함,기다림,"일본,유럽,세계일주","쌀쌀함,더움,추움","문화&역사체험,기록,쇼핑","상관없음,펜션,3성이하 호텔",오전 8-9시,400만원 이상,"저는 여행 중 일정이 빡빡한 데다 산행에서 체력이 부족해 힘들었던 경험이 최악이었어요. 이번 여행에서는 문화와 역사를 체험할 수 있는 기회가 꼭 있었으면 좋겠고, 쌀쌀하거나 더운 기후를 피하고 싶어요. 함께 여행할 사람은 시간 약속을 잘 맞추고, 제가 리드할 때 의견을 잘 수용하는 사람이면 좋겠어요. 이번 여행에서 가장 기대되는 것은 쇼핑과 다양한 랜드마크를 방문하는 것이며, 이를 통해 삶에 다양한 기록을 남기고 새로운 영감을 얻고 싶어요. 제게 이 여행은 일상에서 벗어나 세계를 이해하고 서로 다른 문화를 경험하는 중요한 의미를 가질 것입니다.","이 사용자는 일본 지역을 선호하고, 추움 기후를 피하고 싶어해요. 여행 목적은 쇼핑이며, 펜션에서 머무는 걸 좋아하고 오전 8-9시쯤 기상하는 편이에요.",,
684,둔감,매우 완고,매우 적다,자주 늦음,무조건 따름,2,보통,보통,국내,산,즉흥 여행,적당히 봄,코골이 안함,다른 곳 간다,"유럽,세계일주,일본","추움,상관없음,더움","자연감상,액티비티,공연&경기관람","상관없음,에어비엔비,콘도",오전 8-9시,200-300만원,"저는 여행을 할 때 즉흥적인 여행을 선호하며 자연 감상과 다양한 액티비티를 즐기고 싶습니다. 이번 여행에서는 체력이 낮은 편이라 무리되지 않게 하루를 시작할 수 있는 아침 시간과 일정 관리가 중요합니다. 예전에 약속 시간에 자주 늦어 문제가 되곤 했던 경험이 최악이었기에, 이번에는 시간을 잘 관리하고 싶습니다. 함께 여행하고 싶은 사람은 리더십을 발휘하여 제가 따를 수 있는 사람입니다. 이번 여행이 제 삶에 새로운 활력을 주고, 특히 일본과 같은 국가에서의 자연적 감동을 통해 여유를 찾는 시간이 되기를 바랍니다.","이 사용자는 일본 지역을 선호하고, 더움 기후를 피하고 싶어해요. 여행 목적은 액티비티이며, 상관없음에서 머무는 걸 좋아하고 오전 8-9시쯤 기상하는 편이에요.",,
685,꽤 민감,매우 완고,많다,매우 정확,리드하는편,2,매우 둔감,꽤 여유있게,해외,바다,계획 여행,무조건 다 봄,코골이 안함,다른 곳 간다,"세계일주,그 외,유럽","더움,추움,습함","휴식,사람&관계,도전과성장","게스트하우스,에어비엔비,펜션",오전 9-10시,100만원 이하,"저는 유럽을 중심으로 비교적 여유로운 일정의 계획적인 여행을 즐기는 편입니다. 이번 여행에서 무엇보다도 중요한 것은 아침에 푹 쉬면서 일어나는 것이니, 편안한 에어비앤비는 선택이 아닌 필수입니다. 여행 중에는 흔치 않게 예민한 경험 없이 모두가 계획대로 움직이고, 특별한 기다림 없이 볼거리를 즐겼으면 합니다. 그런 이유로, 솔직함과 조화를 중요시하는 사람과 동행하고 싶습니다. 이 여행을 통해 저에게 가장 기대되는 것은 휴식과 스스로의 도전, 그리고 새로운 인연을 만나는 것입니다. 제 삶에 이번 여행이 긍정적인 변화를 가져다주기를, 최소한 재충전의 시간이 되기를 바랍니다.","이 사용자는 유럽 지역을 선호하고, 추움 기후를 피하고 싶어해요. 여행 목적은 휴식이며, 에어비엔비에서 머무는 걸 좋아하고 오전 9-10시쯤 기상하는 편이에요.",,
686,매우 둔감,다소 완고,매우 적다,종종 늦음,무조건 따름,5,보통,매우 빡빡하게,국내,바다,즉흥 여행,적당히 봄,코골이 안함,기다림,"중국&몽골,미국,국내","습함,쌀쌀함,건조함","미식,공연&경기관람,자연감상","3성이하 호텔,4-5성급호텔,민박",오전 8-9시,100만원 이하,"여행 중 최악의 경험은 습하고 쌀쌀한 날씨로 인해 불편했던 순간이었어요. 그래서 이번 여행에서 꼭 필요한 것은 날씨 정보를 참고하여 추운 날씨를 피하고 싶은 것입니다. 미식 탐방과 자연 감상을 추구하기 때문에 함께 여행하고 싶은 사람은 저처럼 차분하며 계획에 구애받지 않는 태도를 가진 사람이면 좋겠습니다. 이번 여행의 가장 기대되는 점은 맛있는 음식을 경험하고, 아름다운 자연을 즐기며 여유롭게 시간을 보내는 것입니다. 이번 여행이 저에게는 단순한 여정이 아닌, 삶을 풍요롭게 할 수 있는 특별한 시간이 되었으면 합니다.","이 사용자는 중국&몽골 지역을 선호하고, 습함 기후를 피하고 싶어해요. 여행 목적은 미식이며, 4-5성급호텔에서 머무는 걸 좋아하고 오전 8-9시쯤 기상하는 편이에요.",,
687,둔감,매우 완고,많다,보통,무조건 리드,1,둔감,보통,국내,바다,계획 여행,적당히 봄,코골이 안함,다른 곳 간다,"유럽,그 외,미국","상관없음,추움,더움","미식,쇼핑,문화&역사체험","콘도,게스트하우스,에어비엔비",오전 10시 이후,300-400만원,"저는 여행 중 최악의 경험은 계획 없이 긴 웨이팅을 하는 상황입니다. 이번 여행에서는 미식과 쇼핑, 그리고 풍부한 문화와 역사체험이 꼭 포함되기를 바랍니다. 여행을 함께 가고 싶은 사람은 활발하고 리더십이 있어 계획에 충실할 수 있는 사람이면 좋겠습니다. 이번 여행에서 가장 기대하는 것은 새로운 문화와 역사를 통해 얻는 지적 성장이며, 이를 통해 제 삶에 풍부하고 의미 있는 경험을 더하고 싶습니다. 에어비엔비에 머물며 편안한 휴식을 취할 수 있는 여행을 계획 중입니다.","이 사용자는 그 외 지역을 선호하고, 더움 기후를 피하고 싶어해요. 여행 목적은 문화&역사체험이며, 에어비엔비에서 머무는 걸 좋아하고 오전 10시 이후쯤 기상하는 편이에요.",,
688,보통,매우 수용적,매우 많다,자주 늦음,무조건 따름,4,둔감,매우 여유있게,해외,산,계획 여행,적당히 봄,코골이 함,기다림,"그 외,유럽,미국","쌀쌀함,더움,건조함","문화&역사체험,사람&관계,쇼핑","에어비엔비,콘도,상관없음",오전 9-10시,400만원 이상,"저는 여행 중 추운 날씨를 피하지 못해 힘들었던 경험이 가장 기억에 남습니다. 그래서 이번 여행에서는 따뜻한 기후가 꼭 필요하며, 사람들과의 관계를 중시하므로 대화가 잘 통하는 사람과 함께하고 싶습니다. 가장 기대하는 것은 문화와 역사를 경험하는 동시에 새로운 사람들과의 만남을 통해 다양한 이야기를 나누는 것입니다. 이러한 여행을 통해 삶에 더욱 다채로운 경험과 추억을 쌓고 싶습니다. 이를 통해 제 삶이 더 풍요로워지고, 대인관계에서도 많은 것을 배우고 발전할 수 있기를 바랍니다.","이 사용자는 그 외 지역을 선호하고, 쌀쌀함 기후를 피하고 싶어해요. 여행 목적은 사람&관계이며, 콘도에서 머무는 걸 좋아하고 오전 9-10시쯤 기상하는 편이에요.",,
689,보통,보통,보통,자주 늦음,따르는 편,1,매우 민감,꽤 빡빡하게,국내,바다,즉흥 여행,무조건 다 봄,코골이 안함,다른 곳 간다,"국내,미국,세계일주","쌀쌀함,추움,더움","미식,휴식,기록","게스트하우스,3성이하 호텔,펜션",오전 8-9시,300-400만원,"저는 여행 중 쌀쌀한 기후를 겪는 것을 가장 꺼려해서, 날씨로 인해 계획이 틀어질 때 최악의 경험이라 생각합니다. 이번 여행에서도 휴식을 위한 시간이 꼭 필요하며, 미식을 즐길 수 있는 기회를 놓치고 싶지 않습니다. 저와 함께 여행할 사람은 제가 융통성 있게 일정을 짜는 것을 이해하고 동행하는 데 불편함이 없는 사람이면 좋겠습니다. 이번 여행에서는 국내를 중심으로 다양한 매력을 발견하는 것을 기대하고, 이를 통해 새로운 시각과 기록을 남기는 것이 목표입니다. 제 여행이 궁극적으로는 일상생활에서의 리프레시와 제 자신을 재발견하는 의미를 가졌으면 합니다.","이 사용자는 세계일주 지역을 선호하고, 쌀쌀함 기후를 피하고 싶어해요. 여행 목적은 휴식이며, 게스트하우스에서 머무는 걸 좋아하고 오전 8-9시쯤 기상하는 편이에요.",,
690,매우 둔감,매우 완고,보통,자주 늦음,무조건 따름,2,꽤 민감,매우 여유있게,해외,산,즉흥 여행,무조건 다 봄,코골이 안함,다른 곳 간다,"미국,유럽,세계일주","추움,습함,건조함","사람&관계,휴식,도전과성장","4-5성급호텔,민박,콘도",오전 10시 이후,100만원 이하,"여행 중 최악의 경험은 시간 약속에 자주 늦어서 일정이 어그러질 때입니다. 그렇기 때문에 이번 여행에서는 시간을 편하게 조절할 수 있는 여유로운 일정과 고급 숙소에서의 편안한 숙박이 꼭 필요합니다. 같이 여행을 가고 싶은 사람은 저와 같이 일정을 여유롭게 즐길 수 있으며, 복잡한 계획보다는 즉흥적인 활동을 좋아하는 사람이면 좋겠습니다. 무엇보다 새로운 사람들과의 교류와 관계 형성을 기대하며, 다양한 문화를 경험하면서 삶의 도전과 성장을 경험하고 싶습니다. 이번 여행이 제 삶에 휴식을 제공하고, 다양한 문화 속에서 새로운 경험을 통해 더 나은 성장을 가져다주길 바랍니다.","이 사용자는 유럽 지역을 선호하고, 습함 기후를 피하고 싶어해요. 여행 목적은 휴식이며, 4-5성급호텔에서 머무는 걸 좋아하고 오전 10시 이후쯤 기상하는 편이에요.",,
691,둔감,수용적,많다,종종 늦음,보통,4,꽤 민감,꽤 빡빡하게,국내,산,계획 여행,적당히 봄,코골이 안함,다른 곳 간다,"일본,미국,세계일주","상관없음,쌀쌀함,추움","도전과성장,액티비티,휴식","에어비엔비,3성이하 호텔,4-5성급호텔",오전 8-9시,200-300만원,"저는 여행을 하면서 추운 기후 때문에 불편함을 느꼈던 경험이 가장 좋지 않았어요. 그래서 이번 여행에서는 따뜻한 날씨가 꼭 필요합니다. 함께 여행하는 사람은 의견을 잘 수용하고, 시간을 잘 지키는 사람이었으면 좋겠어요. 이번 여행에서는 도전과 성장을 가장 기대하고 있으며, 이러한 요소가 제 삶에 긍정적인 의미로 남길 바라고 있습니다. 아울러 3성 이하 호텔에서 편안하게 머물면서 휴식을 취하는 것도 중요해요.","이 사용자는 미국 지역을 선호하고, 추움 기후를 피하고 싶어해요. 여행 목적은 도전과성장이며, 3성이하 호텔에서 머무는 걸 좋아하고 오전 8-9시쯤 기상하는 편이에요.",,
692,보통,다소 완고,매우 적다,보통,무조건 리드,2,매우 둔감,매우 여유있게,해외,산,즉흥 여행,적당히 봄,코골이 안함,다른 곳 간다,"국내,유럽,세계일주","상관없음,쌀쌀함,추움","휴식,액티비티,문화&역사체험","에어비엔비,4-5성급호텔,펜션",오전 10시 이후,400만원 이상,저는 과거 여행에서 예측하지 못한 추운 날씨 때문에 어려움을 겪었던 경험이 있습니다. 그래서 다음 여행에서는 저를 편안하게 할 따뜻한 날씨와 함께 에어비엔비와 같은 아늑한 숙소가 중요합니다. 함께 여행하고 싶은 사람은 제 의견을 존중하면서도 리더십을 발휘할 수 있는 이면 좋겠어요. 이번 여행에서는 문화와 역사를 체험하는 데 큰 기대를 가지고 있습니다. 이러한 경험을 통해 새로운 영감을 얻어 한층 더 충실한 삶을 살아가고 싶어요.,"이 사용자는 국내 지역을 선호하고, 추움 기후를 피하고 싶어해요. 여행 목적은 문화&역사체험이며, 에어비엔비에서 머무는 걸 좋아하고 오전 10시 이후쯤 기상하는 편이에요.",,
693,꽤 민감,다소 완고,매우 적다,자주 늦음,리드하는편,1,꽤 민감,꽤 빡빡하게,국내,바다,계획 여행,무조건 다 봄,코골이 함,다른 곳 간다,"그 외,미국,유럽","쌀쌀함,추움,습함","액티비티,기록,휴식","3성이하 호텔,콘도,펜션",오전 10시 이후,300-400만원,"저는 여행 중에 쌀쌀한 기후를 싫어해 따뜻한 날씨를 간절히 원하며, 웨이팅을 피하는 것을 중요하게 생각합니다. 함께 여행할 사람은 제가 계획한 빡빡한 일정에 맞춰줄 수 있는 사람이어야 하며, 너무 수다스럽지 않은 성격이면 좋겠습니다. 콘도에서 적절한 휴식을 취하며 기록하는 것을 좋아하고, 다양한 액티비티를 통해 에너지를 얻고 싶습니다. 이번 여행에서는 모든 랜드마크를 빠짐없이 보며 새로운 경험을 통해 인생의 활력을 찾고 싶습니다. 특별히 예상치 못한 상황에서 늦어지는 것을 감안해야 하겠지만, 실질적인 의미로 평소의 일상에서 벗어나 삶에 긍정적인 변화를 가져오기를 기대합니다.","이 사용자는 그 외 지역을 선호하고, 쌀쌀함 기후를 피하고 싶어해요. 여행 목적은 액티비티이며, 콘도에서 머무는 걸 좋아하고 오전 10시 이후쯤 기상하는 편이에요.",,
694,보통,매우 수용적,매우 적다,자주 늦음,무조건 따름,5,보통,매우 여유있게,해외,산,즉흥 여행,적당히 봄,코골이 안함,기다림,"중국&몽골,세계일주,일본","습함,쌀쌀함,건조함","문화&역사체험,사람&관계,쇼핑","4-5성급호텔,3성이하 호텔,민박",오전 8-9시,300-400만원,"저는 습하고 쌀쌀한 기후를 피하고 싶기 때문에 이번 여행에서는 날씨가 좋기를 바랍니다. 이전 여행에서 기상 조건이 좋지 않거나, 일정에 자주 늦어 최악의 경험을 겪었기 때문에 가급적 여유 있는 일정 속에서 문화와 역사를 체험하고자 합니다. 함께 여행할 사람은 의견을 잘 수용하고, 예민하지 않으며 계획보다는 즉흥을 즐기는 사람이면 좋겠습니다. 특히, 이번 여행에서는 일본의 문화유산을 깊이 체험하고 사람들이 주는 따뜻한 관계를 기대합니다. 이 여행이 제 삶에 새로운 관점을 제공하고, 스트레스 없이 힐링할 수 있는 시간이 되었으면 합니다.","이 사용자는 일본 지역을 선호하고, 건조함 기후를 피하고 싶어해요. 여행 목적은 문화&역사체험이며, 4-5성급호텔에서 머무는 걸 좋아하고 오전 8-9시쯤 기상하는 편이에요.",,
695,꽤 민감,수용적,많다,매우 정확,보통,5,둔감,꽤 빡빡하게,국내,산,계획 여행,무조건 다 봄,코골이 안함,기다림,"국내,일본,그 외","쌀쌀함,건조함,추움","공연&경기관람,문화&역사체험,액티비티","콘도,4-5성급호텔,게스트하우스",오전 10시 이후,400만원 이상,"저는 예민한 편이라 여행 중 쌀쌀하고 건조한 날씨를 만나는 것을 최악의 경험으로 꼽아요. 그래서 이번 여행에는 항상 따뜻한 기후가 유지되었으면 좋겠습니다. 여행을 함께할 사람은 의견을 잘 수용하고 시간 약속에 정확한, 대화가 많은 사람이어야 좋겠어요. 공연과 경기를 관람하는 것이 이번 여행에서 가장 기대되는 부분이며, 이러한 경험이 저의 문화적 시야를 넓히는 계기가 되었으면 합니다. 계획에 따라 다양한 랜드마크를 방문하고픈 마음도 크며, 이 모든 과정이 제가 느끼는 재미와 배움으로 이어졌으면 좋겠습니다.","이 사용자는 그 외 지역을 선호하고, 쌀쌀함 기후를 피하고 싶어해요. 여행 목적은 공연&경기관람이며, 게스트하우스에서 머무는 걸 좋아하고 오전 10시 이후쯤 기상하는 편이에요.",,
696,매우 민감,다소 완고,매우 많다,종종 늦음,무조건 따름,4,둔감,매우 빡빡하게,해외,산,즉흥 여행,적당히 봄,코골이 안함,기다림,"유럽,그 외,동남아","추움,습함,상관없음","쇼핑,공연&경기관람,기록","게스트하우스,4-5성급호텔,3성이하 호텔",오전 9-10시,100만원 이하,"저는 여행 중 빡빡한 일정에도 불구하고 공연이나 경기 관람 같은 목적을 이루지 못하는 것을 최악의 경험으로 생각합니다. 그래서 이번 여행에서는 꼭 공연이나 경기를 볼 수 있는 기회가 있었으면 좋겠어요. 같이 여행하고 싶은 사람은 대화가 잘 통하고 저를 잘 이해해주면서도 즉흥적이고 융통성 있게 여행을 즐길 수 있는 사람입니다. 이번 여행에서 가장 기대하는 것은 새로운 경험을 통해 많은 사진과 기록을 남기는 것이며, 이를 통해 제 삶에 새로운 활력을 불어넣고 싶습니다. 여행을 통해 얻은 다양한 감각과 경험들이 일상의 영감을 주고 삶을 풍요롭게 해주는 것에 큰 의미를 두고 있습니다.","이 사용자는 그 외 지역을 선호하고, 습함 기후를 피하고 싶어해요. 여행 목적은 공연&경기관람이며, 3성이하 호텔에서 머무는 걸 좋아하고 오전 9-10시쯤 기상하는 편이에요.",,
697,매우 민감,보통,매우 많다,보통,보통,3,둔감,보통,해외,바다,즉흥 여행,적당히 봄,코골이 안함,다른 곳 간다,"유럽,일본,그 외","습함,더움,추움","휴식,문화&역사체험,사람&관계","콘도,에어비엔비,상관없음",오전 8-9시,100만원 이하,"여행 중 최악의 경험은 습하거나 더운 기후를 만나는 것이며, 이번 여행에서는 유럽 지역에서의 문화와 역사 체험이 꼭 필요해요. 많은 사람들과의 대화를 통해 사람과의 관계를 중요시하며, 예민한 성격에도 불구하고 다른 사람들의 의견을 적절히 수용할 수 있는 사람과 함께 여행하고 싶습니다. 즉흥적인 여행을 선호하며, 이번 여행에서는 새로운 문화와의 만남을 가장 기대하고 있습니다. 이번 여행이 제 삶에 긍정적인 관계와 휴식의 의미를 더해줬으면 하는 바람입니다.","이 사용자는 유럽 지역을 선호하고, 습함 기후를 피하고 싶어해요. 여행 목적은 사람&관계이며, 상관없음에서 머무는 걸 좋아하고 오전 8-9시쯤 기상하는 편이에요.",,
698,매우 민감,보통,매우 적다,꽤 정확,리드하는편,3,둔감,매우 빡빡하게,국내,산,즉흥 여행,무조건 다 봄,코골이 함,기다림,"미국,세계일주,국내","추움,습함,상관없음","문화&역사체험,도전과성장,휴식","게스트하우스,콘도,펜션",오전 9-10시,200-300만원,"저는 국내 여행을 선호하면서도 도전과 성장을 추구하기 때문에 여행을 통해 새로운 문화와 역사 체험을 기대하고 있습니다. 여행 일정은 꽉 찬 편이지만 즉흥적으로 즐기는 걸 좋아합니다. 여행 중 최악의 경험은 아마도 너무 추운 기후를 만났을 때일 것 같고, 그런 상황을 피하기 위해 숙소는 게스트하우스나 펜션처럼 편안한 곳을 선호합니다. 이번 여행에는 랜드마크를 빠짐없이 다녀보고 싶고, 이를 위해 기다리는 것을 힘들어하지 않습니다. 함께 여행을 가고 싶은 사람은 리드할 수 있고 의견도 수용할 줄 아는 사람일 것입니다. 이번 여행은 저에게 큰 도전이자 성장을 위한 기회로, 휴식을 통해 삶의 새로운 의미를 찾고 싶습니다.","이 사용자는 국내 지역을 선호하고, 습함 기후를 피하고 싶어해요. 여행 목적은 도전과성장이며, 펜션에서 머무는 걸 좋아하고 오전 9-10시쯤 기상하는 편이에요.",,
699,둔감,다소 완고,보통,매우 정확,리드하는편,2,매우 둔감,보통,해외,산,계획 여행,무조건 다 봄,코골이 안함,기다림,"동남아,세계일주,미국","상관없음,습함,더움","쇼핑,휴식,자연감상","상관없음,에어비엔비,4-5성급호텔",오전 8-9시,100만원 이하,"저는 주로 동남아, 미국 등 해외 여행을 계획하며, 예상치 못한 더운 날씨와 습한 기후를 피하려고 합니다. 여행 중 청결 문제나 타이트하지 않은 일정으로 스트레스를 받는 것이 최악의 경험이라 생각하나, 4-5성급 호텔에서 편안히 쉬기 위해 충분한 예산을 준비합니다. 여행 동반자로는 주어진 계획을 잘 따르면서도 시간을 정확하게 맞추는 사람을 선호합니다. 이번 여행에서는 다양한 랜드마크와 자연을 감상하면서 쇼핑을 즐기는 것에 가장 기대하고 있으며, 이러한 경험이 삶에 있어 새로운 활력과 휴식을 제공하길 바랍니다.","이 사용자는 세계일주 지역을 선호하고, 습함 기후를 피하고 싶어해요. 여행 목적은 휴식이며, 4-5성급호텔에서 머무는 걸 좋아하고 오전 8-9시쯤 기상하는 편이에요.",,
700,둔감,다소 완고,보통,종종 늦음,리드하는편,2,꽤 민감,매우 여유있게,국내,산,즉흥 여행,무조건 다 봄,코골이 함,다른 곳 간다,"동남아,세계일주,유럽","쌀쌀함,건조함,추움","액티비티,공연&경기관람,휴식","민박,4-5성급호텔,콘도",오전 8-9시,100만원 이하,"여행 중의 최악의 경험은 약속 시간에 늦거나, 쌀쌀한 기후를 피할 수 없는 상황일 것 같아요. 이번 여행에서는 유럽에서 편안한 휴식을 취하면서도 액티비티와 공연을 즐길 수 있는 여유로운 일정이 꼭 필요합니다. 함께 여행하고 싶은 사람의 특징은 청결에 신경을 쓰고, 예민하지 않으며 의견을 존중해 줄 수 있는 사람입니다. 가장 기대하는 것은 새로운 랜드마크를 방문하면서도 즉흥적인 재미를 느끼는 것입니다. 이번 여행이 제 삶에 가져다주는 의미는 잊지 못할 휴식과 새로운 경험을 통해 에너지를 충전하는 것이라고 생각해요.","이 사용자는 유럽 지역을 선호하고, 추움 기후를 피하고 싶어해요. 여행 목적은 휴식이며, 민박에서 머무는 걸 좋아하고 오전 8-9시쯤 기상하는 편이에요.",,
701,매우 민감,다소 완고,보통,매우 정확,무조건 따름,5,꽤 민감,꽤 여유있게,국내,바다,즉흥 여행,무조건 다 봄,코골이 안함,기다림,"중국&몽골,세계일주,미국","더움,추움,건조함","도전과성장,자연감상,기록","펜션,에어비엔비,상관없음",오전 9-10시,200-300만원,"저는 여행 중에 기후가 나쁜 경우, 특히 더운 날씨나 추운 날씨를 피하는 것이 가장 중요합니다. 이번 여행에서 꼭 필요하다고 생각하는 것은 자연을 감상하며 기록할 수 있는 환경이며, 에어비엔비 같은 숙소에서 여유롭게 지내기를 선호합니다. 즉흥적인 여행 스타일을 좋아하기 때문에 같이 여행을 가고 싶은 사람은 계획 없이도 잘 적응하는 사람입니다. 이번 여행에서 가장 기대하는 것은 다양한 랜드마크를 모두 방문하며 새로운 도전과 성장을 경험하는 것입니다. 이렇게 함으로써 제 삶에 긍정적인 변화를 일으키고, 자연과 만남을 통해 보다 넓은 시야를 가질 수 있는 기회가 되기를 바랍니다.","이 사용자는 세계일주 지역을 선호하고, 더움 기후를 피하고 싶어해요. 여행 목적은 자연감상이며, 에어비엔비에서 머무는 걸 좋아하고 오전 9-10시쯤 기상하는 편이에요.",,
702,보통,수용적,매우 적다,종종 늦음,따르는 편,4,둔감,매우 여유있게,국내,바다,즉흥 여행,무조건 다 봄,코골이 함,기다림,"유럽,동남아,중국&몽골","쌀쌀함,건조함,추움","쇼핑,기록,자연감상","게스트하우스,콘도,에어비엔비",오전 8-9시,200-300만원,"저는 예전에 추운 기후 때문에 힘들었던 경험이 있으며, 이번 여행에서는 보다 따뜻한 환경을 기대하고 있습니다. 여행 중에는 편안하게 기록할 수 있는 도구가 꼭 필요합니다. 말을 많이 하지 않지만 다른 사람의 의견을 수용하는 성격이라, 협력적이고 여유로운 여행 스타일을 가진 사람과 함께라면 좋겠어요. 이번 여행은 새로운 풍경을 감상하며 랜드마크를 하나하나 기록하는 것이 가장 기대됩니다. 이러한 여행은 일상에서 벗어나 자연의 아름다움을 느끼고 자신만의 기록을 쌓아가는 의미 있는 시간이 될 것입니다.","이 사용자는 중국&몽골 지역을 선호하고, 추움 기후를 피하고 싶어해요. 여행 목적은 기록이며, 게스트하우스에서 머무는 걸 좋아하고 오전 8-9시쯤 기상하는 편이에요.",,
703,꽤 민감,매우 완고,매우 많다,꽤 정확,리드하는편,3,보통,꽤 여유있게,해외,산,즉흥 여행,적당히 봄,코골이 함,기다림,"중국&몽골,유럽,세계일주","추움,쌀쌀함,상관없음","액티비티,도전과성장,공연&경기관람","3성이하 호텔,상관없음,4-5성급호텔",오전 8-9시,300-400만원,여행 중 가장 나빴던 경험은 아마도 계획에 없던 기다림이 아닐까 싶습니다. 그래서 이번 여행에는 일정이 비교적 여유 있는 스타일로 자유로운 즉흥성을 유지하고 싶습니다. 함께 여행하고 싶은 사람은 리더십이나 계획 없이 자유로우면서도 기다림을 즐길 줄 아는 사람일 것입니다. 이번 여행에서 가장 기대하는 부분은 공연이나 스포츠 경기 관람 같은 다양한 액티비티와 도전 요소입니다. 이 여행이 제 삶에 가져다주길 바라는 의미는 성장을 경험하고 새로운 인사이트를 얻는 것입니다.,"이 사용자는 세계일주 지역을 선호하고, 쌀쌀함 기후를 피하고 싶어해요. 여행 목적은 공연&경기관람이며, 상관없음에서 머무는 걸 좋아하고 오전 8-9시쯤 기상하는 편이에요.",,
704,매우 민감,다소 완고,매우 적다,꽤 정확,무조건 리드,1,꽤 민감,매우 빡빡하게,해외,산,즉흥 여행,무조건 다 봄,코골이 안함,다른 곳 간다,"미국,중국&몽골,동남아","추움,쌀쌀함,습함","휴식,미식,문화&역사체험","게스트하우스,에어비엔비,민박",오전 8-9시,100만원 이하,"저는 지금까지 여행 중에서 가장 최악의 경험은 빡빡한 일정 속에서 체력의 한계를 느꼈을 때입니다. 그래서 이번 여행에서는 제 스케줄을 유연하게 조정할 수 있는 자유가 꼭 필요하다고 생각합니다. 함께 여행을 가고 싶은 사람은 저의 완고함을 이해하고 존중해주는 사람입니다. 이번 여행에서 가장 기대하는 것은 미국에서의 풍부한 문화와 역사 체험이며, 이는 제 삶의 새로운 활력을 불어넣고 휴식과 성찰의 시간을 가질 수 있는 의미 있는 여정이 되기를 바랍니다.","이 사용자는 미국 지역을 선호하고, 추움 기후를 피하고 싶어해요. 여행 목적은 문화&역사체험이며, 게스트하우스에서 머무는 걸 좋아하고 오전 8-9시쯤 기상하는 편이에요.",,
705,매우 둔감,보통,적다,종종 늦음,보통,4,매우 민감,매우 여유있게,국내,바다,계획 여행,무조건 다 봄,코골이 안함,다른 곳 간다,"미국,중국&몽골,그 외","쌀쌀함,건조함,더움","기록,문화&역사체험,액티비티","4-5성급호텔,상관없음,콘도",오전 9-10시,300-400만원,"저는 여행 중 청결하지 않은 숙소에서 머물렀던 경험이 가장 싫었는데, 이번 여행에서는 청결한 4-5성급 호텔에서의 숙박이 반드시 포함되기를 바랍니다. 혼자 계획된 일정을 차분히 즐기고 싶기 때문에 함께 여행할 사람도 저처럼 여유롭고 조용한 성격을 가진 사람이면 좋겠습니다. 특히 이번 여행에서는 미국의 문화와 역사 체험을 가장 기대하고 있으며, 이를 기록으로 남기고 싶습니다. 저는 쌀쌀하고 건조한 기후를 싫어하므로, 그런 환경을 피하며 즐길 수 있기를 바라고, 이번 여행이 제 삶에 새로운 문화적 인사이트와 여유로움을 더해주었으면 합니다.","이 사용자는 미국 지역을 선호하고, 건조함 기후를 피하고 싶어해요. 여행 목적은 기록이며, 상관없음에서 머무는 걸 좋아하고 오전 9-10시쯤 기상하는 편이에요.",,
706,매우 둔감,매우 수용적,매우 많다,꽤 정확,리드하는편,1,매우 민감,매우 여유있게,해외,산,계획 여행,적당히 봄,코골이 안함,다른 곳 간다,"국내,일본,유럽","더움,건조함,쌀쌀함","휴식,쇼핑,도전과성장","상관없음,펜션,3성이하 호텔",오전 9-10시,300-400만원,"여행 중 최악의 경험은 더운 기후와 건조한 환경에서의 불편함이었습니다. 그래서 이번 여행에는 쾌적한 날씨가 꼭 필요하다고 생각합니다. 함께 여행을 가고 싶은 사람은 대화가 잘 통하고 계획적으로 움직일 수 있는 사람입니다. 이번 여행에서는 새로운 곳에서의 도전과 성장을 가장 기대하고 있으며, 이를 통해 휴식과 쇼핑을 즐기는 동시에 제 삶에 긍정적인 변화를 가져오길 바랍니다. 여행 중에는 일정을 여유롭게 계획하면서도 체력이 약하기 때문에 무리하지 않는 선에서 리더십을 발휘하고 싶습니다.","이 사용자는 유럽 지역을 선호하고, 쌀쌀함 기후를 피하고 싶어해요. 여행 목적은 도전과성장이며, 3성이하 호텔에서 머무는 걸 좋아하고 오전 9-10시쯤 기상하는 편이에요.",,
707,매우 둔감,수용적,매우 많다,매우 정확,따르는 편,2,꽤 민감,꽤 빡빡하게,국내,바다,계획 여행,적당히 봄,코골이 안함,다른 곳 간다,"일본,국내,중국&몽골","상관없음,습함,추움","미식,쇼핑,도전과성장","게스트하우스,4-5성급호텔,펜션",오전 9-10시,200-300만원,"저는 국내 여행을 즐기며, 특히 미식과 쇼핑을 통해 도전과 성장의 기회를 찾고자 합니다. 여행 중 최악의 경험은 습하거나 추운 날씨를 피하지 못했을 때였습니다. 이번 여행에서는 체력이 낮아도 일정이 빡빡하게 진행되기 때문에 계획이 잘 짜여진 것이 꼭 필요합니다. 사람들과 어울려 이야기하는 것을 좋아해요. 그래서 수용적이고 잘 따른다는 평을 받는 사람과 여행을 함께 가면 좋겠습니다. 이번 여행은 새로운 경험을 통해 제 삶에 긍정적인 영향을 주기를 기대하고 있습니다.","이 사용자는 국내 지역을 선호하고, 상관없음 기후를 피하고 싶어해요. 여행 목적은 도전과성장이며, 게스트하우스에서 머무는 걸 좋아하고 오전 9-10시쯤 기상하는 편이에요.",,
708,꽤 민감,매우 완고,매우 많다,보통,무조건 리드,3,꽤 민감,매우 여유있게,해외,산,즉흥 여행,무조건 다 봄,코골이 안함,다른 곳 간다,"일본,세계일주,유럽","쌀쌀함,상관없음,더움","문화&역사체험,도전과성장,액티비티","콘도,펜션,에어비엔비",오전 10시 이후,400만원 이상,"여행 중 최악의 경험은 예기치 않은 쌀쌀한 기후로 인해 몸이 불편해지는 상황일 것입니다. 이번 여행에서는 계획 없이 자유롭게 행동할 수 있는 시간을 꼭 확보하고 싶습니다. 함께 여행을 가고 싶은 사람의 특징으로는 즉흥적인 성향을 받아들이고 제 의견을 잘 따라줄 수 있는 사람이면 좋겠습니다. 이번 여행에서 가장 기대하는 것은 유럽에서의 풍부한 문화와 역사 체험을 통해 도전과 성장을 느끼는 것입니다. 이러한 여행이 제 삶에 의미 있는 성장을 가져다주길 바라며, 활력을 얻고 싶습니다.","이 사용자는 유럽 지역을 선호하고, 상관없음 기후를 피하고 싶어해요. 여행 목적은 문화&역사체험이며, 펜션에서 머무는 걸 좋아하고 오전 10시 이후쯤 기상하는 편이에요.",,
709,매우 민감,매우 완고,매우 많다,꽤 정확,무조건 따름,1,보통,매우 여유있게,해외,산,계획 여행,무조건 다 봄,코골이 안함,다른 곳 간다,"유럽,일본,미국","상관없음,습함,더움","사람&관계,공연&경기관람,기록","콘도,펜션,에어비엔비",오전 8-9시,400만원 이상,"저는 계획적으로 산을 중심으로 해외 여행을 가는 것을 좋아하며, 특히 일본을 선호합니다. 최악의 경험은 무더운 날씨에 체력이 부족한 상태에서의 빡빡한 일정일 것입니다. 여행 중에는 현지 공연이나 경기를 관람하고, 사람들이나 친구와의 관계를 강화하는 것을 가장 기대합니다. 같이 여행을 가는 사람은 시간 약속을 잘 지키고, 자연스럽게 리더를 따르며 대화를 좋아하는 사람이어야 합니다. 이번 여행은 관계를 쌓고 길이 남을 추억을 기록하는 데 중점을 두고 있으며, 삶에 소중한 경험과 새로운 인연을 더해주길 바랍니다.","이 사용자는 일본 지역을 선호하고, 더움 기후를 피하고 싶어해요. 여행 목적은 사람&관계이며, 펜션에서 머무는 걸 좋아하고 오전 8-9시쯤 기상하는 편이에요.",,
710,둔감,매우 완고,매우 많다,보통,무조건 리드,2,꽤 민감,꽤 빡빡하게,국내,산,즉흥 여행,적당히 봄,코골이 안함,다른 곳 간다,"미국,동남아,국내","상관없음,습함,건조함","액티비티,사람&관계,자연감상","3성이하 호텔,펜션,4-5성급호텔",오전 9-10시,400만원 이상,"저는 예전에 사람들이 너무 많이 몰려서 웨이팅이 길었던 장소에 갔다가 계획이 틀어져 최악의 경험을 했어요. 이번 여행에서는 시간 약속을 잘 지키며 지도를 직접 리드하고 싶어요. 같이 여행할 사람은 말을 많이 하면서도 제 의견에 잘 맞춰주는 사람이면 좋겠어요. 자연 속에서 사람들과 적극적으로 관계를 맺는 액티비티가 가장 기대되며, 그것이 여행의 의미 있는 순간들로 남기를 바랍니다. 400만 원 이상의 예산으로 국내의 산을 배경으로 한 멋진 펜션에서 쉴 수 있다면 더욱 좋겠어요.","이 사용자는 동남아 지역을 선호하고, 건조함 기후를 피하고 싶어해요. 여행 목적은 사람&관계이며, 펜션에서 머무는 걸 좋아하고 오전 9-10시쯤 기상하는 편이에요.",,
711,꽤 민감,매우 완고,많다,꽤 정확,무조건 따름,2,보통,매우 빡빡하게,해외,산,계획 여행,무조건 다 봄,코골이 안함,기다림,"동남아,국내,미국","상관없음,쌀쌀함,더움","휴식,사람&관계,액티비티","에어비엔비,게스트하우스,콘도",오전 8-9시,100만원 이하,"저는 해외에서의 빡빡한 일정 속에서도 휴식을 중시하며, 콘도나 에어비앤비에서 편안하게 머무르는 것을 선호합니다. 여행 중 최악의 경험은 불확실한 일정으로 인한 예측 불가능성 때문입니다. 계획에 맞추어 정해진 시간에 정확히 이동하는 것을 좋아하고, 체력이 약한 편이라 저를 잘 이해하고 계획에 맞춰 함께 움직이는 사람과 여행을 가고 싶습니다. 이번 여행에서는 제 계획대로 모든 랜드마크를 다 보고 싶고, 활발한 액티비티를 체험하며 사람들과의 관계를 형성하는 것에 기대가 큽니다. 이런 여행을 통해 저는 일상에서의 스트레스를 풀고, 여행에서 만난 사람들과 새로운 관계를 형성하며 제 삶에 긍정적인 영향을 주었으면 합니다.","이 사용자는 국내 지역을 선호하고, 상관없음 기후를 피하고 싶어해요. 여행 목적은 휴식이며, 에어비엔비에서 머무는 걸 좋아하고 오전 8-9시쯤 기상하는 편이에요.",,
712,매우 둔감,매우 수용적,적다,매우 정확,보통,5,둔감,꽤 빡빡하게,국내,산,즉흥 여행,무조건 다 봄,코골이 안함,다른 곳 간다,"유럽,국내,중국&몽골","습함,더움,쌀쌀함","액티비티,기록,문화&역사체험","민박,3성이하 호텔,펜션",오전 9-10시,400만원 이상,"저는 여행 중 불쾌한 기후, 특히 습하고 더운 날씨를 가장 피하고 싶습니다. 이번 여행에서는 다양한 액티비티와 문화 및 역사 체험을 통해 다채로운 기록을 남기는 것이 중요합니다. 함께 여행하고 싶은 사람은 시간 약속을 잘 지키고 의견을 수용하는 성격이면 좋겠고, 조용히 즐길 수 있는 동반자를 선호합니다. 이번 여행에서 가장 기대되는 것은 산을 오르며 새로운 랜드마크를 탐험하는 것이며, 이러한 경험이 제 삶에 긍정적이고 가치 있는 변화를 가져오길 바랍니다. 전반적으로 저에게 이번 여행은 일상의 틀에서 벗어나 다양한 경험을 통해 자신을 돌아보고 성장할 수 있는 기회가 되었으면 합니다.","이 사용자는 유럽 지역을 선호하고, 더움 기후를 피하고 싶어해요. 여행 목적은 기록이며, 펜션에서 머무는 걸 좋아하고 오전 9-10시쯤 기상하는 편이에요.",,
713,꽤 민감,다소 완고,적다,꽤 정확,보통,5,꽤 민감,매우 여유있게,국내,바다,계획 여행,무조건 다 봄,코골이 함,다른 곳 간다,"미국,동남아,국내","쌀쌀함,습함,추움","자연감상,기록,공연&경기관람","펜션,에어비엔비,3성이하 호텔",오전 9-10시,300-400만원,"저는 여행 중 추운 날씨와 습한 환경을 피하고 싶고, 계획한 일정대로 움직이는 것을 선호합니다. 가장 기대하는 것은 자연을 감상하고 기록하는 것이며, 꼭 가져야 할 것은 편안한 에어비엔비와 같은 숙박 시설입니다. 과거에는 기후 때문에 여행이 나쁘게 느껴진 적이 있어, 이번에는 자연을 편하게 즐길 수 있기를 바랍니다. 함께 여행하고 싶은 사람은 저처럼 계획적이고 시간 약속을 잘 지키며, 많은 대화를 요구하지 않는 사람이면 좋겠습니다. 이 여행이 제 삶에 소중한 추억과 기록으로 남길 바랍니다.","이 사용자는 국내 지역을 선호하고, 습함 기후를 피하고 싶어해요. 여행 목적은 기록이며, 에어비엔비에서 머무는 걸 좋아하고 오전 9-10시쯤 기상하는 편이에요.",,
714,매우 둔감,보통,매우 많다,자주 늦음,따르는 편,3,매우 둔감,보통,해외,산,즉흥 여행,무조건 다 봄,코골이 안함,기다림,"동남아,그 외,유럽","습함,더움,쌀쌀함","문화&역사체험,액티비티,도전과성장","에어비엔비,3성이하 호텔,상관없음",오전 10시 이후,300-400만원,"저는 여행 중 습하거나 쌀쌀한 기후 때문에 불편했던 경험이 있었던 만큼, 이번 여행에서는 좋은 날씨가 꼭 있으면 합니다. 언제나 즉흥적인 여행을 즐기지만, 동남아나 유럽의 문화와 역사를 탐방할 기회를 특히 기대하고 있습니다. 혼자보다는 여럿이 여행하는 것을 좋아하지만, 제 의견을 잘 받아들여주고 유쾌한 대화가 가능한 사람과 함께 여행하고 싶습니다. 이번 여행을 통해 다양한 액티비티에 도전하며 성장의 기회를 얻고자 하며, 이를 통해 개인적인 성취감을 느끼길 기대하고 있습니다. 평소 일정에 늦는 편이지만, 여행 중에는 모든 랜드마크를 빼놓지 않고 즐길 계획입니다.","이 사용자는 동남아 지역을 선호하고, 쌀쌀함 기후를 피하고 싶어해요. 여행 목적은 액티비티이며, 상관없음에서 머무는 걸 좋아하고 오전 10시 이후쯤 기상하는 편이에요.",,
715,꽤 민감,수용적,매우 적다,자주 늦음,무조건 리드,1,매우 둔감,보통,해외,산,계획 여행,적당히 봄,코골이 안함,다른 곳 간다,"그 외,세계일주,동남아","습함,쌀쌀함,더움","도전과성장,사람&관계,문화&역사체험","펜션,상관없음,4-5성급호텔",오전 10시 이후,200-300만원,저는 여행 중 감당하기 힘든 체력 소모나 피곤함이 가장 최악의 경험으로 남습니다. 그래서 이번 여행에서는 편안한 휴식 공간이 꼭 있었으면 좋겠어요. 같이 여행을 하고 싶은 사람은 서로의 성장을 도모할 수 있고 의견을 수용하는 열린 마음을 가진 사람이면 좋겠습니다. 이번 여행에서는 다양한 문화와 역사 체험을 통해 성장을 기대하고 있어요. 제 삶에 있어서 이번 여행이 새로운 도전과 성장을 제공하는 의미 있는 시간이 되길 바랍니다.,"이 사용자는 동남아 지역을 선호하고, 더움 기후를 피하고 싶어해요. 여행 목적은 도전과성장이며, 상관없음에서 머무는 걸 좋아하고 오전 10시 이후쯤 기상하는 편이에요.",,
716,보통,매우 완고,매우 많다,종종 늦음,무조건 따름,3,둔감,꽤 빡빡하게,해외,바다,계획 여행,적당히 봄,코골이 안함,다른 곳 간다,"국내,그 외,중국&몽골","더움,습함,건조함","미식,공연&경기관람,문화&역사체험","게스트하우스,에어비엔비,펜션",오전 8-9시,100만원 이하,"저는 이번 여행을 통해 중국이나 몽골에서의 미식 탐방과 문화 및 역사 체험에 큰 기대를 걸고 있습니다. 특히 더운 기후를 피하면서 새로운 음식을 맛보는 경험은 여행의 핵심이라고 할 수 있죠. 과거 여행 중에는 날씨 탓으로 일정이 꼬여 스트레스를 받은 적이 있어 철저한 계획을 세우려 합니다. 여행 중에는 대화를 많이 나누고 의견을 잘 맞추는, 저와 같은 페이스를 맞출 수 있는 사람과 함께 하기를 바랍니다. 이번 여행을 통해 일상에서 벗어나 새로운 문화를 경험하고, 삶의 활력을 찾는 계기가 되길 바라고 있습니다.","이 사용자는 중국&몽골 지역을 선호하고, 더움 기후를 피하고 싶어해요. 여행 목적은 미식이며, 에어비엔비에서 머무는 걸 좋아하고 오전 8-9시쯤 기상하는 편이에요.",,
717,매우 민감,매우 완고,매우 많다,매우 정확,리드하는편,2,매우 둔감,매우 빡빡하게,국내,산,즉흥 여행,무조건 다 봄,코골이 안함,다른 곳 간다,"동남아,그 외,중국&몽골","쌀쌀함,추움,건조함","기록,액티비티,휴식","3성이하 호텔,게스트하우스,민박",오전 9-10시,400만원 이상,"저는 여행할 때 일정이 빡빡한 것을 선호하며, 동행자도 저처럼 계획에 맞추기 위해 시간이 정확했으면 좋겠습니다. 여행에서 최악의 경험은 아마도 차가운 기후와 건조한 환경 속에서의 액티비티일 것입니다. 이번 여행에서는 다양한 랜드마크를 다 보고 싶은 욕심이 있습니다. 여행을 통해 새로운 활력을 얻고, 제 일상에 자극을 주는 의미 있는 시간을 갖고 싶어요. 또한, 기록을 남길 수 있는 순간들이 많았으면 좋겠으며, 다른 사람의 의견보다 저의 계획을 주도적으로 이끌어가는 것도 염두에 두고 있습니다.","이 사용자는 그 외 지역을 선호하고, 건조함 기후를 피하고 싶어해요. 여행 목적은 액티비티이며, 3성이하 호텔에서 머무는 걸 좋아하고 오전 9-10시쯤 기상하는 편이에요.",,
718,보통,다소 완고,보통,매우 정확,무조건 따름,4,둔감,꽤 빡빡하게,국내,산,즉흥 여행,적당히 봄,코골이 안함,다른 곳 간다,"세계일주,중국&몽골,그 외","상관없음,건조함,쌀쌀함","기록,도전과성장,미식","게스트하우스,콘도,4-5성급호텔",오전 9-10시,300-400만원,"저는 여행 중 최악의 경험으로 약속된 시간을 어기는 경우를 꼽습니다. 이번 여행에서는 미식을 제대로 즐기기 위한 계획이 꼭 필요하며, 깔끔한 숙소에서 여유롭게 머무는 것이 중요합니다. 함께 여행하고 싶은 사람은 시간 약속을 철저히 지키고 순리에 따르는 사람인 것이 좋겠습니다. 이번 여행에서 가장 기대하는 것은 새로운 도전과 성장이며, 미식 활동을 통한 기록들을 남기는 것입니다. 이번 여행이 제 삶에 주는 의미는 다양한 경험을 통해 개인적인 발전을 도모하는 것입니다.","이 사용자는 그 외 지역을 선호하고, 상관없음 기후를 피하고 싶어해요. 여행 목적은 미식이며, 4-5성급호텔에서 머무는 걸 좋아하고 오전 9-10시쯤 기상하는 편이에요.",,
719,매우 둔감,매우 완고,매우 많다,종종 늦음,보통,1,매우 민감,매우 빡빡하게,해외,바다,계획 여행,적당히 봄,코골이 안함,기다림,"세계일주,유럽,동남아","건조함,습함,더움","쇼핑,사람&관계,문화&역사체험","콘도,펜션,상관없음",오전 9-10시,200-300만원,"저는 여행 중에 체력이 약해서 이동이 많을 때 힘들었던 경험이 최악으로 남아 있습니다. 그래서 이번 여행에서는 체력을 보충할 수 있는 편안한 숙소에서의 충분한 휴식이 꼭 필요합니다. 같이 여행을 가고 싶은 사람은 계획을 잘 따르면서도 유머가 넘쳐 대화가 끊이지 않는 사람입니다. 이번 여행에서 가장 기대하는 것은 새로운 사람들과의 만남과 문화를 체험하는 것입니다. 이를 통해 제 삶에 다양한 시각을 더하고, 인간관계의 폭을 넓히는 풍부한 경험이 되었으면 합니다.","이 사용자는 세계일주 지역을 선호하고, 습함 기후를 피하고 싶어해요. 여행 목적은 사람&관계이며, 펜션에서 머무는 걸 좋아하고 오전 9-10시쯤 기상하는 편이에요.",,
720,둔감,매우 완고,적다,종종 늦음,무조건 따름,5,꽤 민감,매우 빡빡하게,국내,바다,계획 여행,무조건 다 봄,코골이 안함,기다림,"그 외,국내,일본","습함,쌀쌀함,추움","공연&경기관람,휴식,기록","에어비엔비,3성이하 호텔,콘도",오전 9-10시,300-400만원,저는 여행 중 계획했던 일정을 다 소화하지 못했을 때 최악의 경험을 했던 기억이 있습니다. 그래서 이번 여행에서는 공연과 경기를 관람하며 휴식할 시간을 꼭 확보하고 싶어요. 함께 여행하고 싶은 사람은 예민하지 않고 저와 비슷하게 계획을 잘 따르는 사람입니다. 이번 여행에서 가장 기대하는 것은 기록을 남기며 새로운 감동을 느끼는 것입니다. 이러한 경험이 제 삶에 새로운 활력과 재충전의 의미를 가져다주길 바랍니다.,"이 사용자는 국내 지역을 선호하고, 습함 기후를 피하고 싶어해요. 여행 목적은 휴식이며, 3성이하 호텔에서 머무는 걸 좋아하고 오전 9-10시쯤 기상하는 편이에요.",,
721,둔감,보통,매우 적다,꽤 정확,보통,4,매우 민감,매우 빡빡하게,국내,바다,즉흥 여행,무조건 다 봄,코골이 안함,기다림,"국내,세계일주,중국&몽골","상관없음,쌀쌀함,습함","액티비티,미식,휴식","게스트하우스,민박,에어비엔비",오전 9-10시,200-300만원,"저는 주로 국내 여행을 선호하며 액티비티와 미식을 즐기지만, 쌀쌀하고 습한 기후는 피하고 싶어 합니다. 게스트하우스나 민박에서 머무르며 느긋하게 아침을 시작하곤 합니다. 가장 피하고 싶은 최악의 경험은 청결하지 않은 환경에서의 체류로, 청결에 민감한 저에게는 중요한 요소입니다. 이번 여행에서는 일정을 빡빡하게 계획하더라도 손쉽게 필요한 정보를 얻을 수 있도록 즉흥적인 계획에 대비한 준비물이 필요합니다. 동행인으로는 오랜 시간을 기다리고도 불평하지 않는 인내심을 가진 사람이 좋습니다. 이번 여행이 저에게 더 많은 휴식과 다양한 먹거리를 즐기는 기회가 되었으면 하며, 제 삶에 새로운 활력을 부여했으면 합니다.","이 사용자는 중국&몽골 지역을 선호하고, 습함 기후를 피하고 싶어해요. 여행 목적은 휴식이며, 민박에서 머무는 걸 좋아하고 오전 9-10시쯤 기상하는 편이에요.",,
722,매우 둔감,수용적,적다,자주 늦음,따르는 편,5,매우 둔감,매우 여유있게,해외,산,계획 여행,적당히 봄,코골이 안함,다른 곳 간다,"동남아,그 외,미국","추움,더움,건조함","미식,사람&관계,쇼핑","펜션,게스트하우스,상관없음",오전 9-10시,100만원 이하,"저는 여행 중 최악의 경험으로 지나치게 덥거나 추운 기후에서의 고생을 꼽고 싶으며, 이에 따라 이번 여행에서는 쾌적한 날씨가 꼭 있으면 좋겠습니다. 말수가 적은 편이고 의견을 잘 수용하는 성격이라, 같이 여행을 가는 사람은 활발하고 주도적인 성격이면 편할 것 같아요. 이번 여행에서는 미식 체험과 새로운 사람들과의 교류를 가장 기대하고 있습니다. 또한, 이번 여행이 제 삶에서 중요한 사람들과의 관계를 더욱 돈독히 하고 새로운 경험을 쌓는 의미 있는 시간이 되었으면 합니다. 계획적인 성향이 강하니 여행 전 일정을 세워 여유롭게 즐기고 싶습니다.","이 사용자는 미국 지역을 선호하고, 추움 기후를 피하고 싶어해요. 여행 목적은 사람&관계이며, 상관없음에서 머무는 걸 좋아하고 오전 9-10시쯤 기상하는 편이에요.",,
723,매우 둔감,수용적,매우 적다,꽤 정확,리드하는편,3,보통,보통,국내,바다,계획 여행,적당히 봄,코골이 함,다른 곳 간다,"미국,일본,세계일주","습함,상관없음,건조함","도전과성장,액티비티,휴식","게스트하우스,에어비엔비,4-5성급호텔",오전 8-9시,200-300만원,"저는 여행 중 기후가 습해지는 것을 피하고 싶습니다. 그래서 최악의 경험은 습한 날씨 속에서의 불편함이었습니다. 이번 여행에서는 변화를 추구하며 도전과 성장을 가능하게 할 꼭 필요한 요소가 있어야 합니다. 함께 여행하고 싶은 사람은 다양한 의견을 열린 마음으로 수용할 수 있는 사람입니다. 저는 이번 여행에서 재충전과 액티비티를 통해 받는 활력을 기대하고 있으며, 평소보다 말을 적게 하면서도 많은 것을 얻어가고 싶습니다. 이러한 여행은 저에게 삶에서 휴식과 도전의 의미를 동시에 부여해 줄 것입니다.","이 사용자는 세계일주 지역을 선호하고, 상관없음 기후를 피하고 싶어해요. 여행 목적은 휴식이며, 게스트하우스에서 머무는 걸 좋아하고 오전 8-9시쯤 기상하는 편이에요.",,
724,매우 민감,매우 수용적,적다,종종 늦음,보통,4,매우 민감,매우 여유있게,해외,바다,계획 여행,무조건 다 봄,코골이 안함,기다림,"국내,중국&몽골,유럽","상관없음,습함,건조함","자연감상,미식,도전과성장","게스트하우스,상관없음,민박",오전 9-10시,200-300만원,"저는 여행 중 예기치 않게 청결 상태가 좋지 않은 숙소에 머무는 것이 가장 큰 스트레스입니다. 그래서 이번 여행에서 깨끗한 숙소를 꼭 확보하고 싶습니다. 함께 여행하고 싶은 사람은 저의 여유로운 일정과 자연을 감상하는 취향을 이해하고 조용히 동행할 수 있는 사람입니다. 이번 여행에서 가장 기대하는 것은 다양한 음식을 경험하고, 자연의 아름다움을 감상하며 스스로 도전과 성장을 느끼는 것입니다. 이러한 여행을 통해 제 삶에 새로운 시각을 부여하고, 작은 도전들을 통해 나 자신을 한층 더 성장시키고 싶습니다.","이 사용자는 국내 지역을 선호하고, 건조함 기후를 피하고 싶어해요. 여행 목적은 도전과성장이며, 게스트하우스에서 머무는 걸 좋아하고 오전 9-10시쯤 기상하는 편이에요.",,
725,둔감,매우 수용적,보통,매우 정확,리드하는편,1,매우 민감,매우 빡빡하게,해외,산,즉흥 여행,무조건 다 봄,코골이 함,다른 곳 간다,"유럽,세계일주,그 외","습함,추움,상관없음","미식,사람&관계,액티비티","에어비엔비,민박,3성이하 호텔",오전 8-9시,200-300만원,"여행 중 최악의 경험은 아마도 습하고 추운 기후로 인해 계획이 엉망이 되는 상황일 것입니다. 이번 여행에서는 일정이 빡빡하더라도 유럽의 주요 랜드마크를 모두 보고 싶기 때문에 매우 정확하게 시간을 지키는 것이 필요합니다. 함께 여행하고 싶은 사람은 청결함을 중요시하고, 여러 의견을 쉽게 받아들이며 저와 함께 리드할 수 있는 사람입니다. 이번 여행에서 가장 기대하는 것은 다양한 액티비티를 즐기면서 새로운 사람들과 관계를 형성하는 것이며, 이를 통해 제 삶에 새로운 영감을 얻고 새로운 경험을 쌓고 싶습니다. 여행의 의미는 일상에서 벗어나 활력을 채우고 미식을 통해 즐거움을 찾는 데 있습니다.","이 사용자는 유럽 지역을 선호하고, 상관없음 기후를 피하고 싶어해요. 여행 목적은 액티비티이며, 민박에서 머무는 걸 좋아하고 오전 8-9시쯤 기상하는 편이에요.",,
726,보통,다소 완고,매우 많다,종종 늦음,따르는 편,1,매우 민감,매우 여유있게,국내,바다,계획 여행,적당히 봄,코골이 안함,기다림,"일본,중국&몽골,국내","쌀쌀함,추움,더움","자연감상,문화&역사체험,미식","펜션,콘도,민박",오전 10시 이후,300-400만원,"저는 예전에 너무 추운 날씨에 여행을 가서 많이 힘들었던 기억이 있어요. 그래서 이번 여행에서는 쾌적한 날씨가 꼭 필요하고, 늦잠을 자도 여유롭게 시작할 수 있는 느긋한 일정을 원합니다. 함께 여행을 가고 싶은 사람은 말이 많고 계획적으로 움직이는 것을 좋아하는 친구가 좋겠네요. 이번 여행의 가장 큰 기대는 새로운 문화와 역사를 체험하고 아름다운 자연을 만끽하는 것이고, 삶에 좀 더 풍요로움을 더하는 의미 깊은 시간이 되었으면 합니다. 특히 여행에서의 미식 경험을 통해 행복감을 느끼고 싶어요.","이 사용자는 국내 지역을 선호하고, 쌀쌀함 기후를 피하고 싶어해요. 여행 목적은 문화&역사체험이며, 민박에서 머무는 걸 좋아하고 오전 10시 이후쯤 기상하는 편이에요.",,
727,둔감,보통,적다,종종 늦음,무조건 리드,4,매우 둔감,보통,국내,바다,계획 여행,무조건 다 봄,코골이 함,기다림,"동남아,세계일주,유럽","상관없음,추움,더움","사람&관계,도전과성장,휴식","상관없음,3성이하 호텔,펜션",오전 8-9시,200-300만원,"저는 여행 중에는 항상 계획대로 모든 랜드마크를 보는 것을 중요하게 생각합니다. 하지만 가끔 늦는 버릇이 있어서 이를 잘 이해해주는 사람과 함께 가고 싶습니다. 이번 여행에서는 사람들과의 관계를 깊게 형성하고 성장할 수 있는 도전적인 경험이 기대됩니다. 여행 중 가장 필요한 것은 휴식이며, 동남아나 유럽 관광지에서 3성 이하의 호텔이나 펜션에서 지내는 것도 좋습니다. 제가 느끼기에 이번 여행이 삶에 가져다줄 의미는 새로운 인간관계와 도전을 통해 더욱 성숙해지는 기회가 될 것이라는 점입니다.","이 사용자는 유럽 지역을 선호하고, 추움 기후를 피하고 싶어해요. 여행 목적은 사람&관계이며, 상관없음에서 머무는 걸 좋아하고 오전 8-9시쯤 기상하는 편이에요.",,
728,매우 민감,보통,많다,매우 정확,리드하는편,1,매우 둔감,꽤 여유있게,해외,산,계획 여행,적당히 봄,코골이 함,기다림,"세계일주,일본,국내","더움,쌀쌀함,추움","기록,액티비티,공연&경기관람","3성이하 호텔,에어비엔비,상관없음",오전 9-10시,300-400만원,"저는 여행 중 날씨가 불쾌할 때가 경험상 가장 힘들었습니다. 이번 여행에서는 공연이나 스포츠 경기를 꼭 관람하고 싶으며, 이러한 순간은 저에게 큰 의미를 가집니다. 그래서 저와 함께 여행할 사람은 계획적이며 시간을 잘 지키는 사람이면 좋겠습니다. 이번 여행이 제 삶에 기록을 남길 수 있는 특별한 기억으로 남았으면 하는 바람이 있으며, 여유로운 일정 속에서 새로운 경험을 기대하고 있습니다.","이 사용자는 국내 지역을 선호하고, 더움 기후를 피하고 싶어해요. 여행 목적은 공연&경기관람이며, 3성이하 호텔에서 머무는 걸 좋아하고 오전 9-10시쯤 기상하는 편이에요.",,
729,매우 민감,매우 수용적,적다,종종 늦음,리드하는편,3,둔감,꽤 여유있게,해외,산,계획 여행,적당히 봄,코골이 함,다른 곳 간다,"일본,세계일주,국내","습함,더움,쌀쌀함","기록,액티비티,쇼핑","4-5성급호텔,3성이하 호텔,상관없음",오전 8-9시,100만원 이하,"여행 중 최악의 경험은 습하고 덥거나 쌀쌀한 날씨를 만났을 때였습니다. 이번 여행에서는 활동적이고 재미있는 액티비티가 있을 것을 꼭 원합니다. 함께 여행하고 싶은 사람은 배려심이 있고 서로의 의견을 잘 수용할 수 있는 민감한 성격을 가진 사람이면 좋겠어요. 특히 이번 여행에서는 다양한 지역 특히 일본이나 세계일주 같은 곳에서의 다채로움을 경험하는 것이 가장 기대됩니다. 이번 여행이 제 삶에 있어서는 새로운 문화와의 만남으로 기록되고, 저에게 새로운 시각을 열어 주는 의미가 됐으면 합니다.","이 사용자는 세계일주 지역을 선호하고, 쌀쌀함 기후를 피하고 싶어해요. 여행 목적은 액티비티이며, 상관없음에서 머무는 걸 좋아하고 오전 8-9시쯤 기상하는 편이에요.",,
730,꽤 민감,보통,많다,자주 늦음,따르는 편,1,둔감,보통,국내,산,즉흥 여행,적당히 봄,코골이 함,기다림,"일본,동남아,세계일주","더움,추움,상관없음","자연감상,쇼핑,공연&경기관람","에어비엔비,3성이하 호텔,콘도",오전 10시 이후,300-400만원,"저는 여행에서 산을 탐험하며 자연을 감상하는 것을 좋아하고, 리더십보다는 다른 사람을 따르는 편이라 함께 여행할 때 자연을 함께 즐기는 사람들과 가고 싶습니다. 최악의 경험은 예민한 편이라 깨끗하지 않은 숙소에 머물 때인데, 그래서 에어비엔비나 작은 호텔을 선호합니다. 여행에서는 즉흥적인 계획을 즐기지만, 잊지 말아야 할 것은 바로 쇼핑입니다. 이번 여행에서 가장 기대하는 것은 쇼핑과 공연 관람이며, 늦게 기상하는 저에게 맞는 느긋한 여행 일정이 의미 있게 다가오리라 생각합니다. 여행은 제 일상에서 벗어나 새로운 경험을 쌓고, 자연스럽게 일상에서 얻을 수 없는 활력을 얻는 시간이기를 바랍니다.","이 사용자는 세계일주 지역을 선호하고, 추움 기후를 피하고 싶어해요. 여행 목적은 쇼핑이며, 에어비엔비에서 머무는 걸 좋아하고 오전 10시 이후쯤 기상하는 편이에요.",,
731,매우 민감,매우 수용적,매우 많다,자주 늦음,보통,1,둔감,매우 여유있게,해외,바다,즉흥 여행,무조건 다 봄,코골이 안함,기다림,"그 외,유럽,국내","상관없음,건조함,추움","미식,사람&관계,액티비티","펜션,4-5성급호텔,게스트하우스",오전 10시 이후,300-400만원,"저는 여행 중에 일정이 빡빡하거나 건조하고 추운 날씨에서 최악의 경험을 했던 기억이 있습니다. 그래서 이번 여행에서는 여유 있고 즉흥적인 일정 속에서 맛있는 음식과 다양한 사람들과의 교류를 꼭 경험하고 싶어요. 특히 함께 여행할 사람은 제 이야기를 잘 들어주고, 예민한 저를 잘 이해하는 수용적인 특징을 가지면 좋겠어요. 이번 여행에서 가장 기대하는 것은 유럽의 다양한 랜드마크를 느긋하게 둘러보며 액티비티를 즐기는 것인데, 이는 저에게 새로운 관계와 추억을 쌓는 소중한 계기가 될 것입니다. 궁극적으로 여행을 통해 삶에 활기를 불어넣고 새로운 의미를 발견하고 싶습니다.","이 사용자는 국내 지역을 선호하고, 건조함 기후를 피하고 싶어해요. 여행 목적은 액티비티이며, 4-5성급호텔에서 머무는 걸 좋아하고 오전 10시 이후쯤 기상하는 편이에요.",,
732,매우 둔감,다소 완고,적다,매우 정확,보통,5,보통,매우 여유있게,국내,산,즉흥 여행,무조건 다 봄,코골이 안함,다른 곳 간다,"일본,미국,동남아","습함,건조함,쌀쌀함","사람&관계,기록,액티비티","민박,콘도,펜션",오전 10시 이후,100만원 이하,"여행 중 습하고 불편한 기후는 최악의 경험이 될 수 있어요. 이번 여행에서는 꼭 다양한 랜드마크를 기록할 수 있는 시간과 여유가 필요합니다. 저는 말수가 적지만 의견이 완고해서 같이 여행할 사람은 이런 제 성향을 이해하고, 일정에 크게 집착하지 않는 여유로운 성격이었으면 합니다. 이번 여행에서는 새로운 사람들과의 관계를 형성하고, 가장 기대되는 것은 그들과 함께하는 다양한 액티비티입니다. 이 여행이 제게는 일상에서 벗어나 마음의 기록이 되는 소중한 시간이 되길 바랍니다.","이 사용자는 동남아 지역을 선호하고, 건조함 기후를 피하고 싶어해요. 여행 목적은 기록이며, 펜션에서 머무는 걸 좋아하고 오전 10시 이후쯤 기상하는 편이에요.",,
733,매우 민감,다소 완고,매우 많다,매우 정확,무조건 리드,5,매우 민감,꽤 빡빡하게,국내,산,계획 여행,무조건 다 봄,코골이 안함,다른 곳 간다,"미국,중국&몽골,그 외","쌀쌀함,습함,추움","기록,휴식,사람&관계","콘도,에어비엔비,3성이하 호텔",오전 8-9시,300-400만원,"여행 중 최악의 경험은 일정이 어긋나는 것인데, 저는 매우 정확한 시간 약속을 중시하기 때문입니다. 그래서 이번 여행에서는 계획적인 일정 관리가 필수적이며, 특히 모든 랜드마크를 보고 싶습니다. 함께 여행 가고 싶은 사람은 제 의견을 잘 수용해주면서도 활발하게 대화할 수 있는 사람이면 좋겠습니다. 이번 여행에서 가장 기대하는 것은 휴식을 취하며 새로운 사람들과 관계를 형성하는 것이며, 이러한 경험들이 제 삶에 긍정적인 기록으로 남길 바랍니다. 에어비엔비 같은 숙소에서 편안하게 머물면서 일정에 맞춰 알차게 여행하는 것이 중요합니다.","이 사용자는 미국 지역을 선호하고, 습함 기후를 피하고 싶어해요. 여행 목적은 휴식이며, 에어비엔비에서 머무는 걸 좋아하고 오전 8-9시쯤 기상하는 편이에요.",,
734,매우 민감,매우 수용적,보통,자주 늦음,보통,4,매우 민감,매우 빡빡하게,국내,산,즉흥 여행,적당히 봄,코골이 함,다른 곳 간다,"일본,동남아,세계일주","쌀쌀함,추움,건조함","미식,휴식,공연&경기관람","3성이하 호텔,게스트하우스,에어비엔비",오전 9-10시,200-300만원,"저는 이번 여행에서 미식을 즐기는 데 가장 큰 기대를 걸고 있으며, 아침 기상 시간을 잘 맞추려는 노력을 할 예정입니다. 여행 중 최악의 경험은 예민한 편이라 청결하지 않거나 일정이 너무 빡빡해 피곤할 때 발생할 수 있습니다. 그래서 숙소는 깔끔한 것이 중요하며, 가급적 아침 시간에 맞춰 느긋하게 시작하려고 합니다. 같이 여행을 가고 싶은 사람은 친절하고 의견을 잘 수용해주는 사람입니다. 이번 여행이 저에게 소중한 미식과 휴식을 통해 삶의 새로운 즐거움을 주는 의미 있는 시간이 되길 바랍니다.","이 사용자는 세계일주 지역을 선호하고, 추움 기후를 피하고 싶어해요. 여행 목적은 미식이며, 에어비엔비에서 머무는 걸 좋아하고 오전 9-10시쯤 기상하는 편이에요.",,
735,매우 둔감,매우 수용적,적다,종종 늦음,무조건 리드,3,꽤 민감,매우 빡빡하게,해외,바다,계획 여행,적당히 봄,코골이 안함,다른 곳 간다,"일본,동남아,유럽","더움,습함,건조함","자연감상,도전과성장,액티비티","게스트하우스,3성이하 호텔,민박",오전 8-9시,200-300만원,"일본이나 유럽으로의 여행 중 가장 최악의 경험은 계획된 일정을 놓치는 것인데, 이는 주로 시간약속에 느슨하기 때문입니다. 이번 여행에서는 특히 더위를 피할 수 있는 환경이 꼭 필요하며, 정확한 계획을 세우고 지킬 수 있도록 돕는 동행자를 선호합니다. 바다를 즐기고 자연을 감상하며 도전과 성장을 경험할 수 있는 시간이 제일 기대되며, 이 여행은 곧 제 삶의 새로운 활력을 찾고 일상의 틀을 벗어나 보는 계기가 되었으면 좋겠습니다. 여행은 새로운 경험을 통해 더 넓은 시야를 얻고, 제 자신에게 다양한 도전을 의미합니다.","이 사용자는 일본 지역을 선호하고, 더움 기후를 피하고 싶어해요. 여행 목적은 도전과성장이며, 3성이하 호텔에서 머무는 걸 좋아하고 오전 8-9시쯤 기상하는 편이에요.",,
736,매우 둔감,다소 완고,매우 적다,종종 늦음,무조건 리드,5,꽤 민감,매우 여유있게,국내,바다,즉흥 여행,적당히 봄,코골이 안함,다른 곳 간다,"중국&몽골,국내,일본","건조함,추움,더움","공연&경기관람,기록,액티비티","게스트하우스,펜션,4-5성급호텔",오전 8-9시,400만원 이상,"저는 국내에서의 여행을 선호하며, 예전에 날씨 때문에 고생했던 추운 날씨는 피하고 싶습니다. 이번 여행에서는 머무는 장소와 시간 계획이 유연하더라도 4-5성급 호텔에서의 편안함을 느끼고 싶고, 공연이나 경기 관람 같은 액티비티에는 특히 준비를 잘해야겠어요. 말을 많이 하지 않지만 여행을 이끌고 싶어하며, 예민하지 않은 사람과 함께라면 좋은 여행이 될 것입니다. 이번 여행에서 가장 기대되는 것은 부담 없는 즉흥적인 활동을 통해 새로움을 느끼는 것이고, 제 삶에선 일종의 기억을 남기고 즐거운 경험으로 작용하길 바랍니다.","이 사용자는 국내 지역을 선호하고, 추움 기후를 피하고 싶어해요. 여행 목적은 액티비티이며, 4-5성급호텔에서 머무는 걸 좋아하고 오전 8-9시쯤 기상하는 편이에요.",,
737,둔감,다소 완고,많다,꽤 정확,리드하는편,3,꽤 민감,매우 여유있게,국내,산,계획 여행,적당히 봄,코골이 안함,다른 곳 간다,"유럽,세계일주,중국&몽골","더움,건조함,쌀쌀함","사람&관계,쇼핑,기록","에어비엔비,게스트하우스,콘도",오전 8-9시,100만원 이하,"저는 여행 중 더운 기후와 쌀쌀한 날씨를 싫어해서 이를 피할 수 없던 상황을 최악의 경험으로 꼽을 것 같습니다. 이번 여행에서 사람들과의 관계를 중요하게 여기는 만큼 좋은 대화를 이어갈 수 있는 사람과 함께 하고 싶어요. 이번 여행에서 꼭 필요한 것은 계획을 세워 여유롭게 일정에 맞추는 것이며, 산을 방문하며 자연 속에서의 시간을 기대하고 있습니다. 삶에 의미 있는 인간관계를 형성하고 싶고, 기록을 통해 추억을 남기는 것이 큰 의미가 있습니다. 이러한 여행을 통해 삶을 더욱 풍요롭게 만들고 싶습니다.","이 사용자는 중국&몽골 지역을 선호하고, 쌀쌀함 기후를 피하고 싶어해요. 여행 목적은 사람&관계이며, 게스트하우스에서 머무는 걸 좋아하고 오전 8-9시쯤 기상하는 편이에요.",,
738,둔감,매우 수용적,많다,보통,무조건 리드,1,매우 둔감,꽤 여유있게,국내,바다,계획 여행,적당히 봄,코골이 함,기다림,"일본,미국,동남아","쌀쌀함,더움,습함","기록,액티비티,쇼핑","3성이하 호텔,펜션,민박",오전 8-9시,400만원 이상,"저는 여행 중 체력적인 문제로 인해 피곤함을 느낄 때가 가장 힘들었습니다. 그래서 이번 여행에서는 제게 편안한 숙소와 충분한 휴식이 꼭 필요해요. 함께 여행하고 싶은 사람은 저처럼 계획적인 사람으로, 서로의 의견을 잘 수용하면서도 의사소통이 활발하고 유쾌한 동행자였으면 좋겠습니다. 이번 여행에서는 활기찬 액티비티와 쇼핑을 가장 기대하고 있으며, 이를 통해 새로운 경험을 기록하고 일상에서 지친 마음을 환기시키고 싶습니다. 저에게 이번 여행은 인생의 활력을 되찾고 더 큰 목표를 위한 동기부여가 되는 기회가 되었으면 합니다.","이 사용자는 동남아 지역을 선호하고, 쌀쌀함 기후를 피하고 싶어해요. 여행 목적은 액티비티이며, 3성이하 호텔에서 머무는 걸 좋아하고 오전 8-9시쯤 기상하는 편이에요.",,
739,꽤 민감,매우 완고,많다,자주 늦음,무조건 리드,3,매우 둔감,매우 빡빡하게,해외,바다,즉흥 여행,적당히 봄,코골이 함,기다림,"세계일주,유럽,동남아","습함,더움,추움","문화&역사체험,액티비티,공연&경기관람","게스트하우스,상관없음,에어비엔비",오전 8-9시,400만원 이상,"여행 중 최악의 경험은 날씨가 습하거나 더운 곳에서 활동해야 할 때입니다. 그래서 이번 여행에서는 날씨가 쾌적한 지역을 우선적으로 선택하고 싶어요. 여행은 즉흥적으로 계획하겠지만, 무조건 리드하는 저로서는 일정이 빡빡하게 채워지도록 준비할 것입니다. 여행 중에는 대화를 많이 할 수 있는 사람과 함께하는 것이 중요합니다. 여행의 기대 중 하나는 다양한 문화와 역사를 직접 체험하며, 공연이나 경기 관람 같은 액티비티를 즐기는 것입니다. 이번 여행을 통해 새로운 것을 배우고 경험하여 제 삶을 더욱 풍부하게 하고 싶어요.","이 사용자는 세계일주 지역을 선호하고, 추움 기후를 피하고 싶어해요. 여행 목적은 액티비티이며, 상관없음에서 머무는 걸 좋아하고 오전 8-9시쯤 기상하는 편이에요.",,
740,매우 민감,다소 완고,매우 적다,꽤 정확,무조건 따름,2,둔감,보통,국내,바다,계획 여행,적당히 봄,코골이 안함,다른 곳 간다,"일본,미국,국내","쌀쌀함,건조함,더움","공연&경기관람,쇼핑,자연감상","3성이하 호텔,민박,상관없음",오전 9-10시,300-400만원,"저는 여행 중에 더운 기후를 매우 싫어해서, 그런 상황에서의 경험은 최악으로 기억됩니다. 이번 여행에서는 계획적인 여행 루트가 필수적이며, 공연이나 경기를 볼 수 있는 기회를 놓치고 싶지 않습니다. 같이 여행을 가고 싶은 사람이라면 예민함을 이해하며 시간 약속을 잘 지키는 성격이 중요합니다. 특히 이번 여행에서 자연을 감상하고 쇼핑을 즐길 생각에 매우 기대하고 있습니다. 이 여행이 제 일상에 활력을 주고 스트레스를 해소하는 의미 있는 시간이 되기를 희망합니다.","이 사용자는 국내 지역을 선호하고, 더움 기후를 피하고 싶어해요. 여행 목적은 자연감상이며, 상관없음에서 머무는 걸 좋아하고 오전 9-10시쯤 기상하는 편이에요.",,
741,매우 둔감,매우 수용적,매우 적다,꽤 정확,무조건 따름,4,매우 민감,매우 빡빡하게,국내,바다,계획 여행,적당히 봄,코골이 함,기다림,"국내,동남아,미국","쌀쌀함,더움,추움","사람&관계,공연&경기관람,도전과성장","에어비엔비,펜션,민박",오전 9-10시,200-300만원,"저는 여행 중에 사람들과의 관계를 중요하게 생각하며, 예전에는 너무 더운 기후 때문에 힘들었던 경험이 있었습니다. 이번 여행에서는 꼭 빡빡한 일정 속에서도 공연이나 경기를 관람할 수 있는 기회를 놓치고 싶지 않습니다. 함께 여행하고 싶은 사람은 예민하지 않고 서로의 의견을 존중하며, 계획적인 여행을 즐길 수 있는 사람입니다. 이번 여행에서 가장 기대되는 것은 계획한 일정에 맞춰 새로운 도전과 성장을 경험하는 것입니다. 이 여행을 통해 사람들과의 깊은 관계를 형성하고, 일상에 작은 활력을 줄 수 있는 시간이 되었으면 합니다.","이 사용자는 동남아 지역을 선호하고, 더움 기후를 피하고 싶어해요. 여행 목적은 사람&관계이며, 민박에서 머무는 걸 좋아하고 오전 9-10시쯤 기상하는 편이에요.",,
742,꽤 민감,다소 완고,매우 많다,종종 늦음,따르는 편,2,둔감,꽤 여유있게,해외,산,계획 여행,무조건 다 봄,코골이 함,다른 곳 간다,"세계일주,미국,유럽","더움,상관없음,습함","문화&역사체험,사람&관계,공연&경기관람","에어비엔비,게스트하우스,상관없음",오전 8-9시,300-400만원,"저는 여행 중에 최악의 경험으로 계획되었던 일정을 놓치는 것을 꼽을 수 있는데, 이는 제가 약속 시간에 자주 늦는 편이고 다양한 랜드마크를 모두 보려고 하기 때문입니다. 이번 여행에서는 사람들과 관계를 맺고 문화와 역사를 체험하는 것이 기대되며, 또한 공연과 경기를 관람하는 것을 즐기기 때문에 기대가 큽니다. 여행을 함께 하고 싶은 사람은 계획적이고 일정 준수가 확실한 사람이며, 여러 의견을 수용하면서도 친근하게 대화를 나누기를 원합니다. 여행에서 중요한 것은 새로운 친구를 사귀면서 소중한 경험을 쌓는 것이기에, 이번 여행은 저에게 깊은 인간관계와 성장의 기회를 제공하는 의미를 가질 것입니다. 저는 여유 있는 일정을 선호하고, 에어비엔비나 게스트하우스 같은 숙소에서 머무르면서 자유롭게 세계를 탐험하고 싶습니다.","이 사용자는 세계일주 지역을 선호하고, 더움 기후를 피하고 싶어해요. 여행 목적은 사람&관계이며, 상관없음에서 머무는 걸 좋아하고 오전 8-9시쯤 기상하는 편이에요.",,
743,매우 둔감,보통,보통,종종 늦음,보통,3,매우 둔감,매우 여유있게,해외,산,계획 여행,적당히 봄,코골이 함,다른 곳 간다,"중국&몽골,국내,세계일주","쌀쌀함,추움,건조함","쇼핑,문화&역사체험,공연&경기관람","에어비엔비,게스트하우스,펜션",오전 9-10시,100만원 이하,"저는 여행 중에 쌀쌀하고 건조한 기후에서 머물렀던 경험이 최악이었어요, 왜냐하면 그러한 기후는 피하고 싶거든요. 이번 여행에서는 쇼핑과 문화 및 역사 체험을 할 수 있는 계획적인 일정이 필수적이에요. 친구나 동료와 같이 가길 원하며, 함께 여유롭게 시간을 보내면서도 너무 고집부리지 않는 사람이면 좋겠어요. 이번 여행에서는 세계일주 지역에서 다양한 문화를 접하고 공연과 경기를 관람할 수 있어 기대가 큽니다. 이번 여행을 통해 새로운 문화와 역사를 배우며 삶에 활력을 불어넣고 싶습니다.","이 사용자는 세계일주 지역을 선호하고, 쌀쌀함 기후를 피하고 싶어해요. 여행 목적은 문화&역사체험이며, 게스트하우스에서 머무는 걸 좋아하고 오전 9-10시쯤 기상하는 편이에요.",,
744,보통,수용적,매우 적다,자주 늦음,따르는 편,1,보통,꽤 여유있게,국내,바다,계획 여행,적당히 봄,코골이 함,다른 곳 간다,"국내,세계일주,미국","추움,더움,건조함","사람&관계,도전과성장,휴식","3성이하 호텔,에어비엔비,콘도",오전 8-9시,300-400만원,"저는 여행 중에 추운 날씨가 최악의 경험이었어요, 그래서 따뜻한 날씨를 항상 선호합니다. 이번 여행에서는 사람과의 관계 형성에 중점을 두고 있어, 이를 위해 평화롭고 여유 있는 일정이 필요합니다. 같이 여행을 가고 싶은 사람은 유연하고 이해심이 있어야 하며, 협력적인 성향을 가졌으면 좋겠습니다. 이번 여행에서는 새로운 도전과 성장을 기대하고 있으며, 이를 통해 휴식과 동시에 삶에 긍정적인 변화를 가져올 수 있길 바랍니다. 에어비엔비 같은 숙소에서의 편안한 시간도 기대하고 있고, 늦지 않도록 시간 관리를 더 잘 하고 싶어요.","이 사용자는 세계일주 지역을 선호하고, 더움 기후를 피하고 싶어해요. 여행 목적은 사람&관계이며, 에어비엔비에서 머무는 걸 좋아하고 오전 8-9시쯤 기상하는 편이에요.",,
745,꽤 민감,다소 완고,매우 적다,종종 늦음,보통,4,보통,매우 빡빡하게,해외,바다,즉흥 여행,적당히 봄,코골이 함,기다림,"일본,중국&몽골,미국","습함,더움,건조함","미식,쇼핑,휴식","민박,3성이하 호텔,4-5성급호텔",오전 9-10시,200-300만원,"여행 중 최악의 경험은 아마도 습하고 더운 기후에서의 불편함과 맞물린 시간 약속에 늦어 곤혹스러울 때일 것 같습니다. 그래서 이번 여행에서는 편안한 휴식을 위해 4-5성급 호텔에서 일정한 기상 시간을 지키며 머무는 것을 중요하게 생각합니다. 함께 여행을 가고 싶은 사람은 민감한 성격과 적은 말수를 이해하며, 기다림의 여유를 즐길 수 있는 성격일 것입니다. 이번 여행에서 가장 기대하는 것은 일본이나 중국, 몽골의 풍부한 미식과 소회를 편안히 즐기는 것이며, 이를 통해 일상에서 벗어나 진정한 휴식과 재충전을 경험하고자 합니다. 이번 여행은 저의 삶에 새로운 활력소가 되길 바라는 마음입니다.","이 사용자는 중국&몽골 지역을 선호하고, 건조함 기후를 피하고 싶어해요. 여행 목적은 휴식이며, 4-5성급호텔에서 머무는 걸 좋아하고 오전 9-10시쯤 기상하는 편이에요.",,
746,꽤 민감,매우 수용적,매우 적다,매우 정확,따르는 편,4,둔감,매우 빡빡하게,국내,바다,계획 여행,무조건 다 봄,코골이 함,기다림,"그 외,유럽,세계일주","쌀쌀함,더움,건조함","기록,사람&관계,쇼핑","펜션,민박,에어비엔비",오전 9-10시,400만원 이상,"저는 여행 중에 쌀쌀한 기후나 너무 더운 날씨 때문에 불편해지는 것을 싫어해서 따뜻하고 온화한 날씨에서의 여행을 선호합니다. 이번 여행에서는 기록을 남기는 것이 중요해서 충분한 시간이 필요하며, 다니는 모든 랜드마크를 놓치지 않고 보려고 계획합니다. 저는 정확한 시간 약속을 지키고 빡빡한 일정도 소화할 수 있지만, 말수가 적기 때문에 이해심 많고 수용적인 사람과 함께 여행하고 싶습니다. 펜션이나 민박, 에어비앤비 같은 편안한 숙소에서 머물며 새로운 사람들을 만나 관계를 넓히고, 쇼핑도 기대하고 있습니다. 이번 여행이 저의 삶에 있어 특별한 기록으로 남아 추억과 교훈이 되었으면 합니다.","이 사용자는 그 외 지역을 선호하고, 쌀쌀함 기후를 피하고 싶어해요. 여행 목적은 기록이며, 펜션에서 머무는 걸 좋아하고 오전 9-10시쯤 기상하는 편이에요.",,
747,매우 둔감,매우 수용적,매우 적다,자주 늦음,무조건 리드,3,둔감,꽤 여유있게,해외,산,계획 여행,적당히 봄,코골이 안함,다른 곳 간다,"미국,일본,동남아","습함,더움,쌀쌀함","기록,자연감상,문화&역사체험","콘도,민박,게스트하우스",오전 9-10시,100만원 이하,"여행 중 최악의 경험은 아마도 습하거나 쌀쌀한 기후에 놓였을 때일 것입니다. 저는 자연과 문화, 역사적 체험이 중심인 여행을 계획하며 기록하는 것을 좋아하기 때문에, 이 부분은 제게 매우 중요합니다. 이번 여행에서 가장 중요하게 생각하는 것은 매일의 가벼운 일정과 함께 여유로운 시간을 갖는 것이며, 늘 계획적으로 움직이고 싶습니다. 여행 동반자라면 열린 마음으로 다양한 의견을 수용할 수 있는 사람과 함께 하고 싶습니다. 이번 여행은 제가 새로운 문화와 역사 속에 깊이 빠져들면서 제 인생에 더 큰 시야를 제공해주기를 바랍니다.","이 사용자는 일본 지역을 선호하고, 습함 기후를 피하고 싶어해요. 여행 목적은 문화&역사체험이며, 민박에서 머무는 걸 좋아하고 오전 9-10시쯤 기상하는 편이에요.",,
748,둔감,수용적,보통,보통,무조건 따름,2,매우 둔감,보통,국내,바다,계획 여행,적당히 봄,코골이 함,다른 곳 간다,"중국&몽골,동남아,유럽","건조함,더움,습함","쇼핑,휴식,기록","민박,상관없음,에어비엔비",오전 9-10시,300-400만원,"저는 더운 기후를 피하려고 노력하면서 동남아 지역으로 여행 계획을 세워 기록을 남기는 것을 중요하게 여깁니다. 여행 중 최악의 경험은 덥고 습한 기후에서의 불쾌함일 것 같고, 이런 경험을 피하기 위해 적절한 숙박 환경과 휴식을 즐기는 것이 중요합니다. 여행에서 가장 기대하는 것은 쇼핑과 휴식을 통해 일상에서 벗어나 새로운 활력을 얻는 것입니다. 따라서 이번 여행이 제 삶에 가져다 줄 의미는 일상의 스트레스를 해소하고 기록을 통해 소중한 추억을 남기는 것입니다. 같이 여행할 사람은 예의를 지키고 서로 계획에 따라 이동할 수 있는 유연한 성격을 가진 사람이길 바랍니다.","이 사용자는 동남아 지역을 선호하고, 더움 기후를 피하고 싶어해요. 여행 목적은 기록이며, 민박에서 머무는 걸 좋아하고 오전 9-10시쯤 기상하는 편이에요.",,
749,매우 민감,수용적,적다,보통,무조건 따름,1,둔감,꽤 빡빡하게,국내,바다,계획 여행,적당히 봄,코골이 안함,다른 곳 간다,"세계일주,미국,일본","더움,상관없음,쌀쌀함","쇼핑,액티비티,사람&관계","펜션,게스트하우스,민박",오전 8-9시,100만원 이하,"여행 중 최악의 경험은 무리한 일정으로 인해 체력이 바닥난 상황일 것입니다. 이번 여행에서는 체력을 고려해 적당한 활동과 충분한 휴식을 취할 수 있는 숙소 환경이 꼭 필요합니다. 함께 여행하고 싶은 사람은 저보다 리더십을 발휘하면서도 의견을 수용하는 성격을 가졌으면 좋겠고, 서로의 예민함을 잘 이해할 수 있는 사람이면 좋겠습니다. 이번 여행에서 가장 기대하는 것은 쇼핑이나 액티비티를 통한 즐거운 경험이며, 이러한 경험이 삶 속에서 새로운 활력소가 되었으면 합니다. 여행을 통해 새로운 관계를 맺고 다양한 문화를 체험하는 것이 삶의 풍요로움을 더해주길 기대합니다.","이 사용자는 미국 지역을 선호하고, 쌀쌀함 기후를 피하고 싶어해요. 여행 목적은 액티비티이며, 펜션에서 머무는 걸 좋아하고 오전 8-9시쯤 기상하는 편이에요.",,
750,매우 민감,매우 수용적,매우 적다,꽤 정확,무조건 따름,2,꽤 민감,보통,국내,산,계획 여행,적당히 봄,코골이 안함,기다림,"동남아,그 외,중국&몽골","쌀쌀함,건조함,더움","액티비티,쇼핑,도전과성장","민박,펜션,게스트하우스",오전 8-9시,400만원 이상,"저는 여행 중 최악의 경험은 시끄럽거나 혼란스러운 환경에서 보내는 것이며, 이는 제가 매우 민감한 성격 때문입니다. 이번 여행에서 꼭 필요한 것은 계획적인 일정과 작은 그룹과의 여행인데, 이를 통해 불필요한 스트레스를 줄이고 싶습니다. 말수가 적은 편이라 조용하고 이해심이 많은 사람과 함께 여행하는 것을 선호합니다. 가장 기대하는 것은 새로운 액티비티 체험이며, 이는 저에게 도전과 성장을 제공합니다. 이번 여행이 저의 삶에 주는 의미는 일상의 반복에서 벗어나 새로운 경험을 쌓고, 내면의 성장을 이끌어 내는 것입니다.","이 사용자는 중국&몽골 지역을 선호하고, 쌀쌀함 기후를 피하고 싶어해요. 여행 목적은 액티비티이며, 민박에서 머무는 걸 좋아하고 오전 8-9시쯤 기상하는 편이에요.",,
751,보통,매우 완고,매우 많다,꽤 정확,무조건 리드,1,매우 민감,매우 여유있게,해외,바다,즉흥 여행,적당히 봄,코골이 안함,기다림,"일본,미국,유럽","상관없음,건조함,더움","도전과성장,기록,문화&역사체험","3성이하 호텔,에어비엔비,게스트하우스",오전 10시 이후,100만원 이하,"저는 여행 중 건조한 기후가 가장 불편한 경험이었고, 따라서 이를 피하는 것이 중요합니다. 이번 여행에서 필수적인 것은 풍부한 문화와 역사 체험인데, 이를 통해 도전과 성장을 느끼고 싶습니다. 함께 여행할 사람은 계획에 얽매이지 않고 즉흥적인 순간을 즐길 수 있는 사람이면 좋겠어요. 여행 중 가장 기대하는 것은 새로운 문화에 몰입하여 기록하는 것이며, 여행을 통해 제 삶에 긍정적인 변화를 일으키고 싶습니다. 그 과정에서 에어비엔비 같은 숙소에서 여유롭게 휴식을 취하면서도 아침을 늦게 시작하는 여유로운 일정을 기대합니다.","이 사용자는 미국 지역을 선호하고, 건조함 기후를 피하고 싶어해요. 여행 목적은 문화&역사체험이며, 에어비엔비에서 머무는 걸 좋아하고 오전 10시 이후쯤 기상하는 편이에요.",,
752,둔감,매우 수용적,매우 많다,보통,따르는 편,5,매우 둔감,꽤 여유있게,해외,산,계획 여행,무조건 다 봄,코골이 함,다른 곳 간다,"세계일주,미국,중국&몽골","더움,상관없음,쌀쌀함","미식,문화&역사체험,쇼핑","게스트하우스,에어비엔비,민박",오전 10시 이후,300-400만원,"중국과 몽골 지역에서의 여행을 계획하며 저는 문화와 역사를 체험하고 쇼핑을 즐기는 시간이 기대됩니다. 이번 여행에서 가장 기대하는 것은 이런 경험들을 통해 새로운 시각을 얻는 것입니다. 따르는 편이라서 여행 동반자는 다양한 의견을 기꺼이 수용할 수 있고 활발하게 대화할 수 있는 사람이면 좋겠습니다. 무엇보다 민박 같은 아늑한 숙소에서 편안히 쉴 수 있는 시간이 필요하며, 여행 중 가장 꺼리는 것은 불안정한 계획이나 늦게까지 깨어 있어야 하는 상황입니다. 따라서 이 여행이 제 삶에 의미 있는 변화와 활력을 줄 수 있기를 바랍니다.","이 사용자는 중국&몽골 지역을 선호하고, 쌀쌀함 기후를 피하고 싶어해요. 여행 목적은 쇼핑이며, 민박에서 머무는 걸 좋아하고 오전 10시 이후쯤 기상하는 편이에요.",,
753,보통,매우 완고,매우 많다,꽤 정확,무조건 리드,3,매우 둔감,꽤 여유있게,국내,산,계획 여행,무조건 다 봄,코골이 함,다른 곳 간다,"그 외,세계일주,국내","쌀쌀함,더움,상관없음","도전과성장,미식,액티비티","펜션,3성이하 호텔,4-5성급호텔",오전 9-10시,200-300만원,"저는 여행 중 웨이팅에 지쳐 다른 장소로 이동해야 했던 경험이 최악이었습니다. 이번 여행에서는 계획적으로 여행하기 때문에 일정에 맞는 스케줄과 시간약속이 중요하며, 4-5성급 호텔에서 아침 9시 이후 느긋하게 시작하는 하루가 필요합니다. 함께 여행하고 싶은 사람은 활동적이고 제 의견을 존중하면서 즐거운 대화를 이어갈 수 있는 사람입니다. 여행에서 가장 기대하는 것은 도전과 성장을 통해 새로운 경험을 쌓는 것이며, 미식과 액티비티를 즐기면서 더욱 풍요로운 삶의 지혜를 얻고 싶습니다. 이번 여행이 저에게 주는 의미는 새로운 문화와 풍경을 경험하면서 개인적으로 성장하는 계기가 될 것입니다.","이 사용자는 세계일주 지역을 선호하고, 상관없음 기후를 피하고 싶어해요. 여행 목적은 도전과성장이며, 4-5성급호텔에서 머무는 걸 좋아하고 오전 9-10시쯤 기상하는 편이에요.",,
754,매우 민감,수용적,보통,매우 정확,무조건 따름,5,매우 둔감,매우 빡빡하게,해외,바다,즉흥 여행,적당히 봄,코골이 함,기다림,"일본,중국&몽골,세계일주","더움,추움,쌀쌀함","자연감상,도전과성장,쇼핑","4-5성급호텔,콘도,3성이하 호텔",오전 8-9시,400만원 이상,"여행 중 최악의 경험은 예민한 성격 때문에 불편한 기후 조건이거나 억지로 일정에 맞추려는 상황이었습니다. 이번 여행에서는 일정이 빡빡하더라도 자연을 감상하고 도전과 성장의 기회를 얻고 싶기에 4-5성급 호텔이나 콘도 등의 평화로운 숙소가 필수적이라고 생각합니다. 함께 여행하고 싶은 사람은 의견을 잘 수용하고 정확한 시간에 맞추는 것을 중시하며, 갈등이 없고 즉흥적인 일정에도 잘 적응할 수 있어야 합니다. 이번 여행에서 가장 기대하는 것은 새로운 문화와 자연 속에서의 도전과 쇼핑을 경험하는 것이며, 이는 제 삶에 큰 성장과 변화를 가져다줄 것으로 기대합니다.","이 사용자는 중국&몽골 지역을 선호하고, 쌀쌀함 기후를 피하고 싶어해요. 여행 목적은 도전과성장이며, 콘도에서 머무는 걸 좋아하고 오전 8-9시쯤 기상하는 편이에요.",,
755,보통,수용적,매우 적다,보통,리드하는편,3,보통,매우 여유있게,해외,바다,즉흥 여행,무조건 다 봄,코골이 안함,기다림,"일본,그 외,미국","추움,더움,습함","쇼핑,액티비티,휴식","상관없음,펜션,4-5성급호텔",오전 9-10시,200-300만원,"저는 여행 중 기후가 너무 춥거나 더운 것이 최악의 경험이라 생각해요. 그래서 이번 여행에서는 쾌적한 날씨를 중요시하며, 쇼핑과 휴식을 위한 4-5성급 호텔 또는 여유로운 펜션에서 머무는 것을 기대하고 있어요. 같이 여행을 가고 싶은 사람은 말수가 적으면서도 수용적인 성격을 가진 사람이면 좋겠습니다. 이번 여행을 통해 바다를 보며 여유를 즐기고 리더십을 발휘해 즉흥적인 일정을 소화하고 싶습니다. 삶 속에서 이번 여행이 특별한 만족감을 주고 앞으로의 계획에 긍정적인 영향을 미칠 수 있길 바랍니다.","이 사용자는 일본 지역을 선호하고, 추움 기후를 피하고 싶어해요. 여행 목적은 휴식이며, 상관없음에서 머무는 걸 좋아하고 오전 9-10시쯤 기상하는 편이에요.",,
756,둔감,보통,매우 적다,종종 늦음,리드하는편,2,매우 민감,꽤 빡빡하게,국내,산,계획 여행,무조건 다 봄,코골이 안함,기다림,"미국,중국&몽골,유럽","더움,상관없음,건조함","미식,쇼핑,도전과성장","게스트하우스,콘도,상관없음",오전 9-10시,200-300만원,"저는 꽤 계획적인 여행을 선호하지만 종종 시간을 맞추지 못해 약속시간에 늦는 경우가 있어요. 게다가 더운 지역은 싫어해서 웬만하면 피하려고 하죠. 중국과 몽골 같은 지역에서 도전과 성장을 목표로 여행할 계획인데요, 저는 식도락과 쇼핑을 즐기는 것도 큰 기대 중 하나입니다. 여행 중에는 청결에 민감하고 사람들과 어울리는 걸 좋아하지 않아 조용한 게스트하우스를 선호합니다. 함께 여행하고 싶은 사람은 많은 말을 하지 않으면서도 리더십이 있는 스타일이며 이번 여행이 삶에 새로운 도전이 될 수 있도록 준비를 철저하게 하고 있습니다.","이 사용자는 중국&몽골 지역을 선호하고, 상관없음 기후를 피하고 싶어해요. 여행 목적은 도전과성장이며, 게스트하우스에서 머무는 걸 좋아하고 오전 9-10시쯤 기상하는 편이에요.",,
757,매우 둔감,보통,보통,자주 늦음,무조건 따름,2,매우 둔감,매우 여유있게,국내,산,즉흥 여행,적당히 봄,코골이 함,다른 곳 간다,"그 외,세계일주,일본","건조함,더움,쌀쌀함","액티비티,자연감상,기록","게스트하우스,민박,3성이하 호텔",오전 9-10시,200-300만원,"저는 국내 여행을 선호하며 즉흥적으로 다니는 것을 좋아합니다. 여행 중 최악의 경험은 일정이 바빠 완전히 지치거나 더운 날씨에 노출될 때입니다. 그래서 이번 여행에서는 여유로운 스케줄과 만족스러운 날씨가 중요하며, 평소와 다르게 느린 아침을 즐기고 싶습니다. 동행자는 자유분방하면서 리더십을 잘 발휘하여 제가 따를 수 있는 사람이었으면 좋겠습니다. 여행의 가장 큰 기대는 자연 속 액티비티를 통해 새로운 에너지를 얻고, 제 삶에 의미 있는 기록을 남기는 것이며, 이 여행이 삶에 활력을 주는 휴식이 되기를 희망합니다.","이 사용자는 그 외 지역을 선호하고, 쌀쌀함 기후를 피하고 싶어해요. 여행 목적은 액티비티이며, 게스트하우스에서 머무는 걸 좋아하고 오전 9-10시쯤 기상하는 편이에요.",,
758,매우 민감,매우 완고,매우 많다,자주 늦음,리드하는편,2,매우 둔감,꽤 빡빡하게,국내,바다,계획 여행,무조건 다 봄,코골이 안함,다른 곳 간다,"그 외,동남아,중국&몽골","더움,쌀쌀함,추움","액티비티,도전과성장,자연감상","콘도,4-5성급호텔,3성이하 호텔",오전 10시 이후,100만원 이하,"저는 예전 여행에서 피곤한 일정과 더운 기후 때문에 고생했던 경험이 있어요. 그래서 이번에는 편안한 휴식을 제공할 수 있는 콘도에서 머무르며, 스트레스를 최소화할 수 있는 계획을 세우고 싶어요. 함께 여행할 사람은 엄격한 일정에 유연한 태도로 임해주고, 함께 도전과 성장을 경험할 수 있는 사람이라면 좋겠어요. 동남아 지역에서 자연을 감상하고 다양한 액티비티를 즐기는 이번 여행은 제 삶의 새로운 동기를 부여하고, 성장하는 데 중요한 의미가 있기를 바랍니다. 또한, 빡빡한 일정을 소화하며 다양한 랜드마크를 놓치지 않을 계획이에요.","이 사용자는 동남아 지역을 선호하고, 더움 기후를 피하고 싶어해요. 여행 목적은 도전과성장이며, 콘도에서 머무는 걸 좋아하고 오전 10시 이후쯤 기상하는 편이에요.",,
759,매우 민감,보통,매우 적다,꽤 정확,보통,2,둔감,꽤 빡빡하게,국내,바다,즉흥 여행,적당히 봄,코골이 함,다른 곳 간다,"동남아,중국&몽골,세계일주","쌀쌀함,추움,상관없음","공연&경기관람,미식,쇼핑","펜션,민박,상관없음",오전 8-9시,200-300만원,"저는 중국과 몽골을 중심으로 여행하면서 공연과 경기를 관람하는 데 가장 큰 기대를 갖고 있습니다. 여행 동안 꼭 필요한 것은 다양한 문화 경험과 미식 탐방을 즐기며 즉흥적으로 움직일 수 있는 자유로움입니다. 함께 여행할 사람은 조용하고 시간을 잘 지키는 사람이면 좋겠지만, 청결에 그렇게 예민하지 않은 성향이면 더욱 편하게 느낄 것 같습니다. 과거 여행에서 가장 최악의 경험은 웨이팅이 길어 다른 곳을 찾아야 했던 경우인데, 이번에는 그런 일이 없었으면 하네요. 이번 여행은 일상에서 벗어나 새로운 활력을 찾고, 삶에 재미를 더 새기는 의미가 있기를 바랍니다.","이 사용자는 중국&몽골 지역을 선호하고, 상관없음 기후를 피하고 싶어해요. 여행 목적은 공연&경기관람이며, 상관없음에서 머무는 걸 좋아하고 오전 8-9시쯤 기상하는 편이에요.",,
760,꽤 민감,수용적,많다,보통,무조건 리드,5,매우 둔감,매우 여유있게,국내,바다,계획 여행,무조건 다 봄,코골이 함,다른 곳 간다,"세계일주,동남아,일본","추움,건조함,쌀쌀함","문화&역사체험,공연&경기관람,미식","민박,상관없음,3성이하 호텔",오전 9-10시,300-400만원,"저는 항상 계획적으로 여행을 가며 다양한 문화와 역사를 체험하는 것을 좋아합니다. 이번 여행에서는 반드시 미식 경험을 충분히 하고 싶고, 사람이 많이 몰려 긴 웨이팅이 있을 경우 기다리지 않고 다른 곳으로 이동하는 성향입니다. 동반자 선정에 있어서는 대화를 나누는 것을 좋아하기 때문에 말이 잘 통하고, 리드하는 제 성향을 존중해줄 사람과 함께 하는 것이 중요하다고 생각합니다. 여행 중 가장 기대하는 부분은 공연 및 경기를 직접 관람하는 것이고, 이를 통해 더욱 풍부한 문화적 경험을 얻고자 합니다. 그리고 이번 여행은 제 삶에 일상에서 벗어나 새로운 시각을 제공하고 활력을 불어넣어 주는 시간이 되었으면 좋겠습니다.","이 사용자는 세계일주 지역을 선호하고, 쌀쌀함 기후를 피하고 싶어해요. 여행 목적은 문화&역사체험이며, 3성이하 호텔에서 머무는 걸 좋아하고 오전 9-10시쯤 기상하는 편이에요.",,
761,둔감,다소 완고,적다,보통,리드하는편,2,보통,꽤 여유있게,해외,바다,계획 여행,적당히 봄,코골이 안함,다른 곳 간다,"중국&몽골,미국,세계일주","쌀쌀함,상관없음,건조함","공연&경기관람,쇼핑,도전과성장","3성이하 호텔,민박,게스트하우스",오전 10시 이후,100만원 이하,"저는 여행 중 최악의 경험으로 쌀쌀한 날씨에 대비하지 못했던 것을 꼽습니다. 그래서 이번 여행에서는 따뜻한 기후를 기대하며, 공연이나 경기를 관람할 계획이 최우선입니다. 함께 여행할 사람은 말을 적게 하고 계획적으로 움직이는 스타일이면 좋겠어요. 또 이번 여행에서 가장 기대하는 것은 공연과 경기 관람을 통해 얻는 새로운 영감과 경험입니다. 이런 여행이 제 삶에 도전과 성장의 의미로 다가오길 바랍니다.","이 사용자는 미국 지역을 선호하고, 쌀쌀함 기후를 피하고 싶어해요. 여행 목적은 공연&경기관람이며, 3성이하 호텔에서 머무는 걸 좋아하고 오전 10시 이후쯤 기상하는 편이에요.",,
762,꽤 민감,매우 수용적,매우 많다,꽤 정확,따르는 편,2,매우 민감,꽤 빡빡하게,해외,바다,즉흥 여행,무조건 다 봄,코골이 함,다른 곳 간다,"일본,그 외,유럽","건조함,상관없음,쌀쌀함","사람&관계,도전과성장,공연&경기관람","민박,3성이하 호텔,에어비엔비",오전 8-9시,200-300만원,"저는 여행 중 청결하지 않은 숙소에서 불쾌했던 경험이 있었습니다. 그래서 이번 여행에서는 깨끗한 숙소가 반드시 필요해요. 제 여행은 사람들과의 관계를 중시하기 때문에, 협력적이고 수용적인 태도를 가진 사람과 함께하고 싶습니다. 이번 여행이 제게 주는 기대는 문화적 도전과 성장을 경험하는 것이며, 특히 유럽의 다양한 공연이나 경기를 관람하는 것에 설레입니다. 이 여행이 내 삶에서 새로운 인연을 만들고 성장을 촉진하는 계기가 되길 바랍니다.","이 사용자는 유럽 지역을 선호하고, 상관없음 기후를 피하고 싶어해요. 여행 목적은 사람&관계이며, 에어비엔비에서 머무는 걸 좋아하고 오전 8-9시쯤 기상하는 편이에요.",,
763,매우 민감,매우 완고,매우 적다,보통,무조건 리드,2,보통,꽤 여유있게,국내,바다,계획 여행,적당히 봄,코골이 함,기다림,"국내,미국,일본","습함,건조함,쌀쌀함","사람&관계,휴식,자연감상","게스트하우스,상관없음,펜션",오전 9-10시,400만원 이상,"저는 여행 중에 습하거나 쌀쌀한 기후에서 많이 불편함을 겪게 되어 그런 경험이 최악이었어요. 이번 여행에서는 충분한 휴식을 위한 여유로운 일정이 필수적일 것 같고, 특히 자연을 감상하며 느긋하게 보낼 수 있는 시간을 원합니다. 제가 여행을 함께 하고 싶은 사람은 대화가 많지 않고, 계획을 잘 따르며 저와 비슷한 성향을 가진 사람이면 좋겠어요. 이번 여행에서 가장 기대하는 것은 복잡한 일상에서 벗어나 사람들과의 관계를 정리하고 새로운 활력을 찾는 것입니다. 이 여행이 제가 평소에 느끼던 스트레스를 줄이고 삶에 긍정적인 에너지를 불어넣는 계기가 되기를 바랍니다.","이 사용자는 미국 지역을 선호하고, 건조함 기후를 피하고 싶어해요. 여행 목적은 휴식이며, 상관없음에서 머무는 걸 좋아하고 오전 9-10시쯤 기상하는 편이에요.",,
764,둔감,수용적,많다,자주 늦음,리드하는편,5,꽤 민감,꽤 빡빡하게,국내,바다,계획 여행,무조건 다 봄,코골이 안함,다른 곳 간다,"미국,일본,세계일주","더움,상관없음,습함","자연감상,도전과성장,사람&관계","펜션,상관없음,에어비엔비",오전 10시 이후,300-400만원,저는 여행 중 시간을 맞추지 못해 일정이 어긋났던 경험이 가장 아쉬웠습니다. 이번 여행에는 모두가 적시에 랜드마크를 탐방할 수 있도록 철저한 계획이 필요합니다. 함께 여행을 가고 싶은 사람은 유연하고 대화가 잘 통하는 사람이면 좋겠습니다. 이번 여행에서 바다와 자연을 감상하며 새롭고 다양한 사람들과의 의미 있는 관계 형성을 기대하고 있습니다. 결국 이번 여행을 통해 저의 도전과 성장을 촉진하고 싶습니다.,"이 사용자는 미국 지역을 선호하고, 상관없음 기후를 피하고 싶어해요. 여행 목적은 사람&관계이며, 상관없음에서 머무는 걸 좋아하고 오전 10시 이후쯤 기상하는 편이에요.",,
765,둔감,매우 수용적,보통,꽤 정확,무조건 따름,4,매우 둔감,보통,해외,바다,계획 여행,무조건 다 봄,코골이 안함,다른 곳 간다,"그 외,미국,국내","추움,더움,상관없음","공연&경기관람,휴식,쇼핑","4-5성급호텔,3성이하 호텔,민박",오전 10시 이후,400만원 이상,"저는 여행 중 최악의 경험으로, 엄청 길게 줄 서야 하거나 예상치 못한 더운 날씨를 만났던 경우를 떠올립니다. 이번 여행에서는 편안하고 계획된 휴식을 즐기기 위해 충분한 쇼핑 시간이 꼭 필요합니다. 함께 여행을 하기에 가장 좋은 사람은 의견에 수용적이고 유연하면서도 계획적인 사람이라고 생각합니다. 이번 여행에서 가장 기대하는 것은 공연과 경기 관람을 통해 휴식을 취하며 일상에서 벗어나는 것입니다. 또한, 이번 여행이 제 삶에 활력을 더하고 새로운 문화와 경험을 채움으로서 풍부한 삶의 의미를 만들어주길 바랍니다.","이 사용자는 그 외 지역을 선호하고, 더움 기후를 피하고 싶어해요. 여행 목적은 쇼핑이며, 민박에서 머무는 걸 좋아하고 오전 10시 이후쯤 기상하는 편이에요.",,
766,매우 민감,매우 수용적,적다,매우 정확,무조건 리드,5,매우 둔감,꽤 빡빡하게,해외,산,계획 여행,무조건 다 봄,코골이 함,기다림,"일본,동남아,국내","건조함,추움,상관없음","쇼핑,공연&경기관람,기록","3성이하 호텔,4-5성급호텔,에어비엔비",오전 10시 이후,100만원 이하,"저는 해외로 특히 동남아로 여행하는 것을 좋아하며, 추운 기후를 피하려 합니다. 여행 중 최악의 경험은 계획적이지 못한 상황에서 우왕좌왕하는 것이므로, 철저한 계획과 시간 엄수를 중요하게 생각합니다. 이번 여행에서는 공연이나 경기를 관람하는 것을 가장 기대하며, 쇼핑도 즐기고 싶습니다. 그래서 매사에 긍정적이고 유연한 의견을 수용할 줄 아는 사람과 여행을 함께 하고 싶습니다. 여행이 끝난 후에는 그 경험들이 기록으로 남아 저의 삶에 새로운 영감을 불어넣어주길 바랍니다.","이 사용자는 동남아 지역을 선호하고, 건조함 기후를 피하고 싶어해요. 여행 목적은 공연&경기관람이며, 3성이하 호텔에서 머무는 걸 좋아하고 오전 10시 이후쯤 기상하는 편이에요.",,
767,보통,다소 완고,적다,종종 늦음,무조건 리드,1,꽤 민감,꽤 여유있게,해외,산,계획 여행,무조건 다 봄,코골이 안함,다른 곳 간다,"동남아,미국,유럽","추움,건조함,습함","사람&관계,자연감상,공연&경기관람","펜션,게스트하우스,민박",오전 8-9시,200-300만원,"여행 중 최악의 경험은 예기치 않게 누군가와 시간약속을 어기거나 계획에 문제가 생겼을 때입니다. 그래서 철저한 계획이 반드시 필요하고 이번 여행에서도 이를 우선시하고 싶습니다. 함께 여행을 가고 싶은 사람은 의사소통이 잘 되고 계획을 잘 지키는 사람입니다. 이번 여행에서는 특히 유럽의 자연경관과 공연 관람을 가장 기대하고 있으며, 이 여행이 저의 인간관계를 더욱 돈독히 만들고 삶에 새로운 활력을 불어넣어 주었으면 합니다. 숙소는 민박에서 머물 예정이며, 여행이 편안하게 진행되길 바라고 있습니다.","이 사용자는 유럽 지역을 선호하고, 건조함 기후를 피하고 싶어해요. 여행 목적은 사람&관계이며, 민박에서 머무는 걸 좋아하고 오전 8-9시쯤 기상하는 편이에요.",,
768,매우 둔감,다소 완고,매우 많다,종종 늦음,무조건 따름,1,둔감,꽤 여유있게,해외,바다,즉흥 여행,적당히 봄,코골이 함,기다림,"중국&몽골,세계일주,일본","상관없음,건조함,추움","도전과성장,미식,사람&관계","콘도,펜션,게스트하우스",오전 8-9시,300-400만원,"저는 여행 중 날씨가 너무 추워서 불편했던 경험이 최악이었어요. 이번 여행에서는 사람들과의 관계 형성이 중요하기 때문에 언제든 이야기를 나눌 수 있는 열린 마음을 가진 사람과 함께 가고 싶습니다. 그리고 다양한 문화와 음식을 체험할 수 있는 기회를 가장 기대하고 있어요. 여행이 저에게 도전과 성장의 기회가 되길 바라며, 펜션 같은 편안한 숙소에서 머무르면서도 새로운 모험을 즐길 수 있는 여유로운 일정을 원합니다. 제 삶에 있어서 이번 여행은 새로운 관계를 형성하고 다양한 경험을 통해 개인적으로 성장하는 의미를 가지길 바랍니다.","이 사용자는 세계일주 지역을 선호하고, 추움 기후를 피하고 싶어해요. 여행 목적은 사람&관계이며, 펜션에서 머무는 걸 좋아하고 오전 8-9시쯤 기상하는 편이에요.",,
769,둔감,매우 수용적,매우 많다,종종 늦음,보통,4,매우 민감,꽤 빡빡하게,국내,바다,계획 여행,무조건 다 봄,코골이 함,기다림,"유럽,중국&몽골,그 외","건조함,더움,추움","공연&경기관람,쇼핑,자연감상","에어비엔비,상관없음,콘도",오전 9-10시,300-400만원,"저는 국내 여행을 계획적으로 다니며 다양한 랜드마크를 빠짐없이 즐깁니다. 이전 여행에서 예기치 않게 일정이 꼬여 시간이 촉박해지는 일이 최악의 경험이었기에 이번에는 체계적인 계획이 필수입니다. 공연이나 경기 관람에 대한 기대가 크고, 이를 통해 새로운 영감을 얻어 일상의 활력소로 삼고 싶습니다. 함께 여행할 사람은 유연하게 제 의견을 잘 받아주고 많은 이야기를 나눌 수 있는 사람이었으면 합니다. 이번 여행이 삶의 스트레스를 해소하고 자연스러운 휴식의 시간을 제공하길 바랍니다.","이 사용자는 그 외 지역을 선호하고, 건조함 기후를 피하고 싶어해요. 여행 목적은 공연&경기관람이며, 콘도에서 머무는 걸 좋아하고 오전 9-10시쯤 기상하는 편이에요.",,
770,꽤 민감,매우 완고,적다,자주 늦음,무조건 리드,4,매우 둔감,매우 빡빡하게,해외,산,즉흥 여행,무조건 다 봄,코골이 안함,다른 곳 간다,"동남아,유럽,일본","상관없음,쌀쌀함,습함","기록,도전과성장,미식","3성이하 호텔,4-5성급호텔,펜션",오전 8-9시,100만원 이하,"저는 여행 중 계획대로 움직이지 않아 발생한 일정 지연이 최악의 경험이었다고 생각합니다. 이번 여행에서는 제가 매일 새로운 음식을 시도할 수 있는 기회가 꼭 있어야 합니다. 함께 여행을 가고 싶은 사람은 제 의견을 존중해주고 자유로운 일정에 유연하게 대처할 수 있는 사람이길 바랍니다. 이번 여행에서는 새로운 도전과 성장이 가장 기대되며, 이는 저에게 기록으로 남고 스스로를 발전시키는 의미를 가집니다. 다양한 해외 문화와 미식을 경험하면서 제 삶을 한층 더 풍부하고 다채롭게 만드는 소중한 기회가 되길 바랍니다.","이 사용자는 동남아 지역을 선호하고, 상관없음 기후를 피하고 싶어해요. 여행 목적은 미식이며, 펜션에서 머무는 걸 좋아하고 오전 8-9시쯤 기상하는 편이에요.",,
771,둔감,보통,보통,매우 정확,보통,4,매우 둔감,매우 빡빡하게,국내,산,즉흥 여행,무조건 다 봄,코골이 안함,기다림,"유럽,미국,중국&몽골","건조함,쌀쌀함,상관없음","공연&경기관람,액티비티,쇼핑","콘도,민박,에어비엔비",오전 8-9시,300-400만원,"저는 여행 중 최악의 경험으로 빡빡한 일정에도 불구하고 예기치 않은 상황으로 시간을 허비하는 것을 싫어합니다. 그래서 이번 여행에서는 정확한 시간 약속을 지킬 수 있는 동료와 함께 가고 싶습니다. 여행의 목적은 다양한 공연이나 스포츠 경기를 관람하고 쇼핑하는 것이며, 에어비엔비와 같은 숙소에서의 편안한 휴식을 기대하고 있습니다. 가장 기대하는 것은 즉흥 여행의 자유로움 속에서도 모든 랜드마크를 놓치지 않는 것이며, 삶에서는 일상에서 벗어난 새로운 경험과 활력을 찾고 싶습니다. 이러한 여행을 계획하면서 예산은 300-400만 원 정도를 고려하고 있습니다.","이 사용자는 미국 지역을 선호하고, 상관없음 기후를 피하고 싶어해요. 여행 목적은 액티비티이며, 에어비엔비에서 머무는 걸 좋아하고 오전 8-9시쯤 기상하는 편이에요.",,
772,꽤 민감,다소 완고,매우 많다,꽤 정확,무조건 리드,2,매우 민감,보통,해외,바다,계획 여행,무조건 다 봄,코골이 안함,기다림,"그 외,세계일주,국내","상관없음,더움,습함","기록,문화&역사체험,쇼핑","민박,3성이하 호텔,4-5성급호텔",오전 8-9시,300-400만원,"저는 여행을 떠나면서 문화와 역사 체험에 많은 기대를 걸고 있습니다. 특히 이번 여행에서는 기록을 남기는 것이 중요하기 때문에 이를 충실히 할 수 있는 도구나 시간이 꼭 필요합니다. 함께 여행하는 사람은 청결하고 시간 약속에 예민한 저와 잘 맞으며 대화를 많이 나눌 수 있는 사람이면 좋겠습니다. 이전 여행에서 기상기후나 습한 환경에서 불편을 겪었던 경험이 있기 때문에, 보다 기분 좋은 환경에서 계획적으로 여행 일정을 소화할 수 있기를 바랍니다. 이번 여행이 저에게 새로운 시각을 주고 다양한 문화를 경험하여 삶에 깊은 의미를 부여했으면 합니다.","이 사용자는 국내 지역을 선호하고, 상관없음 기후를 피하고 싶어해요. 여행 목적은 기록이며, 3성이하 호텔에서 머무는 걸 좋아하고 오전 8-9시쯤 기상하는 편이에요.",,
773,매우 민감,다소 완고,많다,보통,무조건 리드,1,둔감,보통,해외,산,즉흥 여행,무조건 다 봄,코골이 함,기다림,"미국,동남아,중국&몽골","상관없음,추움,건조함","휴식,액티비티,사람&관계","에어비엔비,콘도,게스트하우스",오전 9-10시,400만원 이상,"저는 동남아로 여행을 갈 때 사람들과 관계를 맺는 것을 중요시하며, 콘도에서의 휴식을 즐깁니다. 여행 중 가장 최악의 경험은 계획대로 되지 않을 때인데, 이는 제 의견이 다소 완고하기 때문일 수 있습니다. 이번 여행에서는 속도가 빠른 즉흥적인 활동보다 여유로운 아침을 시작할 수 있는 평화로운 환경이 꼭 필요합니다. 함께 여행하고 싶은 사람은 수다스럽고 리드하는 제 성향을 이해하고 존중할 수 있는 사람입니다. 이번 여행을 통해 저는 일상의 스트레스를 덜고 사람들과의 관계를 돈독히 하며, 전체적으로 더 풍요로운 삶을 위한 경험을 쌓고자 합니다.","이 사용자는 동남아 지역을 선호하고, 추움 기후를 피하고 싶어해요. 여행 목적은 사람&관계이며, 콘도에서 머무는 걸 좋아하고 오전 9-10시쯤 기상하는 편이에요.",,
774,매우 민감,매우 완고,매우 적다,종종 늦음,보통,2,매우 민감,꽤 여유있게,국내,바다,계획 여행,무조건 다 봄,코골이 안함,기다림,"동남아,유럽,중국&몽골","습함,더움,쌀쌀함","미식,액티비티,사람&관계","4-5성급호텔,3성이하 호텔,게스트하우스",오전 10시 이후,200-300만원,"저는 예민하고 청결에 민감하기 때문에 여행 중 가장 최악의 경험은 비위생적인 숙소를 만났을 때입니다. 그래서 이번 여행에서도 4성급 이상의 호텔에서 머물며, 깨끗한 환경을 보장받는 게 중요합니다. 함께 여행하고 싶은 사람은 저처럼 계획적인 성향을 가진 사람으로, 저의 미식 취미를 공유할 수 있는 사람입니다. 이번 여행에서는 동남아나 유럽의 다양한 미식을 체험하는 것을 가장 기대하고 있습니다. 여행을 통해 새로운 인연을 만들고 여유로움을 찾으며, 삶의 질을 높이는 시간이 되었으면 합니다.","이 사용자는 중국&몽골 지역을 선호하고, 쌀쌀함 기후를 피하고 싶어해요. 여행 목적은 미식이며, 4-5성급호텔에서 머무는 걸 좋아하고 오전 10시 이후쯤 기상하는 편이에요.",,
775,매우 민감,매우 완고,보통,보통,따르는 편,1,매우 둔감,매우 여유있게,국내,바다,계획 여행,적당히 봄,코골이 함,기다림,"일본,미국,유럽","상관없음,습함,추움","기록,도전과성장,사람&관계","에어비엔비,펜션,상관없음",오전 10시 이후,200-300만원,"저는 여행 중에 체력이 약해 여유로운 일정을 원하며, 예전에 너무 빠듯한 여행 일정 때문에 힘들었던 경험이 있어요. 이번 여행에서는 기록을 위한 노트를 꼭 챙기고 싶습니다. 같이 여행하고 싶은 사람이라면 저의 민감한 성향을 이해하고 의견을 존중해주는 사람이 좋겠어요. 평소 아침에 늦게 일어나고 싶어 하므로 그런 면에서도 맞춰줄 수 있다면 좋겠습니다. 이번 여행에서는 새로운 사람들과 관계를 맺으며 도전하고 성장하는 것을 가장 기대하고 있으며, 저의 삶에 새로운 의미와 기록될 만한 추억을 남기고 싶습니다.","이 사용자는 일본 지역을 선호하고, 상관없음 기후를 피하고 싶어해요. 여행 목적은 사람&관계이며, 상관없음에서 머무는 걸 좋아하고 오전 10시 이후쯤 기상하는 편이에요.",,
776,보통,다소 완고,많다,종종 늦음,무조건 리드,3,매우 둔감,꽤 여유있게,해외,산,계획 여행,적당히 봄,코골이 안함,다른 곳 간다,"유럽,동남아,그 외","쌀쌀함,건조함,상관없음","도전과성장,자연감상,공연&경기관람","3성이하 호텔,에어비엔비,펜션",오전 9-10시,300-400만원,"저는 예전에 여행 중 길어지는 웨이팅 때문에 짜증났던 경험이 있어요. 이번 여행에서는 웨이팅 없이 자연을 감상할 수 있는 시간이 꼭 필요합니다. 함께 여행을 가고 싶은 사람은 여유롭고 계획적인 성향이라면 좋겠어요, 그리고 제가 리드할 수 있을 만큼 의견을 잘 맞춰주는 사람이라면 더 좋겠죠. 이번 여행에서는 공연이나 경기를 관람하며 새로운 도전을 경험하는 것을 가장 기대하고 있습니다. 삶의 의미로서는 제 생활에 성장과 여유를 더하는 계기가 되기를 바랍니다.","이 사용자는 동남아 지역을 선호하고, 상관없음 기후를 피하고 싶어해요. 여행 목적은 자연감상이며, 에어비엔비에서 머무는 걸 좋아하고 오전 9-10시쯤 기상하는 편이에요.",,
777,매우 둔감,보통,매우 적다,매우 정확,따르는 편,1,매우 민감,꽤 빡빡하게,국내,바다,즉흥 여행,적당히 봄,코골이 안함,기다림,"유럽,중국&몽골,세계일주","상관없음,쌀쌀함,더움","공연&경기관람,미식,사람&관계","에어비엔비,민박,게스트하우스",오전 9-10시,100만원 이하,"저는 국내 여행을 자주 다니며 계획보다는 즉흥적으로 이동하는 편입니다. 게스트하우스 같은 곳에서 머무르며 다른 사람들과의 관계를 중요시하는데, 가장 기대하는 것은 새로운 사람들과의 만남입니다. 함께 여행을 간다면 시간 약속을 잘 지키고 깨끗한 환경을 중요시하는 사람과 함께하고 싶어요. 여행 중 가장 최악의 경험은 아마도 체력이 많이 소진되는 상황일 것입니다. 이번 여행을 통해 일상에서 새로운 경험을 쌓고, 공연이나 경기를 관람하며 색다른 추억을 만들고 싶습니다.","이 사용자는 중국&몽골 지역을 선호하고, 쌀쌀함 기후를 피하고 싶어해요. 여행 목적은 사람&관계이며, 게스트하우스에서 머무는 걸 좋아하고 오전 9-10시쯤 기상하는 편이에요.",,
778,둔감,매우 완고,적다,매우 정확,리드하는편,3,둔감,보통,국내,산,계획 여행,무조건 다 봄,코골이 함,기다림,"일본,그 외,세계일주","습함,쌀쌀함,추움","문화&역사체험,휴식,액티비티","민박,게스트하우스,펜션",오전 8-9시,300-400만원,기억나는 최악의 여행 경험은 추운 날씨 때문에 고생했던 것이었어요. 그래서 이번 여행에서는 따뜻한 기후가 꼭 필요해요. 함께 여행하고 싶은 사람은 시간을 잘 지키고 계획을 따르는 사람일 것입니다. 이번 여행에서 가장 기대하는 것은 일본의 문화와 역사를 체험하는 것입니다. 이 여행이 저에게 새로운 문화적 발견과 깊은 휴식을 제공하길 바랍니다.,"이 사용자는 일본 지역을 선호하고, 쌀쌀함 기후를 피하고 싶어해요. 여행 목적은 문화&역사체험이며, 민박에서 머무는 걸 좋아하고 오전 8-9시쯤 기상하는 편이에요.",,
779,보통,다소 완고,매우 적다,보통,무조건 따름,3,보통,꽤 여유있게,해외,바다,계획 여행,무조건 다 봄,코골이 함,다른 곳 간다,"유럽,세계일주,중국&몽골","상관없음,더움,건조함","도전과성장,공연&경기관람,쇼핑","게스트하우스,3성이하 호텔,4-5성급호텔",오전 10시 이후,300-400만원,"저는 여행 중 건조한 기후에서 불편함을 느꼈던 경험을 최악으로 꼽을 수 있습니다. 이번 여행에서는 제가 도전과 성장을 경험할 수 있는 일정이 꼭 들어갔으면 하며, 같이 여행할 사람은 계획에 충실하고 저의 의견을 존중해주는 사람이라면 좋겠습니다. 제일 기대되는 것은 새로운 문화와 공연 또는 경기를 직접 관람함으로써 얻게 될 감동입니다. 이번 여행이 제 삶에서 도전 정신을 키워주고 새로운 시각을 제공하는 계기가 되기를 바랍니다. 이러한 목적을 이루기 위해 전체적인 여행 계획은 철저하게 준비하되 여유를 가지고 즐기고 싶습니다.","이 사용자는 중국&몽골 지역을 선호하고, 건조함 기후를 피하고 싶어해요. 여행 목적은 도전과성장이며, 3성이하 호텔에서 머무는 걸 좋아하고 오전 10시 이후쯤 기상하는 편이에요.",,
780,매우 민감,다소 완고,적다,보통,무조건 따름,3,둔감,매우 여유있게,해외,산,즉흥 여행,적당히 봄,코골이 안함,기다림,"동남아,그 외,일본","상관없음,습함,건조함","사람&관계,쇼핑,액티비티","펜션,상관없음,콘도",오전 10시 이후,200-300만원,"저는 여행 중 최악의 경험으로는 불편한 기후 조건이나 예상치 못한 일정 변경을 피하고 싶습니다. 이번 여행에서는 쇼핑의 기회를 놓치지 않고 싶으며, 동남아나 일본 같은 곳에서 느긋한 일정을 보내고자 합니다. 함께 여행하고 싶은 사람은 저의 의견을 존중하고 즉흥적인 일정에도 잘 맞춰줄 수 있는 사람이면 좋겠습니다. 이번 여행에서 가장 기대되는 것은 새로운 액티비티를 통해 만나는 사람들과의 관계 형성과 추억입니다. 이 여행을 통해 일상에서 벗어나 다양한 경험을 쌓으며 삶의 새로운 시각을 얻고 싶습니다.","이 사용자는 일본 지역을 선호하고, 습함 기후를 피하고 싶어해요. 여행 목적은 쇼핑이며, 펜션에서 머무는 걸 좋아하고 오전 10시 이후쯤 기상하는 편이에요.",,
781,보통,수용적,보통,자주 늦음,보통,3,매우 민감,매우 빡빡하게,해외,바다,즉흥 여행,무조건 다 봄,코골이 안함,기다림,"유럽,세계일주,그 외","쌀쌀함,더움,습함","사람&관계,문화&역사체험,휴식","펜션,게스트하우스,4-5성급호텔",오전 9-10시,300-400만원,"저는 유럽을 여행하면서 다양한 문화와 역사 체험을 즐기는 것을 기대합니다. 그 동안 여러 랜드마크를 다니며 바쁜 일정을 소화하더라도 그 과정에서 만나는 사람들과의 관계가 중요하다고 생각합니다. 같이 여행을 떠나고 싶은 사람은 예민하지 않고, 즉흥적인 여행에도 즐겁게 참여할 수 있는 유연한 성격의 소유자였으면 좋겠습니다. 이번 여행에서는 펜션에서 머물며 깨끗하고 쾌적한 환경이 꼭 있으면 하고, 아침에 여유롭게 늦잠을 자는 것을 무엇보다 기대합니다. 과거 여행 중 기후가 쌀쌀하거나 더웠던 경험이 불편하게 느껴졌던 만큼, 이번 여행에서는 이러한 기후를 피하고 싶습니다. 제 삶 속에서 이번 여행이 사람 사이의 관계를 또 다른 시각에서 생각해보는 계기가 되었으면 합니다.","이 사용자는 유럽 지역을 선호하고, 더움 기후를 피하고 싶어해요. 여행 목적은 사람&관계이며, 펜션에서 머무는 걸 좋아하고 오전 9-10시쯤 기상하는 편이에요.",,
782,보통,매우 수용적,많다,자주 늦음,리드하는편,3,꽤 민감,매우 빡빡하게,국내,바다,즉흥 여행,적당히 봄,코골이 안함,다른 곳 간다,"국내,미국,유럽","습함,상관없음,건조함","액티비티,자연감상,도전과성장","민박,상관없음,콘도",오전 10시 이후,300-400만원,"여행 중 가장 최악의 경험은 습한 기후에서 불편을 겪었던 것이었어요. 그래서 이번 여행에서는 날씨와 환경에 대한 대비가 꼭 필요하다고 생각해요. 함께 여행할 사람은 다양한 의견을 수용하고, 즉흥적인 계획을 좋아하는 사람들이면 좋겠습니다. 이번 여행에서 가장 기대하는 것은 자연을 감상하며 액티비티를 통해 도전과 성장을 경험하는 것입니다. 여행이 끝나고 나면 이러한 경험들이 제 삶에 긍정적이고 활기찬 의미가 되었으면 해요.","이 사용자는 유럽 지역을 선호하고, 습함 기후를 피하고 싶어해요. 여행 목적은 액티비티이며, 상관없음에서 머무는 걸 좋아하고 오전 10시 이후쯤 기상하는 편이에요.",,
783,보통,매우 완고,매우 많다,보통,따르는 편,2,둔감,보통,국내,산,즉흥 여행,무조건 다 봄,코골이 안함,다른 곳 간다,"중국&몽골,일본,동남아","더움,쌀쌀함,상관없음","기록,공연&경기관람,도전과성장","민박,에어비엔비,콘도",오전 10시 이후,400만원 이상,"저는 여행 중 다른 사람들과 의견 충돌이 생겨 계획이 틀어지는 것이 최악의 경험이라고 생각해요. 그래서 이번 여행에서는 자유롭게 즉흥적일 수 있는 시간이 충분히 있으면 좋겠어요. 함께 여행하고 싶은 사람은 말이 많아서 대화를 많이 나눌 수 있는 사람이면 좋겠고, 의견이 분명해서 서로 의견이 맞을 때 함께 즐길 수 있으면 좋겠어요. 이번 여행의 가장 기대되는 부분은 다양한 랜드마크를 모두 방문하면서 기록을 남기는 것이며, 이를 통해 개인적으로 성장하고 새로운 도전 의식을 느끼고 싶어요. 결국, 이번 여행이 제 삶에서 새로운 경험과 도전을 통해 발전할 수 있는 계기가 되었으면 합니다.","이 사용자는 동남아 지역을 선호하고, 쌀쌀함 기후를 피하고 싶어해요. 여행 목적은 기록이며, 콘도에서 머무는 걸 좋아하고 오전 10시 이후쯤 기상하는 편이에요.",,
784,꽤 민감,매우 완고,보통,종종 늦음,보통,2,꽤 민감,보통,해외,산,즉흥 여행,무조건 다 봄,코골이 함,기다림,"유럽,중국&몽골,미국","추움,상관없음,습함","쇼핑,휴식,미식","펜션,민박,콘도",오전 9-10시,400만원 이상,"저는 여행 중 습한 기후에서 체력이 약해 피로해지는 경험을 최악으로 꼽습니다. 그래서 이번 여행에는 기후가 쾌적한 지역으로 가고 싶고, 다양한 지역의 미식을 경험하기 위해 맛집 리스트는 필수입니다. 여행을 같이 하고 싶은 사람은 계획이 즉흥적이더라도 융통성을 가지며, 다양한 상황에도 잘 대응할 수 있는 사람입니다. 이번 여행에서 가장 기대하는 것은 새로운 맛집을 탐방하고, 중국과 몽골의 고유한 문화를 체험하는 것입니다. 이번 여행은 제 삶에 새로운 활력과 미식의 즐거움을 더해주는 소중한 시간이 되기를 바랍니다.","이 사용자는 중국&몽골 지역을 선호하고, 습함 기후를 피하고 싶어해요. 여행 목적은 미식이며, 펜션에서 머무는 걸 좋아하고 오전 9-10시쯤 기상하는 편이에요.",,
785,둔감,매우 완고,적다,보통,무조건 리드,5,꽤 민감,꽤 빡빡하게,국내,산,즉흥 여행,적당히 봄,코골이 함,다른 곳 간다,"동남아,국내,그 외","건조함,상관없음,쌀쌀함","문화&역사체험,액티비티,휴식","4-5성급호텔,3성이하 호텔,상관없음",오전 10시 이후,100만원 이하,"저는 이번 여행에서 무엇보다도 휴식과 문화 및 역사 체험을 기대하고 있습니다. 쌀쌀한 기후를 피하고 상대적으로 온화한 국내 여행지를 선호하며, 특히 산을 즐깁니다. 여행 동안에는 예기치 않은 일이 있지만 웨이팅을 피하고자 즉흥적으로 다른 곳으로 이동함으로써 스트레스를 줄여 보려 합니다. 함께 여행할 사람은 너무 많은 말을 하지 않으며 저와 흡사하게 청결과 속도를 맞출 수 있는 사람이라면 좋겠습니다. 이번 여행은 일상의 일부에서 벗어나 리듬을 조절하고, 삶에 새로운 활력을 불어넣는 의미를 가지길 바랍니다.","이 사용자는 그 외 지역을 선호하고, 쌀쌀함 기후를 피하고 싶어해요. 여행 목적은 휴식이며, 4-5성급호텔에서 머무는 걸 좋아하고 오전 10시 이후쯤 기상하는 편이에요.",,
786,보통,매우 완고,보통,꽤 정확,무조건 리드,3,꽤 민감,매우 빡빡하게,해외,바다,계획 여행,무조건 다 봄,코골이 안함,기다림,"동남아,국내,유럽","습함,건조함,상관없음","기록,미식,사람&관계","민박,게스트하우스,3성이하 호텔",오전 10시 이후,300-400만원,저는 여행에서 기록을 중시하기에 다양한 문화와 음식을 체험할 수 있는 유럽을 자주 찾습니다. 여행 중 최악의 경험은 계획적으로 준비했음에도 불구하고 시간이 어긋나거나 예기치 못한 상황에 맞닥뜨리는 것인데 이를 피하기 위해 항상 시간을 정확하게 지키려고 합니다. 이번 여행에서는 체력이 다소 약하더라도 모든 랜드마크를 보려는 목표가 있어 꼼꼼한 계획이 필수입니다. 그래서 같이 여행할 사람은 저와 비슷하게 계획적이고 시간 약속에 철저한 사람이면 좋겠습니다. 이번 여행이 저에겐 새로운 사람들과의 관계를 통해 삶에 긍정적인 변화를 가져오는 계기가 되길 바랍니다.,"이 사용자는 유럽 지역을 선호하고, 건조함 기후를 피하고 싶어해요. 여행 목적은 기록이며, 게스트하우스에서 머무는 걸 좋아하고 오전 10시 이후쯤 기상하는 편이에요.",,
787,매우 둔감,보통,매우 적다,종종 늦음,무조건 따름,4,매우 민감,꽤 빡빡하게,해외,산,즉흥 여행,적당히 봄,코골이 함,기다림,"동남아,세계일주,그 외","추움,건조함,상관없음","문화&역사체험,휴식,기록","콘도,민박,게스트하우스",오전 10시 이후,200-300만원,"저는 여행 중 최악의 경험으로 숙소의 청결 상태가 좋지 않았을 때를 떠올립니다. 그래서 이번 여행에서는 위생적인 숙소가 반드시 필요합니다. 말수가 적은 편이라 너무 적극적인 사람보다는 안정감을 주고 같이 즉흥적인 여행을 즐길 수 있는 사람과 동행하고 싶습니다. 이번 여행에서 가장 기대하는 것은 다양한 문화와 역사를 직접 체험하며 기록할 수 있는 기회입니다. 이를 통해 제 삶에 새로운 영감을 얻고, 일상의 휴식을 제공하는 의미 있는 시간이 되기를 바랍니다.","이 사용자는 동남아 지역을 선호하고, 추움 기후를 피하고 싶어해요. 여행 목적은 기록이며, 민박에서 머무는 걸 좋아하고 오전 10시 이후쯤 기상하는 편이에요.",,
788,매우 둔감,보통,많다,매우 정확,리드하는편,2,매우 둔감,꽤 여유있게,국내,바다,즉흥 여행,무조건 다 봄,코골이 안함,다른 곳 간다,"세계일주,국내,동남아","더움,습함,건조함","기록,사람&관계,자연감상","게스트하우스,콘도,민박",오전 8-9시,200-300만원,"여행 중 최악의 경험은 더운 기후와 관련된 불편한 상황이었습니다. 그래서 이번 여행에서 꼭 필요한 것은 시원한 환경을 유지할 수 있는 준비물입니다. 함께 여행을 가고 싶은 사람은 유쾌하며 대화를 많이 할 수 있는 사람입니다. 이번 여행에서 가장 기대하는 것은 자연을 감상하며 새로운 사람들과의 관계를 형성하는 것입니다. 또한, 이 여행이 제 삶에 소중한 추억과 새로운 관점을 가져다주기를 바랍니다.","이 사용자는 동남아 지역을 선호하고, 건조함 기후를 피하고 싶어해요. 여행 목적은 자연감상이며, 민박에서 머무는 걸 좋아하고 오전 8-9시쯤 기상하는 편이에요.",,
789,둔감,매우 수용적,매우 많다,보통,무조건 따름,5,꽤 민감,매우 빡빡하게,국내,바다,즉흥 여행,무조건 다 봄,코골이 함,다른 곳 간다,"중국&몽골,동남아,미국","더움,상관없음,추움","공연&경기관람,쇼핑,도전과성장","3성이하 호텔,에어비엔비,펜션",오전 9-10시,100만원 이하,"저는 여행을 할 때 무조건 일정이 빡빡해서 피곤하지만, 그런 중에도 다양한 랜드마크를 보는 걸 실패할 때가 최악의 경험으로 남습니다. 공연과 경기 관람을 좋아하므로 이번 여행에서는 그런 행사를 절대 놓치고 싶지 않고, 이를 통해 많은 영감을 얻고 싶어요. 특히 말이 많고 의견을 서로 수용할 수 있는 사람들과의 여행을 선호합니다. 이번 여행에서 가장 기대하는 것은 쇼핑과 도전적인 경험이며, 이러한 순간들이 제 삶 속에서 성장을 가져올 수 있도록 희망합니다. 이 모든 걸 통해 보다 풍성한 인간관계를 형성하고 싶습니다.","이 사용자는 동남아 지역을 선호하고, 추움 기후를 피하고 싶어해요. 여행 목적은 공연&경기관람이며, 에어비엔비에서 머무는 걸 좋아하고 오전 9-10시쯤 기상하는 편이에요.",,
790,매우 민감,수용적,적다,종종 늦음,무조건 리드,1,매우 민감,보통,국내,산,계획 여행,적당히 봄,코골이 안함,다른 곳 간다,"일본,유럽,세계일주","건조함,추움,습함","공연&경기관람,사람&관계,문화&역사체험","펜션,3성이하 호텔,에어비엔비",오전 10시 이후,200-300만원,"저는 여행 중 청결 문제가 있는 숙소에 머문 경험이 최악이었어요. 그래서 이번 여행에서는 깨끗하고 편안한 펜션이나 에어비엔비에서 지내는 것이 꼭 필요합니다. 저는 민감한 편이라, 함께 여행을 가는 사람은 좋은 사람들과의 관계를 중요시하고 배려심 있는 사람이면 좋겠어요. 이번 여행에서는 공연이나 경기를 보며 문화와 역사를 체험할 수 있기를 기대하고 있습니다. 여행이 나에게 새로운 문화 체험과 사람들과의 관계 형성을 통해 삶에 긍정적인 의미를 더했으면 좋겠습니다.","이 사용자는 유럽 지역을 선호하고, 습함 기후를 피하고 싶어해요. 여행 목적은 사람&관계이며, 에어비엔비에서 머무는 걸 좋아하고 오전 10시 이후쯤 기상하는 편이에요.",,
791,꽤 민감,매우 완고,적다,꽤 정확,무조건 리드,1,둔감,보통,국내,바다,즉흥 여행,무조건 다 봄,코골이 안함,기다림,"국내,중국&몽골,미국","쌀쌀함,더움,건조함","액티비티,휴식,도전과성장","에어비엔비,게스트하우스,펜션",오전 10시 이후,100만원 이하,"저는 여행 중 예민한 성향 때문에 쌀쌀하고 더운 날씨를 피하는 것을 중요하게 여기며, 만약 여행 중 그런 기후를 만난다면 최악의 경험이 될 것입니다. 따라서 이번 여행에서는 쾌적한 날씨가 꼭 필요합니다. 함께 여행갈 사람은 저처럼 말수가 적고 계획에 충실하며, 저를 리드할 수 있는 사람이라면 좋겠습니다. 이번 여행에서 가장 기대하는 것은 새로운 액티비티를 통해 도전하고 성장하는 것입니다. 그리고 이번 여행이 제 삶에 있어 휴식을 제공하고, 스스로에 대한 이해를 높일 수 있는 의미 있는 시간이 되었으면 합니다.","이 사용자는 중국&몽골 지역을 선호하고, 건조함 기후를 피하고 싶어해요. 여행 목적은 휴식이며, 펜션에서 머무는 걸 좋아하고 오전 10시 이후쯤 기상하는 편이에요.",,
792,보통,매우 수용적,매우 많다,꽤 정확,무조건 리드,2,매우 민감,매우 빡빡하게,해외,산,즉흥 여행,적당히 봄,코골이 안함,기다림,"유럽,미국,국내","습함,추움,상관없음","쇼핑,미식,기록","콘도,민박,3성이하 호텔",오전 9-10시,400만원 이상,"저는 해외 여행을 선호하고, 특히 유럽과 미국에서의 쇼핑과 미식을 통해 다양한 기록을 남기는 것을 즐깁니다. 여행 계획은 즉흥적인 편이지만 시간 약속은 꽤 정확히 지키고 싶어하며, 때때로 지나치게 빡빡한 일정을 소화하려다가 체력이 부족하여 피곤함을 느낄 수 있습니다. 함께 여행을 가고 싶은 사람은 대화가 많고 의견을 존중할 줄 아는 사람이며, 청결에 민감하기 때문에 숙소 선택에서도 이를 중시합니다. 가장 싫어하는 기후는 습하고 추운 날씨여서 따뜻하면서도 건조한 곳이 좋고, 이번 여행을 통해 새로운 문화를 경험하고 기록을 남겨 개인적인 성장을 기대하고 있습니다. 이런 경험들이 저의 삶에 활력을 불어넣고 긍정적인 변화를 가져오길 바랍니다.","이 사용자는 국내 지역을 선호하고, 습함 기후를 피하고 싶어해요. 여행 목적은 쇼핑이며, 3성이하 호텔에서 머무는 걸 좋아하고 오전 9-10시쯤 기상하는 편이에요.",,
793,둔감,매우 수용적,매우 많다,보통,무조건 리드,2,매우 둔감,꽤 빡빡하게,해외,바다,계획 여행,적당히 봄,코골이 함,기다림,"국내,중국&몽골,그 외","상관없음,추움,쌀쌀함","액티비티,문화&역사체험,미식","게스트하우스,3성이하 호텔,콘도",오전 10시 이후,300-400만원,"저는 여행 중에 추운 날씨를 피해 따뜻한 곳에서 다양한 액티비티를 즐기는 것을 매우 기대합니다. 이번 여행에서는 편안한 숙소와 활동적인 일정이 아주 중요하며, 아침 일찍보다는 여유 있게 시작해 충분히 체력을 아끼고 싶습니다. 혼자서 리드 역할을 맡는 것을 좋아하기 때문에, 의견이 유연하고 수다를 즐기며 함께 계획적인 여행을 즐길 수 있는 사람과 여행하고 싶습니다. 여행 중에는 기다리는 시간도 큰 문제가 아니므로 랜드마크를 적당히 보며 문화와 역사를 경험하고, 맛있는 음식을 즐기는 것이 이번 여행의 큰 목적입니다. 이런 여행을 통해 일상의 스트레스를 해소하고 새로운 문화를 경험하며 삶에 긍정적인 영향을 미치기를 바랍니다.","이 사용자는 국내 지역을 선호하고, 추움 기후를 피하고 싶어해요. 여행 목적은 액티비티이며, 게스트하우스에서 머무는 걸 좋아하고 오전 10시 이후쯤 기상하는 편이에요.",,
794,둔감,매우 수용적,많다,보통,무조건 따름,5,보통,꽤 여유있게,국내,산,즉흥 여행,무조건 다 봄,코골이 함,기다림,"유럽,국내,세계일주","쌀쌀함,추움,상관없음","공연&경기관람,사람&관계,액티비티","에어비엔비,4-5성급호텔,민박",오전 8-9시,300-400만원,여행 중 최악의 경험은 쌀쌀한 날씨에 불편함을 느꼈던 순간이었습니다. 이번 여행에서 꼭 필요한 것은 즉흥적인 만남을 통해 사람들과의 관계를 형성하고자 함입니다. 같이 여행을 가고 싶은 사람은 의견이 수용적이고 친근하게 대화할 수 있는 사람입니다. 이번 여행에서 가장 기대하는 것은 공연이나 경기를 즐기고 자연 속 산을 여행하며 액티비티를 즐기는 것입니다. 이 여행은 새로운 관계를 형성하고 나의 삶에 활력을 더해주는 의미가 되었으면 합니다.,"이 사용자는 국내 지역을 선호하고, 쌀쌀함 기후를 피하고 싶어해요. 여행 목적은 사람&관계이며, 에어비엔비에서 머무는 걸 좋아하고 오전 8-9시쯤 기상하는 편이에요.",,
795,둔감,보통,매우 적다,자주 늦음,무조건 따름,2,둔감,매우 여유있게,국내,바다,계획 여행,적당히 봄,코골이 함,기다림,"미국,유럽,중국&몽골","상관없음,건조함,쌀쌀함","휴식,사람&관계,미식","콘도,에어비엔비,상관없음",오전 10시 이후,400만원 이상,"여행 중 최악의 경험은 일정이 빡빡해서 피곤해진 경우인데, 이번 여행에서는 그런 일을 피하기 위해 여유로운 일정을 계획하고 있습니다. 함께 여행을 갈 사람은 배려심이 많고, 서로 시간을 즐기면서도 부담 없이 지낼 수 있는 사람을 선호합니다. 여행 중 가장 기대하는 것은 새로운 사람들과의 관계를 통해 좋은 추억을 만드는 것이며, 이를 통해 삶의 질적 향상을 경험하고 싶습니다. 이번 여행이 제 삶에 주는 의미는 일상의 피로와 스트레스를 해소하고, 미식과 휴식을 통해 충전할 수 있는 기회가 될 것입니다. 또한, 오전 10시 이후에 천천히 일어나 적당히 랜드마크를 관람하는 등 편안한 여행을 만끽하고 싶습니다.","이 사용자는 유럽 지역을 선호하고, 건조함 기후를 피하고 싶어해요. 여행 목적은 사람&관계이며, 콘도에서 머무는 걸 좋아하고 오전 10시 이후쯤 기상하는 편이에요.",,
796,보통,매우 완고,많다,꽤 정확,보통,3,둔감,꽤 빡빡하게,국내,산,계획 여행,무조건 다 봄,코골이 안함,기다림,"세계일주,중국&몽골,유럽","습함,상관없음,건조함","사람&관계,액티비티,자연감상","4-5성급호텔,민박,에어비엔비",오전 10시 이후,300-400만원,"저는 빡빡한 일정을 계획하며 국내 여행을 선호하는데, 혼자보다 대화가 잘 통하고 책임감을 가진 사람들과 함께하는 것을 좋아합니다. 여행 중 가장 싫었던 경험은 습하거나 너무 건조한 기후와 인연이 있는 곳이라 상황에 따른 적절한 숙소, 특히 에어비앤비와 같은 쾌적한 숙박을 중요하게 생각합니다. 이번 여행에서는 다양한 액티비티와 자연 감상을 통해 새로운 사람들과 관계를 형성하는 것을 기대하고 있습니다. 이러한 경험은 제 삶에 활력과 관계의 의미를 더해줄 것 같습니다. 각종 랜드마크를 방문하면서 미래의 세계일주 계획에도 도움이 되기를 바랍니다.","이 사용자는 세계일주 지역을 선호하고, 건조함 기후를 피하고 싶어해요. 여행 목적은 액티비티이며, 에어비엔비에서 머무는 걸 좋아하고 오전 10시 이후쯤 기상하는 편이에요.",,
797,보통,수용적,보통,종종 늦음,따르는 편,2,보통,꽤 빡빡하게,국내,바다,즉흥 여행,무조건 다 봄,코골이 함,다른 곳 간다,"국내,미국,중국&몽골","더움,추움,상관없음","공연&경기관람,휴식,도전과성장","민박,3성이하 호텔,게스트하우스",오전 9-10시,100만원 이하,"저는 여행 중 최악의 경험으로 오래 기다려야 하는 경우가 있었는데, 그래서 기다림이 필요한 곳은 피하면서 모든 랜드마크를 보고 싶어합니다. 이번 여행에서 가장 기대하는 것은 공연이나 경기를 관람하는 것이며, 이로 인해 새로운 도전과 성장을 느끼고 싶습니다. 함께 여행하는 사람은 유연하고 의견을 잘 수용하는 사람이면 좋겠습니다. 여행 중 예민하지 않고 즉흥적인 요소가 섞인 시간을 보내는 것이 저에게 중요하며, 이러한 여행이 저의 삶에 휴식과 재충전의 의미를 더해주길 바랍니다. thích","이 사용자는 미국 지역을 선호하고, 상관없음 기후를 피하고 싶어해요. 여행 목적은 휴식이며, 게스트하우스에서 머무는 걸 좋아하고 오전 9-10시쯤 기상하는 편이에요.",,
798,둔감,매우 완고,많다,자주 늦음,리드하는편,5,꽤 민감,매우 여유있게,해외,바다,즉흥 여행,적당히 봄,코골이 안함,다른 곳 간다,"그 외,중국&몽골,일본","상관없음,습함,더움","자연감상,휴식,쇼핑","민박,펜션,콘도",오전 10시 이후,300-400만원,"저는 일본과 같은 지역에서 휴식과 자연 감상을 즐기는 여행을 선호하며, 여행 중에는 즉흥적인 계획 속에서도 적절한 유연함을 가질 수 있는 동반자가 있으면 좋겠습니다. 이번 여행에서는 아침에 여유롭게 일어나 고요한 바다를 바라보며 힐링하는 순간을 꿈꾸고 있으며, 그 과정에서 쇼핑도 함께 즐기고 싶습니다. 다만 예전에 습하고 더운 날씨 속에서 타이트한 일정으로 인해 체력적으로 힘들었던 경험이 있어, 그런 상황은 피하고 싶습니다. 이번 여행은 바쁜 일상에서의 탈출구가 되어 저에게 더 큰 여유와 회복의 시간을 제공하기를 기대합니다. 리더십을 통해 동행자와 함께 더 나은 여행의 순간을 만들어나가고 싶습니다.","이 사용자는 일본 지역을 선호하고, 상관없음 기후를 피하고 싶어해요. 여행 목적은 휴식이며, 콘도에서 머무는 걸 좋아하고 오전 10시 이후쯤 기상하는 편이에요.",,
799,매우 민감,매우 완고,적다,꽤 정확,따르는 편,4,꽤 민감,꽤 빡빡하게,국내,산,즉흥 여행,무조건 다 봄,코골이 함,다른 곳 간다,"그 외,미국,유럽","추움,건조함,상관없음","사람&관계,도전과성장,공연&경기관람","3성이하 호텔,펜션,게스트하우스",오전 9-10시,400만원 이상,"저는 여행 중에 예기치 않게 계획이 바뀌거나 웨이팅을 해야 하는 상황을 최악으로 느낄 것 같습니다. 이번 여행에서는 국내의 산을 탐험하며 모든 랜드마크를 방문하는 것이 중요해요. 조용하고 시간을 잘 지키며, 리더보다는 제 의견을 잘 수용하며 함께 따라줄 수 있는 사람과 동행하면 좋겠어요. 이번 여행을 통해 사람들과의 관계를 돈독히 하고, 도전과 성장을 이루며 의미 있는 시간을 보내고 싶습니다. 여행은 제 삶에 새로운 도전과 성장의 계기를 주길 바라며, 공연이나 경기를 관람하며 즐거운 추억을 남기고 싶습니다.","이 사용자는 그 외 지역을 선호하고, 건조함 기후를 피하고 싶어해요. 여행 목적은 도전과성장이며, 펜션에서 머무는 걸 좋아하고 오전 9-10시쯤 기상하는 편이에요.",,
800,매우 민감,매우 수용적,매우 많다,매우 정확,보통,3,꽤 민감,보통,국내,바다,즉흥 여행,무조건 다 봄,코골이 함,기다림,"동남아,국내,일본","건조함,상관없음,습함","사람&관계,휴식,쇼핑","4-5성급호텔,게스트하우스,상관없음",오전 10시 이후,200-300만원,"여행 중 최악의 경험은 아마도 지나치게 예민한 상태에서 발생할 수 있는 예상치 못한 계획 변경일 것입니다. 그래서 이번 여행에서는 느긋하게 일정을 즉흥적으로 즐길 수 있도록 마음의 여유로움을 중요시합니다. 여행 동반자로는 대화를 잘하며 의견을 수용할 수 있는 사람과 함께하고 싶어하며, 가장 기대하는 것은 사람들과의 관계를 형성하고, 동시에 휴식을 취하는 것입니다. 이번 여행은 일상에서 벗어나 재충전의 시간을 갖고 싶으며, 그것이 저의 삶에 의미 있는 휴식과 새로운 관계 형성의 기회가 되었으면 합니다. 이렇게 얻는 경험이 일상에서의 스트레스를 해소하고 긍정적 에너지를 불어넣어 주길 기대합니다.","이 사용자는 동남아 지역을 선호하고, 상관없음 기후를 피하고 싶어해요. 여행 목적은 휴식이며, 상관없음에서 머무는 걸 좋아하고 오전 10시 이후쯤 기상하는 편이에요.",,
801,매우 둔감,매우 수용적,매우 많다,매우 정확,리드하는편,5,매우 민감,매우 여유있게,국내,산,계획 여행,무조건 다 봄,코골이 함,기다림,"일본,세계일주,그 외","상관없음,건조함,더움","액티비티,휴식,기록","게스트하우스,3성이하 호텔,콘도",오전 10시 이후,400만원 이상,"저는 여행 중에 더운 기후를 피하려고 해요, 그래서 날씨가 덥거나 건조할 땐 불편함을 많이 느끼기 때문에 그런 경험이 최악이었어요. 이번 여행에서는 활동적인 액티비티와 휴식을 위한 시간을 꼭 확보하고 싶고, 이를 기록으로 남기는 것도 중요하게 생각해요. 함께 여행을 갈 사람은 말이 많고 의견을 잘 수용하는 사람이라면 좋겠어요. 이번 여행에서 가장 기대하는 것은 새로운 경험을 통해 삶을 풍요롭게 하고, 다양한 랜드마크를 차분히 다니면서 자연 속에서 여유를 찾고 싶어요. 이 여행을 통해 제 삶에 새로운 의미를 더하고, 일상에서 벗어나 나 자신을 새롭게 발견하는 시간이 되길 바랍니다.","이 사용자는 세계일주 지역을 선호하고, 더움 기후를 피하고 싶어해요. 여행 목적은 액티비티이며, 게스트하우스에서 머무는 걸 좋아하고 오전 10시 이후쯤 기상하는 편이에요.",,
802,둔감,보통,매우 많다,보통,따르는 편,1,둔감,꽤 여유있게,국내,산,즉흥 여행,적당히 봄,코골이 함,다른 곳 간다,"동남아,중국&몽골,일본","쌀쌀함,더움,건조함","쇼핑,공연&경기관람,휴식","상관없음,3성이하 호텔,민박",오전 9-10시,300-400만원,"저는 여행 중 최악의 경험으로 긴 기다림을 피하고 싶어하며, 그래서 웨이팅이 있는 곳은 다른 곳으로 즉시 이동합니다. 이번 여행에서는 편안하게 쉴 수 있는 공간이 반드시 필요하고, 오전 9-10시쯤 자연스럽게 일어나는 여유로운 일정을 기대합니다. 함께 여행하고 싶은 사람은 제 수다를 즐길 수 있고 의견을 함께 공유할 수 있는 사람이면 좋겠습니다. 무엇보다도 이번 여행에서는 동남아에서의 쇼핑과 공연 관람을 통해 일상에서 벗어난 새로운 에너지를 얻기를 바라며, 그렇게 다시 생활 중에 활력을 찾는 계기가 되었으면 합니다.","이 사용자는 동남아 지역을 선호하고, 쌀쌀함 기후를 피하고 싶어해요. 여행 목적은 휴식이며, 민박에서 머무는 걸 좋아하고 오전 9-10시쯤 기상하는 편이에요.",,
803,보통,보통,매우 적다,자주 늦음,리드하는편,5,보통,매우 빡빡하게,해외,산,계획 여행,적당히 봄,코골이 안함,다른 곳 간다,"그 외,유럽,미국","습함,쌀쌀함,추움","액티비티,쇼핑,기록","민박,펜션,4-5성급호텔",오전 9-10시,300-400만원,"저는 여행 중 습하고 추운 날씨 때문에 고생했던 경험이 최악으로 기억에 남습니다. 그래서 이번 여행에서는 날씨에 맞게 계획된 일정이 꼭 필요합니다. 평소에 말을 많이 하지 않지만 여행을 리드하는 편이라, 의사소통이 잘 되고 협력적인 사람과 함께라면 더 즐거운 여행이 될 것입니다. 이번 여행에서는 주로 쇼핑과 액티비티를 기대하고 있으며, 이를 통해 활력을 얻고 삶의 새로운 활력을 불어넣고 싶습니다. 또한, 유럽이나 미국 같은 지역에서 고급 호텔에서 머무르며 쾌적하게 여행을 즐길 계획입니다.","이 사용자는 유럽 지역을 선호하고, 습함 기후를 피하고 싶어해요. 여행 목적은 쇼핑이며, 4-5성급호텔에서 머무는 걸 좋아하고 오전 9-10시쯤 기상하는 편이에요.",,
804,매우 민감,매우 수용적,매우 적다,보통,리드하는편,2,둔감,꽤 여유있게,해외,산,즉흥 여행,적당히 봄,코골이 함,다른 곳 간다,"세계일주,유럽,미국","상관없음,추움,쌀쌀함","도전과성장,사람&관계,자연감상","민박,펜션,상관없음",오전 9-10시,200-300만원,"여행 중 최악의 경험은 추운 기후에서의 불편함일 것 같습니다. 그래서 이번 여행에서는 제 체력이 약한 편이기 때문에 따뜻한 옷차림과 충분한 휴식을 취할 수 있는 환경이 꼭 필요합니다. 함께 여행하고 싶은 사람은 개방적이고 민감한 저를 잘 이해해주는 사람이었으면 좋겠습니다. 이번 여행에서 가장 기대하는 것은 새로운 사람들과의 관계를 통해 성장을 이루는 것이며, 자연을 감상하면서 여유롭게 시간을 보내고 싶습니다. 이 여행이 제 삶에 도전과 성장을 의미하게 되어 길고 긍정적인 영향을 남기기를 바랍니다.","이 사용자는 유럽 지역을 선호하고, 추움 기후를 피하고 싶어해요. 여행 목적은 사람&관계이며, 민박에서 머무는 걸 좋아하고 오전 9-10시쯤 기상하는 편이에요.",,
805,매우 둔감,다소 완고,보통,꽤 정확,리드하는편,3,둔감,꽤 여유있게,해외,바다,즉흥 여행,적당히 봄,코골이 함,다른 곳 간다,"동남아,세계일주,국내","상관없음,습함,쌀쌀함","사람&관계,기록,쇼핑","에어비엔비,게스트하우스,상관없음",오전 10시 이후,200-300만원,"여행 중 최악의 경험은 아마 눅눅한 기후에서의 불편함일 것입니다. 그래서 이번 여행에서는 습하지 않은 장소를 선택하고 싶어요. 여행을 함께할 사람으로는 의견이 확고하고 리더십이 있는 제가 이끌어 줄 수 있는 사람을 선호해요. 이번 여행에서 가장 기대하는 것은 새로운 사람들과의 만남과 그로 인한 관계 형성입니다. 또한, 여행 자체가 삶에 남길 의미는 기억할만한 쇼핑 경험과 그 순간들을 기록하는 것일 것입니다. 여행에서는 일정에 얽매이지 않고 즉흥적으로 해보는 자유로움도 중요하다고 생각합니다.","이 사용자는 국내 지역을 선호하고, 습함 기후를 피하고 싶어해요. 여행 목적은 쇼핑이며, 에어비엔비에서 머무는 걸 좋아하고 오전 10시 이후쯤 기상하는 편이에요.",,
806,둔감,매우 수용적,많다,종종 늦음,무조건 따름,5,꽤 민감,꽤 여유있게,국내,바다,즉흥 여행,무조건 다 봄,코골이 함,다른 곳 간다,"동남아,그 외,중국&몽골","상관없음,추움,더움","자연감상,쇼핑,사람&관계","상관없음,3성이하 호텔,게스트하우스",오전 10시 이후,300-400만원,"여행 중 가장 최악의 경험은 시간 약속에 늦거나 웨이팅이 길어지는 상황일 수 있습니다. 이번 여행에서는 자연스럽고 즉흥적인 일정을 유지하되, 편안한 숙박 시설과 사람과의 교류가 중요한 요소로 작용할 것입니다. 함께 여행하고 싶은 사람은 유연하고 말이 많은 제가 부담 없이 대화할 수 있는 사람일 것입니다. 여행을 통해 새로운 사람들과 관계를 맺고 자연을 감상하는 것이 가장 기대되는 부분이며, 이는 제 삶에 새로운 활력을 불어넣고 다양한 경험을 쌓는 의미를 가질 것입니다. 기상 시간이 여유 있는 만큼, 저는 이번 여행을 스트레스 받지 않고 편안하게 즐기고 싶습니다.","이 사용자는 중국&몽골 지역을 선호하고, 더움 기후를 피하고 싶어해요. 여행 목적은 사람&관계이며, 게스트하우스에서 머무는 걸 좋아하고 오전 10시 이후쯤 기상하는 편이에요.",,
807,둔감,매우 완고,적다,종종 늦음,보통,4,꽤 민감,매우 여유있게,국내,산,계획 여행,무조건 다 봄,코골이 안함,기다림,"세계일주,중국&몽골,동남아","더움,추움,습함","사람&관계,휴식,도전과성장","3성이하 호텔,콘도,펜션",오전 9-10시,200-300만원,"저는 주로 여유로운 일정과 계획된 여행을 선호하며, 더운 기후를 피해 국내의 산을 중심으로 한 여행을 즐깁니다. 여행 중 최악의 경험으로는 일정에서 벗어나게 되는 상황이 가장 불편합니다. 이번 여행에서는 랜드마크를 놓치지 않고 모두 보는 것이 필수입니다. 여행 동반자로는 계획을 잘 따르고 관계에 진지한 사람을 원합니다. 이번 여행을 통해 저는 새로운 도전과 성장을 기대하고 있으며, 이를 통해 삶의 의미를 다시 한 번 돌아보고 싶습니다.","이 사용자는 세계일주 지역을 선호하고, 더움 기후를 피하고 싶어해요. 여행 목적은 도전과성장이며, 콘도에서 머무는 걸 좋아하고 오전 9-10시쯤 기상하는 편이에요.",,
808,꽤 민감,다소 완고,보통,매우 정확,무조건 따름,1,보통,매우 빡빡하게,해외,바다,계획 여행,무조건 다 봄,코골이 안함,기다림,"일본,미국,중국&몽골","쌀쌀함,추움,상관없음","문화&역사체험,액티비티,자연감상","게스트하우스,에어비엔비,민박",오전 8-9시,200-300만원,"저는 해외여행을 계획할 때 일정이 빡빡한 편인데, 특히 일본을 선호하며 문화와 역사 체험을 중시합니다. 최악의 경험은 시간 약속이 어겨지는 상황으로, 저는 매우 정확한 시간을 지키는 편이어서 이런 상황은 상당히 스트레스를 받게 합니다. 이번 여행에서 가장 기대하는 것은 다양한 액티비티와 체험을 통해 자연을 감상하는 것이며, 이번 여행이 나에게 새로운 시야와 의미를 부여했으면 좋겠습니다. 함께 여행하고 싶은 사람은 계획적인 성향을 가진 사람이면 좋겠고, 필수적으로 챙길 것은 정확한 일정 계획서입니다. 또한 민박이나 에어비앤비와 같은 편안한 숙소에서 머무르는 것을 중요하게 생각하며 오전 8시에서 9시 사이에 상쾌하게 기상해서 활기찬 하루를 시작하고자 합니다.","이 사용자는 일본 지역을 선호하고, 쌀쌀함 기후를 피하고 싶어해요. 여행 목적은 액티비티이며, 민박에서 머무는 걸 좋아하고 오전 8-9시쯤 기상하는 편이에요.",,
809,둔감,보통,매우 적다,매우 정확,무조건 따름,5,보통,매우 여유있게,해외,산,즉흥 여행,무조건 다 봄,코골이 안함,기다림,"미국,세계일주,동남아","상관없음,더움,건조함","문화&역사체험,사람&관계,쇼핑","3성이하 호텔,콘도,펜션",오전 10시 이후,400만원 이상,"저는 이번 여행에서 문화와 역사를 체험하는 것을 가장 기대하고 있습니다. 특히 다양한 랜드마크를 모두 방문하며 새로운 경험을 쌓고자 하며, 평소 말수가 적어도 여행 중에는 현지 사람들과의 관계 형성에 중점을 두고 있습니다. 계획 없이 즉흥적으로 움직이는 것을 선호하지만, 시간약속은 철저하게 지키기 때문에 함께 여행하는 사람도 여유롭고 느긋한 성향이었으면 좋겠습니다. 최악의 경험은 쉴 틈 없이 빠듯한 일정으로 인해 피곤함을 느끼는 것인데, 이번 여행은 최대한 여유롭게 즐길 계획입니다. 이를 통해 제 삶에 새로운 활력을 불어넣고, 각국의 문화를 배우며 개인적으로 성장할 수 있는 기회가 되었으면 합니다.","이 사용자는 미국 지역을 선호하고, 상관없음 기후를 피하고 싶어해요. 여행 목적은 문화&역사체험이며, 펜션에서 머무는 걸 좋아하고 오전 10시 이후쯤 기상하는 편이에요.",,
810,매우 민감,매우 완고,매우 많다,꽤 정확,리드하는편,4,매우 민감,매우 여유있게,해외,산,계획 여행,적당히 봄,코골이 안함,기다림,"유럽,동남아,미국","건조함,습함,상관없음","도전과성장,액티비티,휴식","3성이하 호텔,게스트하우스,펜션",오전 10시 이후,300-400만원,"저는 예민한 성향 덕분에 여행 중 청결하지 않은 숙소가 가장 최악의 경험이었습니다. 이번 여행에서는 즉흥적이지 않고 철저히 계획된 일정과 마음대로 말할 수 있는 자유로운 환경이 꼭 필요합니다. 산을 좋아하고 리드하는 것을 즐기기 때문에 저와 함께 여행할 사람은 능동적이고 적극적인 성향이면 좋겠습니다. 이번 여행에서 가장 기대하는 것은 도전과 성장을 위한 액티비티 경험입니다. 그리고 여행이 제 삶에 긍정적인 변화를 가져다주고, 제가 원하는 휴식을 얻어 돌아오는 계기가 되기를 바랍니다.","이 사용자는 동남아 지역을 선호하고, 상관없음 기후를 피하고 싶어해요. 여행 목적은 액티비티이며, 게스트하우스에서 머무는 걸 좋아하고 오전 10시 이후쯤 기상하는 편이에요.",,
811,보통,매우 완고,적다,자주 늦음,보통,1,꽤 민감,꽤 빡빡하게,해외,산,계획 여행,적당히 봄,코골이 함,다른 곳 간다,"중국&몽골,동남아,유럽","건조함,습함,상관없음","자연감상,도전과성장,문화&역사체험","상관없음,펜션,에어비엔비",오전 9-10시,400만원 이상,"과거 여행 중 최악의 경험은 예민한 청결 민감도 때문에 불결한 환경을 만났던 것입니다. 이번 여행에서는 계획에 따라 일정이 빡빡하게 돌아가야 하므로 철저한 계획이 필수적이며, 문화와 역사를 체험할 수 있는 시간이 꼭 필요합니다. 여행 동반자는 계획을 잘 따르고 문화적 호기심이 있는 사람이면 좋겠고, 시간 약속을 유연하게 받아들일 수 있는 사람이라면 더 좋겠네요. 이번 여행에서 가장 기대하는 것은 자연을 감상하며 도전과 성장의 기회를 얻는 것입니다. 이 여행이 삶에 주는 의미는 새로운 문화를 체험하고 성장하며, 내 안의 변화를 느껴보는 것입니다.","이 사용자는 중국&몽골 지역을 선호하고, 상관없음 기후를 피하고 싶어해요. 여행 목적은 문화&역사체험이며, 펜션에서 머무는 걸 좋아하고 오전 9-10시쯤 기상하는 편이에요.",,
812,매우 민감,매우 완고,많다,자주 늦음,리드하는편,4,매우 둔감,꽤 빡빡하게,국내,바다,즉흥 여행,무조건 다 봄,코골이 안함,기다림,"동남아,일본,국내","건조함,더움,상관없음","문화&역사체험,도전과성장,공연&경기관람","민박,게스트하우스,펜션",오전 10시 이후,400만원 이상,"저는 예전에 여행 중 일정이 너무 빡빡해서 체력적으로 힘들었던 경험이 최악이었습니다. 그래서 이번 여행에서는 리드하면서도 즉흥적으로 바꾸거나 느긋하게 즐길 수 있는 자유가 꼭 필요합니다. 함께 여행할 사람은 제 의견에 대해 이해해주고, 문화와 역사 체험에 흥미를 가지고 있는 사람이면 좋겠습니다. 이번 여행에서는 공연이나 경기를 직접 관람하는 걸 가장 기대하고 있습니다. 무엇보다도 이번 여행이 제 삶에 도전과 성장을 가져다주는 의미 있는 시간이 되었으면 합니다.","이 사용자는 동남아 지역을 선호하고, 상관없음 기후를 피하고 싶어해요. 여행 목적은 공연&경기관람이며, 민박에서 머무는 걸 좋아하고 오전 10시 이후쯤 기상하는 편이에요.",,
813,매우 둔감,보통,적다,보통,무조건 따름,1,꽤 민감,보통,국내,산,계획 여행,적당히 봄,코골이 함,다른 곳 간다,"국내,중국&몽골,미국","더움,쌀쌀함,상관없음","기록,도전과성장,쇼핑","펜션,민박,4-5성급호텔",오전 8-9시,300-400만원,"여행 중 최악의 경험은 아마 계획한 일정대로 진행되지 않는 경우일 것입니다. 이번 여행에서는 기록과 도전의 목적에서 벗어나지 않기 위해 철저한 계획이 필수이며, 제가 아침 일찍 기상하므로 체력 관리를 위해 체력 소모가 크지 않도록 조정하고자 합니다. 또한 여행을 같이 가게 된다면 리더십을 발휘하는 사람보다는 계획에 따라 행동하는 사람과 잘 맞을 것 같습니다. 이번 여행에서는 특히 쇼핑과 새로운 경험을 통한 성장에 큰 기대를 하고 있습니다. 이러한 도전과 성장을 통해 제 삶의 한 단계 발전된 여정을 기록하고 싶습니다.","이 사용자는 국내 지역을 선호하고, 더움 기후를 피하고 싶어해요. 여행 목적은 도전과성장이며, 민박에서 머무는 걸 좋아하고 오전 8-9시쯤 기상하는 편이에요.",,
814,둔감,매우 수용적,많다,꽤 정확,리드하는편,1,매우 둔감,매우 빡빡하게,국내,바다,즉흥 여행,무조건 다 봄,코골이 함,다른 곳 간다,"국내,동남아,유럽","추움,습함,상관없음","미식,액티비티,자연감상","콘도,게스트하우스,에어비엔비",오전 10시 이후,300-400만원,"저는 예전에 추운 곳에서 감기 때문에 여행을 망친 경험이 있어서, 이번에는 그런 일이 없도록 좀 더 따뜻하고 쾌적한 곳을 선택하려고 해요. 여행 중에는 활발한 액티비티를 즐기는 것이 중요하기 때문에 체력은 낮더라도 미식과 자연 감상을 통해 힐링하고 싶어요. 함께 여행을 떠나고 싶은 사람은 말이 많고, 리더십을 발휘할 때 저를 존중해주는 수용적인 사람이어야 해요. 이번 여행에서는 국내의 바닷가를 중심으로 무리하지 않으면서도 다양한 랜드마크를 보고 싶고, 이것이 제게 새로운 자극과 즐거움을 주는 시간이 되었으면 합니다.력","이 사용자는 유럽 지역을 선호하고, 상관없음 기후를 피하고 싶어해요. 여행 목적은 액티비티이며, 콘도에서 머무는 걸 좋아하고 오전 10시 이후쯤 기상하는 편이에요.",,
815,꽤 민감,매우 수용적,매우 많다,자주 늦음,무조건 따름,4,보통,보통,해외,산,계획 여행,적당히 봄,코골이 함,기다림,"국내,유럽,중국&몽골","쌀쌀함,추움,습함","미식,기록,휴식","민박,콘도,상관없음",오전 8-9시,300-400만원,"저는 여행 중 쌀쌀하고 습한 기후를 피하고 싶어서 온도가 안 맞아 구경을 제대로 못 한 게 최악의 경험으로 남아 있습니다. 이번 여행에서는 편안한 숙소와 여유로운 휴식을 가장 중요하게 생각하고 있습니다. 함께 여행을 가고 싶은 사람은 저처럼 해외 여행을 좋아하고 계획된 일정을 즐기는 이였으면 합니다. 이번 여행에서 미식과 기록을 통해 새로운 경험을 얻고 싶고, 이는 제가 삶의 의미를 더 깊게 이해하는 계기가 되었으면 합니다. 다소 민감한 성격이지만 수용적인 자세로 다양한 것들을 받아들이며 즐기고 싶습니다.","이 사용자는 중국&몽골 지역을 선호하고, 쌀쌀함 기후를 피하고 싶어해요. 여행 목적은 휴식이며, 콘도에서 머무는 걸 좋아하고 오전 8-9시쯤 기상하는 편이에요.",,
816,매우 둔감,매우 수용적,매우 많다,보통,무조건 리드,2,둔감,꽤 빡빡하게,국내,산,즉흥 여행,적당히 봄,코골이 함,기다림,"일본,그 외,국내","건조함,추움,상관없음","자연감상,공연&경기관람,쇼핑","에어비엔비,민박,콘도",오전 10시 이후,200-300만원,"저는 여행 중에 최악의 경험은 건조하고 추운 날씨의 영향으로 발생할 수 있으며, 이를 피하고 싶습니다. 이번 여행에서는 제 의견을 열린 마음으로 들어줄 수 있는 사람과 함께 하고 싶습니다. 같이 여행을 가고 싶은 사람은 이야기하는 것을 좋아하고, 자유롭게 서로의 의견을 공유할 수 있는 사람입니다. 제가 이번 여행에서 가장 기대하는 것은 자연경관을 감상하고 공연과 경기를 즐기는 것입니다. 이 여행이 제 삶에 주는 의미는 일상에서 벗어나 새로운 경험을 통해 활력을 찾고, 계획이 아닌 즉흥적인 순간들을 통해 유연성을 키우는 것입니다.","이 사용자는 국내 지역을 선호하고, 추움 기후를 피하고 싶어해요. 여행 목적은 공연&경기관람이며, 콘도에서 머무는 걸 좋아하고 오전 10시 이후쯤 기상하는 편이에요.",,
817,꽤 민감,다소 완고,적다,꽤 정확,무조건 리드,4,꽤 민감,매우 빡빡하게,해외,산,계획 여행,적당히 봄,코골이 안함,다른 곳 간다,"그 외,세계일주,일본","쌀쌀함,추움,더움","공연&경기관람,기록,미식","민박,펜션,4-5성급호텔",오전 10시 이후,200-300만원,"저는 여행 중 기후가 너무 춥거나 더운 것을 피하지 못했을 때 최악의 경험을 했던 적이 있습니다. 그래서 이번 여행에서는 적당한 기온과 함께 미식을 충분히 즐길 수 있는 환경이 꼭 필요합니다. 함께 여행을 갈 사람으로는 저처럼 계획적으로 움직이며 시간 약속을 잘 지키고, 리드 역할을 존중할 수 있는 사람이면 좋겠습니다. 이번 여행에서 가장 기대하는 것은 이국적인 맛을 발견하고 기록하는 것이며, 이를 통해 제 삶에 새로운 영감을 얻고 싶습니다. 특히 일본에서의 경험을 통해 문화적인 깊이와 새로운 시야를 넓힐 수 있기를 바랍니다.","이 사용자는 일본 지역을 선호하고, 추움 기후를 피하고 싶어해요. 여행 목적은 미식이며, 민박에서 머무는 걸 좋아하고 오전 10시 이후쯤 기상하는 편이에요.",,
818,보통,매우 완고,매우 적다,자주 늦음,무조건 리드,5,매우 둔감,매우 빡빡하게,국내,바다,즉흥 여행,무조건 다 봄,코골이 함,다른 곳 간다,"중국&몽골,국내,유럽","더움,쌀쌀함,습함","사람&관계,공연&경기관람,도전과성장","게스트하우스,에어비엔비,펜션",오전 8-9시,100만원 이하,"저는 여행 중 계획에 없이 무작정 움직이는 것을 좋아하지만, 가끔 일정이 빡빡할 때나 시간 약속을 못 지킬 때 불편함을 느끼기도 합니다. 이번 여행에서는 공들여 준비한 공연이나 경기 관람이 가장 기대되며, 이를 통해 도전과 성장을 추구하고자 합니다. 함께 여행할 사람은 자신의 의견을 확고히 피력하는 것을 좋아하는 저와는 달리 이해심이 많고 유연한 사람이면 좋겠습니다. 중요한 것은 예산을 초과하지 않고도 다양한 경험을 할 수 있는 것입니다. 이번 여행을 통해 새로운 사람들과 관계를 형성하고 더 나은 미래로 나아가는 동기를 얻고 싶습니다.","이 사용자는 유럽 지역을 선호하고, 쌀쌀함 기후를 피하고 싶어해요. 여행 목적은 공연&경기관람이며, 펜션에서 머무는 걸 좋아하고 오전 8-9시쯤 기상하는 편이에요.",,
819,꽤 민감,수용적,많다,매우 정확,리드하는편,5,둔감,꽤 여유있게,해외,산,즉흥 여행,적당히 봄,코골이 안함,다른 곳 간다,"그 외,일본,중국&몽골","습함,건조함,쌀쌀함","미식,액티비티,기록","펜션,에어비엔비,4-5성급호텔",오전 10시 이후,100만원 이하,"저는 다양한 해외 지역을 여행하는 것을 즐기며, 특히 건조한 기후를 피하고 산을 방문하는 것을 선호합니다. 제게 여행 중 최악의 경험은 습하거나 쌀쌀한 날씨를 접하는 것인데, 이는 저의 민감한 성향 때문인 것 같습니다. 이번 여행에서는 맛있는 음식을 경험하며 액티비티를 즐기고 싶으며, 여행의 순간들을 기록하는 것이 목표입니다. 함께 여행하고 싶은 사람으로는 유연하고 대화가 잘 통하는 사람을 선호하며, 특히 즉흥적인 일정을 함께 즐길 수 있는 사람이면 좋겠습니다. 이번 여행이 제 삶에서 기록에 남을 특별한 추억이 되길 바랍니다.","이 사용자는 그 외 지역을 선호하고, 건조함 기후를 피하고 싶어해요. 여행 목적은 기록이며, 에어비엔비에서 머무는 걸 좋아하고 오전 10시 이후쯤 기상하는 편이에요.",,
820,보통,다소 완고,보통,종종 늦음,따르는 편,5,둔감,꽤 빡빡하게,해외,산,계획 여행,적당히 봄,코골이 안함,다른 곳 간다,"미국,세계일주,일본","추움,건조함,쌀쌀함","쇼핑,사람&관계,액티비티","상관없음,에어비엔비,3성이하 호텔",오전 8-9시,300-400만원,"저는 해외 여행을 계획하면서, 특히 미국이나 일본 같은 나라에서 많은 기대를 하게 됩니다. 여행에서 가장 기대하는 것은 새로운 사람들과의 관계 형성이며, 이를 통해 제 삶에 새로운 의미를 부여하고 싶습니다. 과거 여행 중에서 좋지 않았던 경험은 빡빡한 일정 속에 추운 날씨를 만나면서 체력적으로 힘들었던 적이 있었던 것 같습니다. 저와 함께 여행을 떠날 사람은 일정과 계획을 잘 따르며, 필요하면 유연하게 상황에 대처할 수 있는 사람을 선호합니다. 이번 여행에서는 일정에 필요한 것들이 제대로 준비되어 있어 예기치 못한 불편함을 피하고 싶은 마음이 큽니다.","이 사용자는 세계일주 지역을 선호하고, 추움 기후를 피하고 싶어해요. 여행 목적은 사람&관계이며, 3성이하 호텔에서 머무는 걸 좋아하고 오전 8-9시쯤 기상하는 편이에요.",,
821,매우 민감,수용적,보통,종종 늦음,따르는 편,3,매우 민감,꽤 여유있게,해외,산,계획 여행,무조건 다 봄,코골이 함,기다림,"미국,일본,동남아","습함,상관없음,추움","도전과성장,액티비티,문화&역사체험","콘도,펜션,민박",오전 8-9시,100만원 이하,"저는 여행 중에 특히 습하거나 추운 기후를 싫어하기 때문에 그와 관련된 불편함이 최악의 경험으로 남을 수 있습니다. 이번 여행에서는 여유로운 일정 속에서도 계획된 모든 랜드마크를 방문할 수 있도록 철저한 계획이 꼭 필요합니다. 함께 여행을 갈 사람은 시간을 잘 지키고 서로의 의견을 수용하며, 청결에 민감한 저와 잘 맞아야 합니다. 액티비티와 문화, 역사 체험이 기대되어 있으며, 이를 통해 도전하고 성장하는 계기가 되기를 바랍니다. 예산 안에서 최대한의 경험을 하고 싶고, 이는 저의 삶에 긍정적인 변화를 가져다줄 것으로 기대합니다.","이 사용자는 동남아 지역을 선호하고, 상관없음 기후를 피하고 싶어해요. 여행 목적은 액티비티이며, 민박에서 머무는 걸 좋아하고 오전 8-9시쯤 기상하는 편이에요.",,
822,매우 둔감,보통,적다,종종 늦음,무조건 따름,2,꽤 민감,꽤 빡빡하게,국내,산,계획 여행,적당히 봄,코골이 안함,다른 곳 간다,"일본,중국&몽골,국내","추움,습함,상관없음","미식,자연감상,사람&관계","상관없음,콘도,펜션",오전 10시 이후,400만원 이상,"여행 중 최악의 경험은 아마도 예정된 계획을 지키지 못하거나 예상 외로 습한 날씨에 맞닥뜨리는 상황일 것입니다. 이번 여행에서는 특정 요구 사항이 없는 편이라도 미식 여행을 위한 좋은 맛집들이 꼭 필요합니다. 함께 여행하고 싶은 사람은 의사소통이 원활하고 계획을 잘 따르는 사람일 것입니다. 이번 여행에서 가장 기대되는 것은 자연 감상과 맛있는 음식을 즐기는 것이며, 여행이 제 삶에 가져다줄 의미는 일상에서 벗어나 새로운 경험을 통해 인간관계를 넓히고, 재충전을 하는 것입니다. 산을 좋아하기에 자연 감상 중심의 계획을 세워 여러 명소를 적당히 둘러보려 합니다.","이 사용자는 일본 지역을 선호하고, 습함 기후를 피하고 싶어해요. 여행 목적은 미식이며, 펜션에서 머무는 걸 좋아하고 오전 10시 이후쯤 기상하는 편이에요.",,
823,꽤 민감,매우 완고,적다,종종 늦음,무조건 리드,2,보통,보통,해외,산,계획 여행,적당히 봄,코골이 안함,다른 곳 간다,"유럽,국내,중국&몽골","추움,더움,습함","문화&역사체험,사람&관계,휴식","4-5성급호텔,민박,펜션",오전 8-9시,200-300만원,"여행 중 최악의 경험은 아마도 계획에 없던 웨이팅 상황일 것 같아요. 사람들과의 관계를 중요한 여행 목적 중 하나로 삼고 있기에, 어울리기 괜찮은 사람들과 함께라면 비교적 여행이 수월할 것 같아요. 그래서 같이 여행을 가고 싶은 사람은 편안하고 이해심 있는 사람이면 좋겠습니다. 이번 여행에서는 문화와 역사 체험을 통해 새로운 시각을 얻고 싶고, 머무는 숙소에서는 민박 같은 아늑한 공간에서의 편안함을 기대하고 있어요. 여행이 제 삶에 새로운 의미를 더해주고, 새로운 인연을 통해 성장할 수 있는 기회가 되었으면 합니다.","이 사용자는 유럽 지역을 선호하고, 습함 기후를 피하고 싶어해요. 여행 목적은 사람&관계이며, 민박에서 머무는 걸 좋아하고 오전 8-9시쯤 기상하는 편이에요.",,
824,보통,다소 완고,많다,보통,보통,4,매우 둔감,매우 여유있게,해외,바다,즉흥 여행,무조건 다 봄,코골이 함,기다림,"중국&몽골,국내,유럽","더움,쌀쌀함,상관없음","휴식,액티비티,기록","펜션,콘도,게스트하우스",오전 8-9시,100만원 이하,"여행 중 최악의 경험은 예기치 않은 기후 변화로 인해 계획이 틀어지거나 체력 소모가 심해지는 경우로, 이를 피하기 위해 기후에 큰 영향을 받지 않는 중국&몽골 지역을 선호합니다. 이번 여행에서 꼭 필요한 것은 여유로운 일정과 같이 여행하는 사람들의 이해심이며, 즉흥적인 상황에서도 리더십을 발휘할 수 있는 동행자를 선호합니다. 여행에서 가장 기대하는 것은 바다에서의 여유로운 액티비티와 충분한 휴식인데, 특히 펜션이나 게스트하우스 같은 편안한 숙소에서 아침에 느긋하게 일어나 즐기는 시간을 중요하게 생각합니다. 이번 여행이 삶에 가져다줄 의미는 기록에 남을만한 특별한 추억과 함께 힐링의 시간이 되는 것입니다.","이 사용자는 중국&몽골 지역을 선호하고, 상관없음 기후를 피하고 싶어해요. 여행 목적은 휴식이며, 펜션에서 머무는 걸 좋아하고 오전 8-9시쯤 기상하는 편이에요.",,
825,둔감,수용적,적다,자주 늦음,무조건 따름,3,매우 민감,꽤 여유있게,해외,바다,계획 여행,적당히 봄,코골이 함,기다림,"중국&몽골,국내,동남아","상관없음,습함,더움","기록,휴식,문화&역사체험","3성이하 호텔,민박,펜션",오전 10시 이후,400만원 이상,"저는 해외 여행을 선호하며, 특히 동남아시아 지역을 좋아합니다. 가장 기대하는 것은 문화와 역사 체험을 통해 기록을 남기는 것이며, 느긋한 일정을 보내고 싶습니다. 여행 중 최악의 경험은 아마도 청결하지 않은 환경일 것이고, 그 점에서 3성 이하의 호텔이라도 청결한 곳을 찾고자 합니다. 이번 여행에서 중요한 것은 편안히 휴식할 수 있는 시간이며, 같이 여행을 가고 싶은 사람은 제가 계획하는 것에 잘 따라주고 의견을 존중해주는 파트너입니다. 이러한 여행은 제 삶에 여유로움과 풍부한 문화적 경험을 더해줄 의미를 가집니다.","이 사용자는 동남아 지역을 선호하고, 상관없음 기후를 피하고 싶어해요. 여행 목적은 휴식이며, 3성이하 호텔에서 머무는 걸 좋아하고 오전 10시 이후쯤 기상하는 편이에요.",,
826,꽤 민감,다소 완고,보통,종종 늦음,무조건 따름,2,보통,매우 여유있게,국내,바다,계획 여행,무조건 다 봄,코골이 안함,다른 곳 간다,"유럽,중국&몽골,미국","쌀쌀함,상관없음,추움","휴식,공연&경기관람,자연감상","에어비엔비,민박,콘도",오전 8-9시,200-300만원,"저는 여행 중에 예상치 못하게 일정이 꼬이거나 불쾌한 기후에 처하면 최악의 경험이라고 생각합니다. 이번 여행에서 꼭 필요한 것은 여유로운 일정 속에서 자연을 감상할 수 있는 기회이며, 콘도와 같은 편안한 숙소가 필수적입니다. 같이 여행을 가고 싶은 사람은 저와 계획을 잘 맞추고 휴식과 자연 감상을 중요시하는 사람입니다. 이번 여행에서는 새로운 자연 환경을 경험하는 순간을 가장 기대하며, 이를 통해 일상에서의 스트레스를 해소하고 삶에 새로운 활력을 더하고 싶습니다. 여행을 통해 일상과 다른 여유로운 시간을 보내며 저 자신에게 긍정적인 에너지를 주입하고 싶습니다.","이 사용자는 중국&몽골 지역을 선호하고, 상관없음 기후를 피하고 싶어해요. 여행 목적은 자연감상이며, 콘도에서 머무는 걸 좋아하고 오전 8-9시쯤 기상하는 편이에요.",,
827,매우 둔감,보통,적다,꽤 정확,무조건 따름,1,꽤 민감,매우 여유있게,해외,산,계획 여행,적당히 봄,코골이 함,다른 곳 간다,"세계일주,국내,동남아","상관없음,쌀쌀함,추움","액티비티,기록,도전과성장","게스트하우스,4-5성급호텔,민박",오전 10시 이후,400만원 이상,"저는 여행 중 최악의 경험으로는 예기치 않은 웨이팅과 그로 인해 다른 계획이 어긋났던 순간들을 꼽습니다. 이번 여행에서는 여유로운 일정 속에서도 기록을 남길 수 있는 시간이 꼭 있었으면 좋겠고, 체력이 낮은 편이라 일정이 너무 빡빡하지 않았으면 합니다. 함께 여행하고 싶은 사람은 소통이 잘 되고 무리한 리더십 없이 같이 계획을 만들어 가는 사람입니다. 이번 여행에서 가장 기대하는 것은 새로운 도전과 성장을 경험하는 것이며, 삶의 다양한 면모를 기록해 남기고 싶습니다. 이를 통해 여행이 제 삶에 새로운 의미와 즐거움을 더해주는 계기가 되길 바랍니다.","이 사용자는 국내 지역을 선호하고, 추움 기후를 피하고 싶어해요. 여행 목적은 기록이며, 게스트하우스에서 머무는 걸 좋아하고 오전 10시 이후쯤 기상하는 편이에요.",,
828,보통,매우 완고,적다,자주 늦음,무조건 따름,2,둔감,매우 빡빡하게,국내,산,계획 여행,적당히 봄,코골이 안함,기다림,"유럽,국내,동남아","습함,쌀쌀함,건조함","액티비티,문화&역사체험,기록","에어비엔비,게스트하우스,3성이하 호텔",오전 8-9시,300-400만원,"저는 여행 중 습하고 쌀쌀한 날씨 때문에 불편했던 경험이 있어 그런 기후를 피하고 싶습니다. 이번 여행에서는 에어비앤비와 같은 아늑한 숙소에서 아침 8~9시에 일어나 체력적으로 부담되지 않도록 철저히 계획된 일정이 중요합니다. 말수가 적고 의견이 완고한 편이라 함께 여행할 사람은 저와 잘 어울리면서도 인내심 있는 사람을 선호합니다. 특히, 유럽의 역사와 문화를 체험하며 액티비티에 참여할 기회를 기대하고 있으며, 기록을 통해 여행의 순간들을 잊지 않고 기억하고 싶습니다. 이번 여행이 자주 늦는 습관에서 벗어나 시간 관리에 조금 더 성숙해지는 계기가 되었으면 합니다.","이 사용자는 유럽 지역을 선호하고, 쌀쌀함 기후를 피하고 싶어해요. 여행 목적은 액티비티이며, 에어비엔비에서 머무는 걸 좋아하고 오전 8-9시쯤 기상하는 편이에요.",,
829,둔감,매우 완고,많다,매우 정확,무조건 리드,5,둔감,꽤 여유있게,해외,산,계획 여행,무조건 다 봄,코골이 안함,다른 곳 간다,"국내,세계일주,중국&몽골","더움,습함,건조함","도전과성장,액티비티,기록","콘도,게스트하우스,상관없음",오전 8-9시,400만원 이상,"저는 여행 중 더운 기후와 습한 것을 피하려다 보니 날씨 때문에 여행이 망쳤던 경험이 있습니다. 이번 여행에서는 액티비티를 충분히 즐기기 위해 정확하고 섬세한 일정 계획이 무엇보다 중요합니다. 함께 가고 싶은 사람은 저처럼 의견이 뚜렷하고 활발한 대화를 즐기는 사람입니다. 이번 여행에서는 여러 랜드마크를 다니며 새로운 도전을 통해 성장하는 것을 가장 기대하고 있습니다. 여행이 제 삶에 새로운 기록과 도전의 의미를 남기길 바라며, 이 경험이 앞으로 세계 일주 꿈을 이뤄가는 데 밑바탕이 되었으면 합니다.","이 사용자는 중국&몽골 지역을 선호하고, 건조함 기후를 피하고 싶어해요. 여행 목적은 액티비티이며, 게스트하우스에서 머무는 걸 좋아하고 오전 8-9시쯤 기상하는 편이에요.",,
830,매우 민감,수용적,많다,매우 정확,보통,1,둔감,매우 여유있게,국내,산,계획 여행,적당히 봄,코골이 함,기다림,"유럽,일본,동남아","더움,쌀쌀함,상관없음","기록,쇼핑,도전과성장","상관없음,콘도,민박",오전 10시 이후,100만원 이하,"저는 여행 중 체력이 낮아 힘든 상황이 최악의 경험이 될 수 있다고 생각합니다. 그래서 이번 여행에서는 충분한 휴식 시간을 확보해 체력을 보충할 수 있는 여유로운 일정이 꼭 필요합니다. 함께하는 사람은 시간을 잘 지키며, 서로의 의견을 수용할 수 있는 사람이라면 좋겠습니다. 이번 여행에서 가장 기대하는 것은 유럽에서의 쇼핑을 통해 새로운 경험을 쌓고 기록하는 것입니다. 결과적으로 이번 여행은 도전하고 성장할 수 있는 중요한 계기가 되었으면 합니다.","이 사용자는 유럽 지역을 선호하고, 더움 기후를 피하고 싶어해요. 여행 목적은 쇼핑이며, 콘도에서 머무는 걸 좋아하고 오전 10시 이후쯤 기상하는 편이에요.",,
831,꽤 민감,보통,많다,보통,무조건 따름,4,둔감,꽤 여유있게,국내,바다,계획 여행,무조건 다 봄,코골이 함,다른 곳 간다,"중국&몽골,유럽,동남아","상관없음,습함,추움","자연감상,휴식,기록","게스트하우스,에어비엔비,민박",오전 8-9시,100만원 이하,"여행 중 최악의 경험은 코골이로 인해 잠을 설쳐 체력이 떨어지는 상황입니다. 그래서 이번 여행에서는 편안한 잠자리가 꼭 필요합니다. 같이 여행하고 싶은 사람은 의견을 잘 조율하고, 제가 자연을 감상하고 기록하는 데 함께 공감할 수 있는 사람입니다. 이번 여행에서 가장 기대하는 것은 유럽의 아름다운 자연을 여유롭게 감상하며 휴식하는 것입니다. 이러한 경험이 제 삶에 단순히 여유로움을 주는 것을 넘어, 감정을 기록으로 남겨 소중한 추억으로 오래 간직하고 싶습니다.","이 사용자는 유럽 지역을 선호하고, 습함 기후를 피하고 싶어해요. 여행 목적은 자연감상이며, 에어비엔비에서 머무는 걸 좋아하고 오전 8-9시쯤 기상하는 편이에요.",,
832,둔감,매우 완고,매우 많다,꽤 정확,무조건 리드,3,둔감,매우 여유있게,국내,산,계획 여행,무조건 다 봄,코골이 함,기다림,"중국&몽골,미국,그 외","추움,건조함,더움","문화&역사체험,액티비티,도전과성장","3성이하 호텔,콘도,4-5성급호텔",오전 10시 이후,100만원 이하,"여행 중 가장 싫어하는 경험은 너무 더운 날씨에 불편해지는 것입니다. 그래서 이번 여행에서는 쾌적한 기후가 필수적이라고 생각합니다. 함께 여행하고 싶은 사람은 제가 리드할 수 있으며, 말이 잘 통하고 저처럼 유연하게 행동할 수 있는 사람이면 좋겠습니다. 이번 여행에서 가장 기대하는 것은 다양한 문화와 역사를 배우며 새로운 것을 경험하는 것이며, 이러한 경험들이 제 성장을 자극했으면 합니다. 이 여행이 제 삶에 중요한 의미로 남아 도전과 성장을 위한 계기가 되었으면 좋겠습니다.","이 사용자는 그 외 지역을 선호하고, 더움 기후를 피하고 싶어해요. 여행 목적은 문화&역사체험이며, 3성이하 호텔에서 머무는 걸 좋아하고 오전 10시 이후쯤 기상하는 편이에요.",,
833,매우 둔감,다소 완고,많다,매우 정확,보통,5,보통,매우 빡빡하게,국내,바다,즉흥 여행,무조건 다 봄,코골이 안함,기다림,"미국,유럽,세계일주","상관없음,더움,건조함","액티비티,사람&관계,미식","펜션,3성이하 호텔,상관없음",오전 8-9시,200-300만원,"저는 국내 여행을 선호하며 바다를 좋아합니다. 여행 중 최악의 경험은 일정이 너무 빡빡해 피로가 심해질 때인데, 그럼에도 불구하고 계획 없이 즉흥적으로 움직이는 걸 좋아합니다. 이번 여행에서는 다양한 랜드마크를 꼭 보고 싶고, 액티비티와 새로운 인연을 맺는 데 기대가 큽니다. 같이 여행을 가고 싶은 사람은 저처럼 말이 많고, 여러 의견에도 쉽게 흔들리지 않는 사람이면 좋겠습니다. 이번 여행이 제 삶에 활력을 불어넣고, 새로운 사람들과의 관계 형성에 큰 의미를 두고 싶습니다.","이 사용자는 미국 지역을 선호하고, 더움 기후를 피하고 싶어해요. 여행 목적은 사람&관계이며, 펜션에서 머무는 걸 좋아하고 오전 8-9시쯤 기상하는 편이에요.",,
834,매우 둔감,매우 완고,보통,꽤 정확,무조건 리드,5,둔감,보통,국내,산,즉흥 여행,적당히 봄,코골이 함,기다림,"국내,중국&몽골,세계일주","더움,습함,건조함","공연&경기관람,휴식,사람&관계","4-5성급호텔,펜션,게스트하우스",오전 10시 이후,400만원 이상,저는 여행 중 가장 싫어하는 건 더운 날씨입니다. 그래서 이번 여행에서는 시원한 기후가 꼭 필요합니다. 함께 여행하고 싶은 사람은 제가 계획 없이 즉흥적으로 움직이더라도 믿고 따라와 줄 수 있는 편안한 사람입니다. 이번 여행에서는 공연이나 경기를 관람하며 휴식을 취하는 것이 가장 기대됩니다. 그러한 경험이 제게는 단순한 휴식 이상의 사람과의 소중한 관계를 맺고 삶에 새로운 활력을 불어넣는 의미가 있을 것입니다.,"이 사용자는 세계일주 지역을 선호하고, 더움 기후를 피하고 싶어해요. 여행 목적은 휴식이며, 펜션에서 머무는 걸 좋아하고 오전 10시 이후쯤 기상하는 편이에요.",,
835,꽤 민감,수용적,매우 많다,종종 늦음,무조건 리드,4,매우 민감,매우 여유있게,국내,산,계획 여행,적당히 봄,코골이 함,기다림,"유럽,그 외,동남아","습함,쌀쌀함,건조함","미식,도전과성장,문화&역사체험","에어비엔비,민박,상관없음",오전 9-10시,300-400만원,"저는 여행 중 습한 기후로 인해 불편했던 경험이 최악이었다고 생각해요. 그래서 이번 여행에서는 쾌적한 날씨와 함께 아침 9-10시에 일어나는 여유를 즐기고 싶습니다. 함께 여행을 갈 사람은 대화를 많이 할 수 있고, 나의 의견을 잘 수용하는 성격의 소유자였으면 좋겠어요. 이번 여행에서는 다양한 미식 체험과 문화·역사 탐방을 통해 새로운 도전과 성장을 기대하고 있습니다. 이러한 경험들이 제 삶에 새로운 시각과 의미를 더해주기를 바랍니다.","이 사용자는 그 외 지역을 선호하고, 습함 기후를 피하고 싶어해요. 여행 목적은 미식이며, 민박에서 머무는 걸 좋아하고 오전 9-10시쯤 기상하는 편이에요.",,
836,매우 민감,수용적,매우 적다,보통,따르는 편,4,매우 민감,꽤 여유있게,해외,산,계획 여행,적당히 봄,코골이 함,기다림,"중국&몽골,세계일주,유럽","건조함,상관없음,더움","기록,도전과성장,자연감상","콘도,민박,3성이하 호텔",오전 8-9시,300-400만원,저는 여행 중 불쾌한 경험으로 건조한 기후를 꼽을 수 있습니다. 따라서 이번 여행에서는 적절한 보습 아이템이 꼭 필요하다고 생각해요. 함께 여행하고 싶은 사람은 민감한 저를 이해하고 적당히 침착하며 말이 많은 사람보다는 차분한 사람을 선호합니다. 이번 여행에서 자연을 감상하고 도전과 성장을 통해 새로운 기록을 남길 수 있기를 기대하고 있습니다. 이를 통해 제 삶에서의 의미 있는 성장을 이루고 싶습니다.,"이 사용자는 세계일주 지역을 선호하고, 상관없음 기후를 피하고 싶어해요. 여행 목적은 도전과성장이며, 민박에서 머무는 걸 좋아하고 오전 8-9시쯤 기상하는 편이에요.",,
837,보통,보통,많다,종종 늦음,무조건 따름,1,매우 둔감,매우 빡빡하게,국내,바다,계획 여행,무조건 다 봄,코골이 안함,다른 곳 간다,"유럽,그 외,미국","쌀쌀함,습함,상관없음","쇼핑,액티비티,미식","4-5성급호텔,펜션,민박",오전 9-10시,400만원 이상,"여행 중 최악의 경험은 계획에 없던 쌀쌀한 기후를 만나는 것입니다. 이번 여행에서는 특히나 모든 랜드마크를 다 보는 것과 쇼핑을 포기할 수 없습니다. 같이 여행 가고 싶은 사람은 계획을 잘 따르는 이들이며, 리더십을 발휘하지 않는 제가 편안히 따를 수 있는 사람이고 싶습니다. 이번 여행에서 가장 기대하는 것은 쇼핑과 국내 다양한 바다에서의 액티비티이며, 이는 제 삶에 새로운 활력을 불어넣어 줄 중요한 기회가 될 것입니다. 틀에 맞춘 계획된 여행을 선호하는 만큼, 이 여행은 일상의 반복에서 벗어나 새로운 경험과 추억을 쌓는 의미를 가질 것입니다.","이 사용자는 그 외 지역을 선호하고, 상관없음 기후를 피하고 싶어해요. 여행 목적은 쇼핑이며, 민박에서 머무는 걸 좋아하고 오전 9-10시쯤 기상하는 편이에요.",,
838,매우 둔감,수용적,많다,자주 늦음,리드하는편,2,매우 민감,꽤 여유있게,국내,바다,계획 여행,무조건 다 봄,코골이 함,기다림,"동남아,그 외,일본","건조함,상관없음,추움","공연&경기관람,쇼핑,액티비티","민박,에어비엔비,상관없음",오전 10시 이후,100만원 이하,"저는 여행 중에 시간을 잘 지키지 못해 계획이 틀어지는 경험이 최악이었어요, 그래서 이번 여행에서는 여유 있는 일정이 꼭 필요해요. 같이 여행을 가고 싶은 사람은 제 의견을 수용해주고 리드해주는 역할을 나누어 맡을 수 있는 사람이에요. 이번 여행에서는 바다를 보며 공연이나 경기를 관람하고, 쇼핑을 즐기는 것을 가장 기대하고 있어요. 이런 경험들이 제 삶에 활력을 불어넣고 스트레스를 푸는데 큰 의미가 되기를 바라요. 민박이나 에어비앤비에 머물며 청결한 환경에서 편히 쉬고 싶어요.","이 사용자는 그 외 지역을 선호하고, 건조함 기후를 피하고 싶어해요. 여행 목적은 쇼핑이며, 민박에서 머무는 걸 좋아하고 오전 10시 이후쯤 기상하는 편이에요.",,
839,매우 둔감,매우 수용적,적다,종종 늦음,리드하는편,2,둔감,매우 빡빡하게,해외,바다,즉흥 여행,무조건 다 봄,코골이 함,기다림,"유럽,그 외,국내","건조함,습함,추움","기록,쇼핑,도전과성장","콘도,펜션,에어비엔비",오전 9-10시,400만원 이상,"저는 여행 중 최악의 경험으로 대체로 날씨가 추운 지역에서의 불편함을 꼽을 것 같습니다. 그래서 이번 여행에서는 날씨가 따뜻한 유럽이나 그 외 지역에서 쇼핑과 즐길 거리를 찾고자 합니다. 동행자로는 제가 적은 말에도 편하게 지낼 수 있는, 수용적인 태도를 가진 사람과 함께하면 좋을 것 같아요. 이번 여행에서 다양한 랜드마크를 모두 보며 즉흥적인 순간들을 즐기는 것이 가장 기대됩니다. 이러한 경험이 저에게 새로운 도전과 성장을 느끼게 해주는 의미 있는 시간이 되었으면 합니다.","이 사용자는 그 외 지역을 선호하고, 추움 기후를 피하고 싶어해요. 여행 목적은 쇼핑이며, 펜션에서 머무는 걸 좋아하고 오전 9-10시쯤 기상하는 편이에요.",,
840,매우 민감,매우 수용적,많다,자주 늦음,무조건 따름,3,보통,꽤 빡빡하게,국내,바다,계획 여행,적당히 봄,코골이 함,다른 곳 간다,"국내,유럽,중국&몽골","추움,건조함,상관없음","휴식,문화&역사체험,미식","4-5성급호텔,게스트하우스,상관없음",오전 9-10시,200-300만원,"여행 중 최악의 경험은 늦게 도착해 일정이 망가지는 것인데, 이번 여행에서는 계획적으로 시간을 잘 관리하고 싶어요. 이번 여행에서 반드시 포함되길 바라는 것은 미식 경험이지만, 짐을 잔뜩 지고 이동하는 것만은 피하고 싶습니다. 여행 동반자로는 수용적이고 리더십을 따를 수 있는 사람을 선호하며, 그들과 함께 문화와 역사 체험을 기대해요. 특히 이번 여행은 제 일상에서 벗어나 휴식을 취하고 새로운 경험을 통한 자기 충전의 기회가 되었으면 합니다. 이러한 여행이 앞으로의 삶에 활력이 되기를 바랍니다.","이 사용자는 국내 지역을 선호하고, 상관없음 기후를 피하고 싶어해요. 여행 목적은 미식이며, 4-5성급호텔에서 머무는 걸 좋아하고 오전 9-10시쯤 기상하는 편이에요.",,
841,둔감,보통,많다,꽤 정확,무조건 리드,3,매우 둔감,매우 빡빡하게,국내,바다,즉흥 여행,적당히 봄,코골이 안함,기다림,"유럽,일본,그 외","더움,건조함,쌀쌀함","쇼핑,미식,휴식","상관없음,에어비엔비,민박",오전 10시 이후,400만원 이상,"저는 여행 중에는 빡빡한 일정을 좋아하지만, 이번 여행에서는 미식 경험을 더욱 기대하고 있습니다. 과거 여행에서 더운 기후를 경험한 것이 최악이었기에, 이번에는 쾌적한 유럽 지역을 선택하여 기후가 불편하지 않도록 주의하고 싶어요. 함께 여행할 사람이라면 대화를 많이 나눌 수 있고, 즉흥적인 계획에도 잘 맞춰주는 동행자를 선호합니다. 이번 여행이 저에게 새로운 음식들을 맛보고 휴식할 수 있는 시간이 되기를 바라며, 삶에 있어서도 소중한 추억으로 남았으면 좋겠습니다. 또한, 여행 중에는 민박이나 에어비엔비에서 느긋하게 머물러 보는 것을 계획하고 있습니다.","이 사용자는 유럽 지역을 선호하고, 건조함 기후를 피하고 싶어해요. 여행 목적은 미식이며, 민박에서 머무는 걸 좋아하고 오전 10시 이후쯤 기상하는 편이에요.",,
842,둔감,수용적,적다,보통,따르는 편,3,매우 민감,꽤 빡빡하게,해외,산,계획 여행,무조건 다 봄,코골이 안함,다른 곳 간다,"일본,미국,세계일주","추움,습함,상관없음","기록,사람&관계,자연감상","3성이하 호텔,에어비엔비,펜션",오전 10시 이후,200-300만원,"여행 중 최악의 경험은 아마도 추운 기후와 습한 환경을 만나는 것일 겁니다. 그렇기 때문에 저는 날씨에 대한 철저한 준비를 하고 싶고, 특히 기록을 남길 수 있는 카메라나 노트 등은 절대 잊으면 안 될 필수 아이템입니다. 같은 여행자는 조용하지만 수용적인 태도를 가진 사람이라면 더욱 좋겠고, 그들과 사람과의 관계를 형성하며 자연을 감상하는 것이 큰 기대입니다. 이번 여행이 삶에서 다른 문화와의 교류를 통해 인간관계를 넓히고, 개인적인 기록을 남기는 기회가 됐으면 합니다. 여행의 의미는 단순한 휴식이 아닌, 계획적이고 의미 있는 경험을 쌓는 데 있습니다.","이 사용자는 일본 지역을 선호하고, 추움 기후를 피하고 싶어해요. 여행 목적은 사람&관계이며, 에어비엔비에서 머무는 걸 좋아하고 오전 10시 이후쯤 기상하는 편이에요.",,
843,둔감,매우 완고,매우 적다,매우 정확,리드하는편,3,매우 민감,꽤 여유있게,해외,바다,즉흥 여행,무조건 다 봄,코골이 안함,다른 곳 간다,"그 외,일본,세계일주","건조함,습함,더움","기록,자연감상,휴식","4-5성급호텔,콘도,상관없음",오전 9-10시,400만원 이상,"저는 여행 중 기후가 매우 덥거나 습한 경우가 최악의 경험이 될 수 있습니다. 이번 여행에서는 자연을 감상할 수 있는 여유로운 일정이 꼭 있었으면 좋겠고, 함께 여행할 사람은 너무 부지런하지 않고 청결을 중요시하는 사람이었으면 합니다. 저는 이번 여행에서 일본의 자연을 감상하는 것에 가장 기대하고 있으며, 랜드마크를 모두 확인하는 순간을 즐기고 싶습니다. 이번 여행을 통해 일상에서의 긴장을 풀고 추억을 기록하는 의미 있는 시간이 되었으면 합니다.","이 사용자는 일본 지역을 선호하고, 더움 기후를 피하고 싶어해요. 여행 목적은 자연감상이며, 상관없음에서 머무는 걸 좋아하고 오전 9-10시쯤 기상하는 편이에요.",,
844,매우 둔감,보통,적다,매우 정확,따르는 편,3,꽤 민감,매우 여유있게,국내,바다,즉흥 여행,적당히 봄,코골이 함,기다림,"국내,그 외,일본","상관없음,습함,건조함","사람&관계,문화&역사체험,도전과성장","게스트하우스,민박,상관없음",오전 9-10시,100만원 이하,"저는 여행 중 최악의 경험으로 일정이 빡빡한 여행을 꼽고 싶어요. 이번 여행에서는 시간을 자유롭게 사용할 수 있는 여유 있는 일정이 꼭 필요합니다. 여행을 함께하고 싶은 사람은 침착하고 조용하면서도 약속을 잘 지키는 사람이면 좋겠습니다. 이번 여행에서 가장 기대하는 것은 새로운 문화를 배우고 경험하면서 저에게 도전과 성장을 가져다 주는 것입니다. 그로 인해 제 삶에 다양한 사람들과의 관계를 풍부하게 하고, 새로운 시각을 열어주는 의미 있는 여행이 되길 바랍니다.","이 사용자는 그 외 지역을 선호하고, 건조함 기후를 피하고 싶어해요. 여행 목적은 도전과성장이며, 상관없음에서 머무는 걸 좋아하고 오전 9-10시쯤 기상하는 편이에요.",,
845,매우 민감,다소 완고,매우 적다,매우 정확,보통,2,매우 민감,매우 여유있게,해외,바다,즉흥 여행,적당히 봄,코골이 함,기다림,"일본,동남아,그 외","쌀쌀함,더움,추움","미식,쇼핑,문화&역사체험","민박,3성이하 호텔,상관없음",오전 10시 이후,200-300만원,"저는 여행 중 더운 기후나 추운 기후 때문에 불편해지는 것이 가장 싫어 이러한 기후를 피하는 것이 중요합니다. 여행에서는 계획이 아닌 즉흥적인 순간을 즐기고 싶지만, 여유로운 일정을 유지하며 새로운 문화와 역사를 체험하는 것을 기대합니다. 특히 동남아의 미식을 즐기고 싶고, 쇼핑을 통해 이국적인 물건을 발견하는 것이 큰 기쁨이 될 것입니다. 함께 여행할 사람 중에서는 청결하고 약속 시간에 정확한 사람을 선호하여 조화로운 여행을 하고 싶습니다. 이번 여행은 새로운 경험과 기억을 쌓아 제 삶에 작은 활력과 변화를 주기를 바랍니다.","이 사용자는 그 외 지역을 선호하고, 더움 기후를 피하고 싶어해요. 여행 목적은 쇼핑이며, 상관없음에서 머무는 걸 좋아하고 오전 10시 이후쯤 기상하는 편이에요.",,
846,매우 둔감,다소 완고,매우 많다,꽤 정확,리드하는편,4,둔감,보통,해외,산,즉흥 여행,무조건 다 봄,코골이 함,다른 곳 간다,"유럽,세계일주,중국&몽골","쌀쌀함,건조함,습함","미식,액티비티,쇼핑","에어비엔비,상관없음,펜션",오전 10시 이후,100만원 이하,"저는 예전에 쌀쌀하고 습한 기후 때문에 힘든 여행을 한 적이 있어요. 그래서 이번 여행에서는 그런 기후를 피하고 싶고, 편안한 여행을 위해 에어비엔비에서 머물고 싶어요. 함께 여행할 사람으로는 저와 함께 즉흥적인 계획에도 즐겁게 참여할 수 있는 사람을 선호하며, 대화가 잘 통하는 친구가 함께라면 더욱 좋겠어요. 여행 중에는 유럽의 다양한 미식 체험과 현지 쇼핑을 가장 기대하고 있어요. 이번 여행이 제 삶에 있어서 새로운 에너지를 주고 여러 방면에서 영감을 주는 시간이 되었으면 합니다.","이 사용자는 유럽 지역을 선호하고, 쌀쌀함 기후를 피하고 싶어해요. 여행 목적은 쇼핑이며, 에어비엔비에서 머무는 걸 좋아하고 오전 10시 이후쯤 기상하는 편이에요.",,
847,매우 민감,보통,많다,종종 늦음,무조건 따름,3,매우 민감,매우 여유있게,해외,산,계획 여행,적당히 봄,코골이 안함,다른 곳 간다,"세계일주,국내,중국&몽골","더움,건조함,상관없음","쇼핑,자연감상,문화&역사체험","콘도,펜션,3성이하 호텔",오전 9-10시,400만원 이상,"여행 중 최악의 경험은 시간에 맞추지 못해 계획이 틀어진 경우였어요. 그래서 이번 여행에서는 반드시 있기를 바라는 것은 철저한 일정 관리입니다. 함께 여행하고 싶은 사람은 제 의견을 잘 수용하고 청결함에 신경을 쓰는 사람입니다. 이번 여행에서 가장 기대하는 것은 다양한 자연과 문화를 경험하며 세계 곳곳을 둘러보는 것이에요. 이번 여행을 통해 새로운 영감을 얻고, 제 삶에 긍정적인 변화를 가져오길 바라고 있습니다.","이 사용자는 세계일주 지역을 선호하고, 상관없음 기후를 피하고 싶어해요. 여행 목적은 쇼핑이며, 펜션에서 머무는 걸 좋아하고 오전 9-10시쯤 기상하는 편이에요.",,
848,보통,보통,적다,보통,보통,4,꽤 민감,매우 빡빡하게,해외,산,즉흥 여행,무조건 다 봄,코골이 함,기다림,"중국&몽골,동남아,일본","습함,더움,추움","문화&역사체험,미식,사람&관계","3성이하 호텔,에어비엔비,펜션",오전 10시 이후,300-400만원,"이번 여행에서 가장 기대하는 것은 문화와 역사 체험, 그리고 다양한 사람들과의 새로운 관계를 맺는 것입니다. 따라서 이번 여행에서는 로컬 음식과 역사적인 랜드마크를 놓치고 싶지 않아요. 하지만 습함, 더움, 추운 기후는 피하고 싶기 때문에 기온이 적당한 날씨가 중요합니다. 예전 여행에서 기상 시간이 늦어 계획된 일정에 차질이 생겼던 적이 있어, 이번에는 유연하게 즉흥적으로 일정을 조정하며 보다 즐겁게 여행을 하고 싶습니다. 함께 여행하고 싶은 사람은 서로의 의견을 존중할 수 있는 사람이면 좋겠고, 이번 여행이 새로운 경험을 통해 제 삶에 더욱 풍요로운 의미를 더해주기를 바랍니다.","이 사용자는 중국&몽골 지역을 선호하고, 추움 기후를 피하고 싶어해요. 여행 목적은 사람&관계이며, 에어비엔비에서 머무는 걸 좋아하고 오전 10시 이후쯤 기상하는 편이에요.",,
849,보통,보통,보통,보통,보통,2,꽤 민감,꽤 여유있게,국내,바다,즉흥 여행,적당히 봄,코골이 함,다른 곳 간다,"세계일주,미국,일본","더움,건조함,쌀쌀함","액티비티,기록,도전과성장","게스트하우스,에어비엔비,3성이하 호텔",오전 8-9시,100만원 이하,"저는 여행 중에 무더운 날씨나 쌀쌀한 기후가 불편함을 줄 수 있어 이를 피하고자 합니다. 여행 시 편안한 숙박 환경인 에어비앤비가 꼭 필요하며, 아침 8-9시쯤 적당히 여유로운 일정으로 시작하는 것을 선호합니다. 함께 여행하고 싶은 사람은 청결을 중요하게 여기고 즉흥적인 계획에서도 유연하게 대처할 수 있는 사람입니다. 이번 여행에서는 새로운 기록을 남기고 언제나 도전과 성장을 경험할 수 있는 액티비티를 가장 기대하고 있습니다. 이를 통해 일상에서 벗어나 자신에게 의미 있는 성장을 이루고 싶습니다.","이 사용자는 일본 지역을 선호하고, 더움 기후를 피하고 싶어해요. 여행 목적은 기록이며, 에어비엔비에서 머무는 걸 좋아하고 오전 8-9시쯤 기상하는 편이에요.",,
850,매우 둔감,매우 수용적,보통,종종 늦음,리드하는편,5,보통,보통,국내,바다,즉흥 여행,적당히 봄,코골이 안함,다른 곳 간다,"유럽,중국&몽골,국내","상관없음,습함,건조함","공연&경기관람,쇼핑,문화&역사체험","상관없음,에어비엔비,콘도",오전 9-10시,300-400만원,"여행 중 가장 힘들었던 경험은 계획대로 되지 않아 일정이 지연된 경우로, 적당히 둔감한 편인 저로서는 큰 문제가 아니지만 시간을 맞추지 못하는 상황에서는 스트레스를 받기도 했어요. 이번 여행에서는 공연이나 경기를 꼭 보면서 문화를 직접 체험하는 기회를 놓치고 싶지 않아요. 여행 동반자는 의견이 잘 맞고 예민하지 않은 사람이면 좋겠고, 서로 즉흥적인 계획에도 잘 적응할 수 있으면 최상이겠죠. 이번 여행에서 문화와 역사를 깊이 있게 체험하면서 새로운 시각을 얻고 싶습니다. 제 삶에 이번 여행은 일상에서 벗어나 다양한 문화에 대한 이해를 넓히는 계기가 되기를 바라고 있어요.","이 사용자는 유럽 지역을 선호하고, 습함 기후를 피하고 싶어해요. 여행 목적은 문화&역사체험이며, 콘도에서 머무는 걸 좋아하고 오전 9-10시쯤 기상하는 편이에요.",,
851,보통,매우 수용적,적다,꽤 정확,따르는 편,4,보통,꽤 여유있게,해외,바다,즉흥 여행,적당히 봄,코골이 함,기다림,"미국,국내,세계일주","더움,추움,쌀쌀함","문화&역사체험,자연감상,액티비티","상관없음,에어비엔비,민박",오전 8-9시,300-400만원,저는 이번 여행에서 문화와 역사를 체험하며 자연을 감상하는 활동을 기대하고 있습니다. 같이 여행할 사람은 리더십보다는 잘 따르며 의견을 수용하는 성향이었으면 좋겠어요. 최악의 경험은 예전에 덥거나 추운 날씨에서 고생했던 것이기에 이번 여행에서는 쾌적한 기후를 꼭 확인하고 싶습니다. 여행이 제 삶에 새로운 관점을 제공하고 눈을 확장시키는 의미를 가졌으면 해요. 아침에 일찍 일어나는 저는 민박에서 편안하게 머물며 여유 있는 일정으로 마음의 여유를 찾고 싶습니다.,"이 사용자는 미국 지역을 선호하고, 더움 기후를 피하고 싶어해요. 여행 목적은 액티비티이며, 민박에서 머무는 걸 좋아하고 오전 8-9시쯤 기상하는 편이에요.",,
852,보통,매우 수용적,보통,자주 늦음,무조건 따름,2,매우 둔감,꽤 빡빡하게,국내,산,계획 여행,무조건 다 봄,코골이 안함,다른 곳 간다,"세계일주,유럽,일본","상관없음,더움,건조함","미식,사람&관계,도전과성장","에어비엔비,민박,게스트하우스",오전 9-10시,400만원 이상,"저는 여행 중에 일정에 맞추지 못하거나 장소에 늦게 도착해서 중요한 순간을 놓치는 것이 가장 싫어요. 그래서 계획된 일정 속에 흥미로운 장소는 꼭 포함시키고 싶습니다. 함께 여행할 사람이라면 포용적이고 유연한 성격을 가진 이가 좋겠고, 이번 여행에서는 새로운 문화와 음식을 경험하는 데 많은 기대를 품고 있습니다. 특히, 이번 여행을 통해 도전과 성장을 이루고, 사람들과의 관계를 맺음으로써 제 삶에 새로운 의미를 더하고 싶습니다. 이를 통해 각 지역의 다양한 매력을 탐구하고 개인적인 성장을 이루는 것이 목표입니다.","이 사용자는 세계일주 지역을 선호하고, 건조함 기후를 피하고 싶어해요. 여행 목적은 도전과성장이며, 에어비엔비에서 머무는 걸 좋아하고 오전 9-10시쯤 기상하는 편이에요.",,
853,꽤 민감,보통,매우 많다,종종 늦음,무조건 따름,3,매우 둔감,꽤 여유있게,국내,바다,계획 여행,적당히 봄,코골이 안함,기다림,"세계일주,유럽,그 외","상관없음,쌀쌀함,더움","휴식,도전과성장,기록","상관없음,에어비엔비,민박",오전 10시 이후,200-300만원,저는 여행 중 계획한 일정에 따라 가지 못할 때가 최악의 경험이라고 생각합니다. 그래서 이번 여행에서는 여유로운 일정 속에도 기록을 남길 수 있는 카메라가 꼭 필요합니다. 함께 여행을 가고 싶은 사람은 저처럼 계획적인 성향을 가진 수용적이고 대화가 잘 통하는 사람이면 좋겠어요. 이번 여행에서 가장 기대되는 부분은 새로운 도전과 성장을 경험하는 것입니다. 이런 여행을 통해 제 삶에 더 많은 휴식과 의미 있는 변화를 가져오고 싶습니다.,"이 사용자는 유럽 지역을 선호하고, 상관없음 기후를 피하고 싶어해요. 여행 목적은 기록이며, 민박에서 머무는 걸 좋아하고 오전 10시 이후쯤 기상하는 편이에요.",,
854,매우 민감,보통,적다,종종 늦음,보통,5,매우 둔감,매우 빡빡하게,해외,바다,즉흥 여행,무조건 다 봄,코골이 안함,기다림,"동남아,일본,유럽","추움,건조함,습함","공연&경기관람,사람&관계,액티비티","펜션,4-5성급호텔,에어비엔비",오전 9-10시,100만원 이하,"저는 해외, 특히 일본으로의 즉흥적인 여행을 좋아하며, 시간을 잘 지키지 못해 일정이 빡빡한 여행에서는 시간이 부족해 중요한 순간을 놓치는 경우가 최악의 경험이었습니다. 따라서 이번 여행에서는 반드시 여러 액티비티와 공연, 경기를 놓치지 않고 보기 위해 철저한 일정 관리가 필요합니다. 함께 여행할 사람은 예민함을 이해해 줄 수 있는 성향이며, 추운 기후를 피할 수 있게 잘 상의할 수 있는 사람일 것입니다. 이번 여행에서 가장 기대하는 것은 다양한 활동과 사람들을 만나는 것이며, 이 모든 경험이 저의 삶에 새로운 관계를 형성하고 긍정적인 변화를 가져오길 바랍니다.","이 사용자는 일본 지역을 선호하고, 추움 기후를 피하고 싶어해요. 여행 목적은 액티비티이며, 펜션에서 머무는 걸 좋아하고 오전 9-10시쯤 기상하는 편이에요.",,
855,둔감,매우 수용적,매우 적다,보통,보통,4,매우 둔감,꽤 빡빡하게,국내,산,즉흥 여행,무조건 다 봄,코골이 함,다른 곳 간다,"중국&몽골,일본,국내","건조함,습함,추움","문화&역사체험,휴식,자연감상","민박,4-5성급호텔,에어비엔비",오전 8-9시,400만원 이상,"저는 국내 여행을 즐기며, 문화와 역사 체험을 주로 기대합니다. 따라서 여행 중에는 이러한 체험이 부족하거나 일정이 너무 빡빡해서 자연을 감상할 시간이 없었던 상황을 최악의 경험으로 꼽을 수 있습니다. 이번 여행에서는 알찬 일정 속에서도 여유 있는 자연 감상을 위해 멋진 산 경치가 있는 곳을 찾고 싶습니다. 함께 가고 싶은 사람은 의견을 잘 수용하며 조용한 성격을 가지고 있는 사람이면 좋겠고, 아침에 일찍 일어나 함께 일정을 소화할 수 있는 체력도 있으면 좋겠습니다. 이번 여행은 단순한 휴식 이상의 의미를 가지며 제 삶에 새로운 문화적 영감을 주고, 궁극적으로 마음의 안식처가 되었으면 합니다.","이 사용자는 국내 지역을 선호하고, 건조함 기후를 피하고 싶어해요. 여행 목적은 문화&역사체험이며, 에어비엔비에서 머무는 걸 좋아하고 오전 8-9시쯤 기상하는 편이에요.",,
856,매우 둔감,보통,매우 많다,종종 늦음,보통,4,매우 둔감,꽤 빡빡하게,국내,바다,계획 여행,적당히 봄,코골이 안함,기다림,"동남아,미국,일본","습함,건조함,추움","휴식,기록,도전과성장","게스트하우스,에어비엔비,상관없음",오전 8-9시,400만원 이상,"저는 여행 중 최악의 경험으로 습하고 추운 날씨를 마주하는 것을 꼽습니다. 그래서 이번 여행에서는 가능한 한 쾌적한 날씨를 희망하며, 충분한 예산을 가지고 있기에 다양한 기록 도구를 꼭 챙기고 싶습니다. 여행을 함께할 사람으로는 말이 많고 적당히 의견을 수용하는 사람, 기다림을 감수할 수 있는 인내심 있는 사람과 잘 맞을 것 같습니다. 이번 여행에서 가장 기대되는 것은 새로운 경험을 통한 도전과 성장이며, 이는 저에게 큰 의미로 다가알 것입니다. 여행을 통해 일상의 틀을 깨고 새로운 도전으로 인생의 활력을 얻고 싶습니다.","이 사용자는 미국 지역을 선호하고, 추움 기후를 피하고 싶어해요. 여행 목적은 도전과성장이며, 게스트하우스에서 머무는 걸 좋아하고 오전 8-9시쯤 기상하는 편이에요.",,
857,매우 둔감,보통,많다,꽤 정확,무조건 리드,1,보통,꽤 빡빡하게,국내,바다,계획 여행,무조건 다 봄,코골이 함,기다림,"미국,국내,그 외","쌀쌀함,건조함,습함","휴식,기록,액티비티","상관없음,4-5성급호텔,에어비엔비",오전 8-9시,100만원 이하,"여행 중 제가 가장 싫어하는 경험은 쌀쌀하고 건조한 기후에 노출되는 것입니다. 이번 여행에서 제가 꼭 필요로 하는 것은 침착하고 함께 웨이팅을 기꺼이 감수할 수 있는 사람입니다. 여행 중에는 많은 랜드마크를 꼼꼼히 기록하고 싶은데, 이를 잘 정리해 줄 수 있는 것이 가장 기대하는 요소입니다. 이번 여행이 저에게 주는 의미는 휴식과 기록을 통한 새로운 에너지 획득입니다. 마지막으로, 저는 국내에서 계획적이고 활동적으로 여행하며 삶에 색다른 경험을 더하고 싶습니다.","이 사용자는 미국 지역을 선호하고, 건조함 기후를 피하고 싶어해요. 여행 목적은 기록이며, 에어비엔비에서 머무는 걸 좋아하고 오전 8-9시쯤 기상하는 편이에요.",,
858,매우 둔감,수용적,매우 많다,보통,무조건 따름,1,꽤 민감,꽤 여유있게,해외,바다,계획 여행,적당히 봄,코골이 함,다른 곳 간다,"국내,동남아,미국","쌀쌀함,습함,건조함","사람&관계,휴식,쇼핑","4-5성급호텔,펜션,민박",오전 8-9시,400만원 이상,"여행 중 최악의 경험은 예상치 못한 기후 변화로 인해 체력 소모가 컸던 경험이었어요. 그래서 이번 여행에서는 쌀쌀하거나 습한 기후를 피하고, 체력을 보완할 수 있는 환경이 중요해요. 저는 같이 여행을 가는 사람의 특징으로는 이야기를 잘 나눌 수 있고 배려심 있는 사람을 선호합니다. 이번 여행에서 가장 기대하는 것은 새로운 사람들과의 관계 형성과 쇼핑을 통한 즐거운 경험입니다. 이런 여행이 제 삶에 휴식과 새로운 인연을 제공하며, 여행 후 더 풍부한 인간관계를 갖는 의미를 가지길 바랍니다.","이 사용자는 국내 지역을 선호하고, 쌀쌀함 기후를 피하고 싶어해요. 여행 목적은 사람&관계이며, 펜션에서 머무는 걸 좋아하고 오전 8-9시쯤 기상하는 편이에요.",,
859,보통,매우 수용적,매우 적다,꽤 정확,무조건 리드,5,둔감,보통,국내,바다,계획 여행,적당히 봄,코골이 함,기다림,"일본,유럽,중국&몽골","더움,습함,추움","미식,휴식,도전과성장","상관없음,3성이하 호텔,게스트하우스",오전 10시 이후,400만원 이상,"저는 일본을 여행하면서 이전에 더운 기후 속에서 불쾌감을 느낀 경험이 있어 편안하고 쾌적한 환경을 선호합니다. 이번 여행에서 가장 필요한 것은 내 체력을 고려하여 계획된 일정이며, 기상 시간에 맞춰 느긋한 휴식을 누릴 수 있는 시간입니다. 함께 여행하고 싶은 사람은 제 리더십을 존중하며 침묵도 편하게 받아들이는 수용적인 사람입니다. 이번 여행에서 가장 기대하는 것은 새로운 음식을 경험하고 그 과정을 통해 개인적인 성장과 도전을 이루는 것입니다. 이를 통해 삶에서 미식과 성장을 추구하며 새로운 에너지를 얻고 싶습니다.","이 사용자는 일본 지역을 선호하고, 습함 기후를 피하고 싶어해요. 여행 목적은 휴식이며, 상관없음에서 머무는 걸 좋아하고 오전 10시 이후쯤 기상하는 편이에요.",,
860,매우 둔감,매우 수용적,매우 적다,꽤 정확,보통,5,보통,매우 빡빡하게,국내,산,계획 여행,무조건 다 봄,코골이 안함,다른 곳 간다,"동남아,미국,그 외","상관없음,건조함,습함","도전과성장,액티비티,사람&관계","민박,4-5성급호텔,에어비엔비",오전 10시 이후,400만원 이상,"여행 중 최악의 경험은 기다림이 오래 걸리는 상황이었어요, 그래서 웨이팅이 긴 곳은 피하는 편입니다. 이번 여행에서는 바쁜 일정 속에서도 모든 랜드마크를 꼭 보고 싶어요. 함께 여행하고 싶은 사람은 제가 수용적이고 말이 적은 스타일이니 만큼 이해심 많고 소통이 잘 되는 사람입니다. 이번 여행에서 가장 기대되는 것은 산을 중심으로 한 액티비티를 통해 도전과 성장을 경험하는 것입니다. 이렇게 얻은 경험이 제 삶에 새로운 활력을 불어넣기를 바랍니다.","이 사용자는 동남아 지역을 선호하고, 건조함 기후를 피하고 싶어해요. 여행 목적은 액티비티이며, 민박에서 머무는 걸 좋아하고 오전 10시 이후쯤 기상하는 편이에요.",,
861,매우 둔감,매우 완고,보통,꽤 정확,보통,1,둔감,보통,국내,산,계획 여행,무조건 다 봄,코골이 함,다른 곳 간다,"동남아,유럽,중국&몽골","쌀쌀함,습함,상관없음","공연&경기관람,도전과성장,휴식","펜션,에어비엔비,민박",오전 9-10시,100만원 이하,"여행을 하면서 불쾌했던 경험은 대기 시간이 길어지는 것으로, 저는 웨이팅이 길어지면 다른 곳으로 가는 편입니다. 이번 여행에서는 공연이나 경기를 관람할 기회를 놓치지 않기 위해 계획이 잘 되어있는지를 가장 중요하게 생각합니다. 함께 여행하고 싶은 사람은 여행 계획을 함께 잘 세울 수 있는 사람이며, 고집이 있어서 의견을 쉽게 바꾸지 않는 저와 잘 맞아야 합니다. 이번 여행에서 가장 기대하는 것은 다양한 공연을 보며 도전과 성장을 느끼는 것이고, 이 여행이 제 삶에 휴식과 새로운 열정을 불어넣을 수 있었으면 합니다. 여행 중에는 에어비앤비 같은 숙소에서 편안히 머무르고 오전 9-10시에 기상하여 여유롭게 일정을 소화하고 싶습니다.","이 사용자는 중국&몽골 지역을 선호하고, 쌀쌀함 기후를 피하고 싶어해요. 여행 목적은 휴식이며, 에어비엔비에서 머무는 걸 좋아하고 오전 9-10시쯤 기상하는 편이에요.",,
862,꽤 민감,매우 수용적,매우 많다,보통,리드하는편,3,매우 둔감,꽤 여유있게,해외,산,계획 여행,무조건 다 봄,코골이 함,기다림,"중국&몽골,미국,국내","상관없음,건조함,쌀쌀함","도전과성장,쇼핑,공연&경기관람","3성이하 호텔,4-5성급호텔,에어비엔비",오전 10시 이후,100만원 이하,"저는 예민한 편이라 여행 중 청결하지 않은 숙소에서 머무르는 것이 최악의 경험이 될 수 있습니다. 이번 여행에서는 만족스러운 숙소 조건이 꼭 필요하며, 공연이나 경기를 관람하는 것이 가장 기대됩니다. 저는 대화를 즐기고 의견을 수용하는 편이기에 대화가 잘 통하는 동행자를 선호합니다. 이번 여행을 통해 도전과 성장을 이루고 싶으며, 미국 같은 해외 여행지에서 즐거운 경험으로 삶의 활력을 얻고 싶습니다. 아침이 여유로워야 하기에 오전 10시 이후에 시작하는 여유로운 일정이 중요합니다.","이 사용자는 미국 지역을 선호하고, 건조함 기후를 피하고 싶어해요. 여행 목적은 공연&경기관람이며, 4-5성급호텔에서 머무는 걸 좋아하고 오전 10시 이후쯤 기상하는 편이에요.",,
863,매우 민감,보통,매우 많다,보통,무조건 따름,3,둔감,매우 여유있게,해외,바다,계획 여행,무조건 다 봄,코골이 함,다른 곳 간다,"국내,미국,일본","습함,상관없음,쌀쌀함","문화&역사체험,사람&관계,기록","게스트하우스,에어비엔비,콘도",오전 9-10시,400만원 이상,"저는 여행 중 기후가 습할 때 가장 힘든데, 이런 점을 피할 수 있다면 경험이 훨씬 더 나아질 것입니다. 이번 여행에서 에어비앤비 같은 편안한 숙소는 반드시 필요하며, 저와 같이 말이 많고 계획적인 성향의 사람과 함께 여행하고 싶어요. 해외 여행에서 문화와 역사 체험에 특별히 기대하고 있으며, 사람들과의 관계도 소중히 여기고 있습니다. 이러한 여행이 제 삶에 있어서 특별한 추억과 사람과의 소중한 관계를 맺는 의미 있는 시간이 되었으면 합니다.","이 사용자는 일본 지역을 선호하고, 습함 기후를 피하고 싶어해요. 여행 목적은 사람&관계이며, 에어비엔비에서 머무는 걸 좋아하고 오전 9-10시쯤 기상하는 편이에요.",,
864,둔감,수용적,적다,자주 늦음,무조건 따름,2,보통,보통,해외,바다,계획 여행,무조건 다 봄,코골이 안함,기다림,"중국&몽골,그 외,유럽","상관없음,쌀쌀함,건조함","자연감상,액티비티,미식","에어비엔비,펜션,3성이하 호텔",오전 10시 이후,200-300만원,"저는 여행 중에 악천후로 인해 자연을 제대로 감상하지 못했던 경험이 가장 기억에 남습니다. 이번 여행에서는 다양한 액티비티를 즐기기 위해 에어비엔비에 머물면서 여유롭게 아침을 맞고, 유럽의 아름다운 자연 경관을 꼭 보고 싶습니다. 같이 여행을 갈 사람으로는 저와 함께 계획된 일정을 잘 따르고, 느긋하게 기다릴 수 있는 여유 있는 사람을 선호합니다. 이번 여행을 통해 저는 다양한 문화와 음식을 체험할 기대를 가지고 있으며, 새로운 시각으로 세상을 바라볼 수 있는 기회를 얻고 싶습니다. 이러한 여행이 제 삶에 재충전의 의미를 가지기를 바랍니다.","이 사용자는 유럽 지역을 선호하고, 건조함 기후를 피하고 싶어해요. 여행 목적은 액티비티이며, 에어비엔비에서 머무는 걸 좋아하고 오전 10시 이후쯤 기상하는 편이에요.",,
865,보통,매우 수용적,보통,보통,보통,5,꽤 민감,매우 빡빡하게,국내,산,즉흥 여행,무조건 다 봄,코골이 함,다른 곳 간다,"세계일주,국내,중국&몽골","건조함,더움,습함","공연&경기관람,도전과성장,문화&역사체험","민박,3성이하 호텔,콘도",오전 9-10시,200-300만원,"저는 여행 중에 더운 기후를 피하려 하지만, 그럴 수 없는 경우가 최악의 경험이었어요. 이번 여행에서는 도전과 성장을 위해 다양한 문화와 역사를 체험할 기회를 갖고 싶으며, 그래서 공연이나 경기를 관람하는 것이 꼭 필요하다고 생각합니다. 함께 여행을 갈 사람은 유연하게 행동하며 다양한 의견을 받아들이고 즉흥적인 계획에도 잘 맞추는 사람이면 좋겠어요. 이번 여행에서 가장 기대하는 것은 많은 곳을 돌아다니며 새로운 도전을 경험하는 것입니다. 이를 통해 제 삶에 더욱 풍부한 경험과 성장의 의미를 더하고 싶습니다.","이 사용자는 중국&몽골 지역을 선호하고, 더움 기후를 피하고 싶어해요. 여행 목적은 도전과성장이며, 콘도에서 머무는 걸 좋아하고 오전 9-10시쯤 기상하는 편이에요.",,
866,매우 민감,보통,매우 많다,종종 늦음,보통,2,보통,매우 여유있게,해외,산,계획 여행,무조건 다 봄,코골이 안함,다른 곳 간다,"세계일주,일본,미국","더움,습함,상관없음","자연감상,공연&경기관람,사람&관계","펜션,에어비엔비,상관없음",오전 8-9시,300-400만원,"저는 여행 중 습한 날씨나 일정이 빡빡한 경우 특히 힘들기 때문에 이런 경험은 피하고 싶습니다. 이번 여행에는 협력적이고 활발한 성격의 사람들과 함께 가고 싶으며, 자연을 감상하는 여유 있는 일정과 그들이 고려해 주었으면 하는 공연과 경기 관람을 중요한 요소로 생각합니다. 제가 특히 기대하는 것은 일본과 같은 해외에서 새로운 공연이나 경기를 통해 다른 문화와 교류하고 사람들과의 관계를 발전시키는 것입니다. 이 여행은 삶에서 새로운 경험과 감성을 얻고 재충전할 기회로 의미를 갖고 있어요. 또한, 아침에 펜션에서 일어나 하루를 여유롭게 시작하는 그런 순간도 빼놓을 수 없습니다.","이 사용자는 일본 지역을 선호하고, 습함 기후를 피하고 싶어해요. 여행 목적은 공연&경기관람이며, 펜션에서 머무는 걸 좋아하고 오전 8-9시쯤 기상하는 편이에요.",,
867,둔감,수용적,매우 많다,보통,리드하는편,1,보통,꽤 빡빡하게,국내,산,계획 여행,적당히 봄,코골이 안함,다른 곳 간다,"미국,중국&몽골,세계일주","쌀쌀함,추움,습함","액티비티,쇼핑,공연&경기관람","에어비엔비,민박,4-5성급호텔",오전 10시 이후,300-400만원,"저는 여행 중 습하고 쌀쌀한 기후에서의 경험이 가장 힘들었던 것 같습니다, 그래서 이번에서는 그런 기후를 피하고 싶어요. 쇼핑을 주로 계획하고 있기 때문에, 숙소는 민박이나 에어비앤비에서 머무를 예정인데, 함께 여행할 사람은 말이 많고 적극적인 저와 잘 맞는 사람이라면 좋겠어요. 이번 여행에서는 특이한 액티비티와 공연 관람을 가장 기대하고 있으며, 이러한 경험들이 나중에 새로운 시각과 영감을 주기를 바랍니다. 또한, 바쁜 일상에서 벗어나 엄청나게 긴장된 몸과 마음을 재충전할 수 있는 기회가 되었으면 합니다.","이 사용자는 중국&몽골 지역을 선호하고, 습함 기후를 피하고 싶어해요. 여행 목적은 쇼핑이며, 민박에서 머무는 걸 좋아하고 오전 10시 이후쯤 기상하는 편이에요.",,
868,꽤 민감,다소 완고,보통,자주 늦음,따르는 편,4,보통,매우 여유있게,국내,바다,즉흥 여행,적당히 봄,코골이 안함,다른 곳 간다,"일본,미국,동남아","추움,쌀쌀함,건조함","도전과성장,액티비티,공연&경기관람","3성이하 호텔,에어비엔비,상관없음",오전 9-10시,300-400만원,"여행 중 가장 끔찍했던 경험은 추운 날씨와 함께 지나치게 빡빡한 일정 때문에 힘들었던 순간이었어요. 그래서 이번 여행에서는 필요한 액티비티와 여유롭고 즉흥적인 일정이 무엇보다 중요합니다. 여행 메이트로는 저와 비슷하게 여유로운 계획을 선호하고 추운 날씨를 피하는 사람과 함께하고 싶어요. 현지 공연이나 스포츠 경기 관람 등 특별한 경험을 통해 새로운 것을 배우고 성장을 이루는 것이 이번 여행의 가장 큰 기대입니다. 이번 여행은 저에게 도전과 성장을 위한 귀한 시간이며, 새로운 활력을 얻고 돌아오길 희망합니다.","이 사용자는 동남아 지역을 선호하고, 추움 기후를 피하고 싶어해요. 여행 목적은 액티비티이며, 상관없음에서 머무는 걸 좋아하고 오전 9-10시쯤 기상하는 편이에요.",,
869,매우 민감,다소 완고,보통,매우 정확,리드하는편,5,매우 둔감,보통,해외,산,계획 여행,적당히 봄,코골이 함,다른 곳 간다,"유럽,일본,중국&몽골","더움,쌀쌀함,건조함","미식,쇼핑,공연&경기관람","4-5성급호텔,상관없음,펜션",오전 9-10시,300-400만원,"저는 해외 여행 중에도 유럽을 선호하며, 예민한 성격에 맞춰 계획적으로 일정을 짜고 약속 시간을 정확히 지키는 편입니다. 최악의 경험은 예기치 못한 기후 변화로 인한 불쾌한 더위나 추위를 겪을 때였고, 그래서 이번 여행에서는 쾌적한 기후가 가장 필수적입니다. 함께 여행하고 싶은 사람은 저와 의견이 잘 맞고 리더십을 덜 요구하는 사람이며, 쇼핑과 공연 및 경기 관람을 기대할 수 있는 여행을 제일 기대합니다. 이 여행은 일상에서 벗어나 새로운 미식을 경험하며 삶의 활력을 얻는 계기가 되었으면 합니다.","이 사용자는 유럽 지역을 선호하고, 더움 기후를 피하고 싶어해요. 여행 목적은 공연&경기관람이며, 상관없음에서 머무는 걸 좋아하고 오전 9-10시쯤 기상하는 편이에요.",,
870,꽤 민감,매우 수용적,매우 적다,종종 늦음,리드하는편,2,둔감,매우 여유있게,국내,산,즉흥 여행,무조건 다 봄,코골이 안함,기다림,"세계일주,유럽,동남아","습함,추움,더움","미식,기록,문화&역사체험","3성이하 호텔,펜션,민박",오전 10시 이후,400만원 이상,"저는 습한 기후를 피하여 유럽으로 미식과 문화, 역사를 체험하는 여행을 좋아합니다. 여행 중 최악의 경험은 아마도 더운 날씨에서 피곤함을 느끼고 일정에 쫓기는 상황일 것입니다. 그래서 여행 중 시간 약속은 가끔 늦지만, 여유롭게 즉흥적으로 랜드마크를 모두 보며 즐기고 싶습니다. 동반자는 의견을 수용할 줄 알고 예민하지 않은 사람이면 좋겠고, 그들과 함께 다양한 음식을 즐기고 싶은 기대가 큽니다. 저는 이런 여행이 기록에 남기기에 충분히 재미있고 제 삶에 새로운 문화적 경험을 쌓게 해주기를 바랍니다.","이 사용자는 유럽 지역을 선호하고, 습함 기후를 피하고 싶어해요. 여행 목적은 미식이며, 3성이하 호텔에서 머무는 걸 좋아하고 오전 10시 이후쯤 기상하는 편이에요.",,
871,보통,매우 수용적,적다,꽤 정확,따르는 편,5,둔감,보통,국내,바다,즉흥 여행,무조건 다 봄,코골이 안함,기다림,"동남아,그 외,일본","습함,상관없음,더움","사람&관계,액티비티,공연&경기관람","3성이하 호텔,민박,상관없음",오전 9-10시,300-400만원,"저는 여행 중 일정이 엉키거나 습한 기후로 인한 불편함이 최악의 경험일 수 있다고 생각해요. 그래서 이번 여행에서는 날씨가 쾌적하고 여유 있는 일정이 있었으면 합니다. 함께 여행하고 싶은 사람은 조용하지만 긍정적이고 제가 즉흥적으로 떠날 때 잘 따라주며, 관계를 중요시하는 사람입니다. 이번 여행에서 사람들과의 교류와 새로운 액티비티를 가장 기대하고 있으며, 이를 통해 일상에서 벗어나 새로운 인연과 경험을 쌓고 싶어요. 결국, 이번 여행이 저의 삶에 활력을 주고 여러 사람들과의 관계를 더욱 풍부하게 만들어주기를 바랍니다.","이 사용자는 그 외 지역을 선호하고, 습함 기후를 피하고 싶어해요. 여행 목적은 사람&관계이며, 상관없음에서 머무는 걸 좋아하고 오전 9-10시쯤 기상하는 편이에요.",,
872,둔감,보통,매우 적다,자주 늦음,무조건 리드,5,둔감,꽤 빡빡하게,국내,산,계획 여행,무조건 다 봄,코골이 안함,다른 곳 간다,"중국&몽골,국내,동남아","건조함,쌀쌀함,습함","쇼핑,문화&역사체험,액티비티","상관없음,펜션,에어비엔비",오전 8-9시,100만원 이하,"저는 여행 중 최악의 경험으로 습한 기후를 겪는 것을 꼽을 수 있습니다. 그래서 이번 여행에서는 쾌적한 날씨가 꼭 있길 바라며, 함께 가는 사람은 제가 리드할 수 있는, 낙관적이고 협조적인 성향을 가졌으면 좋겠습니다. 이번 여행에서 가장 기대하는 것은 역사와 문화를 체험하고, 다양한 액티비티를 통해 새로운 경험을 쌓는 것입니다. 또한 쇼핑을 통해 생활의 활력을 얻고 싶습니다. 이번 여행이 제 삶에 있어 스트레스를 해소하는 의미 있는 시간이 되었으면 합니다.","이 사용자는 국내 지역을 선호하고, 습함 기후를 피하고 싶어해요. 여행 목적은 쇼핑이며, 에어비엔비에서 머무는 걸 좋아하고 오전 8-9시쯤 기상하는 편이에요.",,
873,둔감,보통,매우 적다,꽤 정확,리드하는편,2,둔감,매우 빡빡하게,국내,바다,계획 여행,무조건 다 봄,코골이 함,다른 곳 간다,"국내,동남아,유럽","상관없음,쌀쌀함,추움","문화&역사체험,미식,사람&관계","펜션,게스트하우스,상관없음",오전 8-9시,100만원 이하,"이번 여행에서는 이번 여행을 통해 사람들과 새로운 관계를 맺고 문화와 역사가 풍부한 유럽을 탐험하고 싶습니다. 저는 여행 중에 시간 약속을 잘 지키며 계획을 세심하게 준비하지만, 체력이 약해 일정이 힘들지 않도록 조정하려고 합니다. 함께 여행을 갈 사람은 의사소통을 많이 요구하지 않고, 제가 리드하는 성향을 이해해주는 사람이면 좋겠습니다. 여행 중 가장 중요한 것은 문화체험과 맛있는 음식을 즐기는 경험이며, 여행을 통해 제 삶에 다양한 시각을 더하고 싶습니다. 추운 기후는 피하고 싶고, 게스트하우스에서 아늑하게 머물며 오전에 일어나는 습관을 유지할 것입니다.","이 사용자는 유럽 지역을 선호하고, 쌀쌀함 기후를 피하고 싶어해요. 여행 목적은 사람&관계이며, 게스트하우스에서 머무는 걸 좋아하고 오전 8-9시쯤 기상하는 편이에요.",,
874,매우 둔감,수용적,많다,매우 정확,무조건 리드,2,꽤 민감,매우 빡빡하게,국내,산,계획 여행,적당히 봄,코골이 함,기다림,"동남아,일본,유럽","습함,더움,건조함","휴식,도전과성장,자연감상","펜션,3성이하 호텔,상관없음",오전 9-10시,100만원 이하,"저는 여행 중에 하늘을 질주하는 경험을 해보고 싶고, 그런 도전과 성장을 통해 자신을 좀 더 발전시키고 싶어요. 이번 여행에서 가장 중요한 것은 숙소의 청결 여부이고, 매번 정해진 시간에 일정을 소화하기 위해 타인과의 약속도 정확히 맞추려고 해요. 함께 여행을 가는 사람도 제가 리드할 수 있는 분위기를 좋아하며, 유연하게 제 의견을 받아줄 수 있는 사람이면 좋겠어요. 여행의 의미로는 새로운 문화와 자연을 접하며 일상 속에서 쉬고, 동시에 성장할 수 있는 기회로 삼고 싶어요. 다만, 습하고 더운 기후는 피하고 싶고, 유럽처럼 쾌적한 환경에서의 자연 풍광을 기대하고 있습니다.","이 사용자는 유럽 지역을 선호하고, 건조함 기후를 피하고 싶어해요. 여행 목적은 도전과성장이며, 펜션에서 머무는 걸 좋아하고 오전 9-10시쯤 기상하는 편이에요.",,
875,매우 민감,보통,많다,종종 늦음,무조건 리드,2,보통,매우 빡빡하게,국내,산,계획 여행,무조건 다 봄,코골이 함,다른 곳 간다,"중국&몽골,동남아,국내","쌀쌀함,상관없음,건조함","미식,쇼핑,액티비티","게스트하우스,4-5성급호텔,3성이하 호텔",오전 9-10시,100만원 이하,"저는 여행 중 쌀쌀한 기후로 인해 불편을 겪는 것이 최악의 경험이라고 생각하는데, 날씨에 민감하기 때문입니다. 이번 여행에서는 쇼핑할 시간을 충분히 확보하고자 하고, 동남아 지역의 미식을 충분히 탐험하고 싶어요. 그래서 함께 여행할 사람은 다양한 활동을 즐기면서도 일정에 유연한 사람이라면 좋겠습니다. 가장 기대하는 것은 현지의 맛을 느끼고 다양한 문화적 체험을 통해 제 식견을 넓히는 것입니다. 이번 여행은 일상에서 벗어나 저만의 힐링 시간이 되길 바라며, 새로운 에너지를 얻어 돌아오고 싶습니다.","이 사용자는 동남아 지역을 선호하고, 쌀쌀함 기후를 피하고 싶어해요. 여행 목적은 미식이며, 4-5성급호텔에서 머무는 걸 좋아하고 오전 9-10시쯤 기상하는 편이에요.",,
876,꽤 민감,다소 완고,매우 많다,자주 늦음,무조건 따름,2,매우 둔감,보통,해외,바다,즉흥 여행,적당히 봄,코골이 안함,기다림,"동남아,미국,중국&몽골","추움,상관없음,더움","사람&관계,액티비티,미식","4-5성급호텔,에어비엔비,3성이하 호텔",오전 9-10시,100만원 이하,"저는 중국과 몽골을 여행하며 미식을 즐기는 것을 좋아합니다. 이전 여행에서 숙소가 청결하지 않아서 불편했던 경험이 있어 4-5성급 호텔에서 머무르길 원합니다. 함께 여행할 사람들은 즉흥적인 계획도 잘 받아들이고 풍부한 대화가 가능한 사람들로, 인간관계를 강화하는 데 도움이 되는 사람이라면 좋겠습니다. 이번 여행에서 가장 기대하는 것은 동남아시아와 미국에서도 맛볼 수 있는 다양한 음식을 통해 새로운 경험을 쌓는 것입니다. 이 여행이 제 삶에 있어 특히 인간관계를 넓히고 삶의 재미를 찾는 중요한 기회가 되었으면 합니다.","이 사용자는 중국&몽골 지역을 선호하고, 추움 기후를 피하고 싶어해요. 여행 목적은 미식이며, 4-5성급호텔에서 머무는 걸 좋아하고 오전 9-10시쯤 기상하는 편이에요.",,
877,매우 둔감,수용적,보통,자주 늦음,무조건 리드,5,매우 민감,매우 빡빡하게,해외,바다,즉흥 여행,무조건 다 봄,코골이 안함,다른 곳 간다,"일본,그 외,유럽","쌀쌀함,건조함,더움","미식,기록,공연&경기관람","콘도,에어비엔비,4-5성급호텔",오전 10시 이후,300-400만원,"여행 중 제가 가장 피하고 싶은 것은 건조하거나 더운 기후입니다. 이번 여행에서는 특히 공연을 관람할 기회가 꼭 있기를 바라고 있습니다. 함께 여행하고 싶은 사람은 제 리더십 스타일을 존중하고 청결을 중요하게 생각하며, 일정이 빡빡하더라도 유연하게 즐길 수 있는 사람입니다. 이번 여행에서 가장 기대하는 것은 맛있는 음식과 다양한 랜드마크를 경험하는 것입니다. 이러한 여행은 저에게 새로운 문화와 예술을 기록할 기회를 제공하며, 일상에서 벗어나 성장할 수 있는 계기가 되기를 바랍니다.","이 사용자는 그 외 지역을 선호하고, 건조함 기후를 피하고 싶어해요. 여행 목적은 공연&경기관람이며, 콘도에서 머무는 걸 좋아하고 오전 10시 이후쯤 기상하는 편이에요.",,
878,둔감,보통,많다,보통,무조건 리드,4,보통,꽤 빡빡하게,국내,바다,계획 여행,무조건 다 봄,코골이 함,기다림,"국내,유럽,미국","습함,쌀쌀함,더움","액티비티,휴식,자연감상","4-5성급호텔,콘도,3성이하 호텔",오전 8-9시,200-300만원,"저는 여행 중 습한 기후에서의 불편함이 최악의 경험이었으며, 이번 여행에서는 쾌적한 날씨가 꼭 있으면 좋겠어요. 리더 역할을 좋아하는 만큼, 여행 메이트도 저의 계획을 잘 따르며 협조적인 사람이면 좋겠습니다. 이번 여행에서 가장 기대하는 것은 다양한 액티비티와 바다를 즐기는 것이며, 이를 통해 일상에서 벗어나 자연과 휴식을 만끽하고 싶습니다. 이번 여행이 제 삶에 있어서 새로운 활력소가 되고, 즐거운 추억을 만들 기회가 되었으면 합니다.","이 사용자는 유럽 지역을 선호하고, 습함 기후를 피하고 싶어해요. 여행 목적은 액티비티이며, 4-5성급호텔에서 머무는 걸 좋아하고 오전 8-9시쯤 기상하는 편이에요.",,
879,꽤 민감,수용적,매우 많다,종종 늦음,따르는 편,5,매우 민감,보통,국내,바다,계획 여행,무조건 다 봄,코골이 안함,다른 곳 간다,"미국,그 외,세계일주","쌀쌀함,상관없음,건조함","액티비티,사람&관계,미식","콘도,상관없음,에어비엔비",오전 10시 이후,400만원 이상,"여행 중 최악의 경험은 쌀쌀하고 건조한 날씨에 대비하지 못했을 때였습니다. 이번 여행에서는 액티비티와 미식 경험을 꼭 포함하고 싶어요. 함께 여행하고 싶은 사람은 대화를 좋아하고 예민함을 이해하며, 시간을 잘 맞추는 유연한 사람일 것입니다. 이번 여행에서 가장 기대하는 것은 새로운 사람들과의 관계 형성과 다양한 음식 체험입니다. 이 여행이 내 삶에 주는 의미는 사람들과의 소중한 추억과 경험을 공유함으로써 더 풍성해지는 삶의 한 부분이 되는 것입니다.","이 사용자는 미국 지역을 선호하고, 건조함 기후를 피하고 싶어해요. 여행 목적은 사람&관계이며, 상관없음에서 머무는 걸 좋아하고 오전 10시 이후쯤 기상하는 편이에요.",,
880,보통,매우 수용적,적다,매우 정확,무조건 리드,3,꽤 민감,꽤 여유있게,해외,바다,즉흥 여행,무조건 다 봄,코골이 함,기다림,"중국&몽골,유럽,그 외","추움,상관없음,건조함","문화&역사체험,도전과성장,기록","콘도,민박,상관없음",오전 10시 이후,100만원 이하,"저는 계획보다 즉흥적인 여행을 선호하며 여유로운 일정을 즐깁니다. 특히 중국과 몽골 같은 문화와 역사가 깊은 지역에서 다양한 랜드마크를 탐방할 때 많은 기대를 품고 있습니다. 여행 동반자는 저와 같은 의견을 존중하고 말수가 적어 조용히 서로의 시간을 즐길 수 있는 이가 좋습니다. 과거 여행에서는 추운 날씨와 대기 시간을 감내해야 했던 경험이 불편했지만, 이제는 더 잘 준비하여 그런 일을 피하고 싶습니다. 이번 여행은 제 삶에 새로운 도전과 성장을 촉진하며 소중한 기록을 남기는 의미를 가졌으면 합니다.","이 사용자는 중국&몽골 지역을 선호하고, 건조함 기후를 피하고 싶어해요. 여행 목적은 기록이며, 상관없음에서 머무는 걸 좋아하고 오전 10시 이후쯤 기상하는 편이에요.",,
881,매우 둔감,매우 완고,매우 적다,꽤 정확,리드하는편,1,둔감,꽤 여유있게,해외,산,계획 여행,무조건 다 봄,코골이 안함,기다림,"세계일주,중국&몽골,동남아","건조함,추움,습함","미식,액티비티,문화&역사체험","상관없음,펜션,게스트하우스",오전 9-10시,400만원 이상,"저는 여행 중 날씨가 너무 건조하거나 추운 곳에서 불편했던 경험이 있었고, 그래서 그런 기후를 피하고자 합니다. 이번 여행에서는 여유 있는 일정을 계획하고, 미식과 다양한 액티비티를 즐기는 것이 필수적이라 생각합니다. 동료로는 꾸준하게 시간 약속을 잘 지키며 의외의 상황에도 차분히 대응할 수 있는, 저처럼 의견이 확고한 사람이 함께한다면 좋을 것 같습니다. 이번에는 특히 동남아의 문화와 역사를 체험하는 것이 기대되며, 이러한 여행이 저에게 새로운 시각과 경험을 가져다주기를 바랍니다. 펜션이나 게스트하우스에서 머물며, 느긋하게 세상을 바라보는 특별한 시간을 갖는 데 큰 의미를 두고 있습니다.","이 사용자는 동남아 지역을 선호하고, 습함 기후를 피하고 싶어해요. 여행 목적은 액티비티이며, 펜션에서 머무는 걸 좋아하고 오전 9-10시쯤 기상하는 편이에요.",,
882,꽤 민감,매우 수용적,매우 적다,매우 정확,무조건 리드,1,꽤 민감,매우 빡빡하게,해외,바다,계획 여행,무조건 다 봄,코골이 함,다른 곳 간다,"동남아,유럽,미국","건조함,쌀쌀함,상관없음","기록,사람&관계,문화&역사체험","상관없음,콘도,에어비엔비",오전 10시 이후,400만원 이상,"저는 해외여행을 계획할 때 매우 빡빡한 일정으로 모든 랜드마크를 놓치지 않으려 노력합니다. 여행 중 최악의 경험은 일정을 소화하기에 체력이 부족해 피곤해질 때이며, 이번 여행에서는 기록을 잘 남길 수 있도록 카메라가 꼭 필요합니다. 함께 여행하고 싶은 사람은 저와 같이 시간 약속을 잘 지키고 서로 다른 의견을 수용할 수 있는 사람입니다. 특히 이번 여행에서는 사람들과의 관계 형성 및 문화와 역사 체험을 가장 기대하고 있습니다. 이런 여행을 통해 제 삶에 풍부한 문화적 경험을 쌓고 새로운 인간관계를 구축하는 의미를 갖기를 바랍니다.","이 사용자는 유럽 지역을 선호하고, 상관없음 기후를 피하고 싶어해요. 여행 목적은 사람&관계이며, 콘도에서 머무는 걸 좋아하고 오전 10시 이후쯤 기상하는 편이에요.",,
883,둔감,다소 완고,매우 많다,매우 정확,따르는 편,3,매우 둔감,매우 여유있게,해외,바다,즉흥 여행,무조건 다 봄,코골이 안함,다른 곳 간다,"국내,세계일주,중국&몽골","상관없음,추움,건조함","사람&관계,기록,문화&역사체험","민박,3성이하 호텔,4-5성급호텔",오전 8-9시,400만원 이상,"세계일주를 꿈꾸며 저는 아직 추운 날씨로 인한 불편함을 잊지 못해요. 그래서 이번 여행에서는 그 무엇보다도 날씨가 중요해요. 혼자보다는 대화가 통하는 사람과의 여행을 선호하는데, 이는 사람들과의 관계와 소통이 제 여행의 중요한 이유 중 하나이기 때문이에요. 또한, 여유로운 일정을 통해 문화와 역사를 체험하며 랜드마크를 탐방하는 것을 기대하고 있어요. 이번 여행이 제 삶에 새로운 시각을 주고 사람들과의 연결을 강화하는 의미로 자리 잡기를 바라고 있습니다.","이 사용자는 세계일주 지역을 선호하고, 상관없음 기후를 피하고 싶어해요. 여행 목적은 사람&관계이며, 3성이하 호텔에서 머무는 걸 좋아하고 오전 8-9시쯤 기상하는 편이에요.",,
884,매우 둔감,수용적,매우 많다,종종 늦음,리드하는편,3,둔감,꽤 여유있게,국내,산,즉흥 여행,무조건 다 봄,코골이 안함,다른 곳 간다,"일본,유럽,중국&몽골","습함,건조함,더움","공연&경기관람,문화&역사체험,액티비티","펜션,상관없음,콘도",오전 9-10시,400만원 이상,"저는 여행 중 열악한 환경이나 습한 기후에서 불편함을 많이 느끼지 않는 편이라, 최악의 경험은 상대적으로 적습니다. 하지만 공연이나 경기를 놓치거나 랜드마크를 보지 못한다면 실망스러울 것입니다. 이번 여행에서는 공연과 경기 관람이 꼭 포함되었으면 좋겠고, 즉흥적인 일정을 함께 즐길 수 있는 수용적이며 말이 많은 사람과 여행하고 싶습니다. 이번 여행에서 가장 기대하는 것은 다양한 문화와 역사를 체험하고 즐기는 것이며, 이러한 경험들이 제 삶에 다양성과 풍요로움을 더해 줄 것이라 생각합니다. 이를 통해 스트레스에서 벗어나 새로운 활력을 찾고 싶습니다.","이 사용자는 중국&몽골 지역을 선호하고, 습함 기후를 피하고 싶어해요. 여행 목적은 공연&경기관람이며, 콘도에서 머무는 걸 좋아하고 오전 9-10시쯤 기상하는 편이에요.",,
885,보통,보통,많다,보통,보통,3,둔감,꽤 여유있게,국내,바다,즉흥 여행,적당히 봄,코골이 안함,다른 곳 간다,"동남아,중국&몽골,일본","더움,상관없음,쌀쌀함","사람&관계,액티비티,공연&경기관람","상관없음,4-5성급호텔,콘도",오전 8-9시,100만원 이하,"저는 국내보다는 동남아, 중국, 몽골, 일본 같은 지역으로 여행을 자주 다니고 싶지만, 이번 여행에선 더운 기후를 피하고 싶어요. 공연이나 경기 관람 같은 액티비티를 꼭 하고 싶어서, 이것을 즐기지 못한다면 실망할 것 같아요. 여유 있게 즉흥적으로 일정을 짜는 스타일이라 관계를 중시하는 편이고, 그래서 저와 함께 유연하게 계획을 바꿀 수 있고 대화가 많은 사람과 동행하는 것을 선호해요. 이번 여행에서는 새로운 사람들과 관계를 형성하고 그 안에서 삶의 다양한 가능성을 찾고 싶습니다. 또한, 여행은 삶에 새로운 바람을 일으켜 주는 계기이기를 바랍니다.","이 사용자는 동남아 지역을 선호하고, 더움 기후를 피하고 싶어해요. 여행 목적은 공연&경기관람이며, 상관없음에서 머무는 걸 좋아하고 오전 8-9시쯤 기상하는 편이에요.",,
886,매우 둔감,수용적,많다,자주 늦음,무조건 따름,4,매우 둔감,보통,해외,바다,즉흥 여행,적당히 봄,코골이 안함,다른 곳 간다,"세계일주,일본,국내","더움,쌀쌀함,추움","기록,자연감상,쇼핑","3성이하 호텔,펜션,민박",오전 10시 이후,200-300만원,"이번 여행에서 가장 중요하게 생각하는 것은 자연을 감상하고 기록을 남기는 것입니다. 특히 일본을 방문하려고 계획하고 있으며, 더운 기후를 피할 수 있는 일정이 되기를 기대합니다. 지난 여행에서 일정에 맞추지 못해 시간이 어긋났던 경험이 최악이었고, 이번에는 즉흥적이지만 시간 계획을 조금 더 신경 쓰고 싶습니다. 여행은 혼자보다는 수용적이고 말이 많은 사람과 함께 가는 것이 좋을 것 같습니다. 이번 여행은 단순한 휴식이 아니라 제 삶의 중요한 기록으로 남아 의미 있는 시간이 되기를 바랍니다.","이 사용자는 일본 지역을 선호하고, 더움 기후를 피하고 싶어해요. 여행 목적은 기록이며, 민박에서 머무는 걸 좋아하고 오전 10시 이후쯤 기상하는 편이에요.",,
887,둔감,보통,매우 적다,매우 정확,무조건 리드,5,꽤 민감,매우 여유있게,해외,산,계획 여행,무조건 다 봄,코골이 안함,기다림,"중국&몽골,세계일주,미국","건조함,습함,상관없음","자연감상,문화&역사체험,미식","상관없음,민박,4-5성급호텔",오전 9-10시,300-400만원,"저는 여행 중 최악의 경험으로 약속 시간을 어기거나 계획된 일정을 지키지 않는 상황을 싫어합니다. 이번 여행에서는 자연과 문화, 역사를 깊이 체험할 수 있는 기회를 놓칠 수 없으며, 이를 위해 여유롭지만 체계적으로 계획된 일정이 꼭 필요합니다. 조용하고 청결한 환경에서 함께 여행할 수 있는 사람이면 좋겠으며, 서로의 의견을 조율하며 충분히 기다릴 줄 아는 사람을 선호합니다. 이번 여행에서 가장 기대하는 것은 새로운 문화와 미식을 경험하며 자연의 아름다움을 감상하는 것입니다. 이 여행이 저에게는 새로운 세계와의 연결을 통해 삶에 활력을 되찾는 기회가 되었으면 합니다.","이 사용자는 미국 지역을 선호하고, 건조함 기후를 피하고 싶어해요. 여행 목적은 문화&역사체험이며, 4-5성급호텔에서 머무는 걸 좋아하고 오전 9-10시쯤 기상하는 편이에요.",,
888,매우 민감,매우 수용적,매우 많다,매우 정확,리드하는편,1,매우 둔감,꽤 빡빡하게,국내,산,즉흥 여행,적당히 봄,코골이 함,기다림,"동남아,미국,그 외","습함,쌀쌀함,더움","액티비티,사람&관계,미식","게스트하우스,상관없음,콘도",오전 9-10시,300-400만원,"저는 여행 중 기후 때문에 힘들었던 경험이 최악이라고 생각해요. 습하고 더운 날씨를 특히 싫어해요. 그래서 이번 여행에는 시원하고 쾌적한 환경을 꼭 기대하고 있어요. 또한 말을 많이 하고 리드를 할 수 있는 성향 덕분에, 대화를 잘 나눌 수 있는 사람과 함께 여행하는 것을 선호해요. 동남아나 미국과 같은 지역에서 사람들과 관계를 맺고, 맛있는 음식을 즐기고, 다양한 액티비티를 경험하는 것이 가장 기대돼요. 제가 평소 말이 많은 편이기 때문에 여행을 통해 사회적 관계를 넓히고, 삶의 활력을 얻고 싶습니다.","이 사용자는 그 외 지역을 선호하고, 습함 기후를 피하고 싶어해요. 여행 목적은 액티비티이며, 게스트하우스에서 머무는 걸 좋아하고 오전 9-10시쯤 기상하는 편이에요.",,
889,꽤 민감,보통,매우 적다,자주 늦음,리드하는편,1,보통,매우 빡빡하게,해외,바다,계획 여행,무조건 다 봄,코골이 안함,다른 곳 간다,"미국,그 외,동남아","상관없음,추움,건조함","쇼핑,공연&경기관람,미식","민박,에어비엔비,4-5성급호텔",오전 9-10시,100만원 이하,"여행 중 최악의 경험은 아마도 예기치 않게 늦게 도착해서 놓친 공연이나 경기가 될 것 같습니다. 그래서 이번 여행에서는 쇼핑과 미식 경험이 포함된 일정에 빠짐없이 참여할 수 있는 시간 관리가 필수적입니다. 함께 여행할 사람이라면, 제가 리드를 할 수 있도록 잘 따라주고, 예민함을 고려해서 너무 번잡하지 않은 사람이라면 좋겠습니다. 특히 공연과 경기 관람을 기대하고 있으며, 이러한 경험이 저의 일상에 특별한 활력을 불어넣길 바랍니다. 또한, 이번 여행을 통해 새로운 도시를 탐험하며 늘어가는 기억들이 제 삶에 긍정적인 여운을 남겼으면 합니다.","이 사용자는 미국 지역을 선호하고, 추움 기후를 피하고 싶어해요. 여행 목적은 공연&경기관람이며, 민박에서 머무는 걸 좋아하고 오전 9-10시쯤 기상하는 편이에요.",,
890,매우 둔감,다소 완고,매우 적다,보통,따르는 편,1,둔감,매우 빡빡하게,국내,바다,즉흥 여행,무조건 다 봄,코골이 안함,다른 곳 간다,"국내,동남아,그 외","상관없음,쌀쌀함,더움","공연&경기관람,기록,미식","상관없음,펜션,게스트하우스",오전 10시 이후,100만원 이하,"저는 여행 중 최악의 경험이 웨이팅 때문에 시간을 낭비하는 것입니다, 그래서 이번 여행에서는 계획적인 방문보다는 즉흥적으로 스케줄에 따라 움직이며 랜드마크를 빠르게 둘러보는 걸 선호합니다. 함께 여행하고 싶은 사람은 너무 이른 시간을 요구하지 않고, 제 스타일대로 둔감하게 따라와 줄 수 있는 사람이면 좋겠습니다. 이번 여행에서 가장 기대하는 것은 미식 경험이고, 공연이나 경기를 즐기는 것도 포함됩니다. 여행이 끝난 후에는 다양한 기록을 남겨 새로운 추억을 만들어가고 싶습니다. 제 삶에서 이 여행이 짧은 도피와 재충전의 시간이 되기를 바랍니다.","이 사용자는 그 외 지역을 선호하고, 상관없음 기후를 피하고 싶어해요. 여행 목적은 미식이며, 게스트하우스에서 머무는 걸 좋아하고 오전 10시 이후쯤 기상하는 편이에요.",,
891,꽤 민감,매우 수용적,매우 많다,매우 정확,보통,3,매우 민감,꽤 여유있게,해외,산,계획 여행,적당히 봄,코골이 함,다른 곳 간다,"일본,중국&몽골,그 외","상관없음,더움,습함","휴식,자연감상,미식","3성이하 호텔,4-5성급호텔,민박",오전 9-10시,100만원 이하,"이번 여행에서 저는 더운 기후를 피하며 자연을 감상하고 휴식을 취하는 것을 기대하고 있습니다. 4-5성급 호텔에서 편안한 숙박을 원하며, 여유로운 일정을 통해 일본, 중국, 몽골 등에서 미식을 즐기고 싶습니다. 여행 중 최악의 경험은 청결하지 않은 환경을 만났을 때인데, 이는 제가 민감한 성격 때문입니다. 이번 여행에서는 시간 약속을 잘 지키며 대화가 활발한 사람과 함께하는 것을 선호하는데, 이런 동행자와의 여행은 저에게 긍정적인 경험을 안겨줄 것입니다. 마지막으로, 저는 이번 여행이 제 삶에 평화와 활력을 더해줄 의미 있는 시간이 되기를 바랍니다.","이 사용자는 그 외 지역을 선호하고, 더움 기후를 피하고 싶어해요. 여행 목적은 휴식이며, 4-5성급호텔에서 머무는 걸 좋아하고 오전 9-10시쯤 기상하는 편이에요.",,
892,둔감,다소 완고,보통,종종 늦음,무조건 리드,5,매우 둔감,매우 여유있게,해외,바다,즉흥 여행,무조건 다 봄,코골이 안함,기다림,"중국&몽골,미국,그 외","추움,상관없음,습함","문화&역사체험,공연&경기관람,사람&관계","3성이하 호텔,게스트하우스,에어비엔비",오전 8-9시,300-400만원,"저는 여행 중 약속 시간에 늦어 당황했던 경험이 최악이었으며, 이번 여행에서는 여유로운 일정을 충분히 즐기고 싶습니다. 함께 여행하고 싶은 사람은 제가 이끄는 대로 따라오면서도 자유롭게 의견을 나눌 수 있는 사람이면 좋겠습니다. 이번 여행에서 가장 기대하는 것은 다양한 문화와 역사를 체험하고 공연이나 경기를 관람하는 일입니다. 여행을 통해 새로운 사람들과 관계를 맺으며 제 삶에 풍부한 경험을 더하고 싶습니다. 이러한 경험들이 제게 휴식과 동시에 더 넓은 세계를 이해하는 데 의미가 있기를 바랍니다.","이 사용자는 중국&몽골 지역을 선호하고, 상관없음 기후를 피하고 싶어해요. 여행 목적은 공연&경기관람이며, 에어비엔비에서 머무는 걸 좋아하고 오전 8-9시쯤 기상하는 편이에요.",,
893,꽤 민감,다소 완고,매우 많다,종종 늦음,무조건 따름,1,매우 둔감,매우 여유있게,국내,바다,즉흥 여행,무조건 다 봄,코골이 함,기다림,"그 외,동남아,중국&몽골","습함,상관없음,쌀쌀함","공연&경기관람,자연감상,도전과성장","3성이하 호텔,펜션,민박",오전 9-10시,100만원 이하,"저는 여행 중에 시간을 잘 못 맞춰서 계획이 꼬이는 게 최악이라고 생각해요. 그래서 이번 여행에서는 시간에 구애받지 않고 여유롭게 랜드마크를 둘러볼 수 있는 경험이 필수적이에요. 함께 여행하고 싶은 사람은 저처럼 계획에 구애받지 않고 즉흥적으로 즐길 수 있으며, 제 코골이에 무덤덤한 사람이었으면 좋겠어요. 이번 여행에서 가장 기대하는 것은 자연을 만끽하면서 공연이나 경기를 즐기는 거예요. 이러한 경험들이 저에게 도전과 성장의 시간이 되어주길 바랍니다.","이 사용자는 동남아 지역을 선호하고, 습함 기후를 피하고 싶어해요. 여행 목적은 자연감상이며, 펜션에서 머무는 걸 좋아하고 오전 9-10시쯤 기상하는 편이에요.",,
894,꽤 민감,수용적,보통,자주 늦음,무조건 리드,2,매우 둔감,매우 여유있게,해외,산,계획 여행,무조건 다 봄,코골이 안함,기다림,"그 외,중국&몽골,세계일주","습함,건조함,더움","자연감상,액티비티,도전과성장","상관없음,3성이하 호텔,콘도",오전 8-9시,300-400만원,"저는 세계일주를 통해 자연을 감상하고 새로운 도전과 성장을 경험하는 것을 기대합니다. 여행 중 최악의 경험은 습하고 더운 기후에서의 불편함일 수 있지만, 계획적인 일정으로 불필요한 스트레스를 줄이고 싶습니다. 이번 여행에서는 모든 랜드마크를 반드시 본다는 계획을 가지고 있으며, 여행의 의미는 제 삶에 새로운 도전과 자기 성장을 가져오는 것입니다. 함께 여행하고 싶은 사람은 시간약속에 대해 느긋하고, 기다리는 것에 관대한 사람이면 좋겠습니다. 여행 예산은 300-400만 원으로 설정했으며, 주로 3성 이하의 호텔이나 콘도에 머물 계획입니다.","이 사용자는 세계일주 지역을 선호하고, 건조함 기후를 피하고 싶어해요. 여행 목적은 도전과성장이며, 콘도에서 머무는 걸 좋아하고 오전 8-9시쯤 기상하는 편이에요.",,
895,둔감,매우 완고,매우 적다,보통,보통,3,보통,매우 여유있게,국내,바다,즉흥 여행,무조건 다 봄,코골이 안함,기다림,"일본,중국&몽골,세계일주","추움,습함,더움","액티비티,자연감상,휴식","민박,상관없음,4-5성급호텔",오전 10시 이후,200-300만원,"저는 여행 중에 추운 날씨 때문에 몸이 불편했던 경험이 최악으로 남아 있습니다. 그래서 이번 여행에서는 기후가 쾌적한 환경을 꼭 원합니다. 여행 동반자는 침착하고 열정적으로 자연을 감상할 수 있으며 즉흥적인 플랜에도 유연한 사람이었으면 좋겠어요. 이번 여행에서는 일본의 아름다운 자연을 감상하고, 조용한 시간을 즐기며 휴식하는 것이 가장 기대됩니다. 이러한 여유로운 여행이 제 삶에 새로운 에너지를 주고, 생각을 정리하는 기회가 되었으면 합니다.","이 사용자는 일본 지역을 선호하고, 더움 기후를 피하고 싶어해요. 여행 목적은 휴식이며, 상관없음에서 머무는 걸 좋아하고 오전 10시 이후쯤 기상하는 편이에요.",,
896,보통,보통,많다,꽤 정확,리드하는편,3,꽤 민감,매우 빡빡하게,해외,바다,계획 여행,무조건 다 봄,코골이 함,기다림,"그 외,유럽,중국&몽골","상관없음,습함,건조함","액티비티,쇼핑,사람&관계","게스트하우스,3성이하 호텔,에어비엔비",오전 10시 이후,200-300만원,"저는 유럽 여행에서 건조한 기후로 인해 피부 건조를 느꼈을 때가 최악의 경험이었던 기억이 있습니다. 그래서 이번 여행에서는 피부 보습 제품을 꼭 챙기고 싶습니다. 함께 여행을 가고 싶은 사람은 활발하고 의견을 잘 수용할 수 있는 사람이며, 다 같이 빡빡한 일정을 즐기면서 많은 랜드마크를 볼 수 있었으면 좋겠습니다. 이 여행에서 가장 기대하는 것은 새로운 사람들과의 관계 형성 및 흥미진진한 액티비티를 즐기는 것이고, 이러한 경험이 저의 삶에 활력을 주고 다양한 시야를 넓히는 계기가 되었으면 좋겠습니다.","이 사용자는 유럽 지역을 선호하고, 건조함 기후를 피하고 싶어해요. 여행 목적은 액티비티이며, 에어비엔비에서 머무는 걸 좋아하고 오전 10시 이후쯤 기상하는 편이에요.",,
897,매우 둔감,다소 완고,적다,보통,보통,3,둔감,매우 여유있게,국내,바다,즉흥 여행,적당히 봄,코골이 안함,기다림,"일본,유럽,세계일주","더움,습함,건조함","액티비티,기록,휴식","3성이하 호텔,에어비엔비,펜션",오전 8-9시,100만원 이하,저는 일본에서의 습하고 더운 날씨를 피하며 휴식을 찾는 여유로운 여행을 계획하고 있습니다. 여행 중 가장 최악의 경험은 과거의 덥고 습한 날씨로 인해 몸이 불편했던 기억이었습니다. 따라서 이번 여행에서는 쾌적한 기후를 꼭 즐기고 싶습니다. 함께 여행을 가는 사람은 조용하고 계획에 유연한 사람이면 좋겠습니다. 이번 여행에서는 여유로운 휴식과 새로운 경험을 통해 일상에서 벗어나 재충전하는 시간을 가장 기대하고 있습니다. 이 여행이 저에게 꾸준한 기록과 휴식의 중요한 일부가 되었으면 합니다.,"이 사용자는 일본 지역을 선호하고, 습함 기후를 피하고 싶어해요. 여행 목적은 휴식이며, 에어비엔비에서 머무는 걸 좋아하고 오전 8-9시쯤 기상하는 편이에요.",,
898,둔감,매우 수용적,매우 적다,종종 늦음,따르는 편,5,보통,꽤 빡빡하게,해외,산,즉흥 여행,무조건 다 봄,코골이 함,기다림,"그 외,동남아,유럽","더움,상관없음,건조함","미식,사람&관계,도전과성장","4-5성급호텔,콘도,게스트하우스",오전 10시 이후,300-400만원,"저는 여행 중에 예기치 않게 더운 날씨를 겪으면 그게 최악의 경험이 될 수 있어요. 그래서 이번 여행에서는 쾌적한 기후가 꼭 필요해요. 조용하고 수용적인 성격의 동반자와 함께 하면 좋겠고, 여행 중에는 다양한 사람들과 관계를 맺는 것이 가장 기대됩니다. 이번 여행은 저에게 미식 탐방과 함께 새로운 사람들과의 관계 형성을 통해 도전과 성장을 이루는 의미 있는 시간이 되었으면 해요. 오전 늦게 일어나도 여유롭게 일정을 소화할 수 있게 4-5성급 호텔에서 편안하게 머무르며 기운을 얻고 싶습니다.","이 사용자는 유럽 지역을 선호하고, 더움 기후를 피하고 싶어해요. 여행 목적은 사람&관계이며, 4-5성급호텔에서 머무는 걸 좋아하고 오전 10시 이후쯤 기상하는 편이에요.",,
899,매우 민감,보통,보통,꽤 정확,무조건 따름,3,매우 민감,꽤 여유있게,해외,산,즉흥 여행,무조건 다 봄,코골이 함,다른 곳 간다,"미국,세계일주,국내","더움,추움,습함","사람&관계,기록,미식","에어비엔비,4-5성급호텔,게스트하우스",오전 8-9시,200-300만원,"저는 예민해서 여행 중 코골이 때문에 숙면을 방해받는 것을 최악의 경험으로 여깁니다. 그래서 이번 여행에는 귀마개를 꼭 가지고 갈 예정입니다. 함께 여행하고 싶은 사람은 시간 약속을 잘 지키고 청결함을 중요시하는 사람이면 좋겠습니다. 이번 여행에서 가장 기대하는 것은 다양한 사람들과의 관계 형성입니다. 여행은 나에게 새로운 인연을 쌓고, 이를 통해 인생을 풍부하게 만들어주는 의미가 있습니다.","이 사용자는 국내 지역을 선호하고, 더움 기후를 피하고 싶어해요. 여행 목적은 사람&관계이며, 게스트하우스에서 머무는 걸 좋아하고 오전 8-9시쯤 기상하는 편이에요.",,
900,매우 민감,매우 완고,매우 많다,꽤 정확,따르는 편,4,매우 둔감,꽤 여유있게,국내,바다,즉흥 여행,무조건 다 봄,코골이 안함,다른 곳 간다,"일본,유럽,그 외","쌀쌀함,습함,추움","미식,액티비티,쇼핑","민박,4-5성급호텔,콘도",오전 10시 이후,100만원 이하,"여행 중에 최악의 경험은 시간이 매우 민감한데도 일정에 변수가 많아 여유롭게 시간을 보내지 못할 때입니다. 그래서 이번 여행에는 일정이 맞지 않아도 계획에 종속되지 않는 즉흥적인 요소가 있었으면 좋겠습니다. 같이 여행을 가고 싶은 사람은 대화를 즐기며, 여행 중 에너지가 넘치고 제가 선호하는 바다를 좋아하는 사람들이면 좋겠어요. 이번 여행에서는 특히 일본에서의 액티비티와 미식 경험을 가장 기대하고 있습니다. 여행이 제 삶에 주는 의미는 일상에서 벗어나 새로운 것을 보고 배우며 제 견문을 넓히는 데 있습니다.","이 사용자는 일본 지역을 선호하고, 쌀쌀함 기후를 피하고 싶어해요. 여행 목적은 액티비티이며, 4-5성급호텔에서 머무는 걸 좋아하고 오전 10시 이후쯤 기상하는 편이에요.",,
901,매우 민감,수용적,보통,자주 늦음,보통,4,둔감,꽤 여유있게,국내,바다,즉흥 여행,무조건 다 봄,코골이 안함,기다림,"동남아,국내,세계일주","상관없음,쌀쌀함,더움","사람&관계,문화&역사체험,쇼핑","펜션,에어비엔비,3성이하 호텔",오전 8-9시,100만원 이하,"저는 여행 중 일정에 쫓기면서 느꼈던 스트레스가 최악의 경험이었습니다. 그래서 이번 여행에서는 여유로운 일정과 즉흥성을 중요하게 생각하며, 적당한 숙소에서 편안한 숙면을 취하고 싶어요. 함께 여행하는 사람으로는 의견을 잘 수용하고 계획에 얽매이지 않는 유연한 성격의 사람을 선호합니다. 이번 여행에서는 새로운 문화와 역사체험을 통해 다양한 사람들과의 관계를 맺는 것을 가장 기대하고 있어요. 이러한 여행이 저에게는 새로운 시야를 열어주는 의미 있는 경험이 되었으면 합니다.","이 사용자는 세계일주 지역을 선호하고, 더움 기후를 피하고 싶어해요. 여행 목적은 쇼핑이며, 에어비엔비에서 머무는 걸 좋아하고 오전 8-9시쯤 기상하는 편이에요.",,
902,매우 민감,다소 완고,보통,매우 정확,무조건 리드,2,보통,꽤 빡빡하게,해외,산,계획 여행,무조건 다 봄,코골이 함,다른 곳 간다,"일본,중국&몽골,유럽","쌀쌀함,추움,상관없음","공연&경기관람,도전과성장,기록","펜션,게스트하우스,3성이하 호텔",오전 9-10시,100만원 이하,"저는 여행 중에 일정에 맞춰 모든 것을 계획하는 스타일이라, 만약 시간이 지연되거나 예기치 못한 상황이 발생하면 최악의 경험으로 느껴질 수 있습니다. 이번 여행에서는 모든 랜드마크를 볼 일정이 있기 때문에 정확한 시간 계획을 유지할 수 있는 것이 필수적입니다. 함께 여행할 사람도 저처럼 계획을 잘 따르고 선호가 비슷한 사람이면 좋겠습니다. 이번 여행에서 가장 기대하는 것은 새로운 공연을 관람하고 이를 통해 도전과 성장을 경험하는 것입니다. 또한, 이 여행이 제 삶에 대한 기록으로 남아, 오래도록 기억될 수 있기를 바랍니다.","이 사용자는 일본 지역을 선호하고, 추움 기후를 피하고 싶어해요. 여행 목적은 기록이며, 게스트하우스에서 머무는 걸 좋아하고 오전 9-10시쯤 기상하는 편이에요.",,
903,보통,보통,적다,보통,무조건 리드,5,꽤 민감,매우 여유있게,해외,바다,계획 여행,무조건 다 봄,코골이 안함,기다림,"일본,중국&몽골,미국","습함,더움,건조함","문화&역사체험,자연감상,기록","게스트하우스,4-5성급호텔,펜션",오전 9-10시,400만원 이상,"저는 해외 여행 중 습하고 더운 기후에서의 경험이 최악이었지만, 이번 여행에서는 일본의 문화와 역사를 느긋하게 즐길 계획입니다. 여행 중에는 게스트하우스와 같은 깨끗한 숙소를 선호하고, 오전 9-10시쯤 일어나느라 여유를 가질 수 있으면 좋겠습니다. 함께 여행하고 싶은 사람은 의사소통이 잘 되고 제 계획에 맞춰 함께 리드할 수 있는 사람입니다. 이번 여행에서는 자연을 감상하고 기록하는 데 큰 기대를 걸고 있으며, 삶에 새로운 문화적 경험과 여유로운 순간을 더하는 의미를 담고 싶습니다.","이 사용자는 일본 지역을 선호하고, 더움 기후를 피하고 싶어해요. 여행 목적은 자연감상이며, 게스트하우스에서 머무는 걸 좋아하고 오전 9-10시쯤 기상하는 편이에요.",,
904,둔감,매우 완고,적다,자주 늦음,무조건 따름,1,매우 둔감,꽤 빡빡하게,국내,산,즉흥 여행,적당히 봄,코골이 안함,기다림,"일본,그 외,미국","쌀쌀함,건조함,상관없음","문화&역사체험,공연&경기관람,휴식","3성이하 호텔,펜션,상관없음",오전 8-9시,100만원 이하,"저는 여행 중에 일정에 너무 딱 맞춰서 움직여야 했던 경험이 최악이었던 것 같아요, 즉흥적으로 움직이는 걸 선호하거든요. 이번 여행에서는 공연이나 경기를 관람할 수 있는 기회를 꼭 가졌으면 좋겠어요. 잘 맞는 여행 파트너는 제가 조금 늦더라도 이해해주고, 결정적으로 리더 역할을 잘 해줄 수 있는 사람이면 좋겠어요. 이번 여행에서 가장 기대하는 건 미국과 같은 곳의 문화와 역사를 체험하는 것이고, 이 여행이 제 삶에 새로운 영감을 주었으면 해요. 큰 예산이 필요한 여행은 아니지만, 적당한 숙소에서 돌아다니는 경험을 소중히 하고 싶습니다.","이 사용자는 미국 지역을 선호하고, 건조함 기후를 피하고 싶어해요. 여행 목적은 공연&경기관람이며, 상관없음에서 머무는 걸 좋아하고 오전 8-9시쯤 기상하는 편이에요.",,
905,매우 민감,보통,매우 많다,꽤 정확,보통,5,보통,보통,해외,바다,즉흥 여행,적당히 봄,코골이 함,기다림,"일본,미국,국내","건조함,습함,추움","기록,공연&경기관람,문화&역사체험","에어비엔비,게스트하우스,상관없음",오전 10시 이후,400만원 이상,"여행 중 최악의 경험은 역시 건조하거나 습하고 추운 날씨를 만나는 것입니다, 그래서 항상 기후 조건이 중요해요. 이번 여행에서는 일본을 방문하고 싶고, 특히 공연 관람과 문화 및 역사 체험을 기록하고 싶어요. 특히 좋은 기상 시간에 맞춰 여유롭게 계획에 따르지 않고 즉흥적으로 탐험할 수 있는 기회를 기대합니다. 함께 여행할 사람은 대화가 잘 통하고 시간을 잘 맞출 수 있는 사람이면 좋겠어요. 이번 여행을 통해 제 삶에 기록할 만한 특별한 경험과 새로운 문화를 접하면서 좀 더 풍요로운 기억을 쌓고 싶습니다.","이 사용자는 일본 지역을 선호하고, 습함 기후를 피하고 싶어해요. 여행 목적은 기록이며, 상관없음에서 머무는 걸 좋아하고 오전 10시 이후쯤 기상하는 편이에요.",,
906,매우 둔감,다소 완고,보통,종종 늦음,따르는 편,4,둔감,매우 빡빡하게,해외,산,즉흥 여행,적당히 봄,코골이 안함,기다림,"그 외,미국,일본","더움,습함,건조함","기록,사람&관계,쇼핑","민박,에어비엔비,상관없음",오전 8-9시,300-400만원,"저는 여행 중 최악의 경험으로는 일정이 지나치게 빡빡할 때 피로감 때문에 제대로 즐기지 못했던 것을 꼽을 수 있습니다. 이번 여행에서는 시간적으로 여유는 없더라도 사람과의 교류를 위해 마음에 드는 사람들과 함께 할 수 있는 즉흥적인 순간들이 꼭 있었으면 좋겠어요. 함께 여행하고 싶은 사람은 건조하거나 더운 기후를 피할 때 약간의 기다림도 불사하고 유연한 태도로 저의 완고한 의견을 존중해 줄 수 있는 사람이면 좋겠습니다. 이번 여행에서 가장 기대하는 것은 새로운 사람들과의 관계 속에서 얻는 의미 있는 기록이며, 이를 통해 제 삶에 새로운 활력을 불어넣고 싶습니다. 여행을 통해 얻은 추억과 경험이 새로운 시선으로 일상을 변화시키는 계기가 되었으면 좋겠습니다.","이 사용자는 그 외 지역을 선호하고, 건조함 기후를 피하고 싶어해요. 여행 목적은 사람&관계이며, 에어비엔비에서 머무는 걸 좋아하고 오전 8-9시쯤 기상하는 편이에요.",,
907,매우 민감,매우 완고,보통,꽤 정확,따르는 편,1,매우 민감,매우 여유있게,국내,바다,계획 여행,적당히 봄,코골이 함,다른 곳 간다,"유럽,국내,동남아","상관없음,쌀쌀함,습함","미식,휴식,공연&경기관람","콘도,민박,4-5성급호텔",오전 10시 이후,100만원 이하,"저는 예전 여행 중에 체력이 약해 일정에 지장을 준 경험이 최악이었어요. 이번 여행에서는 반드시 여유로운 일정과 개인적인 공간이 보장되는 4-5성급 호텔에 머무르기를 원합니다. 함께 여행하고 싶은 사람은 저만큼 계획적인 사람으로, 시간 약속을 잘 지키며 청결에 신경 쓰는 사람입니다. 이번 여행에서는 고급 음식과 휴식을 통해 오랜만에 맛있는 음식을 즐기고 여유로운 시간을 보내기를 기대합니다. 이러한 여행은 저에게 새로운 영감을 주고 스트레스 해소에 큰 의미가 될 것입니다.","이 사용자는 국내 지역을 선호하고, 쌀쌀함 기후를 피하고 싶어해요. 여행 목적은 미식이며, 4-5성급호텔에서 머무는 걸 좋아하고 오전 10시 이후쯤 기상하는 편이에요.",,
908,보통,수용적,적다,매우 정확,무조건 리드,4,둔감,매우 여유있게,해외,바다,즉흥 여행,적당히 봄,코골이 안함,다른 곳 간다,"일본,유럽,국내","상관없음,쌀쌀함,건조함","사람&관계,휴식,미식","상관없음,민박,3성이하 호텔",오전 9-10시,200-300만원,"저는 여행 중 시간 약속을 중요한 요소로 생각하기 때문에, 그 부분에서 문제가 생기면 최악의 경험이 될 수 있습니다. 그래서 이번 여행에서는 사람들과의 관계를 넉넉한 시간 속에서 편안하게 유지하는 것이 꼭 필요합니다. 함께 여행하고 싶은 사람은 수용적이고 계획에 얽매이지 않는 성향이어야 하며, 말수가 적더라도 배려 깊은 사람이라면 좋겠습니다. 이번 여행에서 가장 기대하는 것은 휴식과 미식 경험입니다. 여행은 제 삶에 새로운 에너지를 주고, 인간관계에 긍정적인 변화를 가져다주길 바랍니다.","이 사용자는 국내 지역을 선호하고, 건조함 기후를 피하고 싶어해요. 여행 목적은 휴식이며, 3성이하 호텔에서 머무는 걸 좋아하고 오전 9-10시쯤 기상하는 편이에요.",,
909,매우 둔감,수용적,많다,보통,무조건 따름,3,매우 둔감,보통,국내,바다,계획 여행,적당히 봄,코골이 함,다른 곳 간다,"세계일주,그 외,국내","습함,상관없음,쌀쌀함","휴식,쇼핑,액티비티","콘도,4-5성급호텔,3성이하 호텔",오전 9-10시,300-400만원,"저는 여행 중 코골이로 인해 수면에 방해가 되는 경험이 최악이었습니다. 이번 여행에서는 휴식을 가장 중요하게 생각하고 있어, 쾌적한 숙소와 좋은 침구가 반드시 필요합니다. 함께 여행을 가고 싶은 사람은 계획에 잘 따르고 수용적인 태도를 가진 사람입니다. 이번 여행에서 바다를 배경으로 한 액티비티와 쇼핑을 가장 기대하고 있으며, 습하지 않은 쾌적한 날씨를 바라고 있습니다. 이번 여행이 제 삶에 큰 휴식과 새로운 활력을 주었으면 좋겠습니다.","이 사용자는 세계일주 지역을 선호하고, 쌀쌀함 기후를 피하고 싶어해요. 여행 목적은 휴식이며, 콘도에서 머무는 걸 좋아하고 오전 9-10시쯤 기상하는 편이에요.",,
910,보통,다소 완고,많다,종종 늦음,리드하는편,5,보통,매우 빡빡하게,국내,산,즉흥 여행,무조건 다 봄,코골이 안함,다른 곳 간다,"유럽,국내,동남아","추움,건조함,쌀쌀함","액티비티,휴식,공연&경기관람","민박,콘도,펜션",오전 9-10시,400만원 이상,"저는 여행 중 추운 기후에서의 경험이 최악이라고 생각해요, 그래서 이번에는 따뜻하고 쾌적한 날씨를 즐길 수 있는 곳에서 쉬고 싶습니다. 여행에서 즉흥적인 계획을 즐기고 민박에 머무르길 좋아하는데, 시간을 같이 보내고 연극이나 스포츠 경기를 함께 관람할 수 있는 친구나 가족과의 여행이 꼭 필요해요. 특히 유럽이나 동남아에서의 여정을 기대하고 있으며, 액티비티도 경험하면서 활력을 얻고 싶습니다. 이번 여행이 일상에서 벗어나 마음의 평화와 즐거움을 줄 수 있기를 바라며, 새로운 문화와 사람을 만나는 계기가 되었으면 좋겠어요.","이 사용자는 유럽 지역을 선호하고, 쌀쌀함 기후를 피하고 싶어해요. 여행 목적은 휴식이며, 민박에서 머무는 걸 좋아하고 오전 9-10시쯤 기상하는 편이에요.",,
911,매우 둔감,다소 완고,매우 많다,종종 늦음,리드하는편,3,매우 둔감,매우 여유있게,국내,바다,즉흥 여행,무조건 다 봄,코골이 안함,다른 곳 간다,"일본,그 외,세계일주","건조함,추움,습함","액티비티,문화&역사체험,휴식","3성이하 호텔,콘도,게스트하우스",오전 8-9시,400만원 이상,"저는 매우 둔감한 성격이라 여행 중 큰 스트레스를 받지 않는데, 약속 시간에 자주 늦어 최악의 경험이 생기기도 합니다. 여행 중 꼭 기대하는 것은 다양한 랜드마크를 살펴보는 것이며, 휴식과 문화 체험을 중시합니다. 그래서 여유로운 일정과 즉흥적인 계획을 선호하며 함께 여행할 사람도 이런 저의 스타일을 이해하고, 말이 많은 저와 즐겁게 대화할 수 있는 사람이라면 좋습니다. 이번 여행에서는 일본 같은 다양한 문화 체험을 하며, 자연의 경관을 즐기는데 의미를 두고 싶습니다. 여행이 끝난 후 좀 더 풍부한 경험과 추억을 쌓아 일상에 활력을 불어넣고 싶습니다.","이 사용자는 그 외 지역을 선호하고, 추움 기후를 피하고 싶어해요. 여행 목적은 휴식이며, 콘도에서 머무는 걸 좋아하고 오전 8-9시쯤 기상하는 편이에요.",,
912,매우 민감,매우 수용적,많다,종종 늦음,무조건 리드,5,꽤 민감,꽤 여유있게,해외,바다,즉흥 여행,무조건 다 봄,코골이 안함,기다림,"미국,국내,일본","더움,상관없음,쌀쌀함","미식,문화&역사체험,휴식","펜션,4-5성급호텔,민박",오전 9-10시,200-300만원,"저는 여행 중 최악의 경험으로 더운 날씨를 꼽을 수 있어요. 그래서 이번 여행에서는 편안한 숙소와 쾌적한 온도가 매우 중요합니다. 함께 여행하고 싶은 사람은 유연하고 수용적인 태도를 가진 사람으로, 서로의 의견을 잘 수용할 수 있는 사람이라면 좋겠어요. 이번 여행에서 가장 기대하는 것은 새로운 문화와 역사를 체험하고, 현지 음식을 맛보며 여유롭게 휴식을 취하는 것입니다. 이러한 경험을 통해 보다 넓은 시각으로 세상을 바라보고 삶에 풍요로움을 더하고 싶습니다.","이 사용자는 미국 지역을 선호하고, 상관없음 기후를 피하고 싶어해요. 여행 목적은 휴식이며, 민박에서 머무는 걸 좋아하고 오전 9-10시쯤 기상하는 편이에요.",,
913,매우 민감,다소 완고,적다,보통,무조건 리드,4,매우 둔감,꽤 빡빡하게,국내,바다,계획 여행,무조건 다 봄,코골이 함,기다림,"유럽,미국,중국&몽골","추움,습함,쌀쌀함","문화&역사체험,자연감상,쇼핑","민박,상관없음,콘도",오전 10시 이후,100만원 이하,"저는 여행 중에 추운 기후를 만나는 것을 최악의 경험으로 여기기 때문에, 쾌적한 날씨가 필수적입니다. 이번 여행에서는 쇼핑 경험이 꼭 필요하며, 이를 통해 풍부한 문화와 역사를 체험하고자 합니다. 함께 여행하는 사람은 제가 리드하는 스타일을 이해하고 따라와 줄 수 있는 사람이어야 합니다. 여행에서 가장 기대하는 것은 자연과 문화의 조화로운 감상을 통해 새로운 영감을 얻는 것이며, 이 여행이 일상의 틀을 벗어나 제 삶에 새로운 활력을 주었으면 합니다. 저는 계획된 일정을 유지하고 미국에서 문화적인 발견을 통해 삶의 의미를 더 넓히고 싶습니다.","이 사용자는 미국 지역을 선호하고, 쌀쌀함 기후를 피하고 싶어해요. 여행 목적은 쇼핑이며, 콘도에서 머무는 걸 좋아하고 오전 10시 이후쯤 기상하는 편이에요.",,
914,둔감,보통,매우 많다,매우 정확,리드하는편,1,보통,매우 여유있게,해외,산,계획 여행,적당히 봄,코골이 안함,기다림,"국내,유럽,세계일주","상관없음,건조함,쌀쌀함","문화&역사체험,사람&관계,도전과성장","콘도,에어비엔비,4-5성급호텔",오전 8-9시,100만원 이하,"저는 여행 중 체력적으로 힘든 경험이 최악이었어요, 그래서 이번 여행에서는 꼭 여유로운 일정이 필요합니다. 같이 여행을 가는 사람은 소통이 잘 되고 함께 다양한 경험을 즐길 수 있는 사람이면 좋겠어요. 가장 기대하는 것은 새로운 문화와 역사를 직접 체험하는 것이고, 이를 통해 개인적인 성장을 이루고 싶습니다. 여행은 저에게 새로운 시각을 제공하고 인생에서 중요한 사람들과 소중한 추억을 만드는 의미를 지니길 바랍니다. 물론 경제적인 부분도 중요해서 예산 안에서 효율적인 여행을 계획하려 해요.","이 사용자는 국내 지역을 선호하고, 상관없음 기후를 피하고 싶어해요. 여행 목적은 사람&관계이며, 콘도에서 머무는 걸 좋아하고 오전 8-9시쯤 기상하는 편이에요.",,
915,매우 둔감,보통,매우 적다,보통,따르는 편,1,매우 둔감,꽤 빡빡하게,국내,바다,계획 여행,무조건 다 봄,코골이 함,다른 곳 간다,"국내,세계일주,일본","습함,건조함,추움","문화&역사체험,액티비티,기록","상관없음,4-5성급호텔,콘도",오전 8-9시,300-400만원,저는 국내 여행을 좋아하며 습하고 건조한 기후를 피하고 싶습니다. 여행 중 최악의 경험은 빡빡한 일정 속에 체력적으로 힘들었던 순간일 것 같습니다. 이번 여행에는 문화와 역사 체험뿐 아니라 액티비티와 기록을 남기는 것이 중요합니다. 함께 여행하고 싶은 사람은 의견을 잘 수용하고 무리 없이 계획에 따라 여행을 즐길 수 있는 사람입니다. 여행을 통해 새로운 경험을 쌓고 삶에 풍부한 의미를 더하고 싶습니다.,"이 사용자는 국내 지역을 선호하고, 습함 기후를 피하고 싶어해요. 여행 목적은 액티비티이며, 4-5성급호텔에서 머무는 걸 좋아하고 오전 8-9시쯤 기상하는 편이에요.",,
916,매우 둔감,매우 수용적,매우 많다,종종 늦음,무조건 리드,4,둔감,매우 여유있게,해외,산,즉흥 여행,무조건 다 봄,코골이 함,다른 곳 간다,"미국,일본,세계일주","상관없음,더움,추움","쇼핑,사람&관계,공연&경기관람","게스트하우스,민박,콘도",오전 10시 이후,300-400만원,"여행 중 최악의 경험은 종종 시간 약속을 못 지키면서 스케줄이 꼬이는 점이지만, 크게 신경 쓰지 않는 편입니다. 이번 여행에서 쇼핑과 공연, 그리고 경기 관람은 절대 놓칠 수 없는 요소예요. 함께 여행하고 싶은 사람은 저처럼 의견이 수용적이고 즉흥적인 모험을 즐길 수 있는 사람이면 좋겠습니다. 이번 여행에서는 미국과 일본 등 다양한 목적지를 돌아다니며 세상의 다양한 매력을 체험하는 데 큰 기대를 하고 있습니다. 이런 여행이 제 삶에 활력을 불어넣고, 사람들과의 새로운 관계를 형성하는 데 큰 역할을 했으면 좋겠어요.","이 사용자는 일본 지역을 선호하고, 추움 기후를 피하고 싶어해요. 여행 목적은 공연&경기관람이며, 민박에서 머무는 걸 좋아하고 오전 10시 이후쯤 기상하는 편이에요.",,
917,둔감,수용적,매우 적다,자주 늦음,리드하는편,5,매우 민감,꽤 빡빡하게,해외,산,즉흥 여행,적당히 봄,코골이 안함,다른 곳 간다,"세계일주,국내,그 외","상관없음,습함,더움","쇼핑,문화&역사체험,미식","상관없음,4-5성급호텔,에어비엔비",오전 8-9시,100만원 이하,여행 중 습한 기후에서의 경험이 최악이었던 적이 있습니다. 이번 여행에서는 쇼핑과 문화&역사체험을 통해 새로운 경험을 쌓는 것이 꼭 필요합니다. 함께 여행할 사람은 계획에 유연하고 청결함을 중시하는 사람이었으면 좋겠습니다. 이번 여행에서 가장 기대되는 것은 세계 여러 지역을 돌며 각국의 문화를 체험하는 것입니다. 이를 통해 저는 일상에서 벗어나 새로운 시각과 삶의 활력을 얻고 싶습니다.,"이 사용자는 세계일주 지역을 선호하고, 습함 기후를 피하고 싶어해요. 여행 목적은 문화&역사체험이며, 상관없음에서 머무는 걸 좋아하고 오전 8-9시쯤 기상하는 편이에요.",,
918,매우 민감,수용적,매우 적다,보통,무조건 따름,1,꽤 민감,꽤 여유있게,국내,산,즉흥 여행,적당히 봄,코골이 안함,기다림,"중국&몽골,유럽,일본","상관없음,쌀쌀함,습함","도전과성장,기록,문화&역사체험","4-5성급호텔,민박,게스트하우스",오전 8-9시,300-400만원,"저는 여행 중 가장 최악의 경험이 습하고 불편한 숙소에서 있을 때입니다. 그래서 이번 여행에서는 청결하고 편안한 4-5성급 호텔이 꼭 필요합니다. 저는 함께 여행을 떠나는 동료가 저와 마찬가지로 수용적이면서도 느긋한 계획을 즐기는 사람이었으면 좋겠습니다. 이번 여행에서 가장 기대하는 것은 문화와 역사 체험을 통해 얻는 도전과 성장의 경험입니다. 이를 통해 제 삶에 새로운 기록을 더하고, 의미 있는 성장을 이루고 싶습니다.","이 사용자는 중국&몽골 지역을 선호하고, 습함 기후를 피하고 싶어해요. 여행 목적은 도전과성장이며, 4-5성급호텔에서 머무는 걸 좋아하고 오전 8-9시쯤 기상하는 편이에요.",,
919,꽤 민감,매우 완고,매우 적다,종종 늦음,무조건 따름,5,매우 둔감,보통,국내,바다,계획 여행,적당히 봄,코골이 함,기다림,"그 외,국내,유럽","건조함,습함,더움","휴식,문화&역사체험,액티비티","콘도,펜션,상관없음",오전 10시 이후,400만원 이상,"저는 여행 중에 예민한 편이라 건조하거나 습한 기후는 피하고 싶습니다. 예전에 그런 기후로 불편했던 경험이 있었어요. 그럼에도 이번 여행에서는 유럽의 문화와 역사 체험, 그리고 다양한 액티비티를 꼭 즐기고 싶습니다. 함께 여행을 가고 싶은 사람이라면 제 의견을 잘 존중하고, 리더십을 발휘해 저를 잘 이끌어주는 사람이면 좋겠습니다. 이번 여행에서 가장 기대하는 것은 휴식을 취하며 새로운 것들을 경험하는 것입니다. 이 여행이 제 삶에 휴식을 주고 새로운 에너지를 충전할 수 있는 의미 있는 시간이 되었으면 합니다.","이 사용자는 유럽 지역을 선호하고, 건조함 기후를 피하고 싶어해요. 여행 목적은 액티비티이며, 상관없음에서 머무는 걸 좋아하고 오전 10시 이후쯤 기상하는 편이에요.",,
920,둔감,매우 완고,매우 많다,보통,무조건 리드,5,꽤 민감,보통,국내,바다,즉흥 여행,무조건 다 봄,코골이 안함,다른 곳 간다,"미국,유럽,일본","더움,쌀쌀함,상관없음","사람&관계,미식,쇼핑","민박,게스트하우스,4-5성급호텔",오전 9-10시,400만원 이상,"저는 여행 중에 기후가 너무 더운 곳을 피하고 싶고, 그래서 유럽을 주로 선호해요. 이번 여행에서는 사람들과의 관계를 중요시하여 다양한 사람을 만나고 교류할 수 있는 경험이 기대됩니다. 함께 여행할 사람은 수다스럽고 고집이 세지 않으며, 일정에 맞춰 리드하는 제 스타일에 잘 맞는 사람이었으면 좋겠어요. 꼭 필요한 것은 즉흥적인 결정을 내릴 수 있는 자유로운 분위기며, 민박이나 게스트하우스에서 편하게 지내고 싶어요. 이번 여행은 미식과 쇼핑을 통해 일상에서 벗어나 새로운 활력을 얻는 의미를 가질 것으로 기대됩니다.","이 사용자는 유럽 지역을 선호하고, 더움 기후를 피하고 싶어해요. 여행 목적은 사람&관계이며, 게스트하우스에서 머무는 걸 좋아하고 오전 9-10시쯤 기상하는 편이에요.",,
921,매우 민감,다소 완고,매우 많다,종종 늦음,보통,5,꽤 민감,매우 여유있게,해외,산,계획 여행,적당히 봄,코골이 안함,기다림,"동남아,국내,그 외","추움,건조함,습함","휴식,문화&역사체험,도전과성장","민박,에어비엔비,상관없음",오전 8-9시,100만원 이하,"저는 여행 중 가장 최악의 경험으로 예민한 성향 때문에 추운 기후나 건조한 환경 때문에 불편함을 느꼈던 순간들을 떠올립니다. 이번 여행에서 꼭 필요한 것은 여유로운 일정의 계획된 여행과 맞는 동행자입니다. 말이 많고 의견이 완고한 저와 함께여도 즐겁게 시간을 보낼 수 있으며, 산을 좋아하고 문화와 역사 체험을 즐겨하는 여행 파트너를 선호합니다. 이번 여행에서 가장 기대하는 것은 휴식과 새로운 도전 속에서 성장을 이루는 것이며, 삶의 의미를 재발견하고 싶습니다. 이러한 경험들이 저에게 평소의 일상에서 벗어나 재충전의 기회를 제공했으면 합니다.","이 사용자는 국내 지역을 선호하고, 추움 기후를 피하고 싶어해요. 여행 목적은 휴식이며, 상관없음에서 머무는 걸 좋아하고 오전 8-9시쯤 기상하는 편이에요.",,
922,둔감,다소 완고,적다,매우 정확,따르는 편,4,매우 민감,보통,해외,바다,계획 여행,적당히 봄,코골이 안함,기다림,"일본,미국,국내","쌀쌀함,습함,건조함","기록,문화&역사체험,액티비티","민박,4-5성급호텔,3성이하 호텔",오전 8-9시,400만원 이상,"저는 예민하지 않은 편이라 여행 중 최악의 경험은 잘 없지만, 만약 일어난다면 예상치 못한 지저분한 숙소나 약속된 시간에 늦는 상황일 것입니다. 이번 여행에서는 철저한 계획과 기록을 위한 준비물이 꼭 필요합니다. 함께 여행을 가고 싶은 사람은 시간을 잘 지키고 의견이 잘 맞는 사람이면 좋겠습니다. 특히 저는 바다를 보며 문화와 역사를 체험하는 경험을 가장 기대하고 있습니다. 이번 여행을 통해 더 깊은 문화적 통찰력과 기록을 남길 수 있는 기회를 얻고 싶습니다.","이 사용자는 국내 지역을 선호하고, 건조함 기후를 피하고 싶어해요. 여행 목적은 기록이며, 3성이하 호텔에서 머무는 걸 좋아하고 오전 8-9시쯤 기상하는 편이에요.",,
923,매우 민감,매우 완고,매우 적다,종종 늦음,무조건 따름,4,둔감,매우 여유있게,해외,산,계획 여행,적당히 봄,코골이 안함,다른 곳 간다,"국내,세계일주,미국","상관없음,더움,쌀쌀함","도전과성장,휴식,미식","펜션,에어비엔비,상관없음",오전 9-10시,200-300만원,"저는 여행 중 예민함 때문에 예상치 못한 상황에서 스트레스를 받을 때가 많았고, 그로 인해 최악의 경험이 생길 수 있습니다. 그래서 이번 여행에서는 쾌적한 숙소와 쉬는 시간이 꼭 필요합니다. 함께 여행하고 싶은 사람은 제 의견을 존중하면서 계획에 잘 따르는 사람입니다. 이번 여행에서 가장 기대하는 것은 새로운 미식 경험과 그로 인한 성장이며, 더불어 자기 발전의 기회로 삼고 싶습니다. 여행을 통해 일상의 스트레스에서 벗어나 휴식을 취하고, 새로운 문화와 음식 등을 접하며 제 삶에 새로운 활력을 불어넣기를 희망합니다.","이 사용자는 세계일주 지역을 선호하고, 쌀쌀함 기후를 피하고 싶어해요. 여행 목적은 미식이며, 펜션에서 머무는 걸 좋아하고 오전 9-10시쯤 기상하는 편이에요.",,
924,매우 민감,매우 수용적,보통,자주 늦음,무조건 따름,4,꽤 민감,보통,국내,산,계획 여행,무조건 다 봄,코골이 함,다른 곳 간다,"유럽,세계일주,미국","추움,더움,쌀쌀함","사람&관계,공연&경기관람,도전과성장","에어비엔비,4-5성급호텔,3성이하 호텔",오전 10시 이후,400만원 이상,"저는 주로 계획적으로 여행하는 것을 선호하기 때문에 일정을 놓치는 것이 최악의 경험이었어요. 이번 여행에서는 좋은 숙소와 함께 편안한 아침을 원하는데, 왜냐하면 정시에 일어나지 않기 때문에 더 중요한 것 같아요. 사람과의 관계를 중요시해서 함께 여행할 사람은 저와 비슷하게 민감하고 배려심 많은 사람이었으면 좋겠어요. 이번 여행에서는 새로운 사람들과의 만남과 공연 또는 경기를 관람하는 것이 가장 기대됩니다. 제 삶에 있어 이번 여행은 도전과 성장의 기회가 되었으면 하며, 다양한 문화와 경험을 쌓아 돌아오고 싶습니다.","이 사용자는 세계일주 지역을 선호하고, 쌀쌀함 기후를 피하고 싶어해요. 여행 목적은 사람&관계이며, 4-5성급호텔에서 머무는 걸 좋아하고 오전 10시 이후쯤 기상하는 편이에요.",,
925,매우 둔감,다소 완고,많다,매우 정확,따르는 편,2,보통,매우 여유있게,해외,바다,즉흥 여행,적당히 봄,코골이 함,기다림,"유럽,세계일주,일본","상관없음,쌀쌀함,추움","미식,쇼핑,도전과성장","게스트하우스,4-5성급호텔,상관없음",오전 10시 이후,300-400만원,"저는 여행할 때에는 미식을 주로 즐기며 여행 일정은 여유롭게 짜는 것을 선호합니다. 그래서 이번 여행에서 음식 체험은 절대 놓치고 싶지 않습니다. 이전 여행에서는 과도한 체력 소모가 최악의 경험이었기 때문에 이번에는 그렇게 되지 않도록 조심하려고 합니다. 저와 함께 여행할 사람은 제가 계획을 따르는 편이라 배려심 있고 시간 약속을 잘 지키는 사람이었으면 좋겠습니다. 여행을 통해 새로운 도전을 경험하고 성장을 이루는 것이 큰 기대이며, 이는 제 삶에 있어 중요한 의미를 지닙니다. 여행으로부터 많은 것을 배우고 돌아오기를 희망합니다.","이 사용자는 유럽 지역을 선호하고, 쌀쌀함 기후를 피하고 싶어해요. 여행 목적은 미식이며, 게스트하우스에서 머무는 걸 좋아하고 오전 10시 이후쯤 기상하는 편이에요.",,
926,매우 민감,다소 완고,보통,종종 늦음,따르는 편,3,꽤 민감,꽤 빡빡하게,국내,바다,계획 여행,적당히 봄,코골이 안함,기다림,"국내,일본,중국&몽골","더움,쌀쌀함,건조함","액티비티,휴식,사람&관계","게스트하우스,3성이하 호텔,상관없음",오전 9-10시,100만원 이하,"저는 여행 중 시간 약속에 맞추지 못해 계획된 일정에 차질이 생긴 경험이 최악이었습니다. 이번 여행에서 가장 중요한 것은 시간에 맞춰 움직일 수 있는 상세한 일정표입니다. 가족이나 친구처럼 서로 잘 알고 이해할 수 있는 사람과도 여행을 가고 싶습니다. 계획한 대로 액티비티에 참여하고 편안한 휴식을 기대하며, 좋은 사람들과의 관계를 쌓는 것도 큰 기대 중 하나입니다. 이번 여행을 통해 일상의 스트레스를 해소하고 새로운 에너지를 얻어 삶에 활력을 불어넣고 싶습니다.","이 사용자는 국내 지역을 선호하고, 쌀쌀함 기후를 피하고 싶어해요. 여행 목적은 액티비티이며, 3성이하 호텔에서 머무는 걸 좋아하고 오전 9-10시쯤 기상하는 편이에요.",,
927,매우 둔감,다소 완고,적다,꽤 정확,따르는 편,4,매우 민감,보통,국내,산,계획 여행,적당히 봄,코골이 함,다른 곳 간다,"동남아,국내,미국","건조함,추움,습함","공연&경기관람,사람&관계,기록","게스트하우스,상관없음,3성이하 호텔",오전 9-10시,400만원 이상,"여행 중 최악의 경험은 예전에 너무 건조하거나 추운 기후를 만났을 때였습니다. 그래서 이번 여행에서는 그런 기후를 피하려고 계획하고 있어요. 동남아나 미국, 국내의 적절한 장소를 찾아 공연이나 경기를 관람하려는 목표를 가지고 있는데, 이왕이면 게스트하우스 같은 편안한 곳에서 묵을 예정입니다. 같이 여행을 가고 싶은 사람으로는 청결을 잘 지키고, 정확히 시간을 맞추는 사람이 좋을 것 같아요. 이번 여행을 통해 새로운 사람들과 의미 있는 관계를 만들고, 이 기억을 소중히 간직하면서 삶의 활력을 얻고 싶습니다.","이 사용자는 동남아 지역을 선호하고, 습함 기후를 피하고 싶어해요. 여행 목적은 공연&경기관람이며, 게스트하우스에서 머무는 걸 좋아하고 오전 9-10시쯤 기상하는 편이에요.",,
928,매우 민감,다소 완고,매우 적다,매우 정확,무조건 따름,2,매우 민감,꽤 빡빡하게,국내,산,계획 여행,무조건 다 봄,코골이 안함,기다림,"일본,국내,미국","더움,추움,상관없음","액티비티,공연&경기관람,휴식","민박,콘도,4-5성급호텔",오전 10시 이후,200-300만원,"저는 여행 중 시간 약속이 중요하므로 지연되거나 일정이 흐트러지는 상황이 있어서 최악의 경험을 겪는 것이 싫습니다. 이번 여행에서는 빡빡한 일정에도 불구하고 휴식을 취할 수 있는 숙소, 예를 들어 4-5성급 호텔이나 콘도에서의 편안한 휴식이 꼭 필요합니다. 함께 여행할 사람은 시간 약속을 잘 지키고, 저의 계획에 따를 수 있는 사람이었으면 좋겠습니다. 이번 여행에서 가장 기대하는 것은 다양한 공연이나 경기 관람과 액티비티를 통해 특별한 경험을 얻는 것입니다. 여행이 끝난 후, 제 삶에 작은 변화와 의미 있는 추억을 불러올 수 있기를 바라고 있습니다.","이 사용자는 미국 지역을 선호하고, 상관없음 기후를 피하고 싶어해요. 여행 목적은 휴식이며, 콘도에서 머무는 걸 좋아하고 오전 10시 이후쯤 기상하는 편이에요.",,
929,보통,보통,매우 많다,보통,보통,5,보통,보통,국내,산,계획 여행,적당히 봄,코골이 함,기다림,"동남아,중국&몽골,국내","습함,건조함,더움","쇼핑,기록,휴식","에어비엔비,3성이하 호텔,게스트하우스",오전 8-9시,100만원 이하,"이번 여행에서 저는 아침 8시에서 9시 사이에 일어나며 휴식과 기록을 중시할 계획입니다. 습하고 더운 기후를 피하기 위해 계획적으로 여행 일정을 세우려 하며, 동남아 지역에서도 기후가 보다 쾌적한 곳을 선택할 것입니다. 여행 중 가장 최악의 경험은 기후나 피로로 인해 휴식을 방해받는 것이기 때문에, 에어비앤비나 3성 이하 호텔에 머물며 편안함을 추구할 것입니다. 여행 동반자는 대화를 즐기고, 기다림에 인내심을 가졌으면 좋겠습니다. 저는 이 여행이 일상의 피로에서 벗어나 제 삶에 활력을 다시 불어넣는 의미 있는 시간이 되길 바랍니다.","이 사용자는 동남아 지역을 선호하고, 습함 기후를 피하고 싶어해요. 여행 목적은 휴식이며, 3성이하 호텔에서 머무는 걸 좋아하고 오전 8-9시쯤 기상하는 편이에요.",,
930,꽤 민감,매우 완고,매우 적다,보통,리드하는편,3,매우 민감,꽤 여유있게,해외,바다,계획 여행,무조건 다 봄,코골이 함,다른 곳 간다,"유럽,일본,국내","습함,상관없음,추움","문화&역사체험,공연&경기관람,사람&관계","게스트하우스,4-5성급호텔,펜션",오전 9-10시,300-400만원,"저는 여행 중 청결이 부족한 숙소에서의 경험이 가장 최악이었으며, 이번 여행에서는 깨끗한 4-5성급 호텔에 꼭 머물고 싶습니다. 저는 말을 많이 하지 않기 때문에 조용히 함께 시간을 보낼 수 있는 사람과 여행 가기를 선호합니다. 이번 여행에서 가장 기대하는 것은 문화와 역사 체험, 그리고 공연이나 경기를 관람하며 새로운 관계를 맺는 것입니다. 여행의 의미는 단순히 휴가가 아닌, 사람들과의 관계를 통해 풍부한 삶을 만들어 가는 데 기여하는 것이며, 계획적으로 일정을 짜서 유럽이나 일본의 모든 랜드마크를 놓치지 않고 보고 싶습니다. 습하고 추운 기후를 피할 수 있어서 여행이 더욱 만족스럽길 바랍니다.","이 사용자는 일본 지역을 선호하고, 추움 기후를 피하고 싶어해요. 여행 목적은 사람&관계이며, 4-5성급호텔에서 머무는 걸 좋아하고 오전 9-10시쯤 기상하는 편이에요.",,
931,매우 민감,매우 수용적,매우 적다,꽤 정확,무조건 리드,4,매우 둔감,보통,국내,산,계획 여행,무조건 다 봄,코골이 함,다른 곳 간다,"일본,미국,유럽","건조함,상관없음,더움","도전과성장,휴식,미식","게스트하우스,상관없음,콘도",오전 9-10시,300-400만원,"이번 여행에서 가장 기대하는 것은 도전과 성장입니다. 여행지는 일본을 선호하며, 건조한 기후를 피하고 싶습니다. 일정은 철저히 계획하며, 주로 산을 방문하고 모든 랜드마크를 본다는 목표를 가지고 있습니다. 숙소는 게스트하우스나 콘도를 선호하며, 아침은 9-10시 사이에 일어나는 것을 즐깁니다. 여행 중엔 긴 대기를 피하고, 청결에는 크게 신경 쓰지 않지만 예민한 성격이라 함께할 사람은 의견을 수용적인 사람을 원합니다. 이번 여행은 삶의 휴식과 미식도 겸하고 싶습니다.","이 사용자는 일본 지역을 선호하고, 건조함 기후를 피하고 싶어해요. 여행 목적은 도전과성장이며, 상관없음에서 머무는 걸 좋아하고 오전 9-10시쯤 기상하는 편이에요.",,
932,매우 둔감,수용적,매우 적다,꽤 정확,무조건 리드,5,둔감,매우 빡빡하게,해외,산,즉흥 여행,적당히 봄,코골이 안함,다른 곳 간다,"중국&몽골,세계일주,미국","건조함,추움,더움","쇼핑,기록,공연&경기관람","펜션,3성이하 호텔,4-5성급호텔",오전 8-9시,400만원 이상,"저는 여행 중 가장 최악의 경험으로 더운 날씨에 힘든 일정을 소화해야 했던 기억이 있습니다. 그래서 이번 여행에서는 기록을 할 수 있는 좋은 카메라나 노트북을 꼭 가져가고 싶습니다. 함께 여행하고 싶은 사람은 조용하고 의사를 수용할 줄 아는 사람이라면 좋겠습니다. 가장 기대되는 것은 다양한 공연이나 경기를 관람하며 새로운 경험을 기록할 수 있는 것입니다. 이번 여행이 제 삶에서 새로운 영감을 주고, 다양한 문화를 탐험할 수 있는 기회가 되길 바랍니다.","이 사용자는 미국 지역을 선호하고, 건조함 기후를 피하고 싶어해요. 여행 목적은 기록이며, 3성이하 호텔에서 머무는 걸 좋아하고 오전 8-9시쯤 기상하는 편이에요.",,
933,둔감,수용적,매우 적다,종종 늦음,무조건 따름,1,꽤 민감,매우 빡빡하게,국내,바다,즉흥 여행,무조건 다 봄,코골이 함,기다림,"미국,중국&몽골,세계일주","습함,건조함,상관없음","도전과성장,사람&관계,문화&역사체험","펜션,3성이하 호텔,에어비엔비",오전 8-9시,400만원 이상,저는 여행 중 계획이 빡빡해서 힘들었던 경험이 최악으로 꼽힙니다. 이번 여행에서 꼭 필요한 것은 편안함이 있는 펜션이나 3성 이하의 호텔입니다. 함께 여행을 가고 싶은 사람은 제 의견을 수용해주고 리더십을 발휘해주는 사람이면 좋겠어요. 이번 여행에서 가장 기대하는 것은 새로운 문화와 역사를 체험하는 것입니다. 이러한 경험이 저의 삶에 도전과 성장을 가져다 주었으면 합니다.,"이 사용자는 중국&몽골 지역을 선호하고, 상관없음 기후를 피하고 싶어해요. 여행 목적은 문화&역사체험이며, 펜션에서 머무는 걸 좋아하고 오전 8-9시쯤 기상하는 편이에요.",,
934,둔감,보통,보통,보통,무조건 리드,2,둔감,꽤 여유있게,해외,바다,즉흥 여행,무조건 다 봄,코골이 함,기다림,"세계일주,그 외,동남아","건조함,상관없음,습함","미식,기록,쇼핑","민박,펜션,3성이하 호텔",오전 9-10시,100만원 이하,"저는 미식을 중심으로 한 세계일주를 꿈꾸며 여행을 계획하지만, 둔감한 성격 덕분에 대체로 다양한 경험을 긍정적으로 받아들입니다. 여행 중 최악의 경험은 일정이 꼬이거나 상관없음 기후가 생각보다 불편했을 때입니다. 이번 여행에서는 편안한 잠자리를 위해 적당한 숙소와 여유로운 일정이 있으면 좋겠어요. 함께 여행하고 싶은 사람은 제가 리드하면서도 무리 없이 즐길 수 있는 체력과 성향이 맞는 사람이면 좋겠고요. 여행에서 가장 기대되는 것은 새로운 음식과 문화의 기록입니다. 이번 여행이 제 삶에 큰 변화를 주지 않더라도, 즐거운 추억과 새로운 영감을 줄 수 있기를 바랍니다.","이 사용자는 세계일주 지역을 선호하고, 상관없음 기후를 피하고 싶어해요. 여행 목적은 미식이며, 민박에서 머무는 걸 좋아하고 오전 9-10시쯤 기상하는 편이에요.",,
935,보통,보통,매우 적다,종종 늦음,리드하는편,3,매우 민감,꽤 여유있게,해외,바다,즉흥 여행,적당히 봄,코골이 함,다른 곳 간다,"미국,국내,세계일주","쌀쌀함,상관없음,더움","쇼핑,도전과성장,자연감상","4-5성급호텔,에어비엔비,민박",오전 8-9시,200-300만원,"저는 여행 중에 일정이 빡빡하거나 계획이 잘 맞지 않아 불편했던 경험이 있었습니다. 그래서 이번 여행에서는 여유 있는 일정을 통해 스트레스를 최소화하고 싶고, 이를 위해 쉽게 사용할 수 있는 즉흥적인 일정 조율 도구가 꼭 필요할 것 같습니다. 함께 여행할 사람은 청결에 신경 쓰고, 대화를 많이 하지 않아도 편안함을 느낄 수 있는 이가 좋겠습니다. 이번 여행에서 가장 기대하는 것은 미국에서의 쇼핑과 자연 감상을 통해 새로운 도전과 성장을 이룰 수 있는 기회입니다. 이러한 여행이 제가 삶에서 더 유연하고 포용적인 마인드를 갖게 하는 경험이 되었으면 합니다.","이 사용자는 미국 지역을 선호하고, 쌀쌀함 기후를 피하고 싶어해요. 여행 목적은 도전과성장이며, 4-5성급호텔에서 머무는 걸 좋아하고 오전 8-9시쯤 기상하는 편이에요.",,
936,보통,다소 완고,매우 적다,종종 늦음,보통,5,꽤 민감,꽤 여유있게,국내,산,계획 여행,적당히 봄,코골이 안함,기다림,"그 외,유럽,국내","쌀쌀함,추움,건조함","휴식,사람&관계,문화&역사체험","상관없음,민박,게스트하우스",오전 9-10시,300-400만원,"저는 주로 국내 여행을 선호하는데, 쌀쌀한 날씨를 피하고 싶어 항상 온화한 기후를 찾아 떠납니다. 여행 중 최악의 경험은 예상치 못했던 날씨로 인해 문화적, 역사적 체험 활동이 취소된 것이었습니다. 그래서 이번 여행에서는 날씨의 영향을 받지 않고 즐길 수 있는 계획이 꼭 필요합니다. 함께 여행을 떠날 사람은 제가 말을 많이 하지 않아도 편안한 사람, 그리고 문화와 역사에 관심이 있는 사람이면 좋겠습니다. 이번 여행에서 가장 기대하는 것은 새로운 문화와 사람들을 만나고 관계를 넓히는 것입니다. 이번 여행이 제가 더 많은 문화를 이해하고 휴식을 취하며 삶에 긍정적인 의미를 더하는 기회가 되기를 희망합니다.","이 사용자는 국내 지역을 선호하고, 쌀쌀함 기후를 피하고 싶어해요. 여행 목적은 문화&역사체험이며, 민박에서 머무는 걸 좋아하고 오전 9-10시쯤 기상하는 편이에요.",,
937,꽤 민감,매우 완고,많다,꽤 정확,리드하는편,3,매우 민감,꽤 여유있게,국내,산,즉흥 여행,적당히 봄,코골이 안함,다른 곳 간다,"유럽,세계일주,중국&몽골","추움,건조함,상관없음","자연감상,쇼핑,사람&관계","민박,4-5성급호텔,에어비엔비",오전 10시 이후,400만원 이상,"저는 여행 중 기후가 건조하거나 춥다면 최악의 경험으로 여길 것 같아요. 이번 여행에서는 편안하게 쉴 수 있는 4-5성급 호텔이 꼭 필요하고, 무슨 일을 하든 여유로운 일정을 즐기고 싶습니다. 함께 여행을 떠나고 싶은 사람이라면 계획에 치중하지 않고 즉흥적인 순간을 즐기며 위생에 민감한 사람을 선호합니다. 여행에서 가장 기대하는 것은 쇼핑과 자연을 감상하는 것이고, 이러한 여정이 제 삶에 새로운 영감을 주고 사람들과의 관계를 더욱 풍요롭게 해 주기를 바랍니다. 웨이팅 없이 다른 곳을 탐방하며 유럽을 방목적으로 느끼는 것이 제 여행의 목표입니다.","이 사용자는 유럽 지역을 선호하고, 건조함 기후를 피하고 싶어해요. 여행 목적은 쇼핑이며, 4-5성급호텔에서 머무는 걸 좋아하고 오전 10시 이후쯤 기상하는 편이에요.",,
938,보통,수용적,매우 많다,보통,무조건 따름,1,꽤 민감,매우 빡빡하게,국내,바다,즉흥 여행,무조건 다 봄,코골이 안함,다른 곳 간다,"그 외,국내,미국","건조함,추움,습함","문화&역사체험,기록,액티비티","펜션,에어비엔비,게스트하우스",오전 8-9시,200-300만원,"여행 중 최악의 경험은 건조하거나 추운 기후를 경험하게 되는 순간일 것입니다. 이번 여행에서는 문화와 역사 체험을 위해 다양한 랜드마크들을 보며 액티비티에 참여하고 싶습니다. 따라서 여행에서 꼭 필요한 것은 일정의 유연함과 다양한 활동을 경험할 수 있는 기회입니다. 함께 여행을 하고 싶은 사람은 계획 없이 즉흥적으로 움직일 수 있는 사람이면 좋겠고, 저는 이 여행을 통해 일상에서 벗어나 새로운 경험을 기록하며 제 삶에 활력을 더하고 싶습니다. 또한 깨끗한 숙소에서 머물며 여유롭게 아침을 시작하고 싶습니다.","이 사용자는 그 외 지역을 선호하고, 습함 기후를 피하고 싶어해요. 여행 목적은 액티비티이며, 펜션에서 머무는 걸 좋아하고 오전 8-9시쯤 기상하는 편이에요.",,
939,매우 둔감,보통,보통,매우 정확,무조건 리드,3,꽤 민감,매우 빡빡하게,국내,바다,즉흥 여행,무조건 다 봄,코골이 함,기다림,"일본,중국&몽골,미국","습함,추움,쌀쌀함","미식,쇼핑,사람&관계","펜션,게스트하우스,에어비엔비",오전 10시 이후,300-400만원,"저는 여행 중 습한 기후를 매우 싫어해서 그런 환경이 최악의 경험이었습니다. 이번 여행에서는 시간을 철저히 지키는 사람과 함께할 수 있기를 바라며, 무엇보다도 현지 미식을 즐길 기회를 놓치지 않았으면 합니다. 여행에서는 새로운 사람들과 연결되는 것을 기대하고, 그 과정에서 삶의 활력과 새로운 인사이트를 얻고 싶습니다. 급하지 않게 매일 아침 늦게 일어나면서도, 계획에 맞게 빡빡한 일정으로 다양한 랜드마크를 방문하는 즉흥적인 여행을 계획하고 있습니다. 그렇게 함으로써 이번 여행이 저에게 다양한 문화 체험과 더불어 사람들과의 새로운 관계를 가져다주길 바랍니다.","이 사용자는 중국&몽골 지역을 선호하고, 습함 기후를 피하고 싶어해요. 여행 목적은 미식이며, 게스트하우스에서 머무는 걸 좋아하고 오전 10시 이후쯤 기상하는 편이에요.",,
940,둔감,수용적,매우 적다,자주 늦음,리드하는편,3,둔감,꽤 빡빡하게,해외,산,즉흥 여행,무조건 다 봄,코골이 함,다른 곳 간다,"미국,중국&몽골,그 외","습함,쌀쌀함,더움","쇼핑,기록,도전과성장","민박,펜션,4-5성급호텔",오전 9-10시,100만원 이하,"저는 이번 해외 여행에서 도전과 성장을 목표로 하고 있으며, 특히 미국, 중국, 몽골을 탐험하고 싶은 마음이 큽니다. 저에게 있어 여행 중 최악의 경험은 습하거나 더운 기후에서 장시간 대기하는 상황인데, 그럴 땐 다른 곳으로 이동하는 것을 선호합니다. 그런 여행에서 꼭 필요한 것은 다양한 랜드마크를 방문할 수 있는 여유와 민박이나 펜션 같은 편안한 숙소입니다. 함께 여행을 가고 싶은 사람은 수용적이고 리드할 수 있는 사람이며, 즉흥 여행 계획에 잘 맞추어 줄 수 있는 사람이면 좋겠습니다. 이번 여행을 통해 쇼핑과 기록은 물론, 일상의 틀에서 벗어나 자신감을 키우고 개인적으로 성장할 수 있는 기회가 되었으면 합니다.","이 사용자는 그 외 지역을 선호하고, 더움 기후를 피하고 싶어해요. 여행 목적은 도전과성장이며, 펜션에서 머무는 걸 좋아하고 오전 9-10시쯤 기상하는 편이에요.",,
941,둔감,보통,보통,종종 늦음,무조건 따름,5,매우 둔감,꽤 여유있게,해외,산,즉흥 여행,무조건 다 봄,코골이 안함,다른 곳 간다,"유럽,미국,동남아","건조함,상관없음,습함","휴식,쇼핑,도전과성장","게스트하우스,에어비엔비,4-5성급호텔",오전 8-9시,400만원 이상,"저는 동남아 지역을 선호하며, 이번 여행에서 가장 기대되는 것은 새로운 도전과 성장을 경험하는 것입니다. 하지만 과거 여행에서 가장 최악의 경험은 여행 일정에 늦거나 건조한 기후 때문에 불편함을 겪었을 때였습니다. 다행히 이번에는 여유로운 일정과 충분한 예산 덕분에 그런 불편함을 줄일 수 있을 것 같습니다. 꼭 있으면 하는 것은 다양한 숙소 선택의 자유입니다. 함께 여행할 사람은 저처럼 즉흥적인 여행을 즐기며 산을 좋아하는 사람이면 좋겠습니다. 이번 여행이 제 삶에 새로운 활력을 주고, 삶에 긍정적인 영향을 미치는 기회가 되기를 바랍니다.","이 사용자는 동남아 지역을 선호하고, 건조함 기후를 피하고 싶어해요. 여행 목적은 도전과성장이며, 게스트하우스에서 머무는 걸 좋아하고 오전 8-9시쯤 기상하는 편이에요.",,
942,보통,수용적,많다,자주 늦음,리드하는편,5,매우 둔감,꽤 빡빡하게,국내,산,즉흥 여행,적당히 봄,코골이 함,기다림,"그 외,유럽,국내","건조함,추움,더움","미식,문화&역사체험,액티비티","게스트하우스,4-5성급호텔,3성이하 호텔",오전 10시 이후,200-300만원,"저는 여행 중 코골이와 불편한 숙박시설에서의 경험이 최악이라고 생각합니다. 그래서 이번 여행에서 게스트하우스처럼 편안하게 머물 수 있는 숙소를 꼭 찾고 싶어요. 여행을 함께 하고 싶은 사람은 유연하고 즉흥적인 계획에도 잘 어울릴 수 있는 사람 입니다. 이번 여행에서는 주로 액티비티와 문화, 역사체험을 가장 기대하고 있으며, 이를 통해 제 삶에 새로운 활력을 불어넣고 싶어요. 특히 국내 여행을 통해 스트레스를 해소하고, 다양한 경험을 통해 넓은 시각을 갖게 되기를 바랍니다.","이 사용자는 국내 지역을 선호하고, 건조함 기후를 피하고 싶어해요. 여행 목적은 액티비티이며, 게스트하우스에서 머무는 걸 좋아하고 오전 10시 이후쯤 기상하는 편이에요.",,
943,꽤 민감,다소 완고,많다,종종 늦음,따르는 편,3,꽤 민감,꽤 빡빡하게,국내,산,계획 여행,적당히 봄,코골이 안함,기다림,"유럽,미국,국내","습함,건조함,쌀쌀함","액티비티,사람&관계,공연&경기관람","게스트하우스,4-5성급호텔,에어비엔비",오전 9-10시,200-300만원,"저는 여행 중 쌀쌀한 기후에서 불편했던 경험이 있어서 이번 여행에서는 기후 조건이 중요합니다. 공연이나 스포츠 경기를 관람하는 여행 목적이 크기 때문에 티켓과 같은 준비물이 꼭 있어야 하며, 빡빡한 일정 속에서도 사람들과의 관계를 중요하게 여깁니다. 그래서 같이 여행할 사람은 활동적이고 긍정적인 성격을 가진 사람이라면 좋겠습니다. 이번 여행은 국내에서 계획적으로 진행되며, 제가 기대하는 것은 새로운 사람들과의 만남과 공연을 통한 감동입니다. 이를 통해 일상의 스트레스를 풀고, 새로운 영감을 얻어 삶에 긍정적인 변화를 가져오길 바랍니다.","이 사용자는 국내 지역을 선호하고, 쌀쌀함 기후를 피하고 싶어해요. 여행 목적은 공연&경기관람이며, 게스트하우스에서 머무는 걸 좋아하고 오전 9-10시쯤 기상하는 편이에요.",,
944,둔감,다소 완고,보통,보통,무조건 따름,1,꽤 민감,꽤 빡빡하게,국내,바다,계획 여행,무조건 다 봄,코골이 안함,기다림,"중국&몽골,미국,국내","쌀쌀함,추움,습함","휴식,자연감상,미식","상관없음,콘도,민박",오전 8-9시,200-300만원,"이번 여행에서 가장 기대되는 것은 맛있는 음식을 즐기는 것이며, 특히 국내의 바다를 보며 휴식을 취하고 싶습니다. 추운 날씨는 피하고 싶기에 날씨가 쌀쌀할 때는 여행 계획을 조정할 것입니다. 웨이팅은 괜찮지만 여행은 기본적으로 계획적으로 진행하길 원하며, 친구나 가족처럼 속마음을 터놓을 수 있는 사람과 함께하면 좋겠습니다. 제가 가장 피하고 싶은 최악의 경험은 청결이 부족한 숙소에 머무는 것이고, 따라서 청결한 환경이 꼭 필요합니다. 이번 여행을 통해 일상의 스트레스를 해소하고 자연과 함께하는 시간을 통해 삶의 균형을 되찾고 싶습니다.","이 사용자는 국내 지역을 선호하고, 추움 기후를 피하고 싶어해요. 여행 목적은 미식이며, 민박에서 머무는 걸 좋아하고 오전 8-9시쯤 기상하는 편이에요.",,
945,꽤 민감,매우 완고,적다,자주 늦음,리드하는편,4,매우 민감,꽤 여유있게,국내,바다,즉흥 여행,무조건 다 봄,코골이 함,기다림,"중국&몽골,그 외,미국","상관없음,건조함,추움","사람&관계,도전과성장,액티비티","3성이하 호텔,민박,4-5성급호텔",오전 10시 이후,400만원 이상,"저는 이번 여행 중 사람과의 관계 형성이 중요하기 때문에, 함께 갈 사람은 말수가 적고 리더십을 발휘할 수 있으며, 예민하고 청결에 신경을 잘 쓰는 성향이면 좋겠습니다. 여행 중에는 즉흥적인 일정을 즐기며 다양한 랜드마크를 모두 경험하고 싶지만, 무리한 계획 없이 여유롭게 움직이고자 합니다. 이전에 최악의 경험은 아마도 나쁜 날씨로 인해 불필요한 에너지를 쏟았던 게 아닐까 싶어요. 이번에는 가능한 4-5성급 호텔에 머물며 활동적이면서도 새롭고 도전적인 경험을 통해 성장할 기회를 기대합니다. 이 여행을 통해 나를 둘러싼 환경과 인연을 새롭게 하고 삶의 가치를 높이는 계기가 되기를 희망합니다.","이 사용자는 미국 지역을 선호하고, 건조함 기후를 피하고 싶어해요. 여행 목적은 사람&관계이며, 4-5성급호텔에서 머무는 걸 좋아하고 오전 10시 이후쯤 기상하는 편이에요.",,
946,보통,수용적,많다,보통,리드하는편,3,둔감,꽤 여유있게,국내,바다,계획 여행,적당히 봄,코골이 함,기다림,"일본,국내,동남아","습함,더움,상관없음","자연감상,기록,쇼핑","게스트하우스,4-5성급호텔,펜션",오전 10시 이후,400만원 이상,"저는 여행 중 무더운 날씨와 습한 기후를 피하는데 이 점이 여행을 즐기는 데 중요하다고 생각해요. 이번 여행에서는 자연 감상과 기록, 쇼핑을 통해 마음의 여유를 찾고 싶으며, 제가 특히 기대하는 것은 바다를 보며 휴식을 취하는 것입니다. 함께 여행하고 싶은 사람의 특징으로는 의사소통이 잘 되고, 의견을 잘 수용하는 유형을 선호해요. 여행은 제게 일상에서 벗어나 새로운 영감을 얻고 리더십을 발휘할 기회를 줍니다. 꼭 있어야 하는 것은 기상 후의 여유 있는 아침 시간과 평온한 숙박 환경입니다.","이 사용자는 국내 지역을 선호하고, 습함 기후를 피하고 싶어해요. 여행 목적은 자연감상이며, 펜션에서 머무는 걸 좋아하고 오전 10시 이후쯤 기상하는 편이에요.",,
947,보통,다소 완고,적다,자주 늦음,보통,1,꽤 민감,꽤 여유있게,해외,바다,즉흥 여행,적당히 봄,코골이 함,기다림,"국내,유럽,일본","상관없음,쌀쌀함,습함","도전과성장,미식,기록","콘도,게스트하우스,민박",오전 9-10시,300-400만원,"저는 과거 여행 중에 시간 약속 때문에 스트레스를 받았던 기억이 있어요, 늦는 경우가 많아서요. 이번 여행에서는 침구의 청결이 보장되는 게스트하우스 숙소가 꼭 필요하다고 생각해요. 함께 여행할 사람은 말수가 적고 시간을 여유롭게 보내는 걸 좋아하는 사람이면 좋겠어요. 이번 여행에서는 새로운 미식을 경험하는 것에 가장 기대하고 있으며, 이를 통해 제 삶에 작은 도전이자 성장을 가져다 주었으면 합니다.","이 사용자는 국내 지역을 선호하고, 습함 기후를 피하고 싶어해요. 여행 목적은 미식이며, 게스트하우스에서 머무는 걸 좋아하고 오전 9-10시쯤 기상하는 편이에요.",,
948,매우 민감,수용적,보통,매우 정확,무조건 리드,5,꽤 민감,꽤 여유있게,해외,산,계획 여행,적당히 봄,코골이 안함,다른 곳 간다,"미국,그 외,동남아","상관없음,건조함,습함","도전과성장,액티비티,사람&관계","민박,3성이하 호텔,펜션",오전 10시 이후,400만원 이상,"여행 중 최악의 경험은 아마도 예정된 시간에 맞추지 못하거나 과도하게 빡빡한 일정 속에서 불편을 겪는 것이겠지만, 이를 피하기 위해 항상 정확히 시간을 지키고 계획적인 여행을 선호합니다. 이번 여행에서는 다양한 사람들과의 관계를 맺고 성장할 수 있는 활동들이 꼭 포함되기를 바랍니다. 함께 여행할 사람은 제가 리드할 수 있는 수용적인 성향의 사람이 좋으며, 청결함과 함께 여유로운 일정을 존중해 주었으면 좋겠습니다. 특히 기대하는 것은 해외의 멋진 산들을 도전하며 즐길 수 있는 액티비티입니다. 이번 여행이 저에게 도전과 성장을 위한 중요한 경험이 되어, 삶의 활력소가 되기를 기대하고 있습니다.","이 사용자는 동남아 지역을 선호하고, 상관없음 기후를 피하고 싶어해요. 여행 목적은 액티비티이며, 펜션에서 머무는 걸 좋아하고 오전 10시 이후쯤 기상하는 편이에요.",,
949,꽤 민감,다소 완고,매우 적다,꽤 정확,리드하는편,4,보통,꽤 빡빡하게,국내,산,즉흥 여행,적당히 봄,코골이 안함,다른 곳 간다,"중국&몽골,일본,그 외","더움,건조함,쌀쌀함","도전과성장,액티비티,미식","4-5성급호텔,민박,3성이하 호텔",오전 8-9시,200-300만원,"저는 여행 중 최악의 경험으로 더운 날씨나 쓸쓸한 기후를 만나는 것을 들 수 있습니다. 이번 여행에서는 잘 정리된 액티비티 일정이 꼭 필요하며, 동행인은 의견이 잘 맞고 시간을 잘 지키는 사람이어야 합니다. 가장 기대하는 것은 도전과 성장을 통해 얻어지는 성취감과 즐거움이며, 이번 여행은 나에게 새로운 경험을 통해 삶을 더욱 풍부하게 만드는 계기가 되었으면 합니다. 민박에서의 숙박을 선호하고 깔끔한 환경이 중요하며, 아침 시간을 잘 사용하여 각종 활동을 즐기고 싶습니다.","이 사용자는 일본 지역을 선호하고, 쌀쌀함 기후를 피하고 싶어해요. 여행 목적은 액티비티이며, 민박에서 머무는 걸 좋아하고 오전 8-9시쯤 기상하는 편이에요.",,
950,둔감,수용적,보통,매우 정확,무조건 리드,3,매우 둔감,보통,국내,바다,즉흥 여행,적당히 봄,코골이 안함,기다림,"동남아,그 외,국내","더움,상관없음,쌀쌀함","기록,휴식,공연&경기관람","펜션,4-5성급호텔,콘도",오전 8-9시,400만원 이상,"저는 주로 휴식을 목적으로 국내 여행을 선호하며, 여행 중 최악의 경험은 무더위 속에서의 불편함일 것입니다. 여행에서는 양질의 숙소에서의 편안한 숙면이 반드시 필요하고, 저는 쌀쌀한 기후를 피하면서도 리드하는 성격을 가진 사람들과의 조화로운 여행을 바랍니다. 이번 여행에서는 특히 공연이나 경기를 관람할 수 있는 기회를 기대하고 있고, 이를 통해 일상에서 벗어나 기록할 만한 특별한 휴식을 경험하고 싶습니다. 이번 여행이 저의 삶에 새로운 활력과 잊지 못할 추억을 선사하길 바랍니다.","이 사용자는 그 외 지역을 선호하고, 쌀쌀함 기후를 피하고 싶어해요. 여행 목적은 휴식이며, 4-5성급호텔에서 머무는 걸 좋아하고 오전 8-9시쯤 기상하는 편이에요.",,
951,보통,다소 완고,매우 적다,종종 늦음,보통,2,보통,매우 빡빡하게,국내,산,즉흥 여행,무조건 다 봄,코골이 안함,기다림,"미국,유럽,일본","더움,추움,상관없음","쇼핑,미식,액티비티","3성이하 호텔,콘도,4-5성급호텔",오전 10시 이후,400만원 이상,"저는 일본을 선호하며, 기후의 영향을 크게 받지 않는 편이라 다양한 날씨에도 거부감이 없습니다. 여행 중 최악의 경험이라면 빡빡한 일정으로 체력이 소진된 상태에서 동행이 의견을 너무 강하게 주장할 때일 것 같아요. 따라서 같이 여행을 가고 싶은 사람은 적당히 유연하고 의견을 잘 들어주는 이였으면 해요. 이번 여행에서는 미식 체험과 다양한 액티비티를 즐길 기대가 크며, 이를 통해 새로운 문화와 음식에 대한 이해를 넓히고 싶습니다. 또한 여행이 제 삶에 활력을 불어넣어 일상에서 벗어난 여유와 즐거움을 찾는 계기가 되기를 바랍니다.","이 사용자는 일본 지역을 선호하고, 상관없음 기후를 피하고 싶어해요. 여행 목적은 미식이며, 4-5성급호텔에서 머무는 걸 좋아하고 오전 10시 이후쯤 기상하는 편이에요.",,
952,매우 민감,수용적,매우 적다,보통,무조건 따름,5,매우 둔감,꽤 빡빡하게,해외,산,계획 여행,무조건 다 봄,코골이 함,기다림,"국내,중국&몽골,유럽","추움,습함,상관없음","도전과성장,공연&경기관람,액티비티","민박,에어비엔비,펜션",오전 8-9시,300-400만원,"저는 여행 중 계획이 어긋나거나 피로가 쌓이는 경우가 가장 힘들었습니다. 그래서 이번 여행에는 반드시 철저한 일정 관리가 필요합니다. 저와 함께 여행할 사람은 리더십을 갖고 계획을 잘 따르며, 제 의견을 반영해줄 수 있는 수용적인 성격의 사람이었으면 합니다. 이번 여행에서는 다양한 활동과 새로운 경험들, 특히 공연이나 경기를 관람하는 것에 가장 기대하고 있습니다. 여행을 통해 새로운 도전과 성장을 경험하며 평소와 다른 활기를 얻고 싶습니다. 이를 통해 제 삶에 신선한 자극과 변화를 가져다 주길 바랍니다.","이 사용자는 국내 지역을 선호하고, 상관없음 기후를 피하고 싶어해요. 여행 목적은 공연&경기관람이며, 민박에서 머무는 걸 좋아하고 오전 8-9시쯤 기상하는 편이에요.",,
953,보통,수용적,매우 적다,매우 정확,리드하는편,4,둔감,꽤 빡빡하게,해외,산,계획 여행,무조건 다 봄,코골이 함,다른 곳 간다,"동남아,그 외,일본","상관없음,쌀쌀함,추움","자연감상,도전과성장,미식","민박,게스트하우스,콘도",오전 9-10시,300-400만원,"저는 여행 중 최악의 경험으로 시간을 어기는 상황을 꼽고 싶어요. 그렇기 때문에 여행에서 시간을 정확히 지키는 일정이 필수적이라고 생각합니다. 함께 여행을 가고 싶은 사람은 수용적이고 시간을 잘 지키는 사람입니다. 이번 여행에서는 일본의 자연을 감상하며 도전과 성장을 경험할 수 있기를 기대하고 있습니다. 여행이 제 삶에 새로운 의미를 더하고, 개인적으로 더욱 성장할 수 있는 기회가 되기를 바랍니다.","이 사용자는 일본 지역을 선호하고, 상관없음 기후를 피하고 싶어해요. 여행 목적은 도전과성장이며, 게스트하우스에서 머무는 걸 좋아하고 오전 9-10시쯤 기상하는 편이에요.",,
954,보통,수용적,보통,종종 늦음,무조건 따름,3,보통,꽤 빡빡하게,해외,바다,즉흥 여행,무조건 다 봄,코골이 함,다른 곳 간다,"미국,세계일주,중국&몽골","상관없음,쌀쌀함,추움","도전과성장,자연감상,액티비티","콘도,게스트하우스,펜션",오전 9-10시,400만원 이상,"저는 이번 여행에서 자연을 감상하고 도전과 성장을 이루고자 합니다. 특히 중국과 몽골 지역을 선호하며, 쌀쌀한 기후는 피하고 싶어요. 이번 여행에서는 랜드마크들을 꼭 보고 싶고, 제시간에 기상할 수 있도록 도와주는 것이 중요합니다. 과거 여행에서 가장 실망스러웠던 경험은 계획에 없는 긴 웨이팅이었고, 이번에는 이러한 경험을 피하고 싶습니다. 저와 함께 가고 싶은 사람은 저처럼 즉흥적이고, 일정을 유연하게 받아들일 수 있는 사람입니다. 이번 여행이 저에게 새로운 도전이자 성장의 기회로 다가오기를 기대하고 있습니다.","이 사용자는 중국&몽골 지역을 선호하고, 쌀쌀함 기후를 피하고 싶어해요. 여행 목적은 자연감상이며, 콘도에서 머무는 걸 좋아하고 오전 9-10시쯤 기상하는 편이에요.",,
955,둔감,매우 수용적,매우 많다,꽤 정확,무조건 따름,5,매우 둔감,매우 빡빡하게,국내,바다,계획 여행,무조건 다 봄,코골이 안함,다른 곳 간다,"중국&몽골,국내,세계일주","건조함,더움,쌀쌀함","문화&역사체험,기록,공연&경기관람","민박,4-5성급호텔,상관없음",오전 9-10시,100만원 이하,"저는 여행 중 가장 싫어하는 것은 더운 기후나 건조한 날씨에요. 그래서 이번 여행에서는 날씨 정보를 잘 확인하고 갈 예정입니다. 여행은 다른 사람들과 함께할 때 의견을 잘 수용하는 스타일이라 다양한 사람들과 여행하는 것을 좋아해요. 특히, 말이 잘 통하고 계획적인 사람이면 좋겠다고 생각합니다. 이번 여행의 테마는 문화와 역사 체험이기 때문에 다양한 랜드마크를 방문하며 기록하는 데 가장 기대가 큽니다. 제 삶에서 이번 여행은 새로운 문화와 역사를 경험하고 배우며, 이를 통해 성장할 기회로 삼고 싶어요.","이 사용자는 중국&몽골 지역을 선호하고, 건조함 기후를 피하고 싶어해요. 여행 목적은 문화&역사체험이며, 민박에서 머무는 걸 좋아하고 오전 9-10시쯤 기상하는 편이에요.",,
956,꽤 민감,다소 완고,많다,종종 늦음,따르는 편,4,꽤 민감,매우 빡빡하게,해외,바다,즉흥 여행,적당히 봄,코골이 함,다른 곳 간다,"중국&몽골,일본,그 외","상관없음,더움,쌀쌀함","기록,휴식,미식","4-5성급호텔,펜션,상관없음",오전 8-9시,100만원 이하,여행 중 최악의 경험은 아마도 과도한 더위 속에서 활동하는 것이었을 것입니다. 이번 여행에서는 기록을 남기기 위한 도구가 꼭 필요합니다. 함께 여행하고 싶은 사람은 대화를 많이 나누면서도 저를 잘 이해해주는 유연한 사람이면 좋겠습니다. 이번 여행에서 가장 기대하는 것은 새로운 문화와 맛있는 음식을 경험하는 것입니다. 이 여행이 제 삶에 새로운 활력과 소중한 추억을 더해주는 의미 있는 시간이 되었으면 합니다.,"이 사용자는 일본 지역을 선호하고, 더움 기후를 피하고 싶어해요. 여행 목적은 기록이며, 4-5성급호텔에서 머무는 걸 좋아하고 오전 8-9시쯤 기상하는 편이에요.",,
957,매우 민감,매우 완고,매우 많다,자주 늦음,무조건 따름,4,매우 민감,매우 여유있게,국내,바다,즉흥 여행,적당히 봄,코골이 안함,기다림,"동남아,그 외,국내","건조함,쌀쌀함,더움","휴식,기록,사람&관계","게스트하우스,상관없음,민박",오전 10시 이후,400만원 이상,"저는 즉흥적으로 계획하는 여유로운 여행을 좋아하며, 이번 국내 여행에서도 피로회복과 다양한 기록을 남기는 것이 가장 기대됩니다. 열악한 환경에서의 청결 문제로 여행이 망친 적이 있어, 이번에는 깨끗한 숙소를 꼭 확보하고 싶습니다. 함께하는 사람은 저처럼 말이 많고 이해심이 많아 예민한 부분에 대해 서로 배려할 수 있는 사람이어야 좋겠습니다. 사람이 중요하다고 생각하기 때문에 이번 여행에서도 새로운 관계를 형성하고, 그로 인한 의미 있는 경험들을 누리고 싶습니다. 이를 통해 일상의 복잡함에서 벗어나 진정한 휴식을 찾고 제 삶에 활력을 불어넣고 싶습니다.","이 사용자는 동남아 지역을 선호하고, 더움 기후를 피하고 싶어해요. 여행 목적은 휴식이며, 상관없음에서 머무는 걸 좋아하고 오전 10시 이후쯤 기상하는 편이에요.",,
958,매우 민감,매우 수용적,매우 적다,종종 늦음,따르는 편,1,보통,매우 빡빡하게,해외,산,계획 여행,적당히 봄,코골이 안함,다른 곳 간다,"동남아,일본,세계일주","건조함,상관없음,쌀쌀함","액티비티,휴식,공연&경기관람","민박,게스트하우스,4-5성급호텔",오전 8-9시,100만원 이하,"저는 여행 중에 빡빡한 일정 때문에 스트레스를 받을 수 있지만, 의견을 수용하는 편이라 다양한 의견을 받아들여 새로운 경험을 즐기려고 노력합니다. 예전에 시간 약속을 잘 맞추지 못해 같이 여행 가는 사람들이 힘들어했던 적이 있어요. 그래서 이번 여행에서는 스케줄을 잘 준수하고 체력 안배를 잘하고 싶습니다. 함께 여행할 사람은 리더십 있는 사람이라면 좋겠고, 무엇보다도 서로 걱정하지 않고 편안한 휴식을 취할 수 있는 여행이 되기를 기대합니다. 이번 여행이 제 삶에 새로운 활력을 불어넣고, 추억을 쌓으면서 조금 더 다양한 시각을 갖게 되는 기회가 되기를 바랍니다.","이 사용자는 일본 지역을 선호하고, 상관없음 기후를 피하고 싶어해요. 여행 목적은 휴식이며, 민박에서 머무는 걸 좋아하고 오전 8-9시쯤 기상하는 편이에요.",,
959,보통,보통,보통,종종 늦음,리드하는편,4,매우 둔감,꽤 여유있게,해외,바다,즉흥 여행,무조건 다 봄,코골이 안함,기다림,"일본,유럽,동남아","건조함,쌀쌀함,추움","도전과성장,휴식,미식","상관없음,게스트하우스,민박",오전 10시 이후,300-400만원,저는 여행 중 쌀쌀한 기후를 피하려다가 추운 날씨에 고생했던 경험이 있어요. 이번 여행에서는 여유로운 일정을 유지하면서 각국의 유명한 랜드마크를 꼭 보고 싶습니다. 함께 여행을 도전과 성장이 중요하다고 여기는 사람과 즉흥적인 일정에도 유연하게 대처할 수 있는 사람과 가고 싶어요. 새로운 문화를 접하고 맛있는 음식을 즐길 수 있는 여행을 통해 개인적으로 큰 성장을 기대합니다. 이 여행이 저에게 휴식과 재충전의 기회가 되었으면 좋겠어요.,"이 사용자는 유럽 지역을 선호하고, 쌀쌀함 기후를 피하고 싶어해요. 여행 목적은 휴식이며, 상관없음에서 머무는 걸 좋아하고 오전 10시 이후쯤 기상하는 편이에요.",,
960,보통,다소 완고,많다,꽤 정확,리드하는편,5,매우 둔감,꽤 빡빡하게,해외,산,계획 여행,적당히 봄,코골이 함,기다림,"국내,동남아,세계일주","습함,더움,쌀쌀함","기록,자연감상,도전과성장","민박,4-5성급호텔,콘도",오전 9-10시,400만원 이상,"저는 여행 중 기후가 쌀쌀한 지역을 피하고, 웨이팅 없이 스케줄이 잘 맞지 않는 것이 가장 끔찍한 경험이었습니다. 이번 여행에서는 제 체력과 일정을 잘 맞출 수 있는 계획이 특히 중요하며, 자연 경관을 즐기기에 적합한 민박이나 호텔에서의 숙박을 선호합니다. 함께 갈 동행자는 의사소통이 원활하고 계획을 잘 따르는 사람이 좋겠습니다. 저는 이번 여행에서 새로운 자연의 아름다움을 기록하고 경험하면서 도전과 성장을 기대합니다. 삶에 있어서 이번 여행이 제게 새로운 활력을 불어넣고 더 많은 성장을 가능하게 하기를 바랍니다.","이 사용자는 국내 지역을 선호하고, 쌀쌀함 기후를 피하고 싶어해요. 여행 목적은 자연감상이며, 민박에서 머무는 걸 좋아하고 오전 9-10시쯤 기상하는 편이에요.",,
961,보통,다소 완고,매우 적다,매우 정확,리드하는편,2,둔감,매우 여유있게,국내,산,즉흥 여행,무조건 다 봄,코골이 함,다른 곳 간다,"세계일주,유럽,중국&몽골","상관없음,추움,습함","도전과성장,기록,사람&관계","상관없음,3성이하 호텔,4-5성급호텔",오전 9-10시,100만원 이하,"저는 여행 중 코골이로 인해 숙면을 취하지 못한 것이 최악의 경험이었는데, 이번 여행에서는 좋은 숙박 시설을 선택해 이를 피하고 싶어요. 여행 중엔 즉흥적인 계획을 선호하지만 가보지 못한 지역의 랜드마크는 꼭 보고 싶습니다. 여행을 같이 가고 싶은 사람은 계획을 엮박하지 않고 적당한 리더십을 지닌 사람으로, 대화를 많이 하지 않더라도 여유롭게 함께 시간을 보낼 수 있는 사람입니다. 이번 여행에서는 도전과 성장을 통해 스스로를 기록하고 싶은 마음이 가장 큽니다. 제 삶에서 이번 여행이 새로운 배움과 인간 관계의 성장을 가져다주는 의미 있는 시간이 되기를 바랍니다.","이 사용자는 중국&몽골 지역을 선호하고, 추움 기후를 피하고 싶어해요. 여행 목적은 도전과성장이며, 4-5성급호텔에서 머무는 걸 좋아하고 오전 9-10시쯤 기상하는 편이에요.",,
962,꽤 민감,수용적,적다,자주 늦음,무조건 리드,2,둔감,보통,국내,바다,계획 여행,무조건 다 봄,코골이 함,기다림,"일본,그 외,미국","습함,상관없음,더움","문화&역사체험,도전과성장,액티비티","에어비엔비,3성이하 호텔,콘도",오전 9-10시,400만원 이상,"저는 여행 중 습하고 더운 날씨에서 약간 민감하게 반응하기 때문에, 그런 기후가 제 여행의 최악의 경험이 될 수 있어요. 그래서 이번 여행에서는 시원한 날씨와 함께 문화와 역사 체험의 기회를 놓치고 싶지 않습니다. 같이 여행을 하고 싶은 사람은 계획적인 성향을 가지고 있으면서도 저보다 좀 더 활기차고 체력을 보충해줄 수 있는 사람일 것입니다. 특히 바다를 좋아하니 해양 활동이 있는 일정이 가장 기대되고, 이 여행이 제게 새로운 도전과 성장을 이끌었으면 해요. 에어비앤비와 같은 편안한 숙소에서의 휴식을 통해 보다 여유롭게 여행의 의미를 새기고 싶습니다.","이 사용자는 그 외 지역을 선호하고, 더움 기후를 피하고 싶어해요. 여행 목적은 문화&역사체험이며, 에어비엔비에서 머무는 걸 좋아하고 오전 9-10시쯤 기상하는 편이에요.",,
963,꽤 민감,매우 수용적,많다,자주 늦음,무조건 리드,3,매우 둔감,매우 빡빡하게,국내,바다,즉흥 여행,적당히 봄,코골이 안함,다른 곳 간다,"국내,미국,일본","습함,추움,건조함","기록,도전과성장,공연&경기관람","4-5성급호텔,게스트하우스,3성이하 호텔",오전 8-9시,400만원 이상,"저는 여행 중 가장 싫었던 경험으로 습하고 춥거나 건조한 날씨를 들 수 있습니다. 이번 여행에서는 공연이나 경기를 꼭 관람하고 싶고, 편안하게 쉴 수 있는 게스트하우스는 필수적이라고 생각해요. 여행을 함께 하고 싶은 사람은 제 의견을 잘 수용하고, 즉흥적인 여행 계획에도 잘 적응할 수 있는 사람입니다. 이번 여행에서는 새로운 도전과 개인적인 성장을 통해 기록할 수 있는 많은 추억을 기대하고 있어요. 이를 통해 제 삶에 새로움과 활기를 불어넣고 싶습니다.","이 사용자는 일본 지역을 선호하고, 습함 기후를 피하고 싶어해요. 여행 목적은 공연&경기관람이며, 게스트하우스에서 머무는 걸 좋아하고 오전 8-9시쯤 기상하는 편이에요.",,
964,매우 민감,매우 수용적,매우 적다,매우 정확,보통,3,매우 둔감,매우 빡빡하게,해외,바다,계획 여행,적당히 봄,코골이 안함,기다림,"국내,동남아,미국","추움,습함,쌀쌀함","액티비티,도전과성장,미식","게스트하우스,콘도,에어비엔비",오전 10시 이후,200-300만원,"여행 중 최악의 경험은 아마도 쌀쌀하고 습한 날씨에 맞닥뜨리는 것입니다. 그래서 이번 여행에서는 따뜻하고 화창한 미국의 날씨가 필수적입니다. 함께 여행하고 싶은 사람은 의견을 잘 수용하고 계획대로 여행을 즐길 수 있는 사람입니다. 이번 여행에서 가장 기대하는 것은 다양한 액티비티를 통해 도전하고 성장하는 경험이며, 이것이 제 삶에 있어 새로운 배움과 시각을 제공하길 바랍니다. 또한 에어비엔비에 머무르며 매일 아침을 여유롭게 시작하는 것도 여행에서 중요한 요소입니다.","이 사용자는 미국 지역을 선호하고, 쌀쌀함 기후를 피하고 싶어해요. 여행 목적은 도전과성장이며, 에어비엔비에서 머무는 걸 좋아하고 오전 10시 이후쯤 기상하는 편이에요.",,
965,보통,보통,매우 많다,꽤 정확,따르는 편,3,보통,매우 여유있게,국내,산,즉흥 여행,적당히 봄,코골이 함,기다림,"미국,국내,일본","더움,쌀쌀함,상관없음","사람&관계,문화&역사체험,휴식","3성이하 호텔,4-5성급호텔,콘도",오전 9-10시,300-400만원,"저는 국내 여행을 선호하며 여유로운 일정을 즐기고 싶습니다. 여행 중 최악의 경험은 덥거나 쌀쌀한 기후에서 불편했던 것이며, 이번 여행에서는 편안한 휴식을 위해 3성 이하 호텔이나 콘도에 머무르는 것이 중요합니다. 함께 여행하고 싶은 사람은 잘 기다리고 대화가 활발하며, 예민하지 않은 사람입니다. 이번 여행에서 문화나 역사 체험을 하는 것에 대해 기대하고, 결국 이 여행이 사람들과의 관계를 돈독히 하고 새로운 경험을 쌓는 의미 있는 시간이 되기를 바랍니다. 저는 매일 아침 9시에서 10시 사이에 기상하며, 여행에서의 편안함과 새로운 경험을 통해 제 삶에 긍정적인 영향을 기대하고 있습니다.","이 사용자는 국내 지역을 선호하고, 쌀쌀함 기후를 피하고 싶어해요. 여행 목적은 휴식이며, 3성이하 호텔에서 머무는 걸 좋아하고 오전 9-10시쯤 기상하는 편이에요.",,
966,꽤 민감,수용적,보통,종종 늦음,리드하는편,5,매우 둔감,매우 빡빡하게,해외,산,계획 여행,무조건 다 봄,코골이 함,기다림,"일본,그 외,국내","건조함,더움,습함","기록,공연&경기관람,미식","민박,콘도,4-5성급호텔",오전 9-10시,400만원 이상,"저는 해외 여행을 선호하며 특히 일본과 같은 곳을 좋아합니다. 여행 중에는 일정이 매우 빡빡하게 계획되어 있는 것을 좋아하지만, 가끔 시간 약속에 늦을 때가 있어요. 그래서 이번 여행에서는 꼭 시간 관리를 잘하고 싶습니다. 함께 여행할 사람은 수용적이고 여유로운 성격이며, 다양한 랜드마크를 다 방문할 수 있으리라 믿습니다. 무엇보다도 공연과 경기를 관람하는 데 큰 기대를 하고 있으며, 그것들이 제 삶에 새로운 경험과 영감을 줄 수 있길 바랍니다. 여행 중 최악의 경험은 덥고 습한 기후 속에서 불편한 숙소를 만난 경우였는데, 이번에는 좀 더 계획적으로 준비해 그러한 상황을 피하고 싶습니다.","이 사용자는 국내 지역을 선호하고, 더움 기후를 피하고 싶어해요. 여행 목적은 공연&경기관람이며, 콘도에서 머무는 걸 좋아하고 오전 9-10시쯤 기상하는 편이에요.",,
967,매우 둔감,다소 완고,보통,자주 늦음,무조건 따름,3,꽤 민감,꽤 여유있게,해외,산,계획 여행,적당히 봄,코골이 함,다른 곳 간다,"유럽,동남아,중국&몽골","더움,습함,상관없음","공연&경기관람,미식,문화&역사체험","민박,게스트하우스,3성이하 호텔",오전 9-10시,300-400만원,"저는 여행 중에 예기치 않은 계획 변경이나 일정이 꼬이는 상황을 최악으로 여깁니다. 이번 여행에서는 특히 공연이나 경기를 관람할 때의 계획이 잘 맞아 떨어졌으면 좋겠어요. 함께 여행 가고 싶은 사람은 저처럼 일정을 여유롭게 즐기고 계획을 따르는 사람이며, 고집이 있어도 협력할 수 있는 사람입니다. 저는 특히 유럽이나 동남아에서의 새로운 문화와 역사 체험을 기대하고 있어요. 이번 여행은 제 일상에서 벗어나 새로운 경험과 미식을 통해 삶의 활력을 더하고 싶습니다.","이 사용자는 중국&몽골 지역을 선호하고, 더움 기후를 피하고 싶어해요. 여행 목적은 공연&경기관람이며, 민박에서 머무는 걸 좋아하고 오전 9-10시쯤 기상하는 편이에요.",,
968,매우 둔감,수용적,적다,종종 늦음,무조건 리드,3,보통,매우 여유있게,해외,바다,즉흥 여행,적당히 봄,코골이 안함,다른 곳 간다,"국내,일본,동남아","추움,쌀쌀함,건조함","자연감상,도전과성장,기록","3성이하 호텔,콘도,민박",오전 9-10시,300-400만원,"저는 동남아처럼 따뜻한 기후를 선호하며, 기록을 중시하는 여행을 좋아합니다. 과거 여행에서 스케줄이 빡빡하고 변화에 유연하지 못했던 경험은 제게 최악이었어요, 그래서 늘 여유 있게 즉흥적으로 여행하려고 합니다. 이번 여행에서는 자연스러운 기록을 위한 여유로움과, 걱정 없이 쉴 수 있는 3성 이하의 편안한 숙소가 꼭 필요합니다. 함께 여행을 하고 싶은 사람은 계획에 너무 집착하지 않는 여유 있는 사람이면 좋겠어요. 이번 여행을 통해 제 삶에 새로운 도전과 성장을 의미 있게 기록하고 싶습니다.","이 사용자는 동남아 지역을 선호하고, 건조함 기후를 피하고 싶어해요. 여행 목적은 기록이며, 3성이하 호텔에서 머무는 걸 좋아하고 오전 9-10시쯤 기상하는 편이에요.",,
969,둔감,매우 수용적,많다,보통,따르는 편,2,매우 민감,꽤 여유있게,국내,바다,계획 여행,적당히 봄,코골이 안함,기다림,"국내,일본,중국&몽골","습함,건조함,추움","도전과성장,휴식,기록","콘도,게스트하우스,민박",오전 10시 이후,100만원 이하,"저는 여행 중 최악의 경험으로 청결하지 않은 숙소를 꼽을 수 있는데, 평소 청결에 매우 민감하기 때문입니다. 이번 여행에서는 깨끗한 게스트하우스에서 편안하게 머무르는 것이 필수적입니다. 저는 의견을 잘 수용하고 리더십보다는 따르는 편이어서, 대화가 잘 통하고 리더십이 강한 동반자와 여행하는 것을 선호합니다. 이번 여행에서 가장 기대하는 것은 바다를 바라보며 여유롭게 휴식을 취하고, 새로운 경험을 통해 스스로를 기록하고 도전하는 것입니다. 이러한 경험들이 저의 삶에 새로운 성장의 의미를 더해주기를 바랍니다.","이 사용자는 일본 지역을 선호하고, 건조함 기후를 피하고 싶어해요. 여행 목적은 기록이며, 게스트하우스에서 머무는 걸 좋아하고 오전 10시 이후쯤 기상하는 편이에요.",,
970,매우 둔감,다소 완고,매우 많다,꽤 정확,따르는 편,4,꽤 민감,매우 빡빡하게,국내,산,계획 여행,적당히 봄,코골이 안함,다른 곳 간다,"동남아,미국,국내","습함,상관없음,더움","공연&경기관람,미식,액티비티","4-5성급호텔,3성이하 호텔,에어비엔비",오전 10시 이후,400만원 이상,"여행 중 최악의 경험은 습하고 더운 날씨로 인해 불쾌했던 순간들이었어요. 그래서 이번 여행에서는 쾌적한 날씨가 중요하며, 좋은 공연이나 경기를 관람할 수 있는 기회를 놓치지 않으려 합니다. 같이 여행을 가고 싶은 사람은 계획을 잘 따라주고, 시간 약속을 잘 지키는 책임감 있는 사람이었으면 해요. 이번 여행에서는 새로운 문화와 미식을 체험하는 시간을 기대하고 있으며, 이 경험이 제 삶에 활기를 더해주길 바랍니다. 4-5성급 호텔에서의 편안한 숙박 역시 중요한 요소 중 하나예요.","이 사용자는 미국 지역을 선호하고, 더움 기후를 피하고 싶어해요. 여행 목적은 공연&경기관람이며, 4-5성급호텔에서 머무는 걸 좋아하고 오전 10시 이후쯤 기상하는 편이에요.",,
971,꽤 민감,매우 수용적,보통,종종 늦음,보통,3,꽤 민감,매우 여유있게,해외,산,계획 여행,무조건 다 봄,코골이 함,다른 곳 간다,"그 외,국내,중국&몽골","쌀쌀함,습함,더움","쇼핑,미식,사람&관계","콘도,게스트하우스,펜션",오전 10시 이후,300-400만원,"저는 여행 중 쌀쌀한 날씨를 지냈던 경험이 최악으로 남아있어 이번에는 이를 피하고자 합니다. 이번 여행에서 절대 빠질 수 없는 것이 있다면 바로 다양한 미식 경험이고, 이것에 대한 기대가 큽니다. 함께 여행을 갈 사람은 저처럼 여유로운 일정과 계획적인 성향을 존중하면서도, 약간의 코골이를 이해할 수 있는 사람이면 좋겠습니다. 무엇보다 쇼핑과 문화 체험을 통해 새로운 인연과 관계를 맺는 것이 가장 기대되며, 이를 통해 여행이 제 삶에 신선한 시각과 활력을 불어넣어주길 바랍니다.","이 사용자는 국내 지역을 선호하고, 쌀쌀함 기후를 피하고 싶어해요. 여행 목적은 미식이며, 펜션에서 머무는 걸 좋아하고 오전 10시 이후쯤 기상하는 편이에요.",,
972,매우 민감,보통,매우 적다,보통,무조건 리드,4,보통,꽤 여유있게,국내,산,계획 여행,무조건 다 봄,코골이 안함,다른 곳 간다,"동남아,유럽,미국","상관없음,추움,습함","액티비티,휴식,자연감상","펜션,4-5성급호텔,상관없음",오전 10시 이후,100만원 이하,"저는 여행 중 예기치 않은 소란이나 불편한 경험을 피하고 싶은 성향이라, 예전 여행에서 너무 빡빡한 일정은 최악의 경험으로 남아 있습니다. 그래서 이번 여행에서는 여유로운 일정과 자연 속에서의 조용한 휴식을 꼭 원합니다. 함께 가고 싶은 여행 파트너는 제가 말이 적고 계획적인 것을 이해해 주며 리더십을 존중하는 사람이면 좋겠어요. 이번 여행에서 가장 기대하는 것은 멋진 자연을 감상하며 액티비티를 통해 스트레스를 풀고 재충전하는 것입니다. 이런 여행이 저에게는 삶의 소중한 휴식과 자연과의 교감을 통한 의미 있는 시간이 되었으면 합니다.","이 사용자는 미국 지역을 선호하고, 추움 기후를 피하고 싶어해요. 여행 목적은 휴식이며, 펜션에서 머무는 걸 좋아하고 오전 10시 이후쯤 기상하는 편이에요.",,
973,보통,매우 완고,보통,자주 늦음,무조건 리드,5,둔감,매우 빡빡하게,해외,산,계획 여행,무조건 다 봄,코골이 함,다른 곳 간다,"동남아,중국&몽골,유럽","건조함,상관없음,쌀쌀함","휴식,문화&역사체험,공연&경기관람","민박,게스트하우스,상관없음",오전 10시 이후,100만원 이하,"저는 해외여행을 즐기며 문화와 역사를 체험하는 것을 좋아합니다. 예전 여행에서 최악의 경험은 시간이 제한적인 상황에서 놓친 랜드마크들로 인해 스트레스를 받았던 것입니다. 이번 여행에서는 계획적으로 모든 주요 장소를 방문하고, 예산을 잘 관리하며 휴식을 취하고자 합니다. 따라서 조직적이고 시간을 잘 지키는 사람이 함께하면 좋겠습니다. 이번 여행에서 가장 기대하는 것은 새로운 문화와 역사적 장소를 체험하며 다음 삶의 활력소로 삼는 것입니다. 이러한 경험이 일상에서 벗어나 나에게 새로운 영감을 불어넣어주었으면 합니다.","이 사용자는 동남아 지역을 선호하고, 상관없음 기후를 피하고 싶어해요. 여행 목적은 문화&역사체험이며, 민박에서 머무는 걸 좋아하고 오전 10시 이후쯤 기상하는 편이에요.",,
974,매우 민감,수용적,적다,보통,보통,3,매우 민감,꽤 빡빡하게,국내,바다,즉흥 여행,적당히 봄,코골이 안함,다른 곳 간다,"세계일주,유럽,미국","건조함,추움,상관없음","자연감상,미식,도전과성장","4-5성급호텔,콘도,에어비엔비",오전 10시 이후,100만원 이하,"저는 세계일주를 꿈꾸며 자연과 미식을 즐기는 여행을 선호합니다. 여행 중 가장 최악의 경험은 건조하거나 추운 날씨로 인한 불편함이었고, 이러한 기후를 피하는 것이 중요합니다. 여행 때 필요한 것은 청결함을 신경 쓸 수 있는 4-5성급 호텔이나 콘도에서의 편안한 휴식 공간입니다. 말수가 적지만 의견을 수용할 줄 아는 사람과의 여행을 원하며, 함께 도전하고 성장할 수 있는 경험을 중요시합니다. 이번 여행은 저에게 새로운 문화와 미식을 통해 삶의 활력을 더하고자 하는 의미가 있습니다.","이 사용자는 세계일주 지역을 선호하고, 상관없음 기후를 피하고 싶어해요. 여행 목적은 미식이며, 콘도에서 머무는 걸 좋아하고 오전 10시 이후쯤 기상하는 편이에요.",,
975,매우 민감,매우 완고,많다,자주 늦음,무조건 리드,5,매우 민감,매우 여유있게,해외,바다,계획 여행,무조건 다 봄,코골이 안함,기다림,"그 외,국내,미국","더움,습함,건조함","기록,자연감상,도전과성장","에어비엔비,3성이하 호텔,게스트하우스",오전 10시 이후,100만원 이하,"저는 여행 중 더운 기후에서 불편함을 겪었던 경험이 최악으로 느껴져, 이번에는 시원하고 쾌적한 지역을 선택하고자 합니다. 이번 여행에서는 사진 촬영을 위해 좋은 카메라가 필수적이라고 생각하며, 성격이 개방적이고 자연을 즐길 줄 아는 사람과 함께하는 것이 가장 좋을 것 같습니다. 가장 기대하는 것은 자연 속에서의 힐링과 다양한 랜드마크를 여유롭게 둘러보는 것이며, 이는 저에게 도전과 성장을 통한 새로운 기록을 남기고 싶다는 의미를 가집니다. 이번 여행이 저의 일상에 새로운 활력을 불어넣고, 더 큰 시야를 얻을 수 있는 계기가 되었으면 합니다.","이 사용자는 그 외 지역을 선호하고, 더움 기후를 피하고 싶어해요. 여행 목적은 자연감상이며, 에어비엔비에서 머무는 걸 좋아하고 오전 10시 이후쯤 기상하는 편이에요.",,
976,보통,다소 완고,많다,매우 정확,무조건 따름,5,매우 둔감,꽤 여유있게,국내,산,계획 여행,무조건 다 봄,코골이 안함,기다림,"일본,유럽,동남아","습함,쌀쌀함,추움","자연감상,휴식,기록","게스트하우스,4-5성급호텔,콘도",오전 8-9시,200-300만원,"저는 예전에 습하고 추운 기후에서의 여행이 최악이었습니다. 이번 여행에서는 기록 장비는 꼭 챙기고 싶고, 계획적으로 움직이는 타입이기 때문에 저와 비슷하게 계획을 잘 따르고 시간 약속을 지킬 수 있는 사람과 함께 가고 싶습니다. 자연 감상과 휴식이 주된 목적이라 여유로운 일정 속에서 최고의 경치를 기대하고 있습니다. 이번 여행이 제 삶에 특별한 기억으로 남았으면 하며, 유럽같이 좋은 날씨 속에서 한적한 여유로움을 만끽하는 시간이 되었으면 합니다.","이 사용자는 유럽 지역을 선호하고, 습함 기후를 피하고 싶어해요. 여행 목적은 기록이며, 4-5성급호텔에서 머무는 걸 좋아하고 오전 8-9시쯤 기상하는 편이에요.",,
977,매우 둔감,매우 완고,많다,종종 늦음,따르는 편,4,보통,꽤 여유있게,해외,산,계획 여행,무조건 다 봄,코골이 안함,다른 곳 간다,"일본,국내,미국","추움,습함,상관없음","사람&관계,자연감상,휴식","4-5성급호텔,상관없음,에어비엔비",오전 8-9시,100만원 이하,"저는 여행 중 최악의 경험이라면 아마 추운 날씨에 준비가 부족했을 때가 아닐까 싶습니다. 이번 여행에서는 자연 감상을 충분히 하기 위해 여유 있는 일정이 중요하며, 아침 기상을 잘 맞춰 즐거운 시간을 보내고 싶습니다. 함께 여행하고 싶은 사람은 말을 많이 하며 주도적인 성향보다는 상황에 적응하고, 시간을 잘 맞춰줄 수 있는 사람이면 좋겠습니다. 미국이나 일본 같은 해외 지역의 멋진 자연을 접하면서 휴식할 수 있는 점을 가장 기대하고 있습니다. 이번 여행이 사람들과의 관계를 돈독히 하고 삶에 새로운 활기를 불어넣는 계기가 되었으면 좋겠습니다.","이 사용자는 미국 지역을 선호하고, 습함 기후를 피하고 싶어해요. 여행 목적은 자연감상이며, 상관없음에서 머무는 걸 좋아하고 오전 8-9시쯤 기상하는 편이에요.",,
978,꽤 민감,매우 완고,적다,종종 늦음,보통,4,보통,꽤 빡빡하게,해외,산,즉흥 여행,적당히 봄,코골이 함,기다림,"미국,국내,그 외","건조함,추움,상관없음","휴식,액티비티,기록","민박,펜션,상관없음",오전 8-9시,300-400만원,"저는 여행 중에 일정에 변화가 잦은 즉흥적인 여행을 선호하기 때문에 일정이 예상 밖으로 빡빡하거나 깜짝 무리한 상황은 피하고 싶습니다. 그래서 이번 여행에서는 작은 액티비티를 통해 충분한 휴식을 누릴 수 있는 시간을 꼭 확보하고 싶습니다. 저와 여행을 함께할 사람은 저처럼 적당한 속도로 산책을 즐길 수 있고 계획에 크게 연연하지 않는 성격이라면 좋겠습니다. 이번 여행에서 가장 기대하는 것은 새로운 환경에서의 글로 남길 기록이며, 이러한 경험이 제 일상에 새로운 에너지를 불어넣어 주기를 바랍니다. 여행이 제게 주는 의미는 일상에서 벗어나 마음의 휴식을 갖고, 그로 인해 삶의 새로운 변화를 맞는 계기가 되는 것입니다.","이 사용자는 국내 지역을 선호하고, 추움 기후를 피하고 싶어해요. 여행 목적은 액티비티이며, 민박에서 머무는 걸 좋아하고 오전 8-9시쯤 기상하는 편이에요.",,
979,매우 민감,다소 완고,매우 많다,꽤 정확,보통,4,둔감,꽤 여유있게,국내,바다,즉흥 여행,무조건 다 봄,코골이 함,다른 곳 간다,"중국&몽골,유럽,동남아","습함,쌀쌀함,상관없음","문화&역사체험,자연감상,공연&경기관람","콘도,4-5성급호텔,펜션",오전 9-10시,300-400만원,"저는 여행 중 예민한 성격으로 인해 습한 날씨와 코골이를 참기 어려웠던 기억이 있습니다. 그래서 이번에는 유럽의 문화와 역사 체험을 중점적으로 즐기고 싶으며, 콘도나 4-5성급 호텔에서 편안한 숙박을 선호합니다. 함께 여행할 사람은 대화를 많이 나눌 수 있으며, 즉흥적으로 계획을 바꾸더라도 이를 즐길 줄 아는 사람이면 좋겠습니다. 이번 여행에서 가장 기대되는 것은 이국적인 문화와 아름다운 자연을 경험하는 것이며, 이런 경험들이 제 삶의 새로운 영감을 줄 수 있으면 좋겠습니다. 웨이팅에 민감한 편이라 모든 명소를 최대한 효율적으로 다니고 싶은 마음도 있습니다.","이 사용자는 유럽 지역을 선호하고, 습함 기후를 피하고 싶어해요. 여행 목적은 문화&역사체험이며, 펜션에서 머무는 걸 좋아하고 오전 9-10시쯤 기상하는 편이에요.",,
980,매우 둔감,수용적,매우 적다,매우 정확,무조건 리드,3,매우 민감,매우 여유있게,해외,산,계획 여행,적당히 봄,코골이 안함,다른 곳 간다,"중국&몽골,그 외,세계일주","건조함,추움,쌀쌀함","공연&경기관람,자연감상,미식","상관없음,3성이하 호텔,4-5성급호텔",오전 8-9시,100만원 이하,"여행 중 최악의 경험은 건조하고 추운 날씨를 경험했을 때였습니다. 이번 여행에서는 일정한 계획을 짜서 예측 가능하고 여유로운 여행을 보내고 싶으며, 공연이나 경기를 관람할 수 있는 기회가 있기를 바랍니다. 함께 여행하고 싶은 사람은 예민하지 않고 제 계획을 존중하며 협력할 수 있는 사람입니다. 가장 기대하는 것은 자연 감상과 현지 미식을 즐기는 것이며, 이번 여행이 스트레스에서 벗어나 제 삶에 새로운 경험과 풍요로움을 더해주기를 바라고 있습니다.","이 사용자는 세계일주 지역을 선호하고, 건조함 기후를 피하고 싶어해요. 여행 목적은 공연&경기관람이며, 4-5성급호텔에서 머무는 걸 좋아하고 오전 8-9시쯤 기상하는 편이에요.",,
981,꽤 민감,보통,보통,매우 정확,따르는 편,2,보통,꽤 빡빡하게,해외,바다,즉흥 여행,무조건 다 봄,코골이 함,기다림,"미국,유럽,국내","쌀쌀함,습함,추움","기록,자연감상,도전과성장","펜션,에어비엔비,3성이하 호텔",오전 9-10시,200-300만원,"저는 꽤 민감한 성격이라 여행 중 코골이 때문에 숙면을 취하지 못했던 경험이 최악이었습니다. 이번 여행에서는 기록을 위한 노트와 카메라를 꼭 챙기고 싶어요. 함께 여행을 가고 싶은 사람은 시간 약속을 정확하게 지키고 자연 감상을 함께 즐길 수 있는 사람입니다. 가장 기대하는 것은 해외에서의 다양한 자연 환경을 감상하는 것이며, 이번 여행을 통해 도전과 성장을 통한 의미 있는 변화를 기대하고 있습니다. 계획적인 성향보다는 즉흥적인 여정을 좋아하지만, 모든 랜드마크는 꼭 방문할 예정입니다.","이 사용자는 국내 지역을 선호하고, 습함 기후를 피하고 싶어해요. 여행 목적은 도전과성장이며, 펜션에서 머무는 걸 좋아하고 오전 9-10시쯤 기상하는 편이에요.",,
982,둔감,다소 완고,적다,꽤 정확,무조건 리드,5,매우 둔감,매우 빡빡하게,국내,바다,계획 여행,무조건 다 봄,코골이 함,다른 곳 간다,"유럽,세계일주,동남아","추움,습함,쌀쌀함","도전과성장,기록,쇼핑","상관없음,게스트하우스,민박",오전 10시 이후,400만원 이상,"저는 여행 중 일정을 빡빡하게 짜서 유명한 랜드마크를 모두 방문하는 것을 중요하게 생각하지만, 날씨가 쌀쌀하거나 습할 때는 최악의 경험을 했다고 느낍니다. 그래서 이번 여행에서는 적당한 기후 조건이 꼭 있어야 합니다. 일행으로는 저처럼 둔감하고 완고하면서도 체력 좋고 계획적인 사람과 여행하고 싶습니다. 이번 여행에서는 기록과 도전, 성장을 가장 기대하고 있으며, 이를 통해 제 삶에 새로운 의미를 추가하고 싶습니다. 잠은 민박이나 게스트하우스에서 자더라도 쇼핑할 충분한 예산을 고려한 여행을 계획하고 있습니다.","이 사용자는 세계일주 지역을 선호하고, 쌀쌀함 기후를 피하고 싶어해요. 여행 목적은 도전과성장이며, 민박에서 머무는 걸 좋아하고 오전 10시 이후쯤 기상하는 편이에요.",,
983,보통,보통,적다,매우 정확,보통,2,매우 민감,꽤 빡빡하게,국내,바다,즉흥 여행,적당히 봄,코골이 안함,다른 곳 간다,"중국&몽골,미국,일본","더움,건조함,상관없음","사람&관계,기록,공연&경기관람","상관없음,3성이하 호텔,4-5성급호텔",오전 10시 이후,200-300만원,"여행 중 최악의 경험은 청결하지 않은 숙소에서 지낸 것이었습니다. 이번 여행에서는 이를 방지하기 위해 청결한 환경이 꼭 필요하며, 계획에 얽매이지 않는 즉흥적인 일정 속에서도 이를 유지할 수 있게 하고 싶습니다. 함께 여행하고 싶은 사람은 제 시간 약속에 맞추며 깨끗함에 대한 감수성이 있는 사람입니다. 이번 여행에서 가장 기대하는 것은 다양한 사람들과의 만남과 교류를 통해 깊이 있는 인간관계를 형성하는 것입니다. 이러한 경험들이 제 삶에 있어서 소중한 기록으로 남아, 추억을 공유하는 기회가 되기를 바랍니다.","이 사용자는 중국&몽골 지역을 선호하고, 상관없음 기후를 피하고 싶어해요. 여행 목적은 사람&관계이며, 상관없음에서 머무는 걸 좋아하고 오전 10시 이후쯤 기상하는 편이에요.",,
984,꽤 민감,매우 완고,매우 많다,종종 늦음,리드하는편,3,매우 둔감,꽤 여유있게,해외,산,즉흥 여행,무조건 다 봄,코골이 함,기다림,"미국,국내,중국&몽골","더움,건조함,추움","쇼핑,휴식,도전과성장","콘도,민박,상관없음",오전 8-9시,100만원 이하,"저는 여행 중에 추운 기후를 피하려고 노력하며, 일정이 꽤 여유롭기를 바랍니다. 여행 중 최악의 경험은 날씨가 너무 추워서 쇼핑이나 랜드마크 방문 계획이 어긋나는 경우입니다. 이번 여행에서 편안한 숙소는 필수며, 아침 8-9시 사이에 기상하여 하루를 시작합니다. 함께 여행할 사람은 대화가 많고 의견을 확고하게 가진 저와 잘 어울리고, 리더십을 발휘할 수 있는 사람이면 좋겠습니다. 무엇보다 이번 여행을 통해 휴식과 도전의 기회를 얻고 싶고, 더 넓은 세계를 경험하며 제 삶에 긍정적인 변화를 가져오기를 기대합니다.","이 사용자는 미국 지역을 선호하고, 추움 기후를 피하고 싶어해요. 여행 목적은 쇼핑이며, 상관없음에서 머무는 걸 좋아하고 오전 8-9시쯤 기상하는 편이에요.",,
985,매우 둔감,매우 수용적,매우 많다,자주 늦음,무조건 따름,5,보통,보통,국내,산,계획 여행,적당히 봄,코골이 함,다른 곳 간다,"그 외,미국,국내","습함,건조함,추움","쇼핑,휴식,자연감상","콘도,4-5성급호텔,민박",오전 10시 이후,200-300만원,"저는 여행 중 코골이 때문에 불편한 경험을 했던 적이 있기에 이번 여행에서는 소음이 없는 숙소를 최우선으로 하고 싶습니다. 특히 쇼핑과 휴식을 즐기는 걸 선호하므로 여유로운 일정과 편안한 숙소가 필요한만큼, 이번 여행에서 가장 기대하는 것은 자연을 감상하며 스트레스를 해소하는 것입니다. 협조적이고 유쾌한 사람과의 동행을 선호하며, 웨이팅 없이 빠르게 이동할 수 있는 계획도 중요합니다. 이번 여행이 삶에 가져다줬으면 하는 의미는 일상의 복잡함에서 벗어나 자연 속에서의 휴식과 재충전을 통해 좀 더 새로운 에너지를 얻는 것입니다. 국내 여행에서도 이러한 경험을 충분히 기대하고 있으며, 놓치지 않고자 하는 것은 스트레스 없는 시간을 보내며 마음의 평화를 찾는 것입니다.","이 사용자는 미국 지역을 선호하고, 건조함 기후를 피하고 싶어해요. 여행 목적은 쇼핑이며, 콘도에서 머무는 걸 좋아하고 오전 10시 이후쯤 기상하는 편이에요.",,
986,꽤 민감,다소 완고,적다,보통,리드하는편,4,보통,꽤 여유있게,해외,바다,계획 여행,적당히 봄,코골이 안함,다른 곳 간다,"그 외,세계일주,미국","쌀쌀함,건조함,추움","휴식,사람&관계,자연감상","민박,상관없음,4-5성급호텔",오전 10시 이후,400만원 이상,"여행 중 최악의 경험은 불편한 기후를 만나는 것으로, 추운 날씨를 피하고 싶습니다. 이번 여행에서 꼭 필요한 것은 자연을 감상할 수 있는 여유로운 일정입니다. 함께 여행하고 싶은 사람은 함께 시간을 계획적으로 사용할 수 있고, 서로의 의견을 존중하며 편안하게 지낼 수 있는 사람입니다. 가장 기대하는 것은 새로운 환경 속에서 자연을 느끼고 편안하게 시간을 보내는 것입니다. 이번 여행은 일상의 스트레스에서 벗어나 휴식과 치유의 시간이 되었으면 합니다.","이 사용자는 그 외 지역을 선호하고, 건조함 기후를 피하고 싶어해요. 여행 목적은 자연감상이며, 상관없음에서 머무는 걸 좋아하고 오전 10시 이후쯤 기상하는 편이에요.",,
987,매우 둔감,보통,많다,보통,무조건 리드,4,매우 민감,꽤 빡빡하게,해외,산,계획 여행,적당히 봄,코골이 함,기다림,"세계일주,일본,그 외","쌀쌀함,습함,건조함","자연감상,미식,도전과성장","민박,펜션,3성이하 호텔",오전 10시 이후,200-300만원,"여행 중 최악의 경험은 계획대로 움직이지 않는 것인데, 특히 날씨가 쌀쌀하거나 건조할 때 더욱 그렇습니다. 그래서 이번 여행에서는 날씨에 맞춰 입을 수 있는 따뜻한 옷이 꼭 필요합니다. 말이 많고 리더십이 강한 편이라 같이 여행을 가고 싶은 사람도 저와 비슷하게 대화가 많고 계획에 잘 맞춰 움직이는 사람을 선호합니다. 이번 여행에서 가장 기대하는 것은 세계 일주의 자연과 미식을 경험하며 도전과 성장을 이루는 것입니다. 여행이 끝났을 때 삶에 새로운 영감을 주었으면 좋겠고, 새로운 문화를 접하면서 더 넓은 시야를 갖는 계기가 되었으면 합니다.","이 사용자는 세계일주 지역을 선호하고, 건조함 기후를 피하고 싶어해요. 여행 목적은 미식이며, 민박에서 머무는 걸 좋아하고 오전 10시 이후쯤 기상하는 편이에요.",,
988,보통,수용적,적다,자주 늦음,리드하는편,5,꽤 민감,보통,해외,산,즉흥 여행,무조건 다 봄,코골이 함,다른 곳 간다,"국내,세계일주,유럽","더움,습함,상관없음","기록,미식,쇼핑","콘도,상관없음,4-5성급호텔",오전 9-10시,200-300만원,"저는 여행 중에 날씨가 덥고 습하면 불쾌하더군요. 그래서 이번 여행에서는 체온을 유지할 수 있는 옷이나 장비가 꼭 필요할 것 같아요. 함께 여행하고 싶은 사람은 계획보다는 즉흥적이고 상황에 유연하게 대처할 수 있는 사람이면 좋겠습니다. 여행에서는 새로운 기록을 남기고, 미식을 즐기는 것이 가장 기대됩니다. 이번 여행을 통해 제 삶에 잊을 수 없는 추억을 만들고, 다양한 경험들이 제 생활에 긍정적인 변화를 가져다주길 바랍니다.","이 사용자는 유럽 지역을 선호하고, 상관없음 기후를 피하고 싶어해요. 여행 목적은 기록이며, 상관없음에서 머무는 걸 좋아하고 오전 9-10시쯤 기상하는 편이에요.",,
989,꽤 민감,매우 완고,많다,매우 정확,보통,5,매우 민감,매우 빡빡하게,국내,바다,계획 여행,적당히 봄,코골이 함,다른 곳 간다,"유럽,미국,세계일주","추움,더움,쌀쌀함","도전과성장,자연감상,미식","게스트하우스,펜션,민박",오전 8-9시,300-400만원,"저는 계획을 철저히 세우고 일정을 빡빡하게 짜는 편이에요. 그래서 여행 중에 불필요한 웨이팅으로 시간 낭비를 겪는 것이 가장 싫습니다. 이번 여행에서는 자연을 감상하고 미식을 즐기면서 새로운 도전을 통해 성장하고자 해요. 따라서 같이 여행할 사람은 제 시간 약속과 청결에 대한 민감함을 이해하고, 유연한 리더십을 갖춘 사람이면 좋겠습니다. 여행 전반을 통해 저 스스로에게 의미 있는 성장의 기회를 얻고, 삶의 새로운 영감을 받는 것이 이번 여행의 주된 목표입니다. 특히 유럽 지역에서의 도전과 성장을 통한 자기 발견을 기대하고 있습니다.","이 사용자는 유럽 지역을 선호하고, 쌀쌀함 기후를 피하고 싶어해요. 여행 목적은 도전과성장이며, 펜션에서 머무는 걸 좋아하고 오전 8-9시쯤 기상하는 편이에요.",,
990,매우 민감,보통,보통,자주 늦음,리드하는편,1,보통,꽤 빡빡하게,해외,산,즉흥 여행,적당히 봄,코골이 안함,다른 곳 간다,"그 외,유럽,국내","더움,건조함,습함","휴식,도전과성장,문화&역사체험","에어비엔비,4-5성급호텔,상관없음",오전 8-9시,400만원 이상,"저는 해외 여행을 계획할 때, 산과 같은 자연을 무대로 휴식을 취하고 문화와 역사 체험을 하는 것을 선호합니다. 더운 날씨나 습한 기후를 피하는 것이 중요하기 때문에 유럽의 선선한 날씨가 끌리곤 하죠. 과거 여행에서 약속 시간에 늦어 급히 일정에 맞추려다 체력 부족으로 힘들었던 경험이 있기에, 이번에는 여유롭게 쉬며 일정을 즐기고 싶어요. 여행에서는 함께 도전과 성장을 이야기할 수 있는 이해심 많은 사람과 동행하면 좋겠고, 무엇보다도 삶의 리더십을 가르쳐줄 수 있는 경험으로 남기를 바랍니다. 숙박은 에어비엔비나 호텔 중 상관없으며, 이번 여행이 제게 새로운 시각을 제공해주기를 기대합니다.","이 사용자는 국내 지역을 선호하고, 습함 기후를 피하고 싶어해요. 여행 목적은 휴식이며, 에어비엔비에서 머무는 걸 좋아하고 오전 8-9시쯤 기상하는 편이에요.",,
991,매우 둔감,다소 완고,매우 많다,자주 늦음,보통,2,보통,매우 여유있게,국내,바다,계획 여행,적당히 봄,코골이 함,기다림,"일본,중국&몽골,미국","추움,습함,쌀쌀함","미식,쇼핑,액티비티","상관없음,게스트하우스,펜션",오전 8-9시,400만원 이상,"저는 여행 중 최악의 경험으로 계획과 다른 일정 때문에 스트레스를 받은 적이 있었어요. 이번 여행에서는 느긋한 일정을 꼭 지키고 싶고, 맛있는 음식을 많이 경험하고 싶어요. 함께 여행할 사람은 시간 약속에 크게 구애받지 않고 자유로운 분위기를 좋아하는 사람이면 좋겠어요. 가장 기대하는 것은 다양한 미식을 즐기는 것이며, 이를 통해 삶에 활력을 더하고 싶어요. 여행은 저에게 새로운 문화를 경험하고 일상에서 벗어나는 계기가 되었으면 합니다.","이 사용자는 미국 지역을 선호하고, 쌀쌀함 기후를 피하고 싶어해요. 여행 목적은 미식이며, 게스트하우스에서 머무는 걸 좋아하고 오전 8-9시쯤 기상하는 편이에요.",,
992,꽤 민감,매우 완고,매우 많다,자주 늦음,무조건 리드,3,매우 둔감,꽤 빡빡하게,해외,산,즉흥 여행,적당히 봄,코골이 안함,다른 곳 간다,"유럽,중국&몽골,미국","상관없음,건조함,더움","공연&경기관람,도전과성장,휴식","민박,콘도,4-5성급호텔",오전 10시 이후,100만원 이하,"저는 예전에 굉장히 민감한 일정 속에서 더운 기후 때문에 고생한 적이 있어요. 그런 경험을 피하기 위해 이번 여행에서는 쾌적한 기후에 민박 등 편안한 숙박을 확보하고 싶습니다. 함께 여행할 사람은 리드할 수 있는 제 스타일을 이해하고, 자유로운 일정에도 적응할 수 있는 융통성 있는 사람이면 좋겠어요. 유럽에서 공연이나 경기를 관람하는 것을 가장 기대하며, 이를 통해 새로운 도전과 성장의 계기를 얻고 휴식도 취하고 싶습니다. 이번 여행이 저의 삶에 의미 있는 변화와 성장을 가져다주기를 희망합니다.","이 사용자는 유럽 지역을 선호하고, 더움 기후를 피하고 싶어해요. 여행 목적은 도전과성장이며, 민박에서 머무는 걸 좋아하고 오전 10시 이후쯤 기상하는 편이에요.",,
993,매우 민감,매우 수용적,많다,종종 늦음,보통,4,매우 민감,꽤 여유있게,국내,바다,계획 여행,적당히 봄,코골이 함,기다림,"중국&몽골,동남아,국내","상관없음,습함,쌀쌀함","공연&경기관람,쇼핑,휴식","게스트하우스,펜션,콘도",오전 10시 이후,100만원 이하,"저는 국내 여행을 좋아하고, 여유로운 일정을 선호해요. 여행 중 최악의 경험은 청결하지 않은 숙소에서 머무를 때인데, 이번 여행에서는 깨끗한 콘도에 머물며 불편함이 없었으면 해요. 예민한 저와 잘 맞는 수용적인 성향의 친구와 함께라면 정말 좋을 것 같습니다. 공연과 경기 관람이 이번 여행의 하이라이트일 것으로 기대하고, 여행을 통해 일상에서 벗어나 진정한 휴식을 만끽하길 바라요. 이런 경험이 재충전의 시간이 되어 앞으로의 삶에 긍정적인 에너지를 제공했으면 합니다.","이 사용자는 국내 지역을 선호하고, 쌀쌀함 기후를 피하고 싶어해요. 여행 목적은 공연&경기관람이며, 콘도에서 머무는 걸 좋아하고 오전 10시 이후쯤 기상하는 편이에요.",,
994,꽤 민감,매우 수용적,많다,종종 늦음,따르는 편,1,꽤 민감,매우 빡빡하게,해외,산,즉흥 여행,적당히 봄,코골이 안함,다른 곳 간다,"일본,그 외,중국&몽골","건조함,습함,더움","도전과성장,기록,액티비티","4-5성급호텔,민박,에어비엔비",오전 8-9시,100만원 이하,"저는 여행 중에 습한 기후나 정해진 일정 없이 힘들게 돌아다니는 것을 싫어하여 최악의 경험으로 꼽을 수 있습니다. 그래서 이번 여행에는 편안하게 숙박할 수 있는 4-5성급 호텔이 꼭 필요합니다. 함께 여행을 가고 싶은 사람은 저와 달리 리더십이 강하고 계획적이며 시간 약속을 잘 지키는 사람이면 좋겠습니다. 이번 여행에서는 새로운 문화 체험과 도전을 통해 기록을 남기는 것에 큰 기대를 걸고 있습니다. 또한, 이 여행이 저에게는 인생의 또 다른 성장과 발전의 기회로 작용했으면 합니다.","이 사용자는 중국&몽골 지역을 선호하고, 습함 기후를 피하고 싶어해요. 여행 목적은 기록이며, 4-5성급호텔에서 머무는 걸 좋아하고 오전 8-9시쯤 기상하는 편이에요.",,
995,꽤 민감,매우 수용적,많다,매우 정확,무조건 리드,4,둔감,매우 빡빡하게,국내,바다,즉흥 여행,무조건 다 봄,코골이 안함,기다림,"세계일주,그 외,중국&몽골","상관없음,건조함,추움","사람&관계,기록,자연감상","4-5성급호텔,게스트하우스,민박",오전 8-9시,400만원 이상,"여행 중 가장 최악의 경험은 체력적으로 힘들었을 때가 많았던 것 같습니다. 늘 빡빡한 일정으로 여행하지만, 이번 여행에서는 무엇보다도 반드시 기록할 수 있는 수첩이나 카메라가 필요할 것 같아요. 함께 여행하고 싶은 사람은 다양한 의견을 수용하고, 계획하지 않고도 즉흥적인 여행을 좋아하는 사람입니다. 이번 여행에서 사람들과의 관계 형성을 가장 기대하고 있으며, 이는 제 삶에 소중한 인연과 추억을 더하는 의미가 있기를 바랍니다. 특히 국내 해변을 탐방하며 자연을 만끽하는 시간을 갖고 싶습니다.","이 사용자는 세계일주 지역을 선호하고, 추움 기후를 피하고 싶어해요. 여행 목적은 사람&관계이며, 민박에서 머무는 걸 좋아하고 오전 8-9시쯤 기상하는 편이에요.",,
996,매우 둔감,매우 완고,많다,보통,따르는 편,2,둔감,매우 여유있게,해외,바다,즉흥 여행,무조건 다 봄,코골이 안함,다른 곳 간다,"동남아,중국&몽골,세계일주","쌀쌀함,상관없음,추움","쇼핑,문화&역사체험,휴식","민박,게스트하우스,에어비엔비",오전 8-9시,100만원 이하,여행 중 최악의 경험은 치열한 일정으로 인해 충분히 쉬지 못하는 상황일 것 같아요. 그래서 이번 여행에서는 여유로운 일정과 충분한 휴식을 꼭 확보해야겠다고 생각합니다. 같이 여행을 가고 싶은 사람은 아마도 저와 같이 자유롭고 즉흥적으로 행동하는 성향을 가진 사람일 것입니다. 이번 여행에서 가장 기대하는 것은 새로운 문화와 역사 체험을 통해 얻는 색다른 경험과 편안한 휴식입니다. 이 여행이 제 삶에 긍정적인 휴식을 제공하고 지친 일상에서 탈출할 수 있는 계기가 되길 바랍니다.,"이 사용자는 동남아 지역을 선호하고, 추움 기후를 피하고 싶어해요. 여행 목적은 휴식이며, 민박에서 머무는 걸 좋아하고 오전 8-9시쯤 기상하는 편이에요.",,
997,꽤 민감,매우 완고,매우 적다,꽤 정확,따르는 편,4,매우 둔감,매우 빡빡하게,해외,바다,즉흥 여행,적당히 봄,코골이 안함,다른 곳 간다,"세계일주,동남아,중국&몽골","습함,쌀쌀함,더움","도전과성장,쇼핑,미식","콘도,3성이하 호텔,에어비엔비",오전 8-9시,300-400만원,"저는 예전에 여행 중 습한 기후 때문에 불쾌한 경험을 한 적이 있어서, 이번 여행에서는 기후 조건을 신중하게 고려하고 싶습니다. 쇼핑을 주요 목적으로 삼고 있어 마음에 드는 현지 제품이나 특산품을 찾아보기를 기대하고 있습니다. 여행 일정이 꽤 빡빡하지만 새로운 도전과 성장을 목표로 하고 있어서 많은 것을 경험하고 싶습니다. 예민함이 있어 의견이 맞는 사람과 함께 여행하는 것이 중요하며, 함께 아침 8-9시쯤 일어나 하루를 시작할 수 있는 사람이라면 좋겠습니다. 이번 여행을 통해 삶에 활력을 얻고, 새로운 시각을 더하고 싶은 마음입니다.","이 사용자는 동남아 지역을 선호하고, 습함 기후를 피하고 싶어해요. 여행 목적은 쇼핑이며, 콘도에서 머무는 걸 좋아하고 오전 8-9시쯤 기상하는 편이에요.",,
998,매우 민감,매우 수용적,보통,자주 늦음,따르는 편,1,매우 둔감,보통,해외,산,계획 여행,적당히 봄,코골이 함,다른 곳 간다,"국내,미국,동남아","더움,추움,건조함","자연감상,미식,휴식","콘도,3성이하 호텔,4-5성급호텔",오전 8-9시,400만원 이상,"저는 여행 중 최악의 경험으로 예기치 않게 추운 기후를 만났던 것을 꼽을 수 있어요. 이번 여행에서는 일정이 잘 짜여져 있고 자연을 감상할 수 있는 계획이 꼭 포함되었으면 합니다. 함께 여행을 가고 싶은 사람은 편안한 분위기를 만들 수 있는, 저처럼 조금 늦는 시간 개념도 이해해 주는 사람이에요. 여행에서 가장 기대하는 것은 새로운 자연환경과 미식을 경험하며 휴식을 취하는 것이고, 이번 여행이 제 삶에 조금 더 여유와 자연의 아름다움을 채워주는 의미가 되길 바랍니다. 400만 원 이상의 예산 내에서 최대한 즐겁고 의미 있는 여행이 되도록 계획하고 있습니다.","이 사용자는 국내 지역을 선호하고, 추움 기후를 피하고 싶어해요. 여행 목적은 자연감상이며, 3성이하 호텔에서 머무는 걸 좋아하고 오전 8-9시쯤 기상하는 편이에요.",,
999,꽤 민감,다소 완고,많다,자주 늦음,무조건 리드,5,매우 둔감,보통,해외,바다,즉흥 여행,무조건 다 봄,코골이 안함,다른 곳 간다,"국내,세계일주,중국&몽골","습함,추움,상관없음","문화&역사체험,공연&경기관람,쇼핑","4-5성급호텔,게스트하우스,3성이하 호텔",오전 10시 이후,400만원 이상,"여행 중 최악의 경험으로는 약속에 늦어서 중요한 공연이나 행사에 참석하지 못했던 경우가 떠오릅니다. 그래서 이번에는 일정에 꼭 맞춰서 공연과 경기를 관람할 수 있는 계획이 꼭 있었으면 합니다. 함께 여행하고 싶은 사람은 저와 비슷하게 많은 이야기를 나누고, 시간을 잘 맞춰줄 수 있는 사람이면 좋겠어요. 이번 여행에서는 특히 역사와 문화 체험을 통하여 새로운 시각을 얻고 싶고, 이를 통해 제 삶에 의미 있는 성장을 기대합니다. 습하거나 추운 기후를 피하면서, 즉흥적으로 바다를 방문하여 랜드마크를 모두 보는 것도 큰 즐거움이 될 것입니다.","이 사용자는 세계일주 지역을 선호하고, 추움 기후를 피하고 싶어해요. 여행 목적은 문화&역사체험이며, 3성이하 호텔에서 머무는 걸 좋아하고 오전 10시 이후쯤 기상하는 편이에요.",,
1000,매우 민감,다소 완고,적다,보통,리드하는편,4,매우 둔감,보통,해외,산,계획 여행,적당히 봄,코골이 안함,다른 곳 간다,"세계일주,유럽,일본","쌀쌀함,상관없음,추움","공연&경기관람,휴식,액티비티","4-5성급호텔,게스트하우스,펜션",오전 8-9시,200-300만원,"여행 중 최악의 경험은 예상치 못한 쌀쌀한 날씨와 계획에 차질이 발생했을 때입니다. 이번 여행에서는 공연 관람을 위한 티켓과 일정이 잘 준비되어 있어야 마음이 편안할 것입니다. 함께 여행하고 싶은 사람은 침착하고 저와 비슷하게 조용하며 리더십을 이해해주는 사람이 좋습니다. 가장 기대하는 것은 유럽과 일본에서의 액티비티와 공연을 통한 새로운 경험입니다. 이번 여행이 제 삶에 의미 있는 휴식과 에너지를 재충전하고, 새로운 문화를 접할 수 있는 기회가 되었으면 합니다.","이 사용자는 세계일주 지역을 선호하고, 상관없음 기후를 피하고 싶어해요. 여행 목적은 액티비티이며, 4-5성급호텔에서 머무는 걸 좋아하고 오전 8-9시쯤 기상하는 편이에요.",,
